# Blender v2.78 (sub 0) OBJ File: ''
# www.blender.org
o Gigig
v -1.560547 -7.845500 0.000000
v 0.000000 -7.999999 0.000000
v 0.000000 -9.999999 0.000000
v 1.560547 -7.845455 -0.000000
v 1.950897 -9.807852 -0.000000
v 3.061432 -7.390853 -0.000000
v 3.826843 -9.238794 -0.000000
v 4.444183 -6.651269 -0.000000
v 5.555695 -8.314695 -0.000000
v 5.656494 -5.656441 -0.000000
v 7.071075 -7.071067 -0.000000
v 6.651520 -4.444445 -0.000000
v 8.314697 -5.555701 -0.000000
v 7.390350 -3.061154 -0.000000
v 9.238800 -3.826833 -0.000000
v 7.846252 -1.560720 -0.000000
v 9.807861 -1.950902 -0.000000
v 7.999146 -0.000004 -0.000000
v 10.000000 0.000001 -0.000000
v 9.807861 1.950904 -0.000000
v 7.846191 1.560720 -0.000000
v 9.238800 3.826836 -0.000000
v 7.390411 3.061172 -0.000000
v 8.314697 5.555703 -0.000000
v 6.651459 4.444407 -0.000000
v 7.071075 7.071070 -0.000000
v 5.656586 5.656519 -0.000000
v 5.555695 8.314697 -0.000000
v 4.444183 6.651264 -0.000000
v 3.826843 9.238796 -0.000000
v 3.061432 7.390894 -0.000000
v 1.950897 9.807854 -0.000000
v 1.560547 7.845501 -0.000000
v 0.000000 10.000002 0.000000
v 0.000000 8.000002 0.000000
v -1.560547 7.845457 0.000000
v -1.950897 9.807854 0.000000
v -3.061432 7.390854 0.000000
v -3.826843 9.238796 0.000000
v -4.444183 6.651272 0.000000
v -5.555695 8.314697 0.000000
v -5.656494 5.656443 0.000000
v -7.071075 7.071070 0.000000
v -6.651520 4.444447 0.000000
v -8.314697 5.555703 0.000000
v -7.390350 3.061156 0.000000
v -9.238800 3.826836 0.000000
v -7.846252 1.560722 0.000000
v -9.807861 1.950904 0.000000
v -7.999146 0.000006 0.000000
v -10.000000 0.000001 0.000000
v -9.807861 -1.950902 0.000000
v -7.846191 -1.560719 0.000000
v -9.238800 -3.826833 0.000000
v -7.390411 -3.061170 0.000000
v -8.314697 -5.555701 0.000000
v -6.651459 -4.444405 0.000000
v -7.071075 -7.071067 0.000000
v -5.656586 -5.656518 0.000000
v -5.555695 -8.314695 0.000000
v -4.444183 -6.651262 0.000000
v -3.826843 -9.238794 0.000000
v -3.061432 -7.390893 0.000000
v -1.950897 -9.807852 0.000000
v 48.049107 9.807854 100.000000
v 50.000004 8.000002 100.000000
v 50.000004 10.000002 100.000000
v 51.174931 7.913252 100.000000
v 51.952702 9.807497 100.000000
v 52.324162 7.654268 100.000000
v 53.830219 9.237392 100.000000
v 53.423191 7.229908 100.000000
v 55.560276 8.311642 100.000000
v 54.448215 6.649313 100.000000
v 55.228291 6.055145 100.000000
v 46.173176 9.238796 100.000000
v 46.938572 7.390894 100.000000
v 48.439457 7.845501 100.000000
v 44.444294 8.314697 100.000000
v 45.555820 6.651264 100.000000
v 44.343433 5.656519 100.000000
v 42.928928 7.071070 100.000000
v 43.348545 4.444407 100.000000
v 41.685307 5.555703 100.000000
v 40.761204 3.826836 100.000000
v 40.192142 1.950904 100.000000
v 42.153812 1.560720 100.000000
v 42.609592 3.061172 100.000000
v 40.000004 0.000001 100.000000
v 42.000858 -0.000004 100.000000
v 42.153751 -1.560720 100.000000
v 40.192142 -1.950902 100.000000
v 40.761204 -3.826833 100.000000
v 41.685307 -5.555701 100.000000
v 43.348484 -4.444445 100.000000
v 42.609653 -3.061154 100.000000
v 42.928928 -7.071067 100.000000
v 44.343494 -5.656441 100.000000
v 44.444294 -8.314695 100.000000
v 45.555820 -6.651269 100.000000
v 46.938587 -7.390853 100.000000
v 46.173176 -9.238794 100.000000
v 48.049107 -9.807852 100.000000
v 50.000004 -9.999999 100.000000
v 50.000004 -7.999999 100.000000
v 48.439472 -7.845455 100.000000
v 51.174809 -7.912621 100.000000
v 51.952702 -9.807494 100.000000
v 52.324238 -7.654244 100.000000
v 53.830219 -9.237391 100.000000
v 53.423420 -7.230502 100.000000
v 55.560276 -8.311640 100.000000
v 54.448215 -6.649312 100.000000
v 55.227924 -6.054790 100.000000
v 57.074177 -7.067956 100.000000
v 55.929249 -5.369479 100.000000
v 58.316532 -5.552958 100.000000
v 56.542057 -4.604037 100.000000
v 57.056309 -3.769196 100.000000
v 59.239643 -3.824801 100.000000
v 57.463856 -2.877389 100.000000
v 57.759876 -1.942574 100.000000
v 59.808064 -1.949823 100.000000
v 57.939854 -0.978722 100.000000
v 60.000004 0.000001 100.000000
v 57.999668 -0.000035 100.000000
v 57.939106 0.978635 100.000000
v 59.808064 1.949826 100.000000
v 57.760075 1.942705 100.000000
v 59.239643 3.824803 100.000000
v 57.464527 2.877618 100.000000
v 57.055912 3.768925 100.000000
v 58.316532 5.552960 100.000000
v 56.541615 4.603787 100.000000
v 55.929661 5.369909 100.000000
v 57.074177 7.067959 100.000000
v -48.049099 -9.807852 100.000000
v -49.999996 -7.999999 100.000000
v -49.999996 -9.999999 100.000000
v -51.175076 -7.913201 100.000000
v -51.952969 -9.807442 100.000000
v -52.324612 -7.654573 100.000000
v -53.830715 -9.237185 100.000000
v -53.423733 -7.229904 100.000000
v -55.560940 -8.311189 100.000000
v -54.448757 -6.648951 100.000000
v -55.228359 -6.054420 100.000000
v -46.173153 -9.238794 100.000000
v -46.938564 -7.390853 100.000000
v -48.439449 -7.845455 100.000000
v -44.444302 -8.314695 100.000000
v -45.555813 -6.651269 100.000000
v -44.343502 -5.656441 100.000000
v -42.928921 -7.071067 100.000000
v -43.348476 -4.444445 100.000000
v -41.685299 -5.555701 100.000000
v -40.761196 -3.826833 100.000000
v -40.192135 -1.950902 100.000000
v -42.153744 -1.560720 100.000000
v -42.609646 -3.061154 100.000000
v -39.999996 0.000001 100.000000
v -42.000851 -0.000004 100.000000
v -42.153805 1.560720 100.000000
v -40.192135 1.950904 100.000000
v -40.761196 3.826836 100.000000
v -41.685299 5.555703 100.000000
v -43.348537 4.444407 100.000000
v -42.609585 3.061172 100.000000
v -42.928921 7.071070 100.000000
v -44.343410 5.656519 100.000000
v -44.444302 8.314697 100.000000
v -45.555813 6.651264 100.000000
v -46.938564 7.390894 100.000000
v -46.173153 9.238796 100.000000
v -48.049099 9.807854 100.000000
v -49.999996 10.000002 100.000000
v -49.999996 8.000002 100.000000
v -48.439449 7.845501 100.000000
v -51.175076 7.913176 100.000000
v -51.952969 9.807444 100.000000
v -52.324642 7.654682 100.000000
v -53.830715 9.237186 100.000000
v -53.423763 7.229986 100.000000
v -55.560940 8.311192 100.000000
v -54.448757 6.648952 100.000000
v -55.228725 6.054775 100.000000
v -57.074642 7.067499 100.000000
v -55.929989 5.369549 100.000000
v -58.316799 5.552556 100.000000
v -56.541836 4.603456 100.000000
v -57.056057 3.768640 100.000000
v -59.239742 3.824504 100.000000
v -57.464626 2.877391 100.000000
v -57.760098 1.942548 100.000000
v -59.808102 1.949667 100.000000
v -57.939114 0.978554 100.000000
v -59.999996 0.000001 100.000000
v -57.999660 -0.000035 100.000000
v -57.939846 -0.978642 100.000000
v -59.808102 -1.949665 100.000000
v -57.759914 -1.942416 100.000000
v -59.239742 -3.824502 100.000000
v -57.463924 -2.877163 100.000000
v -57.056454 -3.768910 100.000000
v -58.316799 -5.552554 100.000000
v -56.542294 -4.603706 100.000000
v -55.929562 -5.369118 100.000000
v -57.074642 -7.067498 100.000000
v -49.927517 8.000002 97.642143
v -49.999722 8.000002 99.848289
v 49.927525 8.000002 97.642143
v 49.999729 8.000002 99.848289
v 49.998905 8.000002 99.696709
v 49.933338 8.000002 97.641815
v 49.831715 8.000002 96.251808
v 49.713139 8.000002 95.275955
v 49.732609 8.000002 95.273758
v 49.361423 8.000002 92.906891
v 49.392887 8.000002 92.871033
v 48.876957 8.000002 90.540405
v 48.700596 8.000002 89.550087
v 48.264332 8.000002 88.181953
v 47.772984 8.000002 86.284698
v 47.528095 8.000002 85.836998
v 46.628223 8.000002 83.070572
v 46.672840 8.000002 83.510986
v 45.703159 8.000002 81.209366
v 45.284473 8.000002 79.903412
v 44.623600 8.000002 78.937607
v 43.759892 8.000002 76.778946
v 43.438755 8.000002 76.701157
v 42.153202 8.000002 74.505478
v 42.072666 8.000002 73.692879
v 40.771549 8.000002 72.356018
v 40.240910 8.000002 70.640930
v 39.298313 8.000002 70.258224
v 38.282810 8.000002 67.618797
v 37.738102 8.000002 68.217575
v 36.095493 8.000002 66.239502
v 34.060276 8.000002 61.646866
v 34.375095 8.000002 64.329475
v 32.581425 8.000002 62.492943
v 30.719088 8.000002 60.735363
v 29.550295 8.000002 55.742786
v 28.792665 8.000002 59.062187
v 26.806765 8.000002 57.478874
v 24.765902 8.000002 55.990879
v 24.898195 8.000002 49.872261
v 22.674685 8.000002 54.603657
v 20.537691 8.000002 53.322659
v 18.359529 8.000002 52.153343
v 20.249239 8.000002 44.000984
v 16.144716 8.000002 51.101166
v 13.897860 8.000002 50.171581
v 11.623537 8.000002 49.370045
v 15.748751 8.000002 38.094666
v 9.326326 8.000002 48.702011
v 7.010805 8.000002 48.172935
v 11.542024 8.000002 32.118996
v 4.681551 8.000002 47.788269
v 2.343142 8.000002 47.553474
v 0.000155 8.000002 47.474003
v 9.594239 8.000002 29.094444
v -9.594237 8.000002 29.094444
v -7.774352 8.000002 26.039688
v 7.774354 8.000002 26.039688
v -6.100554 8.000002 22.950447
v 6.100556 8.000002 22.950447
v -4.591002 8.000002 19.822433
v 4.591004 8.000002 19.822426
v -3.263885 8.000002 16.651352
v 3.263886 8.000002 16.651352
v -2.137329 8.000002 13.432930
v 2.137330 8.000002 13.432930
v -1.229492 8.000002 10.162872
v 1.229493 8.000002 10.162872
v -0.558532 8.000002 6.836884
v 0.558533 8.000002 6.836884
v -0.142670 8.000002 3.450691
v 0.142670 8.000002 3.450691
v -11.542022 8.000002 32.118996
v -2.342832 8.000002 47.553490
v -4.681242 8.000002 47.788296
v -7.010496 8.000002 48.172970
v -15.748777 8.000002 38.094666
v -9.326017 8.000002 48.702057
v -11.623228 8.000002 49.370098
v -20.249235 8.000002 44.000988
v -13.897551 8.000002 50.171642
v -16.144407 8.000002 51.101231
v -18.359221 8.000002 52.153412
v -24.898191 8.000002 49.872261
v -20.537443 8.000002 53.322727
v -22.674437 8.000002 54.603725
v -24.765654 8.000002 55.990952
v -29.550291 8.000002 55.742790
v -26.806517 8.000002 57.478947
v -28.792479 8.000002 59.062256
v -30.718901 8.000002 60.735428
v -34.060268 8.000002 61.646870
v -32.581234 8.000002 62.493008
v -34.374905 8.000002 64.329536
v -36.095364 8.000002 66.239563
v -38.282803 8.000002 67.618805
v -37.737972 8.000002 68.217621
v -39.298183 8.000002 70.258278
v -40.240902 8.000002 70.640930
v -40.771420 8.000002 72.356056
v -42.072659 8.000002 73.692886
v -42.153133 8.000002 74.505516
v -43.759884 8.000002 76.778954
v -43.438686 8.000002 76.701195
v -44.623531 8.000002 78.937637
v -45.284481 8.000002 79.903419
v -45.703091 8.000002 81.209389
v -46.628201 8.000002 83.070572
v -46.672787 8.000002 83.511002
v -47.528072 8.000002 85.837013
v -47.772976 8.000002 86.284698
v -48.264309 8.000002 88.181969
v -48.700588 8.000002 89.550095
v -48.876949 8.000002 90.540413
v -49.392879 8.000002 92.871033
v -49.361416 8.000002 92.906891
v -49.732601 8.000002 95.273758
v -49.713131 8.000002 95.275955
v -49.831692 8.000002 96.251816
v -49.933315 8.000002 97.641815
v -49.998898 8.000002 99.696716
v 49.999729 -7.999999 99.848289
v 49.927525 -7.999999 97.642143
v 49.998905 -7.999999 99.696709
v 49.933338 -7.999999 97.641815
v 49.831715 -7.999999 96.251808
v 49.713139 -7.999999 95.275955
v 49.732609 -7.999999 95.273758
v 49.361423 -7.999999 92.906891
v 49.392887 -7.999999 92.871025
v 48.876957 -7.999999 90.540405
v 48.700596 -7.999999 89.550087
v 48.264332 -7.999999 88.181953
v 47.772984 -7.999999 86.284698
v 47.528095 -7.999999 85.836998
v 46.628223 -7.999999 83.070572
v 46.672840 -7.999999 83.510986
v 45.703159 -7.999999 81.209366
v 45.284473 -7.999999 79.903412
v 44.623600 -7.999999 78.937607
v 43.759892 -7.999999 76.778946
v 43.438755 -7.999999 76.701157
v 42.153202 -7.999999 74.505478
v 42.072666 -7.999999 73.692879
v 40.771549 -7.999999 72.356018
v 40.240910 -7.999999 70.640930
v 39.298313 -7.999999 70.258224
v 38.282810 -7.999999 67.618797
v 37.738102 -7.999999 68.217575
v 36.095493 -7.999999 66.239502
v 34.060276 -7.999999 61.646866
v 34.375095 -7.999999 64.329475
v 32.581425 -7.999999 62.492943
v 30.719088 -7.999999 60.735363
v 29.550295 -7.999999 55.742786
v 28.792665 -7.999999 59.062187
v 26.806765 -7.999999 57.478874
v 24.765902 -7.999999 55.990879
v 24.898195 -7.999999 49.872257
v 22.674685 -7.999999 54.603657
v 20.537691 -7.999999 53.322659
v 18.359529 -7.999999 52.153343
v 20.249239 -7.999999 44.000984
v 16.144716 -7.999999 51.101166
v 13.897860 -7.999999 50.171581
v 11.623537 -7.999999 49.370045
v 15.748751 -7.999999 38.094662
v 9.326326 -7.999999 48.702011
v 7.010805 -7.999999 48.172935
v 11.542024 -7.999999 32.118996
v 4.681551 -7.999999 47.788269
v 2.343142 -7.999999 47.553474
v 0.000155 -7.999999 47.474003
v 9.594239 -7.999999 29.094437
v -9.594237 -7.999999 29.094444
v -7.774352 -7.999999 26.039688
v 7.774354 -7.999999 26.039688
v -6.100554 -7.999999 22.950447
v 6.100556 -7.999999 22.950447
v -4.591002 -7.999999 19.822433
v 4.591004 -7.999999 19.822426
v -3.263885 -7.999999 16.651352
v 3.263886 -7.999999 16.651352
v -2.137329 -7.999999 13.432930
v 2.137330 -7.999999 13.432930
v -1.229492 -7.999999 10.162872
v 1.229493 -7.999999 10.162865
v -0.558532 -7.999999 6.836884
v 0.558533 -7.999999 6.836884
v -0.142670 -7.999999 3.450691
v 0.142670 -7.999999 3.450691
v -11.542022 -7.999999 32.118996
v -2.342832 -7.999999 47.553490
v -4.681242 -7.999999 47.788296
v -7.010496 -7.999999 48.172970
v -15.748777 -7.999999 38.094666
v -9.326017 -7.999999 48.702057
v -11.623228 -7.999999 49.370098
v -20.249235 -7.999999 44.000988
v -13.897551 -7.999999 50.171642
v -16.144407 -7.999999 51.101231
v -18.359221 -7.999999 52.153412
v -24.898191 -7.999999 49.872261
v -20.537443 -7.999999 53.322727
v -22.674437 -7.999999 54.603725
v -24.765654 -7.999999 55.990952
v -29.550291 -7.999999 55.742790
v -26.806517 -7.999999 57.478947
v -28.792479 -7.999999 59.062256
v -30.718901 -7.999999 60.735428
v -34.060268 -7.999999 61.646870
v -32.581234 -7.999999 62.493008
v -34.374905 -7.999999 64.329536
v -36.095364 -7.999999 66.239563
v -38.282803 -7.999999 67.618805
v -37.737972 -7.999999 68.217621
v -39.298183 -7.999999 70.258278
v -40.240902 -7.999999 70.640930
v -40.771420 -7.999999 72.356056
v -42.072659 -7.999999 73.692886
v -42.153133 -7.999999 74.505516
v -43.759884 -7.999999 76.778954
v -43.438686 -7.999999 76.701195
v -44.623531 -7.999999 78.937637
v -45.284481 -7.999999 79.903419
v -45.703091 -7.999999 81.209389
v -46.628201 -7.999999 83.070572
v -46.672787 -7.999999 83.511002
v -47.528072 -7.999999 85.837013
v -47.772976 -7.999999 86.284698
v -48.264309 -7.999999 88.181969
v -48.700588 -7.999999 89.550095
v -48.876949 -7.999999 90.540413
v -49.392879 -7.999999 92.871033
v -49.361416 -7.999999 92.906891
v -49.732601 -7.999999 95.273758
v -49.713131 -7.999999 95.275955
v -49.831692 -7.999999 96.251816
v -49.927517 -7.999999 97.642143
v -49.933315 -7.999999 97.641815
v -49.998898 -7.999999 99.696716
v -49.999722 -7.999999 99.848289
v -49.999874 -7.999999 99.859642
v -49.999874 8.000002 99.859642
v 49.999882 8.000002 99.859642
v 6.195526 -5.142585 2.487198
v 5.600494 -5.779999 2.478698
v 6.402954 -5.146189 4.940582
v 7.069794 -4.228129 4.959175
v 6.860809 -4.224513 2.496681
v 5.806732 -5.783339 4.923896
v 6.740815 -5.151880 7.361091
v 7.410157 -4.233822 7.388298
v 7.875336 -4.241319 9.784851
v 7.938538 2.324781 4.983253
v 7.727020 2.322215 2.508995
v 7.979187 1.216792 2.512573
v 7.530212 3.383698 4.971961
v 7.872529 3.388908 7.406967
v 7.317627 4.380814 7.384559
v 1.199677 7.919294 2.415588
v 2.307770 7.680218 2.431511
v 1.402710 7.919497 4.799248
v 2.510987 7.680960 4.830772
v 3.371094 7.287336 2.446777
v 1.733734 7.919823 7.152351
v 7.602325 -3.226105 4.973953
v 7.391876 -3.222872 2.504234
v 7.945008 -3.231180 7.409873
v 8.413208 -3.237840 9.812698
v 7.782319 4.388438 9.780029
v 7.091004 5.292227 9.743759
v 9.152680 -3.247844 12.728134
v 7.820557 5.303686 12.641960
v 7.003541 6.097486 12.587494
v 7.894562 6.109299 15.430603
v 6.970063 6.775560 15.356018
v 8.010560 6.785624 18.146805
v 7.000428 7.312023 18.050827
v 8.726869 7.925812 25.882133
v 7.301057 7.924730 23.229500
v 8.414033 7.699797 23.369621
v 8.179536 7.319115 20.792503
v 7.106507 7.696043 20.674072
v 8.191589 1.218236 4.990234
v 8.071136 0.086537 2.513878
v 8.282837 2.328802 7.423416
v 8.340302 3.395752 9.808960
v 8.516603 4.399947 12.687424
v 8.716706 5.317036 15.494980
v 8.939668 6.122204 18.231949
v 9.193299 6.796324 20.899765
v 9.489259 7.326506 23.500191
v 9.840821 7.703625 26.034882
v 10.260591 7.926889 28.508171
v 8.283844 0.086643 4.992782
v 8.537201 1.220493 7.433570
v 8.753143 2.334067 9.830139
v 9.079103 3.406040 12.723495
v 9.418153 4.413274 15.548347
v 9.767243 5.331469 18.304855
v 10.127229 6.135798 20.994164
v 10.506776 6.807390 23.617523
v 10.918305 7.334007 26.176453
v 11.375489 7.707434 28.672424
v 11.890901 7.927938 31.110229
v 8.629944 0.086809 7.437271
v 9.009247 1.223444 9.843185
v 9.495698 2.341952 12.749786
v 9.985688 3.417886 15.590416
v 10.474275 4.427556 18.364845
v 10.960328 5.346535 21.074310
v 11.445619 6.149754 23.719933
v 11.939546 6.818554 26.302681
v 12.455171 7.341436 28.823845
v 13.006715 7.711124 31.284805
v 15.713503 7.929985 36.695965
v 9.102600 0.087026 9.847939
v 9.754304 1.227853 12.765930
v 10.406526 2.350985 15.620911
v 11.047029 3.430479 18.411804
v 11.673005 4.442350 21.139763
v 12.284272 5.361890 23.806168
v 12.883241 6.163744 26.411972
v 13.480134 6.829548 28.957863
v 14.088563 7.348608 31.444954
v 16.831087 7.718287 36.888752
v 19.822756 7.931477 42.207478
v 9.848573 0.087349 12.771812
v 10.667909 1.232886 15.639565
v 11.472138 2.360519 18.445641
v 12.250947 3.443435 21.190643
v 13.002503 4.457335 23.876045
v 13.727357 5.377189 26.503220
v 14.428529 6.177443 29.072968
v 15.117005 6.840105 31.585670
v 17.917025 7.362417 37.063927
v 20.941622 7.723459 42.412365
v 24.102449 7.932222 47.671883
v 10.763185 0.087716 15.646370
v 11.736329 1.238176 18.466263
v 12.680268 2.370267 21.227074
v 13.585542 3.456481 23.929977
v 14.450990 4.472185 26.576614
v 15.277894 5.392086 29.168297
v 16.069887 6.190525 31.705627
v 18.952120 6.860247 37.215755
v 22.030428 7.372269 42.597244
v 25.221956 7.726046 47.882721
v 28.436434 7.932205 53.116577
v 11.832612 0.088101 18.473793
v 12.947206 1.243562 21.249214
v 14.018983 2.380032 23.968361
v 15.038941 3.469348 26.632858
v 16.006685 4.486578 29.244408
v 16.924166 5.406238 31.804207
v 19.913332 6.215261 37.343334
v 23.070131 6.874395 42.755909
v 26.312227 7.377176 48.072334
v 29.555941 7.725979 53.327221
v 33.589664 7.931143 59.721153
v 9.330628 -7.823035 25.964302
v 10.999482 -7.297757 26.185295
v 7.904145 -7.820563 23.304962
v 12.536958 -7.305511 28.833046
v 10.865052 -7.825487 28.596420
v 14.170899 -7.312980 31.454399
v 12.496034 -7.827857 31.203911
v 18.000490 -7.327305 37.073673
v 16.319948 -7.832432 36.799187
v 22.114717 -7.337450 42.607052
v 20.430147 -7.835703 42.316975
v 26.396883 -7.342493 48.082157
v 24.710329 -7.837333 47.784458
v 30.730806 -7.342357 53.526493
v 29.044283 -7.837290 53.229050
v 35.880527 -7.335190 60.115864
v 34.196842 -7.834973 59.829254
v 14.073213 -6.445413 29.030991
v 15.712770 -6.457686 31.662003
v 19.552828 -6.480979 37.297173
v 23.674227 -6.497192 42.840309
v 27.959932 -6.505215 48.320126
v 32.293736 -6.504991 53.764278
v 37.438450 -6.493589 60.346954
v 40.729862 -7.320809 66.748856
v 36.674412 -7.832902 63.147049
v 39.051884 -7.830346 66.484856
v 38.355564 -7.328772 63.423870
v 42.277531 -6.470518 66.965607
v 39.908939 -6.483344 63.648869
v 20.256136 -5.929397 37.385700
v 20.895937 -5.298852 37.460281
v 16.409334 -5.903737 31.745850
v 25.026308 -5.316785 43.007721
v 24.382021 -5.947068 42.931465
v 29.316408 -5.325611 48.489559
v 28.669924 -5.955787 48.412521
v 33.650059 -5.325353 53.933613
v 33.003666 -5.955537 53.856617
v 38.788548 -5.312810 60.513412
v 38.145237 -5.943146 60.437527
v 41.253422 -5.301495 63.812683
v 40.612919 -5.931988 63.737820
v 25.755129 -4.392196 43.086361
v 30.047884 -4.400385 48.568695
v 34.381474 -4.400140 54.012714
v 39.516148 -4.388502 60.591808
v 41.977543 -4.377981 63.890427
v 30.638521 -3.373971 48.626442
v 34.972019 -3.373764 54.070442
v 40.103458 -3.364091 60.649368
v 42.561863 -3.355331 63.947834
v 35.402897 -2.266196 54.109371
v 40.531864 -2.259351 60.688362
v 40.785801 -1.097488 60.710827
v 2.002594 -7.808278 4.816307
v 3.652527 -7.250159 4.863152
v 1.799439 -7.807790 2.424210
v 3.984772 -7.252732 7.247032
v 5.478852 -6.355764 7.309242
v 5.936341 -6.361821 9.682198
v 6.602417 -5.795639 9.717834
v 7.329133 -5.806306 12.609322
v 7.933106 -5.170803 12.649330
v 8.830110 -5.184073 15.503647
v 9.512757 -4.265708 15.555367
v 10.569734 -4.279711 18.372696
v 11.122102 -3.271556 18.417778
v 12.326783 -3.284098 21.197083
v 12.732270 -2.201785 21.231384
v 14.071504 -2.210968 23.972878
v 14.314179 -1.073207 23.993866
v 15.774262 -1.077749 26.698975
v 15.847566 0.089264 26.705406
v 17.414766 0.089629 29.376457
v 17.314760 1.259254 29.367500
v 18.975618 1.263982 32.007416
v 18.698977 2.407486 31.982681
v 22.573732 2.423401 37.629425
v 22.123293 3.515102 37.587791
v 26.263308 3.529567 43.136612
v 25.654024 4.542639 43.075863
v 29.946444 4.551032 48.558125
v 29.195955 5.459789 48.475410
v 33.529636 5.459529 53.919472
v 32.657597 6.240591 53.812515
v 37.800724 6.228575 60.394230
v 36.835117 6.871246 60.263214
v 39.308689 6.862297 63.568279
v 38.272678 7.363836 63.415077
v 13.044496 0.088493 21.257294
v 14.288575 1.248940 23.991600
v 15.476289 2.389620 26.672630
v 16.599245 3.481765 29.302322
v 17.657717 4.500190 31.882362
v 20.776644 5.432771 37.446640
v 24.036989 6.232376 42.887901
v 27.354189 6.881413 48.234299
v 30.646151 7.377047 53.516674
v 34.708256 7.722303 59.923344
v 36.068089 7.930197 63.043221
v 41.135410 5.435431 63.800934
v 43.495945 5.420989 67.112152
v 42.636570 6.204189 67.010727
v 40.646915 7.356134 66.739197
v 39.562840 7.715008 66.570572
v 42.718571 7.708412 71.352531
v 41.601261 7.927162 71.181992
v 48.802860 7.921469 86.065338
v 49.912937 7.688122 86.155411
v 49.790119 7.920547 89.454727
v 49.001667 7.691082 83.623405
v 50.899357 7.684786 89.523827
v 50.522724 7.919838 92.913643
v 51.630405 7.682205 92.955254
v 50.974781 7.919386 96.417007
v 41.878696 4.528062 63.882328
v 40.023411 3.526370 60.641994
v 42.484135 3.517251 63.943050
v 52.082966 7.680550 96.440887
v 53.146488 7.288015 96.463760
v 54.375217 6.696653 99.662163
v 53.741657 7.013889 97.055649
v 53.001072 7.253418 94.467850
v 51.270206 7.550110 89.333855
v 49.365528 7.659296 84.305298
v 43.801029 7.343391 71.509872
v 46.494343 7.480396 76.769760
v 45.603077 7.251694 74.199211
v 2.333802 -7.809058 7.177650
v 4.439301 -7.256171 9.600777
v 6.659852 -6.371073 12.564270
v 8.222077 -5.818786 15.456451
v 9.881471 -5.198409 18.314629
v 11.769288 -4.294201 21.148293
v 13.662080 -3.296714 23.936760
v 15.529359 -2.219978 26.677284
v 17.340822 -1.082103 29.369904
v 19.076387 0.089971 32.016472
v 22.854128 1.272649 37.654247
v 26.717501 2.433946 43.178234
v 30.558046 3.536647 48.619061
v 34.280033 4.550782 54.002148
v 38.668644 5.446864 60.499508
v 40.270969 6.217758 63.696884
v 41.679020 6.851156 66.886292
v 44.795307 6.852900 71.644653
v 42.614292 -1.068229 63.148201
v 42.568027 0.000001 62.992683
v 42.721195 -2.022191 63.537426
v 42.871067 -2.928262 64.129074
v 43.066471 -3.808775 64.939972
v 43.303257 -4.619608 65.947388
v 43.566624 -5.296766 67.056763
v 42.977909 -5.917942 67.052223
v 43.855869 -5.847970 68.229897
v 44.171818 -6.289393 69.444283
v 43.876499 -7.307612 71.508820
v 44.885563 -6.911483 71.943161
v 46.568226 -7.493320 76.974533
v 45.691471 -7.281860 74.465370
v 42.203739 -7.826136 71.268272
v 45.028690 -7.821571 76.122360
v 46.295612 -7.819271 78.581467
v 47.507893 -7.607313 79.503761
v 47.453251 -7.817026 81.064926
v 49.425694 -7.658252 84.460136
v 48.492420 -7.814912 83.575012
v 49.403919 -7.812978 86.114006
v 51.313282 -7.545441 89.451965
v 53.224186 -7.249268 96.465416
v 53.749470 -7.010894 97.085884
v 53.017292 -7.249504 94.522263
v 54.376209 -6.696033 99.666649
v 51.574589 -7.808009 96.429932
v 49.999866 -7.999999 99.859642
v 51.122318 -7.809097 92.936157
v 50.390614 -7.810792 89.492096
v 40.861820 0.090915 60.717449
v 42.598576 0.857097 63.093536
v 35.658237 -1.100901 54.131794
v 31.069460 -2.266345 48.665382
v 26.343477 -3.367166 43.143990
v 21.619234 -4.375505 37.537827
v 17.042269 -5.272564 31.817245
v 14.766145 -5.890127 29.111755
v 12.529878 -6.432588 26.372002
v 9.569886 -7.289909 23.508583
v 6.596864 -7.818133 20.615822
v 40.759037 1.277101 60.708363
v 42.695286 1.830858 63.440636
v 35.734684 0.091199 54.138397
v 31.324831 -1.100975 48.687805
v 26.772676 -2.261529 43.182972
v 22.202822 -3.353255 37.595161
v 17.756960 -4.350758 31.892403
v 15.395326 -5.258539 29.180931
v 13.218904 -5.875848 26.448997
v 11.094209 -6.419520 23.682365
v 8.259553 -7.282161 20.800331
v 5.420197 -7.815807 17.894287
v 40.476780 2.431618 60.683617
v 42.833073 2.722184 63.974480
v 35.631321 1.281060 54.129330
v 31.401308 0.091205 48.694412
v 27.027071 -1.098575 43.205429
v 22.628450 -2.251662 37.634197
v 18.333040 -3.332408 31.948723
v 16.105257 -4.337458 29.254211
v 13.844056 -5.243770 26.515335
v 11.779237 -5.861238 23.754829
v 9.777833 -6.406520 20.959435
v 7.079896 -7.274703 18.057961
v 4.385437 -7.813647 15.137772
v 43.231602 4.397666 65.642044
v 43.490788 5.121675 66.740593
v 43.009434 3.576382 64.700676
v 35.347477 2.438937 54.104656
v 31.297915 1.281147 48.685341
v 27.103212 0.091005 43.212048
v 22.880739 -1.093651 37.656708
v 18.752932 -2.236747 31.987457
v 16.677126 -3.321128 29.309517
v 14.548860 -4.323389 26.586098
v 12.400178 -5.228598 23.817642
v 10.458802 -5.846633 21.026505
v 8.592286 -6.393895 18.200531
v 6.042359 -7.267730 15.278893
v 3.503907 -7.811720 12.343704
v 43.776096 5.712350 67.912086
v 44.088581 6.186174 69.131256
v 39.415195 4.538853 60.581345
v 34.891544 3.536431 54.063065
v 31.014040 2.439096 48.660664
v 27.000246 1.278361 43.202965
v 22.956301 0.090594 37.663349
v 19.001863 -1.086179 32.009857
v 17.093813 -2.228631 29.347763
v 15.116181 -3.309144 26.639885
v 13.099610 -4.308865 23.885109
v 11.075410 -5.213365 21.085022
v 9.269197 -5.832370 18.261299
v 7.549103 -6.381954 15.403008
v 5.158356 -7.261458 12.460594
v 2.786957 -7.810105 9.509590
v 4.939178 -6.348341 2.469246
v 9.546082 -2.175097 12.752930
v 10.457429 -2.183621 15.624542
v 8.803040 -2.167648 9.832680
v 8.332397 -2.162671 7.425399
v 7.987823 -2.158867 4.984619
v 7.776123 -2.156439 2.509697
v 10.692780 -1.059358 15.641357
v 11.761445 -1.063922 18.468262
v 9.778932 -1.055014 12.767479
v 9.033630 -1.051208 9.844429
v 8.561462 -1.048661 7.434539
v 8.215698 -1.046713 4.990898
v 8.003235 -1.045466 2.512916
v 4.368011 6.747536 2.461067
v 3.574799 7.288853 4.860962
v 2.842316 7.682146 7.199112
v 2.186646 7.920259 9.476288
v 5.279022 6.072691 2.474106
v 4.572540 6.749910 4.889175
v 3.906830 7.291271 7.243805
v 3.295624 7.683741 9.537849
v 2.903168 7.920938 12.300926
v 6.084839 5.275338 2.485618
v 5.484711 6.075830 4.914863
v 4.905915 6.753691 7.285484
v 4.361145 7.294508 9.596573
v 4.012787 7.686205 12.380051
v 3.784211 7.921751 15.085991
v 6.768921 4.371353 2.495369
v 6.292023 5.278955 4.937492
v 5.819947 6.080809 7.323326
v 5.362000 6.758728 9.651161
v 5.079834 7.299490 12.455284
v 4.894532 7.689148 15.181847
v 4.818391 7.922674 17.834038
v 7.319977 3.380380 2.503212
v 6.977661 4.375027 4.956619
v 6.629517 5.284671 7.356559
v 6.278473 6.087416 9.700554
v 6.083344 6.766445 12.524872
v 5.963410 7.305412 15.272598
v 5.929566 7.692461 17.945671
v 5.994447 7.923676 20.547668
v 3.448730 -7.248546 2.447883
v 5.144409 -6.351210 4.905296
v 6.142792 -5.788628 7.336608
v 7.202820 -5.159402 9.749634
v 8.610383 -4.252628 12.693436
v 10.060029 -3.259346 15.595802
v 11.523591 -2.192608 18.449654
v 12.972566 -1.068568 21.251358
v 14.386811 0.088883 24.000092
v 15.748414 1.254206 26.696632
v 17.040285 2.398836 29.343025
v 18.254549 3.493462 31.941422
v 21.518831 4.525534 37.527485
v 24.906221 5.450877 42.993736
v 28.323824 6.240831 48.368393
v 31.688051 6.881220 53.678513
v 35.796421 7.370071 60.106064
v 37.186100 7.719028 63.238125
v 38.446049 7.929043 66.385834
v 44.425343 7.925154 76.044128
v 45.692890 7.924154 78.509842
v 45.538715 7.701330 76.189407
v 46.805378 7.697775 78.642708
v 46.851124 7.923189 81.000450
v 47.962757 7.694324 81.119942
v 47.890858 7.922287 83.518204
v 47.431126 7.600891 79.301231
v -43.876492 -7.307612 71.508820
v -42.203732 -7.826136 71.268272
v -40.729855 -7.320809 66.748856
v -46.569424 -7.493060 76.975594
v -44.425320 7.925154 76.044128
v -42.718655 7.708412 71.352676
v -41.601315 7.927162 71.182060
v -42.561855 -3.355331 63.947834
v -41.977535 -4.377981 63.890427
v -40.103451 -3.364091 60.649368
v -39.309017 6.862295 63.568722
v -40.271389 6.217756 63.697437
v -37.800716 6.228575 60.394230
v -36.835110 6.871246 60.263214
v -38.272915 7.363836 63.415413
v -31.688047 6.881220 53.678513
v -38.668636 5.446864 60.499508
v -41.135891 5.435429 63.801598
v -32.657589 6.240591 53.812515
v -27.354185 6.881413 48.234299
v -35.796413 7.370071 60.106064
v -37.186245 7.719028 63.238346
v -30.646147 7.377047 53.516674
v -26.312223 7.377176 48.072334
v -22.030424 7.372269 42.597244
v -39.415188 4.538853 60.581345
v -41.879269 4.528059 63.883102
v -33.529629 5.459529 53.919472
v -28.323820 6.240831 48.368393
v -23.070127 6.874395 42.755909
v -17.917021 7.362417 37.063927
v -34.708248 7.722303 59.923344
v -36.068142 7.930197 63.043331
v -29.555937 7.725979 53.327221
v -25.221952 7.726046 47.882721
v -20.941618 7.723459 42.412365
v -16.831083 7.718287 36.888752
v -13.006713 7.711124 31.284805
v -40.023403 3.526370 60.641994
v -42.484768 3.517248 63.943935
v -34.280025 4.550782 54.002148
v -29.195951 5.459789 48.475410
v -24.036985 6.232376 42.887901
v -18.952116 6.860247 37.215755
v -14.088561 7.348608 31.444954
v -11.375487 7.707434 28.672424
v -34.196835 -7.834973 59.829254
v -35.880520 -7.335190 60.115864
v -36.674404 -7.832902 63.147049
v -30.730803 -7.342357 53.526493
v -29.044279 -7.837290 53.229050
v -26.396879 -7.342493 48.082157
v -24.710325 -7.837333 47.784458
v -22.114714 -7.337450 42.607052
v -20.430143 -7.835703 42.316975
v -18.000486 -7.327305 37.073673
v -16.319944 -7.832432 36.799187
v -14.170897 -7.312980 31.454399
v -12.496032 -7.827857 31.203911
v -12.536956 -7.305511 28.833046
v -10.865050 -7.825487 28.596420
v -10.999480 -7.297757 26.185295
v -9.330626 -7.823035 25.964302
v -33.589657 7.931143 59.721153
v -28.436430 7.932205 53.116577
v -24.102446 7.932222 47.671883
v -19.822752 7.931477 42.207478
v -15.713499 7.929985 36.695965
v -11.890899 7.927938 31.110229
v -10.260589 7.926889 28.508171
v -34.891537 3.536431 54.063065
v -29.946440 4.551032 48.558125
v -24.906218 5.450877 42.993736
v -19.913328 6.215261 37.343334
v -15.117003 6.840105 31.585670
v -12.455169 7.341436 28.823845
v -9.840819 7.703625 26.034882
v -8.726867 7.925812 25.882133
v -7.301055 7.924730 23.229500
v -9.569884 -7.289909 23.508583
v -7.904143 -7.820563 23.304962
v -8.259551 -7.282161 20.800331
v -38.145229 -5.943146 60.437527
v -38.788540 -5.312810 60.513412
v -40.612911 -5.931988 63.737820
v -33.650051 -5.325353 53.933613
v -33.003658 -5.955537 53.856617
v -29.316404 -5.325611 48.489559
v -28.669920 -5.955787 48.412521
v -25.026304 -5.316785 43.007721
v -24.382017 -5.947068 42.931465
v -20.895933 -5.298852 37.460281
v -20.256132 -5.929397 37.385700
v -17.042265 -5.272564 31.817245
v -16.409330 -5.903737 31.745850
v -15.395324 -5.258539 29.180931
v -14.766143 -5.890127 29.111755
v -13.844054 -5.243770 26.515335
v -13.218902 -5.875848 26.448997
v -12.400176 -5.228598 23.817642
v -11.779235 -5.861238 23.754829
v -11.075408 -5.213365 21.085022
v -10.458800 -5.846633 21.026505
v -9.881469 -5.198409 18.314629
v -9.269195 -5.832370 18.261299
v -8.830108 -5.184073 15.503647
v -8.222075 -5.818786 15.456451
v -7.933105 -5.170803 12.649330
v -7.329132 -5.806306 12.609322
v -7.202819 -5.159402 9.749634
v -6.602417 -5.795639 9.717834
v -17.414762 0.089629 29.376457
v -17.314756 1.259254 29.367500
v -19.076384 0.089971 32.016472
v -15.748412 1.254206 26.696632
v -15.847564 0.089264 26.705406
v -14.288573 1.248940 23.991600
v -14.386809 0.088883 24.000092
v -12.947204 1.243562 21.249214
v -13.044494 0.088493 21.257294
v -11.736327 1.238176 18.466263
v -11.832610 0.088101 18.473793
v -10.667907 1.232886 15.639565
v -10.763183 0.087716 15.646370
v -9.754302 1.227853 12.765930
v -9.848571 0.087349 12.771812
v -9.009247 1.223444 9.843185
v -9.102600 0.087026 9.847939
v -5.361999 6.758728 9.651161
v -4.361145 7.294508 9.596573
v -6.083343 6.766445 12.524872
v -6.740814 -5.151880 7.361092
v -6.142791 -5.788628 7.336609
v -8.537201 1.220493 7.433571
v -8.629944 0.086809 7.437272
v -3.906830 7.291271 7.243805
v -4.905914 6.753691 7.285484
v -2.333801 -7.809058 7.177650
v -2.002594 -7.808278 4.816307
v -3.652527 -7.250159 4.863152
v -6.402954 -5.146189 4.940583
v -5.806732 -5.783339 4.923897
v -6.195526 -5.142585 2.487198
v -8.191589 1.218236 4.990235
v -8.283844 0.086643 4.992783
v -7.979187 1.216792 2.512573
v -3.574798 7.288853 4.860962
v -4.572540 6.749910 4.889175
v -3.371094 7.287336 2.446778
v -3.448730 -7.248546 2.447884
v -1.799438 -7.807790 2.424210
v -34.381466 -4.400140 54.012714
v -30.047880 -4.400385 48.568695
v -25.755125 -4.392196 43.086361
v -21.619230 -4.375505 37.537827
v -17.756956 -4.350758 31.892403
v -16.105253 -4.337458 29.254211
v -14.548858 -4.323389 26.586098
v -13.099608 -4.308865 23.885109
v -11.769286 -4.294201 21.148293
v -10.569732 -4.279711 18.372696
v -9.512755 -4.265708 15.555367
v -8.610381 -4.252628 12.693436
v -7.875335 -4.241319 9.784851
v -7.410156 -4.233822 7.388299
v -7.069794 -4.228129 4.959176
v -6.860809 -4.224513 2.496681
v -5.600494 -5.779999 2.478699
v -30.638517 -3.373971 48.626442
v -26.343473 -3.367166 43.143990
v -22.202818 -3.353255 37.595161
v -18.333036 -3.332408 31.948723
v -16.677122 -3.321128 29.309517
v -15.116179 -3.309144 26.639885
v -13.662078 -3.296714 23.936760
v -12.326781 -3.284098 21.197083
v -11.122100 -3.271556 18.417778
v -10.060027 -3.259346 15.595802
v -9.152678 -3.247844 12.728134
v -8.413208 -3.237840 9.812698
v -7.945007 -3.231180 7.409874
v -7.602325 -3.226105 4.973954
v -7.391876 -3.222872 2.504235
v -15.476287 2.389620 26.672630
v -14.018981 2.380032 23.968361
v -12.680266 2.370267 21.227074
v -11.472136 2.360519 18.445641
v -10.406524 2.350985 15.620911
v -9.495696 2.341952 12.749786
v -8.753143 2.334067 9.830139
v -8.282837 2.328802 7.423417
v -7.938538 2.324781 4.983254
v -7.727020 2.322215 2.508995
v -8.071136 0.086537 2.513878
v -13.585540 3.456481 23.929977
v -12.250945 3.443435 21.190643
v -11.047027 3.430479 18.411804
v -9.985686 3.417886 15.590416
v -9.079101 3.406040 12.723495
v -8.340302 3.395752 9.808960
v -7.872528 3.388908 7.406968
v -7.530212 3.383698 4.971962
v -7.319977 3.380380 2.503212
v -11.673003 4.442350 21.139763
v -10.474273 4.427556 18.364845
v -9.418151 4.413274 15.548347
v -8.516601 4.399947 12.687424
v -7.782318 4.388438 9.780029
v -7.317626 4.380814 7.384560
v -6.977661 4.375027 4.956620
v -6.768921 4.371353 2.495369
v -2.842315 7.682146 7.199112
v -2.510986 7.680960 4.830772
v -2.307770 7.680218 2.431511
v -4.368011 6.747536 2.461067
v -1.402710 7.919497 4.799248
v -1.199676 7.919294 2.415588
v -7.003540 6.097486 12.587494
v -7.894561 6.109299 15.430603
v -6.278472 6.087416 9.700554
v -5.819946 6.080809 7.323327
v -5.484711 6.075830 4.914864
v -5.279022 6.072691 2.474106
v -8.716704 5.317036 15.494980
v -9.767241 5.331469 18.304855
v -7.820556 5.303686 12.641960
v -7.091003 5.292227 9.743759
v -6.629516 5.284671 7.356560
v -6.292023 5.278955 4.937493
v -6.084839 5.275338 2.485619
v -19.001860 -1.086179 32.009857
v -22.880735 -1.093651 37.656708
v -17.340818 -1.082103 29.369904
v -15.774261 -1.077749 26.698975
v -14.314178 -1.073207 23.993866
v -12.972564 -1.068568 21.251358
v -11.761443 -1.063922 18.468262
v -10.692779 -1.059358 15.641357
v -9.778930 -1.055014 12.767479
v -9.033630 -1.051208 9.844429
v -8.561462 -1.048661 7.434540
v -8.215698 -1.046713 4.990899
v -8.003235 -1.045466 2.512917
v -22.628447 -2.251662 37.634197
v -26.772673 -2.261529 43.182972
v -18.752928 -2.236747 31.987457
v -17.093809 -2.228631 29.347763
v -15.529357 -2.219978 26.677284
v -14.071502 -2.210968 23.972878
v -12.732268 -2.201785 21.231384
v -11.523589 -2.192608 18.449654
v -10.457427 -2.183621 15.624542
v -9.546081 -2.175097 12.752930
v -8.803040 -2.167648 9.832680
v -8.332397 -2.162671 7.425400
v -7.987823 -2.158867 4.984620
v -7.776123 -2.156439 2.509697
v -3.984771 -7.252732 7.247032
v -2.786956 -7.810105 9.509590
v -4.439300 -7.256171 9.600777
v -3.503906 -7.811720 12.343704
v -5.158355 -7.261458 12.460594
v -4.385437 -7.813647 15.137772
v -6.042358 -7.267730 15.278893
v -5.420196 -7.815807 17.894287
v -7.079894 -7.274703 18.057961
v -6.596862 -7.818133 20.615822
v -38.355556 -7.328772 63.423870
v -39.051876 -7.830346 66.484856
v -45.028683 -7.821571 76.122360
v -46.295589 -7.819271 78.581467
v -47.453243 -7.817026 81.064926
v -48.492397 -7.814912 83.575012
v -51.574581 -7.808009 96.429932
v -54.376736 -6.695677 99.666641
v -53.018002 -7.249188 94.522507
v -53.750088 -7.010556 97.086006
v -53.224178 -7.249268 96.465416
v -51.122311 -7.809097 92.936165
v -51.314175 -7.545168 89.452446
v -50.390621 -7.810792 89.492096
v -49.403927 -7.812978 86.114006
v -49.426754 -7.658007 84.460831
v -47.509060 -7.607063 79.504700
v -45.692715 -7.281592 74.466553
v -44.886806 -6.911229 71.944504
v -4.939178 -6.348341 2.469246
v -5.144409 -6.351210 4.905296
v -5.478851 -6.355764 7.309243
v -5.936340 -6.361821 9.682198
v -6.659851 -6.371073 12.564270
v -7.549102 -6.381954 15.403008
v -8.592284 -6.393895 18.200531
v -9.777831 -6.406520 20.959435
v -11.094207 -6.419520 23.682365
v -12.529876 -6.432588 26.372002
v -14.073211 -6.445413 29.030991
v -15.712768 -6.457686 31.662003
v -19.552824 -6.480979 37.297173
v -23.674223 -6.497192 42.840309
v -27.959929 -6.505215 48.320126
v -32.293728 -6.504991 53.764278
v -37.438442 -6.493589 60.346954
v -39.908932 -6.483344 63.648869
v -42.277523 -6.470518 66.965607
v -44.173000 -6.289195 69.445747
v -42.977901 -5.917942 67.052223
v -43.857021 -5.847826 68.231422
v -1.733734 7.919823 7.152351
v -3.295623 7.683741 9.537849
v -5.079834 7.299490 12.455284
v -6.970062 6.775560 15.356018
v -8.939666 6.122204 18.231949
v -10.960326 5.346535 21.074310
v -13.002501 4.457335 23.876045
v -15.038939 3.469348 26.632858
v -17.040281 2.398836 29.343025
v -18.975615 1.263982 32.007416
v -22.956297 0.090594 37.663349
v -27.027067 -1.098575 43.205429
v -31.069456 -2.266345 48.665382
v -34.972012 -3.373764 54.070442
v -39.516140 -4.388502 60.591808
v -41.253414 -5.301495 63.812683
v -43.567745 -5.296697 67.058334
v -42.615200 -1.068192 63.149467
v -42.722134 -2.022144 63.538712
v -40.785793 -1.097488 60.710827
v -42.833950 2.721677 63.975464
v -42.696163 1.830411 63.441719
v -40.476772 2.431618 60.683617
v -43.010281 3.575766 64.701485
v -43.232479 4.396977 65.642654
v -43.491665 5.121037 66.741135
v -45.538723 7.701330 76.189407
v -46.495327 7.480097 76.770210
v -45.604031 7.251322 74.199539
v -46.805386 7.697775 78.642708
v -47.432064 7.600618 79.301514
v -47.962765 7.694324 81.119942
v -49.366360 7.659056 84.305443
v -49.001675 7.691082 83.623405
v -49.912930 7.688122 86.155411
v -51.270931 7.549856 89.333885
v -50.899349 7.684786 89.523827
v -51.630398 7.682205 92.955254
v -53.001705 7.253117 94.467888
v -52.082943 7.680550 96.440887
v -53.146481 7.288015 96.463760
v -54.375759 6.696302 99.662125
v -53.742245 7.013565 97.055649
v -50.974758 7.919386 96.417007
v -50.522732 7.919838 92.913651
v -49.790096 7.920547 89.454727
v -48.802853 7.921469 86.065338
v -47.890835 7.922287 83.518204
v -46.851131 7.923189 81.000450
v -45.692867 7.924154 78.509842
v -40.646908 7.356134 66.739197
v -43.801174 7.343391 71.510086
v -41.679012 6.851156 66.886292
v -39.562832 7.715008 66.570572
v -38.446041 7.929043 66.385834
v -44.796261 6.852453 71.645042
v -44.089504 6.185638 69.131706
v -42.636562 6.204189 67.010727
v -43.777004 5.711763 67.912582
v -43.495937 5.420989 67.112152
v -40.759029 1.277101 60.708363
v -42.599483 0.856732 63.094723
v -35.347469 2.438937 54.104656
v -30.558043 3.536647 48.619061
v -25.654020 4.542639 43.075863
v -20.776640 5.432771 37.446640
v -16.069883 6.190525 31.705627
v -13.480132 6.829548 28.957863
v -10.918303 7.334007 26.176453
v -8.414031 7.699797 23.369621
v -5.994445 7.923676 20.547668
v -40.861813 0.090915 60.717449
v -42.568935 0.000001 62.993942
v -35.631313 1.281060 54.129330
v -31.014036 2.439096 48.660664
v -26.263304 3.529567 43.136612
v -21.518827 4.525534 37.527485
v -16.924162 5.406238 31.804207
v -14.428527 6.177443 29.072968
v -11.939544 6.818554 26.302681
v -9.489257 7.326506 23.500191
v -7.106505 7.696043 20.674072
v -4.818389 7.922674 17.834038
v -35.734676 0.091199 54.138397
v -31.297911 1.281147 48.685341
v -26.717497 2.433946 43.178234
v -22.123289 3.515102 37.587791
v -17.657713 4.500190 31.882362
v -15.277892 5.392086 29.168297
v -12.883239 6.163744 26.411972
v -10.506774 6.807390 23.617523
v -8.179534 7.319115 20.792503
v -5.929564 7.692461 17.945671
v -3.784209 7.921751 15.085991
v -40.531857 -2.259351 60.688362
v -42.872066 -2.928296 64.130463
v -35.658230 -1.100901 54.131794
v -31.401304 0.091205 48.694412
v -27.000242 1.278361 43.202965
v -22.573729 2.423401 37.629425
v -18.254545 3.493462 31.941422
v -16.006681 4.486578 29.244408
v -13.727355 5.377189 26.503220
v -11.445617 6.149754 23.719933
v -9.193297 6.796324 20.899765
v -7.000426 7.312023 18.050827
v -4.894531 7.689148 15.181847
v -2.903167 7.920938 12.300926
v -43.067532 -3.808865 64.941513
v -43.304379 -4.619633 65.948975
v -35.402889 -2.266196 54.109371
v -31.324827 -1.100975 48.687805
v -27.103209 0.091005 43.212048
v -22.854124 1.272649 37.654247
v -18.698973 2.407486 31.982681
v -16.599241 3.481765 29.302322
v -14.450988 4.472185 26.576614
v -12.284270 5.361890 23.806168
v -10.127227 6.135798 20.994164
v -8.010558 6.785624 18.146805
v -5.963409 7.305412 15.272598
v -4.012786 7.686205 12.380051
v -2.186645 7.920259 9.476288
v 48.910862 -7.942436 96.828758
v 47.589756 -7.771407 93.745377
v 47.970112 -7.771042 96.880486
v 48.522541 -7.942535 93.643761
v 45.512684 -6.704930 97.018463
v 43.942722 -5.725945 94.157516
v 44.294010 -5.724209 97.089699
v 45.152225 -6.706389 94.016968
v 46.969791 -7.772017 90.608276
v 47.889469 -7.942701 90.458771
v 43.370853 -5.728851 91.216461
v 44.565144 -6.708821 91.008713
v 46.121632 -7.772871 87.482780
v 47.023167 -7.942934 87.287529
v 42.589512 -5.732940 88.279541
v 43.762608 -6.712228 88.006889
v 45.013401 -7.774017 84.268692
v 45.890919 -7.943246 84.028435
v 41.570042 -5.738441 85.252472
v 42.714878 -6.716791 84.915146
v 43.684818 -7.775427 81.096878
v 44.533192 -7.943630 80.814270
v 40.349674 -5.745241 82.258354
v 41.459965 -6.722403 81.859245
v 42.148624 -7.777124 77.982269
v 42.962833 -7.944093 77.660248
v 38.940495 -5.753425 79.311172
v 40.010136 -6.729139 78.853447
v 40.416965 -7.779114 74.940018
v 41.192417 -7.944636 74.581680
v 37.353214 -5.762943 76.425453
v 38.376560 -6.736986 75.912476
v 38.501896 -7.781381 71.985474
v 39.234501 -7.945256 71.594017
v 35.598240 -5.773641 73.616287
v 36.570133 -6.745838 73.051537
v 36.415440 -7.783910 69.134018
v 37.101566 -7.945951 68.712677
v 33.686069 -5.785364 70.898758
v 34.601780 -6.755594 70.285812
v 34.169682 -7.786686 66.400986
v 34.806156 -7.946715 65.953102
v 31.627171 -5.797958 68.287949
v 32.482426 -6.766150 67.630508
v 31.776613 -7.789693 63.801773
v 32.360783 -7.947547 63.330723
v 29.431950 -5.811270 65.798950
v 30.222933 -6.777404 65.100807
v 29.248293 -7.792916 61.351719
v 29.777987 -7.948442 60.860973
v 27.110872 -5.825144 63.446850
v 27.834261 -6.789252 62.711918
v 26.596743 -7.796341 59.066196
v 27.070253 -7.949399 58.559288
v 24.674379 -5.839427 61.246735
v 25.327303 -6.801592 60.479031
v 23.833956 -7.799942 56.960632
v 24.250063 -7.950409 56.441128
v 22.132784 -5.853914 59.213825
v 22.712801 -6.814280 58.417461
v 20.971346 -7.803611 55.051064
v 21.329622 -7.951444 54.522282
v 19.495272 -5.868105 57.364578
v 20.000612 -6.826890 56.543667
v 18.020632 -7.807208 53.353817
v 18.321291 -7.952465 52.818691
v 16.771547 -5.881523 55.715965
v 17.201021 -6.838980 54.874542
v 14.993563 -7.810600 51.885208
v 15.237459 -7.953432 51.346279
v 13.971407 -5.893711 54.284924
v 14.324404 -6.850119 53.426968
v 11.901888 -7.813644 50.661583
v 12.090456 -7.954306 50.121006
v 11.104555 -5.904198 53.088440
v 11.381105 -6.859863 52.217873
v 8.757479 -7.816154 49.699787
v 8.892733 -7.955030 49.159081
v 8.180910 -5.912488 52.144520
v 8.381655 -6.867700 51.265072
v 6.136691 -7.817733 49.116180
v 6.229586 -7.955488 48.576000
v 5.738345 -5.917517 51.569920
v 5.877444 -6.872526 50.685638
v 3.496218 -7.818804 48.731262
v 3.548128 -7.955800 48.191765
v 3.272433 -5.920835 51.189915
v 3.350771 -6.875749 50.302753
v 0.843416 -7.819309 48.554497
v 0.855715 -7.955947 48.015461
v 0.790163 -5.922359 51.014973
v 0.808840 -6.877245 50.126625
v -1.813078 -7.819189 48.594341
v -1.839720 -7.955912 48.055195
v -1.697935 -5.921990 51.054394
v -1.738279 -6.876886 50.166325
v -4.461882 -7.818449 48.848217
v -4.528807 -7.955697 48.308510
v -4.174284 -5.919702 51.305229
v -4.274808 -6.874663 50.419025
v -7.095579 -7.817161 49.306770
v -7.204222 -7.955323 48.766426
v -6.631589 -5.915631 51.757248
v -6.793302 -6.870744 50.874710
v -9.707090 -7.815398 49.960564
v -9.858732 -7.954813 49.419868
v -9.063322 -5.909922 52.400127
v -9.287077 -6.865303 51.523273
v -12.289305 -7.813232 50.800152
v -12.485167 -7.954188 50.259769
v -11.462980 -5.902718 53.223549
v -11.749296 -6.858514 52.354607
v -15.894896 -7.809606 52.294563
v -16.155546 -7.953148 51.756500
v -14.805539 -5.890191 54.684219
v -15.181242 -6.846885 53.830780
v -19.406675 -7.805539 54.118038
v -19.734098 -7.951990 53.585468
v -18.051695 -5.875401 56.459057
v -18.516661 -6.833429 55.626659
v -22.806211 -7.801366 56.243622
v -23.201200 -7.950810 55.720699
v -21.186705 -5.859387 58.519520
v -21.739714 -6.819160 57.713867
v -26.074827 -7.797223 58.645966
v -26.537046 -7.949647 58.137054
v -24.195280 -5.842767 60.840134
v -24.834135 -6.804595 60.066814
v -29.193541 -7.793192 61.299984
v -29.721769 -7.948522 60.809544
v -27.061216 -5.825985 63.395824
v -27.782957 -6.790086 62.660339
v -32.143276 -7.789351 64.180611
v -32.735378 -7.947455 63.713184
v -29.768398 -5.809483 66.161530
v -30.569210 -6.775981 65.469284
v -34.905056 -7.785783 67.262756
v -35.558010 -7.946468 66.822983
v -32.300777 -5.793702 69.112167
v -33.175961 -6.762629 68.468468
v -37.459835 -7.782565 70.521355
v -38.169643 -7.945582 70.113968
v -34.642147 -5.779086 72.222679
v -35.586269 -6.750378 71.632744
v -39.788631 -7.779778 73.931328
v -40.550411 -7.944818 73.561127
v -36.776424 -5.766076 75.468002
v -37.783169 -6.739575 74.936951
v -41.872280 -7.777411 77.468269
v -42.680264 -7.944170 77.139847
v -38.687557 -5.754846 78.824356
v -39.749691 -6.730288 78.357101
v -43.690823 -7.775414 81.108124
v -44.538815 -7.943625 80.825661
v -40.357265 -5.745329 82.268883
v -41.467007 -6.722414 81.870026
v -45.224026 -7.773788 84.826576
v -46.105495 -7.943182 84.593964
v -46.451717 -7.772529 88.599304
v -41.766415 -5.737532 85.778336
v -42.915737 -6.715960 85.452103
v 46.683811 -7.488656 93.845055
v 47.056583 -7.487910 96.931175
v 46.076344 -7.489901 90.755089
v 45.245518 -7.491643 87.674728
v 44.160236 -7.493978 84.505165
v 42.859592 -7.496849 81.375381
v 41.356083 -7.500302 78.300056
v 39.661533 -7.504342 75.294174
v 37.787540 -7.508929 72.373016
v 35.745670 -7.514027 69.551910
v 33.547550 -7.519596 66.846130
v 31.204744 -7.525599 64.270996
v 28.728884 -7.531996 61.841805
v 26.131533 -7.538751 59.573849
v 23.424135 -7.545804 57.482525
v 20.617525 -7.552933 55.584076
v 17.722841 -7.559874 53.895126
v 14.751223 -7.566370 52.432278
v 11.713900 -7.572154 51.212173
v 8.622225 -7.576886 50.252148
v 6.043612 -7.579842 49.669086
v 3.444094 -7.581838 49.284233
v 0.831057 -7.582775 49.107376
v -1.786314 -7.582551 49.147247
v -4.394742 -7.581173 49.401157
v -6.986906 -7.578764 49.859467
v -9.555723 -7.575453 50.512432
v -12.094236 -7.571365 51.350304
v -15.636168 -7.564472 52.840176
v -19.082823 -7.556664 54.655857
v -22.416807 -7.548569 56.769657
v -25.620420 -7.540462 59.156071
v -28.675444 -7.532514 61.789955
v -31.563749 -7.524893 64.646164
v -34.267147 -7.517768 67.699570
v -36.767422 -7.511309 70.925018
v -39.046383 -7.505683 74.297379
v -41.085751 -7.500885 77.792427
v -42.865963 -7.496832 81.386467
v -44.367153 -7.493524 85.055450
v -45.569363 -7.490954 88.775345
v -42.895779 -5.731459 89.329430
v -44.076382 -6.710930 89.079742
v -46.452755 -7.489123 92.522095
v -47.359768 -7.942840 88.420151
v -47.353634 -7.771633 92.402000
v -46.997372 -7.488027 96.271660
v -43.726223 -5.727115 92.898918
v -44.929501 -6.707330 92.729340
v -44.238522 -5.724504 96.463531
v -48.281124 -7.942596 92.279625
v -48.848995 -7.942451 96.147774
v -47.909603 -7.771098 96.210335
v 45.817600 -7.098391 93.941650
v 45.221806 -7.100324 90.897530
v 44.407154 -7.103030 87.861183
v 43.343327 -7.106655 84.735176
v 42.068821 -7.111112 81.646675
v 40.595951 -7.116466 78.610130
v 38.936192 -7.122713 75.640358
v 37.100712 -7.129782 72.752609
v 35.100742 -7.137602 69.962128
v 32.947453 -7.146099 67.284157
v 30.652040 -7.155204 64.733932
v 28.225740 -7.164843 62.326702
v 25.679689 -7.174945 60.077705
v 23.024935 -7.185406 58.002300
v 20.271761 -7.195883 56.116875
v 17.430758 -7.205999 54.438236
v 14.512636 -7.215387 52.983181
v 11.528139 -7.223667 51.768543
v 8.488100 -7.230379 50.811970
v 5.951052 -7.234540 50.230560
v 3.392153 -7.237333 49.846550
v 0.818697 -7.238637 49.669975
v -1.759580 -7.238324 49.709782
v -4.327970 -7.236397 49.963192
v -6.879026 -7.233012 50.420341
v -9.405851 -7.228335 51.071262
v -11.901609 -7.222528 51.905979
v -15.381773 -7.212654 53.389015
v -18.765715 -7.201340 55.194515
v -22.037016 -7.189466 57.294319
v -25.178770 -7.177451 59.662849
v -28.173521 -7.165569 62.274937
v -31.003813 -7.154090 65.105408
v -33.652218 -7.143284 68.129082
v -36.101223 -7.133424 71.320801
v -38.333431 -7.124780 74.655396
v -40.331234 -7.117373 78.108795
v -42.075558 -7.111104 81.657593
v -43.546780 -7.105972 85.278008
v -44.725246 -7.101980 88.946251
v -45.591305 -7.099127 92.638519
v -46.125332 -7.097415 96.331032
v 42.943607 -4.526559 94.278130
v 43.287663 -4.525010 97.150749
v 42.383762 -4.529181 91.395004
v 41.619236 -4.532913 88.514229
v 40.622166 -4.537991 85.543312
v 39.429356 -4.544335 82.603065
v 38.052677 -4.552033 79.707260
v 36.502476 -4.561010 76.870262
v 34.788883 -4.571093 74.107040
v 32.922031 -4.582108 71.432556
v 30.912022 -4.593884 68.861786
v 28.769016 -4.606247 66.409706
v 26.503115 -4.619026 64.091278
v 24.124453 -4.632046 61.921471
v 21.642946 -4.645090 59.915390
v 19.067354 -4.657689 58.089420
v 16.406923 -4.669437 56.460499
v 13.670932 -4.679949 55.045547
v 10.868593 -4.688830 53.861526
v 8.009279 -4.695704 52.926537
v 5.619235 -4.699797 52.356880
v 3.205264 -4.702452 51.979870
v 0.774142 -4.703653 51.806194
v -1.663297 -4.703359 51.845322
v -4.088132 -4.701525 52.094193
v -6.493162 -4.698224 52.542423
v -8.872160 -4.693536 53.179523
v -11.218809 -4.687541 53.995018
v -14.485990 -4.676928 55.440414
v -17.657408 -4.664110 57.194889
v -20.719267 -4.649932 59.229912
v -23.656950 -4.634976 61.520206
v -26.454893 -4.619685 64.040855
v -29.097591 -4.604496 66.766953
v -31.569515 -4.589852 69.673569
v -33.855190 -4.576193 72.735802
v -35.939053 -4.563958 75.928741
v -37.805782 -4.553404 79.228790
v -39.437435 -4.544513 82.613380
v -40.814999 -4.537271 86.059525
v -41.919552 -4.531663 89.544235
v -42.732021 -4.527675 93.044540
v -43.233425 -4.525292 96.537453
v -45.455624 -6.705166 96.377296
v 42.193394 -3.154231 94.372818
v 42.532139 -3.153248 97.198624
v 41.642368 -3.155940 91.535301
v 40.890171 -3.158436 88.698807
v 39.909641 -3.161917 85.772255
v 38.737095 -3.166373 82.874664
v 37.384342 -3.171886 80.019653
v 35.861515 -3.178384 77.221451
v 34.178501 -3.185718 74.494919
v 32.345219 -3.193741 71.854919
v 30.371555 -3.202307 69.316322
v 28.267399 -3.211269 66.893997
v 26.042696 -3.220479 64.602783
v 23.707338 -3.229791 62.457577
v 21.270967 -3.239022 60.473351
v 18.742037 -3.247818 58.666389
v 16.129427 -3.255902 57.053593
v 13.442050 -3.263013 55.651836
v 10.688753 -3.268887 54.478050
v 7.878359 -3.273301 53.550381
v 5.528353 -3.275857 52.984779
v 3.153994 -3.277474 52.610226
v 0.761904 -3.278188 52.437588
v -1.636869 -3.278009 52.476467
v -4.022398 -3.276886 52.723728
v -6.387601 -3.274831 53.168842
v -8.726408 -3.271861 53.801205
v -11.032712 -3.267992 54.610195
v -14.242642 -3.260977 56.043072
v -17.357481 -3.252263 57.780857
v -20.364164 -3.242395 59.795090
v -23.248564 -3.231819 62.060680
v -25.995573 -3.220883 64.552879
v -28.590115 -3.209936 67.246925
v -31.017086 -3.199324 70.118065
v -33.261410 -3.189396 73.141541
v -35.307980 -3.180501 76.292603
v -37.141872 -3.172902 79.547813
v -38.745480 -3.166603 82.884804
v -40.099850 -3.161555 86.280815
v -41.186123 -3.157712 89.713097
v -41.985409 -3.155026 93.158890
v -42.478848 -3.153449 96.595444
v 41.724827 -1.659385 94.435478
v 42.060215 -1.659091 97.230309
v 41.179417 -1.659951 91.628143
v 40.435062 -1.660851 88.820946
v 39.464970 -1.662205 85.923737
v 38.305210 -1.664056 83.054329
v 36.967503 -1.666469 80.226242
v 35.461857 -1.669404 77.453629
v 33.798008 -1.672782 74.751282
v 31.985752 -1.676522 72.133987
v 30.034855 -1.680544 69.616539
v 27.955051 -1.684766 67.213730
v 25.756136 -1.689107 64.940353
v 23.447878 -1.693489 62.811188
v 21.039766 -1.697809 60.841160
v 18.540071 -1.701879 59.046478
v 15.957370 -1.705563 57.444016
v 13.300357 -1.708738 56.050644
v 10.577579 -1.711279 54.883266
v 7.797579 -1.713100 53.960102
v 5.472353 -1.714103 53.396942
v 3.122439 -1.714707 53.023838
v 0.754366 -1.714961 52.851795
v -1.620603 -1.714893 52.890533
v -3.981901 -1.714467 53.136845
v -6.322477 -1.713662 53.580097
v -8.636351 -1.712463 54.209572
v -10.917600 -1.710855 55.014553
v -14.091916 -1.707831 56.439575
v -17.171385 -1.703919 58.166729
v -20.143583 -1.699373 60.167557
v -22.994658 -1.694431 62.417114
v -25.709776 -1.689281 64.890747
v -28.274136 -1.684108 67.563812
v -30.672939 -1.679102 70.411667
v -32.891323 -1.674449 73.409653
v -34.914486 -1.670339 76.533127
v -36.727810 -1.666939 79.758759
v -38.313747 -1.664242 83.064316
v -39.653469 -1.662183 86.427200
v -40.728207 -1.660695 89.824806
v -41.519161 -1.659714 93.234543
v -42.007504 -1.659173 96.633804
v 41.552738 -0.101627 94.459724
v 41.886845 -0.101632 97.242569
v 41.009464 -0.101626 91.664070
v 40.268070 -0.101637 88.868187
v 39.301884 -0.101666 85.982300
v 38.146915 -0.101722 83.123749
v 36.814823 -0.101809 80.306023
v 35.315556 -0.101925 77.543236
v 33.658848 -0.102067 74.850159
v 31.854374 -0.102230 72.241554
v 29.911869 -0.102409 69.732185
v 27.841068 -0.102600 67.336823
v 25.651674 -0.102798 65.070221
v 23.353365 -0.103000 62.947140
v 20.955660 -0.103197 60.982471
v 18.466707 -0.103380 59.192402
v 15.894961 -0.103542 57.593796
v 13.249026 -0.103677 56.203522
v 10.537387 -0.103777 55.038483
v 7.768435 -0.103840 54.116928
v 5.452181 -0.103869 53.554623
v 3.111086 -0.103885 53.182014
v 0.751681 -0.103889 53.010166
v -1.614774 -0.103888 53.048859
v -3.967313 -0.103876 53.294846
v -6.298978 -0.103852 53.737450
v -8.603849 -0.103813 54.365906
v -10.875974 -0.103756 55.169445
v -14.037290 -0.103639 56.591606
v -17.103819 -0.103472 58.314819
v -20.063353 -0.103269 60.310623
v -22.902189 -0.103044 62.554131
v -25.605589 -0.102806 65.020729
v -28.158840 -0.102569 67.685822
v -30.547207 -0.102341 70.524780
v -32.756008 -0.102135 73.513016
v -34.770504 -0.101959 76.625931
v -36.576168 -0.101828 79.840210
v -38.155483 -0.101737 83.133667
v -39.489742 -0.101680 86.483780
v -40.560116 -0.101649 89.868004
v -41.347927 -0.101636 93.263809
v -41.834347 -0.101634 96.648651
v 41.685734 1.459889 94.440918
v 42.020817 1.459665 97.233055
v 41.140812 1.460335 91.636208
v 40.397129 1.461061 88.831543
v 39.427891 1.462173 85.936874
v 38.269230 1.463716 83.069908
v 36.932804 1.465751 80.244141
v 35.428623 1.468244 77.473732
v 33.766392 1.471124 74.773460
v 31.955906 1.474320 72.158112
v 30.006931 1.477762 69.642471
v 27.929173 1.481380 67.241333
v 25.732424 1.485105 64.969467
v 23.426424 1.488862 62.841667
v 21.020662 1.492566 60.872837
v 18.523409 1.496049 59.079189
v 15.943210 1.499195 57.477592
v 13.288699 1.501898 56.084915
v 10.568454 1.504049 54.918064
v 7.790957 1.505576 53.995262
v 5.467776 1.506410 53.432293
v 3.119875 1.506907 53.059299
v 0.753756 1.507113 52.887302
v -1.619291 1.507057 52.926029
v -3.978574 1.506704 53.172268
v -6.317136 1.506037 53.615376
v -8.628965 1.505035 54.244621
v -10.908139 1.503684 55.049274
v -14.079526 1.501126 56.473656
v -17.156034 1.497794 58.199928
v -20.125364 1.493906 60.199631
v -22.973661 1.489670 62.447830
v -25.686125 1.485251 64.919891
v -28.247952 1.480814 67.591171
v -30.644375 1.476521 70.437027
v -32.860592 1.472540 73.432831
v -34.881802 1.469032 76.553940
v -36.693356 1.466151 79.777031
v -38.277798 1.463887 83.079880
v -39.616268 1.462176 86.439896
v -40.689999 1.460957 89.834503
v -41.480251 1.460163 93.241112
v -41.968136 1.459733 96.637138
v 42.116489 2.966253 94.382874
v 42.454685 2.965365 97.203712
v 41.566380 2.967808 91.550201
v 40.815464 2.970092 88.718407
v 39.836613 2.973295 85.796570
v 38.666172 2.977418 82.903511
v 37.315861 2.982541 80.052826
v 35.795841 2.988594 77.258743
v 34.115971 2.995439 74.536102
v 32.286137 3.002933 71.899757
v 30.316196 3.010937 69.364571
v 28.216068 3.019312 66.945389
v 25.995577 3.027917 64.657059
v 23.664644 3.036613 62.514439
v 21.232912 3.045225 60.532509
v 18.708803 3.053420 58.727539
v 16.101107 3.060938 57.116421
v 13.418704 3.067536 55.716034
v 10.670412 3.072968 54.543297
v 7.865023 3.077033 53.616371
v 5.519106 3.079375 53.051174
v 3.148776 3.080851 52.676865
v 0.760653 3.081499 52.504326
v -1.634184 3.081336 52.543182
v -4.015714 3.080310 52.790283
v -6.376859 3.078427 53.235088
v -8.711546 3.075699 53.866970
v -11.013730 3.072134 54.675301
v -14.217801 3.065648 56.106892
v -17.326841 3.057556 57.842945
v -20.327848 3.048368 59.855003
v -23.206785 3.038502 62.118000
v -25.948576 3.028289 64.607193
v -28.538174 3.018059 67.297859
v -30.960537 3.008142 70.165245
v -33.200588 2.998866 73.184616
v -35.243313 2.990563 76.331238
v -37.073879 2.983490 79.581696
v -38.674587 2.977648 82.913628
v -40.026577 2.972985 86.304321
v -41.110958 2.969450 89.731033
v -41.908901 2.966989 93.171036
v -42.401485 2.965550 96.601601
v 47.751148 7.713655 96.892593
v 48.411320 7.927906 93.655853
v 48.798679 7.927780 96.834915
v 47.372623 7.714109 93.769180
v 47.779804 7.928120 90.476555
v 46.755665 7.714867 90.643326
v 46.915668 7.928419 87.310745
v 45.911686 7.715929 87.528595
v 45.786274 7.928820 84.057007
v 44.808964 7.717350 84.325111
v 44.432026 7.929312 80.847870
v 43.487125 7.719101 81.163300
v 42.865726 7.929907 77.698532
v 41.958775 7.721209 78.058044
v 41.099918 7.930603 74.624283
v 40.236027 7.723677 75.024429
v 39.147099 7.931398 71.640549
v 38.330814 7.726486 72.077812
v 37.019688 7.932289 68.762764
v 36.255100 7.729618 69.233543
v 34.730198 7.933270 66.006348
v 34.020756 7.733051 66.506973
v 32.291050 7.934332 63.386738
v 31.639742 7.736765 63.913445
v 29.714724 7.935476 60.919346
v 29.123995 7.740742 61.468315
v 27.013674 7.936697 58.619606
v 26.485476 7.744959 59.186928
v 24.200289 7.937984 56.502975
v 23.735933 7.749386 57.084709
v 21.286745 7.939301 54.585274
v 20.886751 7.753885 55.177746
v 18.285280 7.940598 52.882481
v 17.949434 7.758287 53.482437
v 15.208223 7.941822 51.410576
v 14.935640 7.762428 52.015167
v 12.067812 7.942924 50.185555
v 11.856936 7.766136 50.792358
v 8.876467 7.943838 49.223698
v 8.725130 7.769186 49.830975
v 6.218416 7.944412 48.640591
v 6.114443 7.771099 49.247494
v 3.541872 7.944803 48.256302
v 3.483767 7.772396 48.862587
v 0.854220 7.944988 48.079952
v 0.840456 7.773006 48.685799
v -1.836515 7.944944 48.119698
v -1.806669 7.772860 48.725651
v -4.520750 7.944674 48.373062
v -4.445829 7.771965 48.979534
v -7.191160 7.944204 48.831024
v -7.069608 7.770405 49.438034
v -9.840513 7.943562 49.484470
v -9.670897 7.768265 50.091637
v -12.461637 7.942776 50.324291
v -12.242674 7.765635 50.930828
v -16.124296 7.941462 51.820679
v -15.833036 7.761217 52.424183
v -19.694914 7.939995 53.648933
v -19.329252 7.756247 54.245842
v -23.153959 7.938496 55.782967
v -22.713072 7.751131 56.368668
v -26.481810 7.937016 58.197617
v -25.966124 7.746042 58.767269
v -29.658689 7.935577 60.867886
v -29.069578 7.741077 61.416550
v -32.664700 7.934214 63.768772
v -32.004574 7.736340 64.291412
v -35.480068 7.932951 66.875275
v -34.752346 7.731930 67.366768
v -38.084957 7.931816 70.162392
v -37.294033 7.727949 70.617516
v -40.459560 7.930836 73.605133
v -39.610867 7.724499 74.018570
v -42.583920 7.930006 77.178894
v -41.683895 7.721561 77.545555
v -44.437679 7.929306 80.859245
v -43.493191 7.719088 81.174515
v -46.000393 7.928738 84.621620
v -45.018703 7.717068 84.881187
v -47.251492 7.928297 88.441460
v -46.240261 7.715504 88.641327
v -48.170528 7.927986 92.294182
v -47.137722 7.714392 92.430679
v -48.736996 7.927799 96.155220
v -47.690975 7.713726 96.224983
v 46.396046 7.204237 96.968216
v 46.028629 7.205296 93.917969
v 45.430027 7.207060 90.862595
v 44.611485 7.209532 87.815437
v 43.542484 7.212839 84.678711
v 42.261662 7.216909 81.580032
v 40.781406 7.221798 78.533913
v 39.113255 7.227509 75.555199
v 37.268467 7.233976 72.659149
v 35.258366 7.241138 69.861031
v 33.094242 7.248936 67.176102
v 30.787355 7.257301 64.619598
v 28.349031 7.266178 62.206806
v 25.790560 7.275497 59.952965
v 23.123018 7.285173 57.873440
v 20.356813 7.294888 55.984592
v 17.502718 7.304291 54.303196
v 14.571535 7.313038 52.846004
v 11.574068 7.320772 51.629826
v 8.521303 7.327059 50.672234
v 5.973971 7.330965 50.090313
v 3.405031 7.333591 49.706020
v 0.821749 7.334818 49.529339
v -1.766203 7.334524 49.569168
v -4.344511 7.332712 49.822754
v -6.905729 7.329535 50.280277
v -9.442930 7.325148 50.931820
v -11.949217 7.319712 51.767460
v -15.444517 7.310490 53.252415
v -18.843809 7.299955 55.060673
v -22.130369 7.288939 57.164169
v -25.287169 7.277824 59.537334
v -28.296537 7.266861 62.154999
v -31.140898 7.256290 64.991997
v -33.802578 7.246359 68.023155
v -36.264004 7.237314 71.223312
v -38.507473 7.229399 74.567307
v -40.515316 7.222626 78.031021
v -42.268307 7.216896 81.590996
v -43.746761 7.212212 85.223381
v -44.930935 7.208567 88.904327
v -45.801174 7.205965 92.609978
v -46.337765 7.204405 96.316483
v 45.155048 6.457289 97.039093
v 44.797352 6.458881 94.057648
v 44.214802 6.461538 91.068802
v 43.418583 6.465260 88.085701
v 42.379276 6.470245 85.012589
v 41.134647 6.476381 81.974442
v 39.696903 6.483746 78.985451
v 38.077091 6.492313 76.060287
v 36.285923 6.501965 73.214111
v 34.334202 6.512577 70.462097
v 32.232700 6.524033 67.819412
v 29.992220 6.536209 65.301216
v 27.623476 6.548985 62.922676
v 25.137239 6.562243 60.698967
v 22.544130 6.575817 58.645382
v 19.853823 6.589245 56.778381
v 17.076418 6.602066 55.114899
v 14.222078 6.613827 53.671844
v 11.301027 6.624067 52.466171
v 8.323580 6.632263 51.515755
v 5.837222 6.637289 50.937611
v 3.328127 6.640635 50.555481
v 0.803469 6.642183 50.379662
v -1.726621 6.641809 50.419289
v -4.245756 6.639503 50.671501
v -6.746549 6.635426 51.126217
v -9.222319 6.629749 51.773262
v -11.666380 6.622643 52.602463
v -15.072294 6.610418 54.074429
v -18.381681 6.596191 55.864540
v -21.578978 6.581007 57.944355
v -24.648191 6.565430 60.288303
v -27.572630 6.549845 62.871243
v -30.335567 6.534639 65.668015
v -32.920376 6.520195 68.653488
v -35.310268 6.506901 71.802505
v -37.488613 6.495138 75.089935
v -39.438686 6.485006 78.491837
v -41.141872 6.476410 81.985146
v -42.578793 6.469358 85.546341
v -43.730129 6.463858 89.151932
v -44.576443 6.459919 92.778404
v -45.098476 6.457550 96.402260
v 44.069233 5.497543 97.103035
v 43.719608 5.499322 94.183846
v 43.150455 5.502302 91.255417
v 42.372929 5.506496 88.330719
v 41.358524 5.512139 85.315857
v 40.144413 5.519115 82.333435
v 38.742558 5.527510 79.397400
v 37.163609 5.537262 76.522232
v 35.417942 5.548207 73.723007
v 33.515965 5.560181 71.014786
v 31.468021 5.573018 68.412636
v 29.284489 5.586553 65.931625
v 26.975740 5.600621 63.586803
v 24.552156 5.615057 61.393250
v 22.023928 5.629646 59.366158
v 19.400179 5.643881 57.521984
v 16.690523 5.657290 55.877674
v 13.904604 5.669423 54.450165
v 11.052095 5.679819 53.256443
v 8.142733 5.687998 52.314514
v 5.711855 5.692942 51.741028
v 3.257479 5.696191 51.361702
v 0.786593 5.697679 51.187050
v -1.690214 5.697318 51.226402
v -4.155118 5.695077 51.476791
v -6.600797 5.691081 51.927956
v -9.020811 5.685460 52.569538
v -11.408720 5.678347 53.391193
v -14.734525 5.665925 54.848488
v -17.964048 5.651181 56.618858
v -21.082823 5.635130 58.673779
v -24.075590 5.618396 60.987812
v -26.926390 5.601437 63.535919
v -29.619167 5.584708 66.293053
v -32.137997 5.568666 69.234177
v -34.466885 5.553770 72.334251
v -36.589840 5.540472 75.568237
v -38.490963 5.528973 78.912392
v -40.152096 5.519221 82.343918
v -41.554104 5.511225 85.839615
v -42.677853 5.504992 89.376274
v -43.504208 5.500531 92.930695
v -44.014034 5.497849 96.479675
v 43.173985 4.356840 97.157745
v 42.830723 4.358362 94.291962
v 42.272221 4.360944 91.415497
v 41.509556 4.364620 88.541176
v 40.514988 4.369625 85.576729
v 39.325260 4.375886 82.642700
v 37.952152 4.383485 79.752846
v 36.406071 4.392345 76.921509
v 34.697086 4.402291 74.163635
v 32.835300 4.413148 71.494194
v 30.830753 4.424743 68.928131
v 28.693577 4.436899 66.480408
v 26.433870 4.449444 64.165985
v 24.061708 4.462203 61.999813
v 21.586946 4.474956 59.996979
v 19.018343 4.487242 58.173855
v 16.365053 4.498670 56.547367
v 13.636355 4.508868 55.134426
v 10.841402 4.517457 53.951984
v 7.989443 4.524080 53.018139
v 5.605471 4.528010 52.449131
v 3.197482 4.530553 52.072517
v 0.772280 4.531700 51.899014
v -1.659299 4.531418 51.938099
v -4.078153 4.529662 52.186710
v -6.477201 4.526494 52.634438
v -8.850126 4.521985 53.270790
v -11.190672 4.516205 54.085270
v -14.449277 4.505939 55.528740
v -17.612181 4.493494 57.280678
v -20.665800 4.479673 59.312584
v -23.595488 4.465054 61.599209
v -26.385801 4.450070 64.115654
v -29.021267 4.435163 66.837029
v -31.486477 4.420765 69.738449
v -33.765896 4.407317 72.795013
v -35.844173 4.395253 75.981834
v -37.705929 4.384842 79.275345
v -39.333340 4.376072 82.652992
v -40.707455 4.368930 86.091820
v -41.809231 4.363400 89.568886
v -42.619686 4.359468 93.061241
v -43.119900 4.357120 96.545929
v 46.183323 -7.097231 96.980240
v 54.823582 6.166458 95.260094
v 54.108997 6.788176 96.885475
v 53.961994 6.788662 95.326363
v 54.972721 6.165859 96.840889
v 55.596241 5.435905 95.199326
v 55.747211 5.435261 96.800003
v 56.264515 4.607733 95.145149
v 56.417011 4.607139 96.763542
v 56.814869 3.696220 95.098732
v 56.968601 3.695766 96.732300
v 57.240192 2.719276 95.061447
v 57.394886 2.719001 96.707207
v 57.534550 1.694793 95.034721
v 57.689915 1.694684 96.689209
v 57.691990 0.640662 95.019966
v 57.847706 0.640654 96.679268
v 57.706684 -0.425071 95.018555
v 57.862431 -0.425071 96.678322
v 57.577824 -1.483073 95.030724
v 57.733280 -1.482990 96.686516
v 57.310856 -2.515062 95.055145
v 57.465717 -2.514822 96.702957
v 56.911640 -3.503102 95.090401
v 57.065586 -3.502682 96.726692
v 56.385990 -4.429256 95.135078
v 56.538761 -4.428684 96.756767
v 55.740452 -5.275459 95.187782
v 55.891758 -5.274818 96.792229
v 54.987583 -6.026514 95.247292
v 55.137119 -6.025903 96.832275
v 54.318760 -6.551239 95.299049
v 51.302036 -7.378817 87.780296
v 52.826160 -7.005016 90.710739
v 52.043125 -7.007401 87.634247
v 52.074070 -7.377118 90.822388
v 53.536121 -6.554122 90.604034
v 52.743046 -6.557108 87.494629
v 54.196171 -6.029816 90.503365
v 53.394047 -6.033239 87.362862
v 54.939503 -5.278933 90.387596
v 54.127567 -5.282549 87.211288
v 55.577198 -4.432376 90.285072
v 54.757160 -4.435651 87.077034
v 56.096500 -3.505433 90.198189
v 55.269901 -3.507920 86.963272
v 56.490894 -2.516436 90.129654
v 55.659321 -2.517951 86.873566
v 56.754612 -1.483591 90.082207
v 55.919727 -1.484213 86.811478
v 56.881901 -0.425102 90.058578
v 56.045414 -0.425170 86.780563
v 56.867374 0.640749 90.061310
v 56.031071 0.640888 86.784134
v 56.711857 1.695460 90.089981
v 55.877506 1.696241 86.821640
v 56.421070 2.720840 90.141914
v 55.590366 2.722548 86.889610
v 56.000889 3.698728 90.214386
v 55.175480 3.701392 86.984482
v 55.457188 4.610968 90.304665
v 54.638660 4.614355 87.102692
v 54.797092 5.439391 90.410065
v 53.986988 5.443016 87.240707
v 54.034290 6.169685 90.528267
v 53.234348 6.173033 87.395462
v 53.184162 6.791279 90.657166
v 52.396000 6.793987 87.564148
v 53.396427 -7.003311 93.804131
v 54.113621 -6.551987 93.731659
v 54.780170 -6.027370 93.663284
v 55.530552 -5.276359 93.584671
v 56.174061 -4.430060 93.515053
v 56.698048 -3.503698 93.456047
v 57.096027 -2.515408 93.409485
v 57.362141 -1.483197 93.377235
v 57.490589 -0.425075 93.361176
v 57.475941 0.640678 93.363029
v 57.319004 1.694955 93.382515
v 57.025578 2.719671 93.417809
v 56.601582 3.696863 93.467041
v 56.052967 4.608567 93.528358
v 55.386814 5.436808 93.599922
v 54.616718 6.167295 93.680199
v 53.758121 6.789341 93.767738
v 52.262028 7.293682 90.794632
v 51.487202 7.295559 87.743988
v 52.242405 6.177263 84.338272
v 51.418873 6.797411 84.544662
v 51.056614 6.182419 81.319580
v 51.780979 5.453223 81.096672
v 52.982273 5.447610 84.148827
v 50.345127 -7.380963 84.808952
v 51.072407 -7.010412 84.630394
v 49.201710 -7.383577 81.872665
v 49.912327 -7.014079 81.662964
v 47.880360 -7.386659 78.981476
v 50.391880 5.459835 78.094383
v 50.251011 6.801579 81.562241
v 50.526783 7.297928 84.764580
v 49.685673 6.188484 78.349518
v 48.824284 5.467375 75.152298
v 48.571476 -7.018395 78.742050
v 46.389942 -7.390199 76.145508
v 52.409107 4.623977 80.897621
v 53.623310 4.618672 83.979774
v 51.004810 4.630251 77.866348
v 49.419834 4.637413 74.896355
v 47.058887 -7.023339 75.877838
v 47.378147 6.812090 75.749084
v 45.691395 6.818373 72.938606
v 46.425373 6.203135 72.596176
v 47.663624 4.645390 71.997772
v 49.379154 7.300816 81.820572
v 48.901066 6.806482 78.626976
v 48.138828 6.195408 75.438354
v 47.087589 5.475773 72.280518
v 45.745686 4.654107 69.180740
v 52.926823 3.709099 80.727150
v 54.151508 3.704828 83.834999
v 51.510212 3.714196 77.671028
v 49.911106 3.720048 74.677078
v 48.139042 3.726586 71.755470
v 46.203541 3.733747 68.916374
v 53.326984 2.727663 80.590393
v 54.559727 2.724803 83.718834
v 51.900913 2.731137 77.514366
v 50.290974 2.735170 74.501221
v 48.506718 2.739715 71.561165
v 46.557713 2.744721 68.704369
v 53.603977 1.698755 80.492462
v 54.842274 1.697323 83.635628
v 52.171391 1.700554 77.402184
v 50.553989 1.702689 74.375313
v 48.761341 1.705135 71.422043
v 46.803059 1.707865 68.552589
v 53.752125 0.641460 80.438423
v 54.993397 0.641117 83.589714
v 52.316090 0.641929 77.340302
v 50.694721 0.642514 74.305862
v 48.897617 0.643210 71.345306
v 46.934391 0.644009 68.468872
v 53.765965 -0.425488 80.433281
v 55.007496 -0.425293 83.585342
v 52.329609 -0.425766 77.334412
v 50.707859 -0.426119 74.299248
v 48.910343 -0.426543 71.338005
v 46.946659 -0.427034 68.460899
v 53.644718 -1.486264 80.477806
v 54.883823 -1.485088 83.623177
v 52.211201 -1.487757 77.385399
v 50.592701 -1.489540 74.356461
v 48.798832 -1.491592 71.401215
v 46.839191 -1.493892 68.529861
v 53.393528 -2.522531 80.567261
v 54.627598 -2.519963 83.699188
v 51.965916 -2.525665 77.487854
v 50.354176 -2.529314 74.471466
v 48.567921 -2.533435 71.528267
v 46.616703 -2.537984 68.668472
v 53.017918 -3.515149 80.696564
v 54.244419 -3.511137 83.809021
v 51.599171 -3.519950 77.635979
v 49.997608 -3.525470 74.637726
v 48.222767 -3.531644 71.711975
v 46.284214 -3.538411 68.868896
v 52.523396 -4.444980 80.860611
v 53.739902 -4.439833 83.948349
v 51.116383 -4.451076 77.823929
v 49.528278 -4.458038 74.848732
v 47.768574 -4.465795 71.945145
v 45.846760 -4.474273 69.123306
v 51.916431 -5.292743 81.054253
v 53.120533 -5.287135 84.112793
v 50.524006 -5.299353 78.045792
v 48.952625 -5.306889 75.097778
v 47.211689 -5.315283 72.220306
v 45.310642 -5.324465 69.423492
v 51.210255 -6.042849 81.272629
v 52.399372 -6.037569 84.298370
v 49.835423 -6.049061 78.295792
v 48.284138 -6.056148 75.378143
v 46.565708 -6.064054 72.529755
v 44.689457 -6.072724 69.760696
v 45.191227 5.484964 69.489151
v 44.554585 6.211617 69.833038
v 46.556828 7.308119 76.079079
v 48.052860 7.304216 78.922028
v 55.983356 -5.274435 98.396729
v 56.631245 -4.428343 98.378830
v 57.158772 -3.502432 98.363647
v 57.559452 -2.514682 98.351662
v 57.827381 -1.482944 98.343361
v 57.956715 -0.425072 98.339226
v 57.941959 0.640652 98.339699
v 57.783955 1.694622 98.344719
v 57.488529 2.718840 98.353806
v 57.061665 3.695497 98.366478
v 56.509342 4.606784 98.382248
v 55.838627 5.434875 98.400650
v 55.063023 6.165501 98.421288
v 54.198017 6.787886 98.443794
v 55.227650 -6.025537 98.416946
v 54.556202 -6.550384 98.434517
v 54.466648 -6.550704 96.867104
v 53.745090 -7.002287 96.904015
v 53.599018 -7.002714 95.353905
v 45.383656 -7.028884 73.080322
v 51.759724 -6.560881 84.459610
v 50.584385 -6.565477 81.462257
v 49.225666 -6.570883 78.512680
v 47.692768 -6.577059 75.621124
v 45.994877 -6.583966 72.797638
v 44.114140 3.741463 66.169952
v 43.675510 4.663491 66.455399
v 44.453556 2.750144 65.941040
v 44.688725 1.710853 65.777153
v 44.814640 0.644901 65.686760
v 44.826405 -0.427588 65.678162
v 44.723377 -1.496415 65.752609
v 44.510105 -2.542917 65.902267
v 44.191456 -3.545707 66.118668
v 43.772343 -4.483398 66.393379
v -46.682308 -6.063457 72.712746
v -47.196651 -7.022664 76.123215
v -45.497616 -7.028284 73.259956
v -48.425137 -6.055443 75.628159
v -48.698849 -7.017760 79.001129
v -49.965725 -6.048409 78.559875
v -50.027523 -7.013487 81.935165
v -51.328030 -6.042260 81.550217
v -51.173550 -7.009869 84.915062
v -52.502712 -6.037049 84.588806
v -47.329800 -5.314686 72.405167
v -45.396450 -5.324022 69.543427
v -49.095394 -5.306176 75.350388
v -50.655941 -5.298696 78.312675
v -52.035641 -5.292152 81.334824
v -53.225124 -5.286618 84.406441
v -44.895748 -4.478476 67.835754
v -44.370022 -5.328977 68.147232
v -45.933498 -4.473906 69.244324
v -47.887936 -4.465285 72.131683
v -49.672543 -4.457421 75.103668
v -51.249660 -4.450511 78.093307
v -52.643826 -4.444477 81.143852
v -53.845547 -4.439399 84.244843
v -45.324825 -3.541825 67.571754
v -44.238888 -3.545608 66.178146
v -46.371670 -3.538173 68.990829
v -48.343136 -3.531293 71.899933
v -50.143093 -3.525034 74.894630
v -51.733547 -3.519559 77.907463
v -53.139309 -3.514809 80.982063
v -54.350887 -3.510854 84.107933
v -43.426632 -2.545578 64.587418
v -43.115200 -3.549513 64.811356
v -44.557858 -2.542928 65.962082
v -45.650967 -2.540368 67.363770
v -46.704739 -2.537902 68.791115
v -48.689053 -2.533278 71.717346
v -50.500576 -2.529104 74.729912
v -52.101131 -2.525487 77.761002
v -53.515682 -2.522390 80.854538
v -54.734707 -2.519862 83.999992
v -43.635128 -1.497906 64.432541
v -44.771358 -1.496539 65.812660
v -45.869259 -1.495227 67.219925
v -46.927608 -1.493969 68.652992
v -48.920498 -1.491634 71.591057
v -50.739742 -1.489558 74.615982
v -52.346981 -1.487793 77.659683
v -53.767361 -1.486321 80.766304
v -54.991360 -1.485168 83.925293
v -43.735867 -0.428120 64.355499
v -44.874508 -0.427814 65.738312
v -45.974728 -0.427526 67.148361
v -47.035275 -0.427251 68.584267
v -49.032284 -0.426752 71.528221
v -50.855221 -0.426324 74.559280
v -52.465694 -0.425976 77.609253
v -53.888882 -0.425705 80.722389
v -55.115292 -0.425514 83.888107
v -43.724392 0.645076 64.364380
v -44.862728 0.644587 65.746887
v -45.962704 0.644121 67.156609
v -47.023037 0.643679 68.592186
v -49.019527 0.642870 71.535461
v -50.842068 0.642168 74.565811
v -52.452175 0.641590 77.615067
v -53.875057 0.641130 80.727448
v -55.101192 0.640797 83.892387
v -43.601315 1.712053 64.457886
v -44.736752 1.710441 65.837112
v -45.833889 1.708887 67.243454
v -46.891506 1.707398 68.675583
v -48.883022 1.704627 71.611710
v -50.701015 1.702153 74.634605
v -52.307186 1.700040 77.676239
v -53.726650 1.698266 80.780724
v -54.949856 1.696859 83.937500
v -43.371487 2.752547 64.627449
v -44.501400 2.749638 66.000702
v -45.593258 2.746824 67.400940
v -46.645809 2.744113 68.826797
v -48.627865 2.739024 71.749962
v -50.437374 2.734422 74.759323
v -52.036160 2.730425 77.787148
v -53.449184 2.726992 80.877304
v -54.666897 2.724175 84.019257
v -48.967037 5.466273 75.404274
v -51.138119 4.629234 78.135139
v -49.564083 4.636342 75.150726
v -50.523830 5.458791 78.360596
v -52.529598 4.623023 81.180267
v -51.900265 5.452245 81.376564
v -53.729031 4.617789 84.275650
v -53.086971 5.446705 84.441765
v -48.279781 6.194384 75.687683
v -49.815975 6.187513 78.612869
v -51.174435 6.181509 81.596405
v -52.345852 6.176420 84.627930
v -47.516994 6.811226 75.995560
v -49.029476 6.805660 78.887260
v -50.367123 6.800806 81.835754
v -51.520870 6.796692 84.830765
v -46.693295 7.307467 76.322571
v -48.179073 7.303595 79.179070
v -49.493343 7.300228 82.090576
v -50.627102 7.297380 85.046906
v -52.481899 6.793331 87.862076
v -51.571712 7.295052 88.037865
v -53.233669 6.790751 90.882202
v -54.084438 6.169079 90.756279
v -53.321438 6.172266 87.697197
v -54.639706 6.166803 93.832848
v -52.310818 7.293266 91.016510
v -53.780849 6.788906 93.918335
v -54.978939 6.165440 96.917297
v -54.847775 5.438745 90.640800
v -54.075100 5.442195 87.545944
v -55.409969 5.436288 93.754463
v -55.753384 5.434818 96.877380
v -54.115231 6.787800 96.960815
v -55.508327 4.610332 90.537834
v -54.727596 4.613554 87.411057
v -56.076290 4.608051 93.684578
v -56.423183 4.606694 96.841797
v -56.052364 3.698151 90.449646
v -55.265102 3.700682 87.295532
v -56.624996 3.696381 93.624702
v -56.974728 3.695341 96.811295
v -56.472775 2.720350 90.378845
v -55.680477 2.721970 87.202820
v -57.049068 2.719244 93.576630
v -57.400967 2.718611 96.786804
v -56.763729 1.695069 90.328110
v -55.967953 1.695806 87.136391
v -57.342525 1.694593 93.542168
v -57.695950 1.694339 96.769241
v -56.919338 0.640448 90.300110
v -56.121670 0.640576 87.099739
v -57.499477 0.640384 93.523140
v -57.853695 0.640362 96.759537
v -56.933834 -0.425334 90.297447
v -56.136013 -0.425397 87.096260
v -57.514095 -0.425310 93.521332
v -57.868404 -0.425307 96.758614
v -56.806423 -1.483729 90.320541
v -56.010128 -1.484315 87.126480
v -57.385586 -1.483359 93.537025
v -57.739223 -1.483166 96.766617
v -56.542477 -2.516459 90.366898
v -55.749355 -2.517895 87.187172
v -57.119350 -2.515486 93.568520
v -57.471615 -2.514933 96.782669
v -56.147793 -3.505338 90.433861
v -55.359402 -3.507700 87.274857
v -56.721249 -3.503692 93.613991
v -57.071468 -3.502728 96.805840
v -55.628109 -4.432182 90.518745
v -54.845974 -4.435297 87.386047
v -56.197109 -4.429981 93.671616
v -56.544613 -4.428674 96.835197
v -54.989956 -5.278675 90.618904
v -54.215542 -5.282116 87.517258
v -55.553432 -5.276227 93.739601
v -55.897579 -5.274764 96.869812
v -54.246059 -6.029538 90.732010
v -53.480984 -6.032798 87.665405
v -54.802792 -6.027212 93.816376
v -55.142941 -6.025817 96.908905
v -47.205715 5.474788 72.464867
v -47.782986 4.644428 72.183868
v -46.541988 6.202217 72.778610
v -45.806271 6.817595 73.118996
v -45.277126 5.484134 69.608688
v -45.832485 4.653293 69.301407
v -44.639400 6.210840 69.951347
v -44.253262 5.489096 68.215172
v -44.796871 4.657991 67.895218
v -43.722683 4.662856 66.514175
v -54.258053 3.704050 84.133392
v -53.048275 3.708260 81.012154
v -51.644619 3.713304 77.942032
v -50.056576 3.719108 74.933517
v -48.259426 3.725735 71.943062
v -46.291073 3.733014 69.038010
v -45.245876 3.736876 67.620903
v -44.161709 3.740876 66.229210
v -43.819363 -4.483206 66.452408
v -44.774197 -6.072272 69.879433
v -52.128292 -7.006911 87.930634
v -52.875179 -7.004641 90.934578
v -53.418880 -7.003017 93.953896
v -53.751095 -7.002043 96.978920
v 49.999729 10.000002 99.848289
v 49.927525 10.000002 97.642143
v 49.998905 10.000002 99.696709
v 49.933338 10.000002 97.641815
v 49.831715 10.000002 96.251808
v 49.713139 10.000002 95.275955
v 49.732609 10.000002 95.273758
v 49.361423 10.000002 92.906891
v 49.392887 10.000002 92.871033
v 48.876957 10.000002 90.540405
v 48.700596 10.000002 89.550087
v 48.264332 10.000002 88.181953
v 47.772984 10.000002 86.284698
v 47.528095 10.000002 85.836998
v 46.628223 10.000002 83.070572
v 46.672840 10.000002 83.510986
v 45.703159 10.000002 81.209366
v 45.284473 10.000002 79.903412
v 44.623600 10.000002 78.937607
v 43.759892 10.000002 76.778946
v 43.438755 10.000002 76.701157
v 42.153202 10.000002 74.505478
v 42.072666 10.000002 73.692879
v 40.771549 10.000002 72.356018
v 40.240910 10.000002 70.640930
v 39.298313 10.000002 70.258224
v 38.282810 10.000002 67.618797
v 37.738102 10.000002 68.217575
v 36.095493 10.000002 66.239502
v 34.060276 10.000002 61.646866
v 34.375095 10.000002 64.329475
v 32.581425 10.000002 62.492943
v 30.719088 10.000002 60.735363
v 29.550295 10.000002 55.742786
v 28.792665 10.000002 59.062187
v 26.806765 10.000002 57.478874
v 24.765902 10.000002 55.990879
v 24.898195 10.000002 49.872261
v 22.674685 10.000002 54.603657
v 20.537691 10.000002 53.322659
v 18.359529 10.000002 52.153343
v 20.249239 10.000002 44.000984
v 16.144716 10.000002 51.101166
v 13.897860 10.000002 50.171581
v 11.623537 10.000002 49.370045
v 15.748751 10.000002 38.094666
v 9.326326 10.000002 48.702011
v 7.010805 10.000002 48.172935
v 11.542024 10.000002 32.118996
v 4.681551 10.000002 47.788269
v 2.343142 10.000002 47.553474
v 0.000155 10.000002 47.474003
v 9.594239 10.000002 29.094444
v -49.927517 10.000002 97.642143
v -49.999722 10.000002 99.848289
v -49.998898 10.000002 99.696716
v -49.933315 10.000002 97.641815
v -49.831692 10.000002 96.251816
v -49.713131 10.000002 95.275955
v -49.732601 10.000002 95.273758
v -49.361416 10.000002 92.906891
v -49.392879 10.000002 92.871033
v -48.876949 10.000002 90.540413
v -48.700588 10.000002 89.550095
v -48.264309 10.000002 88.181969
v -47.772976 10.000002 86.284698
v -47.528072 10.000002 85.837013
v -46.628201 10.000002 83.070572
v -46.672787 10.000002 83.511002
v -45.703091 10.000002 81.209389
v -45.284481 10.000002 79.903419
v -44.623531 10.000002 78.937637
v -43.759884 10.000002 76.778954
v -43.438686 10.000002 76.701195
v -42.153133 10.000002 74.505516
v -42.072659 10.000002 73.692886
v -40.771420 10.000002 72.356056
v -40.240902 10.000002 70.640930
v -39.298183 10.000002 70.258278
v -38.282803 10.000002 67.618805
v -37.737972 10.000002 68.217621
v -36.095364 10.000002 66.239563
v -34.060268 10.000002 61.646870
v -34.374905 10.000002 64.329536
v -32.581234 10.000002 62.493008
v -30.718901 10.000002 60.735428
v -29.550291 10.000002 55.742790
v -28.792479 10.000002 59.062256
v -26.806517 10.000002 57.478947
v -24.765654 10.000002 55.990952
v -24.898191 10.000002 49.872261
v -22.674437 10.000002 54.603725
v -20.537443 10.000002 53.322727
v -18.359221 10.000002 52.153412
v -20.249235 10.000002 44.000988
v -16.144407 10.000002 51.101231
v -13.897551 10.000002 50.171642
v -11.623228 10.000002 49.370098
v -15.748777 10.000002 38.094666
v -9.326017 10.000002 48.702057
v -7.010496 10.000002 48.172970
v -11.542022 10.000002 32.118996
v -4.681242 10.000002 47.788296
v -2.342832 10.000002 47.553490
v -9.594237 10.000002 29.094444
v -0.142670 10.000002 3.450691
v 0.142670 10.000002 3.450691
v 0.558533 10.000002 6.836884
v -0.558532 10.000002 6.836884
v 1.229493 10.000002 10.162872
v -1.229492 10.000002 10.162872
v 2.137330 10.000002 13.432930
v -2.137329 10.000002 13.432930
v 3.263886 10.000002 16.651352
v -3.263885 10.000002 16.651352
v 4.591004 10.000002 19.822426
v -4.591002 10.000002 19.822433
v 6.100556 10.000002 22.950447
v -6.100554 10.000002 22.950447
v 7.774354 10.000002 26.039688
v -7.774352 10.000002 26.039688
v -49.999722 -9.999999 99.848289
v -49.927517 -9.999999 97.642143
v -49.998898 -9.999999 99.696716
v -49.933315 -9.999999 97.641815
v -49.831692 -9.999999 96.251816
v -49.713131 -9.999999 95.275955
v -49.732601 -9.999999 95.273758
v -49.361416 -9.999999 92.906891
v -49.392879 -9.999999 92.871033
v -48.876949 -9.999999 90.540413
v -48.700588 -9.999999 89.550095
v -48.264309 -9.999999 88.181969
v -47.772976 -9.999999 86.284698
v -47.528072 -9.999999 85.837013
v -46.628201 -9.999999 83.070572
v -46.672787 -9.999999 83.511002
v -45.703091 -9.999999 81.209389
v -45.284481 -9.999999 79.903419
v -44.623531 -9.999999 78.937637
v -43.759884 -9.999999 76.778954
v -43.438686 -9.999999 76.701195
v -42.153133 -9.999999 74.505516
v -42.072659 -9.999999 73.692886
v -40.771420 -9.999999 72.356056
v -40.240902 -9.999999 70.640930
v -39.298183 -9.999999 70.258278
v -38.282803 -9.999999 67.618805
v -37.737972 -9.999999 68.217621
v -36.095364 -9.999999 66.239563
v -34.060268 -9.999999 61.646870
v -34.374905 -9.999999 64.329536
v -32.581234 -9.999999 62.493008
v -30.718901 -9.999999 60.735428
v -29.550291 -9.999999 55.742790
v -28.792479 -9.999999 59.062256
v -26.806517 -9.999999 57.478947
v -24.765654 -9.999999 55.990952
v -24.898191 -9.999999 49.872261
v -22.674437 -9.999999 54.603725
v -20.537443 -9.999999 53.322727
v -18.359221 -9.999999 52.153412
v -20.249235 -9.999999 44.000988
v -16.144407 -9.999999 51.101231
v -13.897551 -9.999999 50.171642
v -11.623228 -9.999999 49.370098
v -15.748777 -9.999999 38.094666
v -9.326017 -9.999999 48.702057
v -7.010496 -9.999999 48.172970
v -11.542022 -9.999999 32.118996
v -4.681242 -9.999999 47.788296
v -2.342832 -9.999999 47.553490
v 0.000155 -9.999999 47.474003
v -9.594237 -9.999999 29.094444
v -7.774352 -9.999999 26.039688
v 9.594239 -9.999999 29.094437
v 7.774354 -9.999999 26.039688
v -6.100554 -9.999999 22.950447
v 6.100556 -9.999999 22.950447
v -4.591002 -9.999999 19.822433
v 4.591004 -9.999999 19.822426
v -3.263885 -9.999999 16.651352
v 3.263886 -9.999999 16.651352
v -2.137329 -9.999999 13.432930
v 2.137330 -9.999999 13.432930
v -1.229492 -9.999999 10.162872
v 1.229493 -9.999999 10.162865
v -0.558532 -9.999999 6.836884
v 0.558533 -9.999999 6.836884
v -0.142670 -9.999999 3.450691
v 0.142670 -9.999999 3.450691
v 11.542024 -9.999999 32.118996
v 2.343142 -9.999999 47.553474
v 4.681551 -9.999999 47.788269
v 7.010805 -9.999999 48.172935
v 15.748751 -9.999999 38.094662
v 9.326326 -9.999999 48.702011
v 11.623537 -9.999999 49.370045
v 20.249239 -9.999999 44.000984
v 13.897860 -9.999999 50.171581
v 16.144716 -9.999999 51.101166
v 18.359529 -9.999999 52.153343
v 24.898195 -9.999999 49.872257
v 20.537691 -9.999999 53.322659
v 22.674685 -9.999999 54.603657
v 24.765902 -9.999999 55.990879
v 29.550295 -9.999999 55.742786
v 26.806765 -9.999999 57.478874
v 28.792665 -9.999999 59.062187
v 30.719088 -9.999999 60.735363
v 34.060276 -9.999999 61.646866
v 32.581425 -9.999999 62.492943
v 34.375095 -9.999999 64.329475
v 36.095493 -9.999999 66.239502
v 38.282810 -9.999999 67.618797
v 37.738102 -9.999999 68.217575
v 39.298313 -9.999999 70.258224
v 40.240910 -9.999999 70.640930
v 40.771549 -9.999999 72.356018
v 42.072666 -9.999999 73.692879
v 42.153202 -9.999999 74.505478
v 43.759892 -9.999999 76.778946
v 43.438755 -9.999999 76.701157
v 44.623600 -9.999999 78.937607
v 45.284473 -9.999999 79.903412
v 45.703159 -9.999999 81.209366
v 46.628223 -9.999999 83.070572
v 46.672840 -9.999999 83.510986
v 47.528095 -9.999999 85.836998
v 47.772984 -9.999999 86.284698
v 48.264332 -9.999999 88.181953
v 48.700596 -9.999999 89.550087
v 48.876957 -9.999999 90.540405
v 49.392887 -9.999999 92.871025
v 49.361423 -9.999999 92.906891
v 49.732609 -9.999999 95.273758
v 49.713139 -9.999999 95.275955
v 49.831715 -9.999999 96.251808
v 49.927525 -9.999999 97.642143
v 49.933338 -9.999999 97.641815
v 49.998905 -9.999999 99.696709
v 49.999729 -9.999999 99.848289
v -49.999905 -9.999999 99.859642
v -49.999905 10.000002 99.859642
v 49.999912 10.000002 99.859642
v 50.330585 9.674227 86.372475
v 49.421391 9.674227 83.757782
v 48.479252 9.976633 86.372475
v 47.570072 9.976633 83.757782
v 45.449619 9.032021 72.136192
v 43.453342 9.032021 68.949150
v 43.687199 9.674227 72.136192
v 41.690922 9.674227 68.949150
v 36.223881 -7.729900 56.164566
v 35.435551 -8.314335 56.164566
v 32.455662 -7.729900 51.395477
v 31.667330 -8.314335 51.395477
v 30.825716 -8.819058 51.395477
v 34.593967 -8.819058 56.164566
v 27.876284 -8.314335 46.631767
v 28.664614 -7.729900 46.631767
v 33.182926 -7.071065 51.395477
v 36.951176 -7.071065 56.164566
v 29.391909 -7.071065 46.631767
v 24.928591 -7.729900 41.855076
v 25.655855 -7.071065 41.855076
v 29.938692 -9.238770 51.395477
v 33.706944 -9.238770 56.164566
v 27.034700 -8.819058 46.631767
v 24.140261 -8.314335 41.855076
v 22.052614 -7.071065 37.047035
v 21.325350 -7.729900 37.047035
v 34.426090 -5.555380 51.395477
v 38.194340 -5.555380 56.164566
v 30.635073 -5.555380 46.631767
v 26.899019 -5.555380 41.855076
v 23.295778 -5.555380 37.047035
v 18.659975 -7.071065 32.189285
v 19.903109 -5.555380 32.189285
v 28.062716 -9.807590 51.395477
v 31.830935 -9.807590 56.164566
v 26.147676 -9.238770 46.631767
v 23.298677 -8.819058 41.855076
v 20.537020 -8.314335 37.047035
v 17.932680 -7.729900 32.189285
v 15.555665 -7.071065 27.263458
v 16.798830 -5.555380 27.263458
v 35.350651 -3.826830 51.395477
v 39.118870 -3.826830 56.164566
v 31.559603 -3.826830 46.631767
v 27.823580 -3.826830 41.855076
v 24.220339 -3.826830 37.047035
v 20.827669 -3.826830 32.189285
v 17.723391 -3.826830 27.263458
v 14.981904 -5.555380 24.034073
v 15.906465 -3.826830 24.034073
v 24.271669 -9.807590 46.631767
v 22.411623 -9.238770 41.855076
v 19.695436 -8.819058 37.047035
v 17.144350 -8.314335 32.189285
v 14.828401 -7.729900 27.263458
v 13.738740 -7.071065 24.034073
v 13.339051 -5.555380 20.763603
v 14.263612 -3.826830 20.763603
v 35.919010 -1.950759 51.395477
v 39.687260 -1.950759 56.164566
v 32.127995 -1.950759 46.631767
v 28.391970 -1.950759 41.855076
v 24.788729 -1.950759 37.047035
v 21.396059 -1.950759 32.189285
v 18.291750 -1.950759 27.263458
v 16.474825 -1.950759 24.034073
v 14.831971 -1.950759 20.763603
v 12.815827 -3.826830 17.447075
v 13.384187 -1.950759 17.447075
v 20.535646 -9.807590 41.855076
v 18.808382 -9.238770 37.047035
v 16.302767 -8.819058 32.189285
v 14.040040 -8.314335 27.263458
v 13.011476 -7.729900 24.034073
v 12.095887 -7.071065 20.763603
v 11.891267 -5.555380 17.447075
v 11.584138 -3.826830 14.079535
v 12.152528 -1.950759 14.079535
v 36.111851 0.000001 51.395477
v 39.880100 0.000001 56.164566
v 32.320835 0.000001 46.631767
v 28.584810 0.000001 41.855076
v 24.981569 0.000001 37.047035
v 21.588900 0.000001 32.189285
v 18.484591 0.000001 27.263458
v 16.667696 0.000001 24.034073
v 15.024812 0.000001 20.763603
v 13.577027 0.000001 17.447075
v 12.345368 0.000001 14.079535
v 11.157959 -1.950759 10.656020
v 11.350800 0.000001 10.656020
v 16.932405 -9.807590 37.047035
v 15.415711 -9.238770 32.189285
v 13.198457 -8.819058 27.263458
v 12.223145 -8.314335 24.034073
v 11.368623 -7.729900 20.763603
v 10.648103 -7.071065 17.447075
v 10.659577 -5.555380 14.079536
v 10.589569 -3.826830 10.656021
v 10.421509 -1.950759 7.171569
v 10.614380 0.000001 7.171569
v 39.703892 1.867573 56.164566
v 43.371555 1.867573 60.957397
v 43.547764 0.000001 60.957397
v 35.935642 1.867573 51.395477
v 32.144627 1.867573 46.631767
v 28.408602 1.867573 41.855076
v 24.805330 1.867573 37.047035
v 21.412691 1.867573 32.189285
v 18.308382 1.867573 27.263458
v 16.491457 1.867573 24.034073
v 14.848603 1.867573 20.763603
v 13.400819 1.867573 17.447075
v 12.169129 1.867573 14.079535
v 11.174591 1.867573 10.656020
v 10.438141 1.867573 7.171569
v 9.980865 1.867573 3.621215
v 10.157104 0.000001 3.621215
v 39.182438 3.669476 56.164566
v 42.850071 3.669476 60.957397
v 35.414188 3.669476 51.395477
v 31.623171 3.669476 46.631767
v 27.887117 3.669476 41.855076
v 24.283876 3.669476 37.047035
v 20.891207 3.669476 32.189285
v 17.786928 3.669476 27.263458
v 15.970002 3.669476 24.034073
v 14.327149 3.669476 20.763603
v 12.879365 3.669476 17.447075
v 11.647676 3.669476 14.079535
v 10.653107 3.669476 10.656021
v 9.916687 3.669476 7.171569
v 9.459412 3.669476 3.621215
v 54.197453 9.032021 97.191788
v 53.858402 9.059832 94.401970
v 52.435047 9.674227 97.192284
v 12.267091 9.976633 32.189285
v 15.659761 9.976633 37.047035
v 14.118440 9.674227 32.189285
v 17.511080 9.674227 37.047035
v 9.162812 9.976633 27.263458
v 11.014131 9.674227 27.263458
v 7.345887 9.976633 24.034073
v 9.197206 9.674227 24.034073
v 5.703034 9.976633 20.763603
v 7.554353 9.674227 20.763603
v 4.255250 9.976633 17.447075
v 6.106568 9.674227 17.447075
v 3.023560 9.976633 14.079536
v 4.874878 9.674227 14.079536
v 2.028992 9.976633 10.656021
v 3.880311 9.674227 10.656021
v 1.292572 9.976633 7.171570
v 3.143891 9.674227 7.171570
v 0.835297 9.976633 3.621216
v 2.686615 9.674227 3.621216
v 21.114321 9.674227 41.855076
v 19.273531 9.032021 37.047035
v 22.876772 9.032021 41.855076
v 15.880860 9.032021 32.189285
v 12.776551 9.032021 27.263458
v 10.959657 9.032021 24.034073
v 9.316773 9.032021 20.763603
v 7.868989 9.032021 17.447075
v 6.637330 9.032021 14.079536
v 5.642762 9.032021 10.656021
v 4.906342 9.032021 7.171570
v 4.449066 9.032021 3.621216
v 26.612795 9.032021 46.631767
v 24.488100 8.071524 41.855076
v 28.224123 8.071524 46.631767
v 20.884859 8.071524 37.047035
v 17.492189 8.071524 32.189285
v 14.387879 8.071524 27.263458
v 12.570985 8.071524 24.034073
v 10.928102 8.071524 20.763603
v 9.480348 8.071524 17.447075
v 8.248658 8.071524 14.079536
v 7.254090 8.071524 10.656021
v 6.517670 8.071524 7.171569
v 6.060394 8.071524 3.621216
v 32.015171 8.071524 51.395477
v 29.627718 6.827015 46.631767
v 33.418766 6.827015 51.395477
v 25.891695 6.827015 41.855076
v 22.288454 6.827015 37.047035
v 18.895784 6.827015 32.189285
v 15.791474 6.827015 27.263458
v 13.974580 6.827015 24.034073
v 12.331697 6.827015 20.763603
v 10.883943 6.827015 17.447075
v 9.652253 6.827015 14.079536
v 8.657684 6.827015 10.656021
v 7.921265 6.827015 7.171569
v 7.463989 6.827015 3.621216
v 37.186985 6.827015 56.164566
v 34.565098 5.342185 51.395477
v 38.333317 5.342185 56.164566
v 30.774050 5.342185 46.631767
v 27.038027 5.342185 41.855076
v 23.434786 5.342185 37.047035
v 20.042116 5.342185 32.189285
v 16.937838 5.342185 27.263458
v 15.120912 5.342185 24.034073
v 13.478059 5.342185 20.763603
v 12.030274 5.342185 17.447075
v 10.798585 5.342185 14.079536
v 9.804016 5.342185 10.656021
v 9.067596 5.342185 7.171569
v 8.610321 5.342185 3.621215
v 2.107941 -9.807590 3.621216
v 3.983917 -9.238770 3.621216
v 2.565216 -9.807590 7.171570
v 4.870972 -8.819058 3.621216
v 4.441193 -9.238770 7.171570
v 3.301636 -9.807590 10.656021
v 5.712555 -8.314335 3.621216
v 5.328248 -8.819058 7.171570
v 5.177613 -9.238770 10.656021
v 4.296204 -9.807590 14.079536
v 6.500885 -7.729900 3.621216
v 6.169831 -8.314335 7.171569
v 6.064667 -8.819058 10.656021
v 6.172181 -9.238770 14.079536
v 5.527894 -9.807590 17.447075
v 7.228149 -7.071065 3.621216
v 6.958161 -7.729900 7.171569
v 6.906250 -8.314335 10.656021
v 7.059235 -8.819058 14.079536
v 7.403871 -9.238770 17.447075
v 6.975648 -9.807590 20.763603
v 8.471313 -5.555380 3.621215
v 7.685425 -7.071065 7.171569
v 7.694581 -7.729900 10.656021
v 7.900818 -8.314335 14.079536
v 8.290895 -8.819058 17.447075
v 8.851655 -9.238770 20.763603
v 8.618531 -9.807590 24.034073
v 9.395874 -3.826830 3.621215
v 8.928589 -5.555380 7.171569
v 8.421844 -7.071065 10.656021
v 8.689149 -7.729900 14.079536
v 9.132508 -8.314335 17.447075
v 9.738679 -8.819058 20.763603
v 10.494508 -9.238770 24.034073
v 10.435426 -9.807590 27.263458
v 9.964264 -1.950759 3.621215
v 9.853149 -3.826830 7.171569
v 9.665009 -5.555380 10.656021
v 9.416413 -7.071065 14.079536
v 9.920838 -7.729900 17.447075
v 10.580293 -8.314335 20.763603
v 11.381562 -8.819058 24.034073
v 12.311433 -9.238770 27.263458
v 13.539735 -9.807590 32.189285
v 35.498600 -9.807590 60.957397
v 38.987888 -9.807590 65.792343
v 40.863865 -9.238770 65.792343
v 37.374577 -9.238770 60.957397
v 41.112247 -9.807590 68.949150
v 41.750919 -8.819058 65.792343
v 38.261631 -8.819058 60.957397
v 42.988224 -9.238770 68.949150
v 43.108494 -9.807590 72.136192
v 42.592503 -8.314335 65.792343
v 39.103214 -8.314335 60.957397
v 43.875248 -8.819058 68.949150
v 44.716846 -8.314335 68.949150
v 44.984486 -9.238770 72.136192
v 44.955662 -9.807590 75.358437
v 46.831654 -9.238770 75.358437
v 50.517582 -9.807590 89.021042
v 51.130054 -9.807590 91.705788
v 51.579563 -9.807590 94.428993
v 53.732395 -9.238770 97.192970
v 51.856403 -9.807590 97.192970
v 54.642445 -8.791369 96.791756
v 55.441608 -8.388222 99.548744
v 54.619434 -8.819058 97.192970
v 53.455555 -9.238770 94.428993
v 53.738132 -9.093184 94.053505
v 51.717716 -9.455662 88.628853
v 49.751896 -9.807590 86.372475
v 49.533161 -9.567717 83.055168
v 48.842701 -9.807590 83.757782
v 47.799732 -9.807590 81.174667
v 48.495502 -9.527588 80.286896
v 46.632710 -9.807590 78.620842
v 47.541935 -9.404695 77.528229
v 45.973713 -8.708810 71.971710
v 46.693455 -9.155910 74.752396
v 45.871525 -8.819058 72.136192
v 49.999912 -9.999999 99.859642
v 45.394901 -7.964011 69.235565
v 43.380833 -7.729900 65.792343
v 39.891544 -7.729900 60.957397
v 45.154896 -7.443281 67.909088
v 44.108112 -7.071065 65.792343
v 40.618809 -7.071065 60.957397
v 44.942921 -6.805017 66.632332
v 44.759632 -6.066667 65.467255
v 41.861973 -5.555380 60.957397
v 44.606907 -5.276966 64.476730
v 44.478123 -4.454970 63.653866
v 42.786533 -3.826830 60.957397
v 44.366993 -3.610475 62.984982
v 44.272709 -2.744448 62.457302
v 43.354923 -1.950759 60.957397
v 44.197529 -1.868637 62.071556
v 44.144016 -0.961560 61.823009
v 44.328312 3.277661 62.764290
v 44.441410 4.191875 63.427822
v 44.235615 2.343444 62.262760
v 44.167774 1.419063 61.929161
v 44.132252 0.623281 61.769932
v 44.122425 0.000001 61.730885
v 42.000980 5.342185 60.957397
v 44.573048 5.074853 64.256470
v 45.064686 8.071524 68.949150
v 45.373905 7.925047 69.124229
v 45.130054 7.378460 67.764580
v 45.651203 8.360357 70.518417
v 45.964695 8.700777 71.933449
v 46.703526 9.160049 74.789162
v 41.835850 9.976633 72.136192
v 39.839603 9.976633 68.949150
v 45.534351 9.674227 75.358437
v 47.579807 9.412029 77.643288
v 43.683018 9.976633 75.358437
v 47.211399 9.674227 78.620842
v 48.567951 9.532894 80.484665
v 45.360065 9.976633 78.620842
v 48.378422 9.674227 81.174667
v 49.650852 9.567381 83.359695
v 46.527088 9.976633 81.174667
v 51.804417 9.445940 88.852249
v 51.096287 9.674227 89.021042
v 54.765659 8.739584 97.191605
v 50.583744 9.976633 97.192787
v 50.306370 9.976633 94.424797
v 49.857410 9.976633 91.705788
v 52.156147 9.674227 94.413185
v 51.708744 9.674227 91.705788
v 49.244953 9.976633 89.021042
v 37.715244 9.976633 65.792343
v 34.225956 9.976633 60.957397
v 36.077274 9.674227 60.957397
v 39.566563 9.674227 65.792343
v 30.558290 9.976633 56.164566
v 37.839725 9.032021 60.957397
v 41.329014 9.032021 65.792343
v 32.409641 9.674227 56.164566
v 26.790071 9.976633 51.395477
v 39.451054 8.071524 60.957397
v 42.940342 8.071524 65.792343
v 34.172062 9.032021 56.164566
v 28.641390 9.674227 51.395477
v 22.999025 9.976633 46.631767
v 44.343922 6.827015 65.792343
v 44.915379 6.706219 66.459778
v 44.728672 5.919467 65.264801
v 40.854649 6.827015 60.957397
v 35.783390 8.071524 56.164566
v 30.403811 9.032021 51.395477
v 24.850374 9.674227 46.631767
v 19.263002 9.976633 41.855076
v -44.955654 -9.807590 75.358437
v -44.985073 -9.238770 72.137184
v -43.108791 -9.807590 72.136688
v -42.988216 -9.238770 68.949150
v -43.875240 -8.819058 68.949150
v -45.872280 -8.819058 72.137428
v -10.614380 0.000001 7.171570
v -10.157104 0.000001 3.621216
v -10.421509 -1.950759 7.171570
v -9.964264 -1.950759 3.621216
v -11.350800 0.000001 10.656022
v -11.174591 1.867573 10.656022
v -10.438141 1.867573 7.171570
v -12.169127 1.867573 14.079537
v -11.647674 3.669476 14.079537
v -10.653107 3.669476 10.656021
v -12.879363 3.669476 17.447075
v -12.030272 5.342185 17.447075
v -10.798583 5.342185 14.079536
v -13.478057 5.342185 20.763603
v -12.331695 6.827015 20.763603
v -10.883941 6.827015 17.447075
v -13.974578 6.827015 24.034073
v -12.570983 8.071524 24.034073
v -10.928100 8.071524 20.763603
v -14.387877 8.071524 27.263458
v -12.776549 9.032021 27.263458
v -10.959655 9.032021 24.034073
v -15.880858 9.032021 32.189285
v -14.118438 9.674227 32.189285
v -11.014129 9.674227 27.263458
v -17.511076 9.674227 37.047035
v -15.659758 9.976633 37.047035
v -12.267089 9.976633 32.189285
v -9.853149 -3.826830 7.171570
v -9.395874 -3.826830 3.621216
v -11.157959 -1.950759 10.656022
v -12.345366 0.000001 14.079537
v -13.400817 1.867573 17.447075
v -14.327147 3.669476 20.763603
v -15.120910 5.342185 24.034073
v -15.791472 6.827015 27.263458
v -17.492186 8.071524 32.189285
v -19.273527 9.032021 37.047035
v -21.114317 9.674227 41.855076
v -19.262999 9.976633 41.855076
v -8.928589 -5.555380 7.171570
v -8.471313 -5.555380 3.621216
v -10.589569 -3.826830 10.656021
v -12.152526 -1.950759 14.079537
v -13.577025 0.000001 17.447075
v -14.848601 1.867573 20.763603
v -15.970000 3.669476 24.034073
v -16.937834 5.342185 27.263458
v -18.895781 6.827015 32.189285
v -20.884855 8.071524 37.047035
v -22.876768 9.032021 41.855076
v -24.850370 9.674227 46.631767
v -22.999022 9.976633 46.631767
v -7.685424 -7.071065 7.171570
v -7.228149 -7.071065 3.621216
v -9.665009 -5.555380 10.656021
v -11.584136 -3.826830 14.079537
v -13.384185 -1.950759 17.447075
v -15.024810 0.000001 20.763603
v -16.491453 1.867573 24.034073
v -17.786924 3.669476 27.263458
v -20.042112 5.342185 32.189285
v -22.288450 6.827015 37.047035
v -24.488096 8.071524 41.855076
v -26.612791 9.032021 46.631767
v -28.641386 9.674227 51.395477
v -26.790068 9.976633 51.395477
v -41.112240 -9.807590 68.949150
v -38.987881 -9.807590 65.792343
v -40.863857 -9.238770 65.792343
v -41.750912 -8.819058 65.792343
v -51.096279 9.674227 89.021042
v -49.244930 9.976633 89.021042
v -50.330593 9.674227 86.372475
v -48.479244 9.976633 86.372475
v -55.442928 8.387379 99.551163
v -50.583767 9.976633 97.192970
v -52.435085 9.674227 97.192970
v -54.197506 9.032021 97.192970
v -54.637356 8.793432 96.773613
v -53.725399 9.096537 94.014908
v -52.158260 9.674227 94.428993
v -50.306911 9.976633 94.428993
v -51.708736 9.674227 91.705788
v -51.676937 9.459650 88.522858
v -49.857418 9.976633 91.705788
v -49.542812 9.566908 83.076805
v -49.421383 9.674227 83.757782
v -45.926846 8.664442 71.766006
v -46.649105 9.135695 74.592239
v -45.449612 9.032021 72.136192
v -44.565792 5.023862 64.204414
v -44.718166 5.862978 65.191109
v -42.000973 5.342185 60.957397
v -44.325314 3.241742 62.743206
v -44.436489 4.148019 63.393185
v -42.850063 3.669476 60.957397
v -44.167751 1.402596 61.925961
v -44.234249 2.316477 62.252102
v -43.371548 1.867573 60.957397
v -43.547756 0.000001 60.957397
v -44.123348 0.000001 61.732174
v -44.132992 0.616680 61.770409
v -44.145351 -0.970863 61.826077
v -39.687252 -1.950759 56.164566
v -44.108089 -7.071065 65.792343
v -44.959835 -6.859528 66.731857
v -44.772274 -6.119089 65.543053
v -45.176174 -7.493710 68.026268
v -43.380825 -7.729900 65.792343
v -45.421566 -8.009245 69.369797
v -44.716854 -8.314335 68.949150
v -42.592495 -8.314335 65.792343
v -46.013790 -8.742193 72.137390
v -47.615871 -9.418075 77.749626
v -46.749935 -9.178289 74.947128
v -46.831631 -9.238770 75.358437
v -46.632687 -9.807590 78.620842
v -48.585720 -9.533732 80.532242
v -47.799740 -9.807590 81.174667
v -49.642269 -9.567702 83.335388
v -48.842709 -9.807590 83.757782
v -49.751888 -9.807590 86.372475
v -51.846218 -9.441106 88.956390
v -53.457027 -9.238770 94.440208
v -51.580288 -9.807590 94.434601
v -53.872921 -9.055427 94.441505
v -51.856869 -9.807590 97.200081
v -53.733334 -9.238770 97.207191
v -54.620602 -8.819058 97.210747
v -54.772549 -8.736422 97.211365
v -51.130032 -9.807590 91.705788
v -50.517574 -9.807590 89.021042
v -31.830931 -9.807590 56.164566
v -35.498592 -9.807590 60.957397
v -33.706936 -9.238770 56.164566
v -37.374569 -9.238770 60.957397
v -28.062712 -9.807590 51.395477
v -34.593960 -8.819058 56.164566
v -38.261623 -8.819058 60.957397
v -29.938688 -9.238770 51.395477
v -24.271666 -9.807590 46.631767
v -35.435543 -8.314335 56.164566
v -39.103207 -8.314335 60.957397
v -30.825712 -8.819058 51.395477
v -26.147673 -9.238770 46.631767
v -20.535643 -9.807590 41.855076
v -36.223873 -7.729900 56.164566
v -39.891537 -7.729900 60.957397
v -31.667326 -8.314335 51.395477
v -27.034697 -8.819058 46.631767
v -22.411619 -9.238770 41.855076
v -16.932402 -9.807590 37.047035
v -36.951168 -7.071065 56.164566
v -40.618801 -7.071065 60.957397
v -32.455654 -7.729900 51.395477
v -27.876280 -8.314335 46.631767
v -23.298674 -8.819058 41.855076
v -18.808378 -9.238770 37.047035
v -13.539733 -9.807590 32.189285
v -38.194332 -5.555380 56.164566
v -41.861965 -5.555380 60.957397
v -33.182919 -7.071065 51.395477
v -28.664610 -7.729900 46.631767
v -24.140257 -8.314335 41.855076
v -19.695433 -8.819058 37.047035
v -15.415709 -9.238770 32.189285
v -10.435424 -9.807590 27.263458
v -39.118862 -3.826830 56.164566
v -42.786526 -3.826830 60.957397
v -34.426083 -5.555380 51.395477
v -29.391905 -7.071065 46.631767
v -24.928587 -7.729900 41.855076
v -20.537016 -8.314335 37.047035
v -16.302763 -8.819058 32.189285
v -12.311431 -9.238770 27.263458
v -8.618529 -9.807590 24.034073
v -44.616238 -5.324436 64.531754
v -44.485012 -4.495752 63.691883
v -44.372066 -3.644178 63.010021
v -44.276211 -2.770271 62.472233
v -43.354916 -1.950759 60.957397
v -44.199795 -1.886258 62.079216
v -35.350643 -3.826830 51.395477
v -30.635069 -5.555380 46.631767
v -25.655851 -7.071065 41.855076
v -21.325346 -7.729900 37.047035
v -17.144346 -8.314335 32.189285
v -13.198455 -8.819058 27.263458
v -10.494506 -9.238770 24.034073
v -6.975646 -9.807590 20.763603
v -39.880093 0.000001 56.164566
v -35.919003 -1.950759 51.395477
v -31.559599 -3.826830 46.631767
v -26.899015 -5.555380 41.855076
v -22.052610 -7.071065 37.047035
v -17.932676 -7.729900 32.189285
v -14.040038 -8.314335 27.263458
v -11.381560 -8.819058 24.034073
v -8.851653 -9.238770 20.763603
v -5.527892 -9.807590 17.447075
v -39.703884 1.867573 56.164566
v -36.111843 0.000001 51.395477
v -32.127987 -1.950759 46.631767
v -27.823576 -3.826830 41.855076
v -23.295774 -5.555380 37.047035
v -18.659971 -7.071065 32.189285
v -14.828399 -7.729900 27.263458
v -12.223144 -8.314335 24.034073
v -9.738677 -8.819058 20.763603
v -7.403869 -9.238770 17.447075
v -4.296203 -9.807590 14.079536
v -39.182430 3.669476 56.164566
v -35.935635 1.867573 51.395477
v -32.320827 0.000001 46.631767
v -28.391966 -1.950759 41.855076
v -24.220335 -3.826830 37.047035
v -19.903105 -5.555380 32.189285
v -15.555663 -7.071065 27.263458
v -13.011474 -7.729900 24.034073
v -10.580291 -8.314335 20.763603
v -8.290893 -8.819058 17.447075
v -6.172180 -9.238770 14.079536
v -3.301635 -9.807590 10.656021
v -9.980865 1.867573 3.621216
v -9.459412 3.669476 3.621216
v -8.610321 5.342185 3.621216
v -9.067596 5.342185 7.171570
v -9.916687 3.669476 7.171570
v -7.921264 6.827015 7.171570
v -8.657684 6.827015 10.656021
v -9.804016 5.342185 10.656021
v -7.463989 6.827015 3.621216
v -7.254089 8.071524 10.656021
v -8.248656 8.071524 14.079536
v -9.652251 6.827015 14.079536
v -6.517669 8.071524 7.171570
v -6.060394 8.071524 3.621216
v -6.637329 9.032021 14.079536
v -7.868987 9.032021 17.447075
v -9.480346 8.071524 17.447075
v -5.642761 9.032021 10.656021
v -4.906341 9.032021 7.171570
v -4.449066 9.032021 3.621216
v -6.106566 9.674227 17.447075
v -7.554351 9.674227 20.763603
v -9.316772 9.032021 20.763603
v -4.874877 9.674227 14.079536
v -3.880310 9.674227 10.656021
v -3.143890 9.674227 7.171570
v -2.686615 9.674227 3.621216
v -5.703032 9.976633 20.763603
v -7.345885 9.976633 24.034073
v -9.197204 9.674227 24.034073
v -4.255248 9.976633 17.447075
v -3.023559 9.976633 14.079536
v -2.028991 9.976633 10.656021
v -1.292572 9.976633 7.171570
v -0.835296 9.976633 3.621216
v -9.162810 9.976633 27.263458
v -6.500885 -7.729900 3.621216
v -30.558287 9.976633 56.164566
v -5.712555 -8.314335 3.621216
v -6.958160 -7.729900 7.171570
v -8.421844 -7.071065 10.656021
v -10.659575 -5.555380 14.079536
v -12.815825 -3.826830 17.447075
v -14.831969 -1.950759 20.763603
v -16.667692 0.000001 24.034073
v -18.308378 1.867573 27.263458
v -20.891203 3.669476 32.189285
v -23.434782 5.342185 37.047035
v -25.891691 6.827015 41.855076
v -28.224119 8.071524 46.631767
v -30.403807 9.032021 51.395477
v -32.409634 9.674227 56.164566
v -34.225948 9.976633 60.957397
v -4.870972 -8.819058 3.621216
v -6.169830 -8.314335 7.171570
v -7.694580 -7.729900 10.656021
v -9.416411 -7.071065 14.079536
v -11.891265 -5.555380 17.447075
v -14.263610 -3.826830 20.763603
v -16.474821 -1.950759 24.034073
v -18.484587 0.000001 27.263458
v -21.412687 1.867573 32.189285
v -24.283873 3.669476 37.047035
v -27.038023 5.342185 41.855076
v -29.627714 6.827015 46.631767
v -32.015163 8.071524 51.395477
v -34.172054 9.032021 56.164566
v -36.077267 9.674227 60.957397
v -37.715237 9.976633 65.792343
v -3.983917 -9.238770 3.621216
v -5.328247 -8.819058 7.171570
v -6.906250 -8.314335 10.656021
v -8.689147 -7.729900 14.079536
v -10.648101 -7.071065 17.447075
v -13.339049 -5.555380 20.763603
v -15.906463 -3.826830 24.034073
v -18.291746 -1.950759 27.263458
v -21.588896 0.000001 32.189285
v -24.805326 1.867573 37.047035
v -27.887114 3.669476 41.855076
v -30.774046 5.342185 46.631767
v -33.418758 6.827015 51.395477
v -35.783382 8.071524 56.164566
v -37.839718 9.032021 60.957397
v -39.566555 9.674227 65.792343
v -39.839596 9.976633 68.949150
v -2.107940 -9.807590 3.621216
v -4.441192 -9.238770 7.171570
v -6.064666 -8.819058 10.656021
v -7.900817 -8.314335 14.079536
v -9.920836 -7.729900 17.447075
v -12.095885 -7.071065 20.763603
v -14.981902 -5.555380 24.034073
v -17.723387 -3.826830 27.263458
v -21.396055 -1.950759 32.189285
v -24.981565 0.000001 37.047035
v -28.408598 1.867573 41.855076
v -31.623167 3.669476 46.631767
v -34.565090 5.342185 51.395477
v -37.186977 6.827015 56.164566
v -39.451046 8.071524 60.957397
v -41.329006 9.032021 65.792343
v -41.690914 9.674227 68.949150
v -41.835842 9.976633 72.136192
v -2.565216 -9.807590 7.171570
v -5.177612 -9.238770 10.656021
v -7.059234 -8.819058 14.079536
v -9.132506 -8.314335 17.447075
v -11.368621 -7.729900 20.763603
v -13.738738 -7.071065 24.034073
v -16.798826 -5.555380 27.263458
v -20.827665 -3.826830 32.189285
v -24.788725 -1.950759 37.047035
v -28.584806 0.000001 41.855076
v -32.144619 1.867573 46.631767
v -35.414181 3.669476 51.395477
v -38.333309 5.342185 56.164566
v -40.854641 6.827015 60.957397
v -42.940334 8.071524 65.792343
v -44.343929 6.827015 65.792343
v -43.453335 9.032021 68.949150
v -45.064663 8.071524 68.949150
v -43.687191 9.674227 72.136192
v -43.683010 9.976633 75.358437
v -45.534359 9.674227 75.358437
v -45.360043 9.976633 78.620842
v -47.211391 9.674227 78.620842
v -46.527096 9.976633 81.174667
v -48.378414 9.674227 81.174667
v -47.570065 9.976633 83.757782
v -44.900723 6.647472 66.361618
v -45.111141 7.323931 67.647842
v -45.349667 7.876049 68.989685
v -45.620663 8.317631 70.366989
v -47.507198 9.397297 77.418144
v -48.476040 9.525644 80.228905
v -48.896694 -9.951773 96.945656
v -47.572994 -9.807831 93.987946
v -47.928402 -9.807831 97.002083
v -48.534115 -9.951773 93.877449
v -40.549404 3.550345 97.451355
v -40.740841 4.652555 94.803551
v -41.045193 4.652555 97.418655
v -40.248714 3.550345 94.867584
v -44.218227 8.236702 97.221359
v -45.178524 8.994875 94.265503
v -45.516048 8.994875 97.143845
v -43.890347 8.236702 94.417259
v -46.992977 -9.807831 90.970078
v -47.942379 -9.951773 90.807907
v -40.244106 4.652555 92.167198
v -39.758022 3.550345 92.261185
v -44.627712 8.994875 91.377472
v -43.355221 8.236702 91.600212
v -46.198452 -9.807831 87.961006
v -47.131802 -9.951773 87.749519
v -39.563686 4.652555 89.522110
v -39.085812 3.550345 89.644669
v -43.873165 8.994875 88.492264
v -42.622219 8.236702 88.782730
v -45.199490 -9.807831 84.973221
v -46.112667 -9.951773 84.714806
v -38.708218 4.652555 86.880783
v -38.240658 3.550345 87.030548
v -42.924496 8.994875 85.622383
v -41.700588 8.236702 85.977318
v -44.006191 -9.807831 82.019241
v -44.895260 -9.951773 81.716263
v -37.686275 4.652555 84.255737
v -37.231075 3.550345 84.431328
v -41.791256 8.994875 82.780342
v -40.599636 8.236702 83.196480
v -42.628628 -9.807831 79.111580
v -43.489864 -9.951773 78.766418
v -36.506557 4.652555 81.659477
v -36.065578 3.550345 81.859512
v -40.483028 8.994875 79.978653
v -39.328732 8.236702 80.452728
v -41.076900 -9.807831 76.262741
v -41.906765 -9.951773 75.877762
v -35.177670 4.652555 79.104507
v -34.752743 3.550345 79.327621
v -39.009396 8.994875 77.229813
v -37.897121 8.236702 77.758575
v -39.361080 -9.807831 73.485222
v -40.156307 -9.951773 73.062805
v -33.708279 4.652555 76.603348
v -33.301113 3.550345 76.848145
v -37.379940 8.994875 74.546341
v -36.314114 8.236702 75.126526
v -37.491268 -9.807831 70.791542
v -38.248714 -9.951773 70.334061
v -32.106991 4.652555 74.168488
v -31.719173 3.550345 74.433609
v -30.382473 4.652555 71.812454
v -35.604244 8.994875 71.940750
v -34.589046 8.236702 72.569084
v -35.477535 -9.807831 68.194206
v -36.194302 -9.951773 67.704041
v -41.360653 5.686963 94.724869
v -41.669643 5.686963 97.378464
v -40.856380 5.686963 92.051712
v -40.165615 5.686963 89.371513
v -39.297115 5.686963 86.696770
v -38.259640 5.686963 84.039993
v -37.061947 5.686963 81.413689
v -35.712856 5.686963 78.830368
v -34.221096 5.686963 76.302551
v -32.595455 5.686963 73.842728
v -30.844692 5.686963 71.463409
v -33.691860 8.994875 69.425529
v -32.731197 8.236702 70.098763
v -33.330013 -9.807831 65.705734
v -34.003384 -9.951773 65.185249
v -28.977596 5.686963 69.177109
v -31.652431 8.994875 67.013199
v -30.749905 8.236702 67.728073
v -31.058714 -9.807831 63.338612
v -31.686216 -9.951773 62.790192
v -29.495451 8.994875 64.716263
v -28.654446 8.236702 65.469513
v -28.673796 -9.807831 61.105362
v -29.253080 -9.951773 60.531376
v -27.230558 8.994875 62.547237
v -26.454130 8.236702 63.335598
v -26.185301 -9.807831 59.018490
v -26.714323 -9.951773 58.421314
v -24.867338 8.994875 60.518623
v -24.158262 8.236702 61.338837
v -23.603331 -9.807831 57.090508
v -24.080198 -9.951773 56.472515
v -22.415312 8.994875 58.642933
v -21.776182 8.236702 59.491734
v -20.847654 -9.807831 55.278355
v -21.268827 -9.951773 54.641346
v -19.798338 8.994875 56.878551
v -19.233793 8.236702 57.753475
v -18.014036 -9.807831 53.663044
v -18.377989 -9.951773 53.009552
v -17.107328 8.994875 55.304642
v -16.619535 8.236702 56.202202
v -15.113646 -9.807831 52.258373
v -15.418974 -9.951773 51.590935
v -14.352934 8.994875 53.935001
v -13.943662 8.236702 54.851715
v -12.157591 -9.807831 51.078148
v -12.403196 -9.951773 50.399300
v -11.545652 8.994875 52.783440
v -11.216459 8.236702 53.715824
v -9.157011 -9.807831 50.136169
v -9.342009 -9.951773 49.448448
v -8.696104 8.994875 51.863758
v -8.448149 8.236702 52.808331
v -6.123044 -9.807831 49.446247
v -6.246733 -9.951773 48.752186
v -5.814847 8.994875 51.189758
v -5.649045 8.236702 52.143036
v -3.066801 -9.807831 49.022182
v -3.128752 -9.951773 48.324318
v -2.912443 8.994875 50.775246
v -2.829374 8.236702 51.733749
v 0.000155 -9.807831 48.877777
v 0.000155 -9.951773 48.178646
v 0.000155 8.994875 50.634026
v 0.000155 8.236702 51.594269
v 3.402071 -9.807831 49.055164
v 3.470827 -9.951773 48.357594
v 3.230868 8.994875 50.807491
v 3.138735 8.236702 51.765594
v 6.788424 -9.807831 49.574711
v 6.925570 -9.951773 48.881817
v 10.144381 -9.807831 50.417580
v 6.446749 8.994875 51.315285
v 6.262942 8.236702 52.266960
v -45.715694 -9.238678 94.202827
v -45.158321 -9.238678 91.285477
v -44.394802 -9.238678 88.372299
v -43.434841 -9.238678 85.475800
v -42.288143 -9.238678 82.608482
v -40.964352 -9.238678 79.782860
v -39.473202 -9.238678 77.011444
v -37.824368 -9.238678 74.306740
v -36.027584 -9.238678 71.681252
v -34.092464 -9.238678 69.147491
v -32.028774 -9.238678 66.717964
v -29.846159 -9.238678 64.405182
v -27.554350 -9.238678 62.221653
v -25.162992 -9.238678 60.179886
v -22.681822 -9.238678 58.292385
v -20.033720 -9.238678 56.517220
v -17.310728 -9.238678 54.933960
v -14.523588 -9.238678 53.556412
v -11.682920 -9.238678 52.398376
v -8.799498 -9.238678 51.473660
v -5.883970 -9.238678 50.796062
v -2.947050 -9.238678 50.379395
v 0.000155 -9.238678 50.237453
v 3.269259 -9.238678 50.411808
v 6.523409 -9.238678 50.922253
v 9.748354 -9.238678 51.749958
v 9.633791 8.994875 52.138565
v 9.359102 8.236702 53.079529
v 12.929506 -9.238678 52.876087
v 10.349337 -9.951773 49.732487
v 13.454775 -9.807831 51.564941
v 15.322542 -9.238678 53.926437
v 12.777590 8.994875 53.258503
v 12.413240 8.236702 54.184475
v -43.467495 -8.314569 91.580421
v -42.732571 -8.314569 88.756920
v -41.808559 -8.314569 85.945770
v -40.704800 -8.314569 83.159500
v -39.430569 -8.314569 80.410599
v -37.995266 -8.314569 77.711586
v -36.408169 -8.314569 75.074966
v -34.678616 -8.314569 72.513245
v -32.815975 -8.314569 70.038933
v -30.829525 -8.314569 67.664536
v -28.728666 -8.314569 65.402573
v -26.522642 -8.314569 63.265537
v -24.220823 -8.314569 61.265945
v -21.832579 -8.314569 59.416306
v -19.283628 -8.314569 57.675724
v -16.662596 -8.314569 56.122437
v -13.979764 -8.314569 54.770252
v -11.245481 -8.314569 53.632969
v -8.470030 -8.314569 52.724392
v -5.663663 -8.314569 52.058323
v -2.836729 -8.314569 51.648571
v 0.000155 -8.314569 51.508938
v 3.146883 -8.314569 51.680450
v 6.279147 -8.314569 52.182388
v 9.383364 -8.314569 52.995911
v 12.445406 -8.314569 54.102188
v 14.748843 -8.314569 55.133533
v 15.142519 8.994875 54.302925
v 14.710757 8.236702 55.214546
v 17.013216 -8.314569 56.316521
v 13.726595 -9.951773 50.890766
v 15.945070 -9.807831 52.635612
v 17.674990 -9.238678 55.131741
v 19.232180 -8.314569 57.642735
v 17.467318 8.994875 55.501266
v 16.969271 8.236702 56.396034
v -41.275509 -7.071052 89.101517
v -40.382992 -7.071052 86.366852
v -39.316860 -7.071052 83.653183
v -38.086086 -7.071052 80.973022
v -36.699703 -7.071052 78.338882
v -35.166714 -7.071052 75.763260
v -33.496151 -7.071052 73.258675
v -31.697018 -7.071052 70.837631
v -29.778316 -7.071052 68.512634
v -27.749081 -7.071052 66.296188
v -25.618284 -7.071052 64.200806
v -23.394957 -7.071052 62.239006
v -21.088133 -7.071052 60.423283
v -18.626097 -7.071052 58.713692
v -16.094419 -7.071052 57.187260
v -13.503110 -7.071052 55.857796
v -10.862027 -7.071052 54.739105
v -8.181211 -7.071052 53.844990
v -5.470548 -7.071052 53.189251
v -2.739988 -7.071052 52.785694
v 0.000155 -7.071052 52.648125
v 3.039584 -7.071052 52.817101
v 6.065066 -7.071052 53.311413
v 9.063417 -7.071052 54.112228
v 12.021029 -7.071052 55.200714
v 14.245975 -7.071052 56.215034
v 16.433107 -7.071052 57.378025
v 18.576418 -7.071052 58.681278
v 19.745516 8.994875 56.845119
v 19.182497 8.236702 57.720528
v 20.669832 -7.071052 60.116375
v 16.267214 -9.951773 51.971882
v 18.393068 -9.807831 53.864777
v 19.980257 -9.238678 56.483585
v 21.399477 -8.314569 59.103764
v 22.437716 -7.071052 61.459202
v 21.970675 8.994875 58.326069
v 21.344210 8.236702 59.179615
v -39.213436 -5.555475 86.722733
v -38.178158 -5.555475 84.070427
v -36.983028 -5.555475 81.448364
v -35.636806 -5.555475 78.869049
v -34.148220 -5.555475 76.344986
v -32.526058 -5.555475 73.888687
v -30.779018 -5.555475 71.512650
v -28.915890 -5.555475 69.229401
v -26.945400 -5.555475 67.051437
v -24.876310 -5.555475 64.991272
v -22.717405 -5.555475 63.061398
v -20.477385 -5.555475 61.274345
v -18.086637 -5.555475 59.590939
v -15.628293 -5.555475 58.087208
v -13.112027 -5.555475 56.776947
v -10.547452 -5.555475 55.673969
v -7.944273 -5.555475 54.792076
v -5.312101 -5.555475 54.145065
v -2.660612 -5.555475 53.746746
v 0.000155 -5.555475 53.610924
v 2.951540 -5.555475 53.777748
v 5.889407 -5.555475 54.265617
v 8.800906 -5.555475 55.055695
v 11.672885 -5.555475 56.129147
v 13.833377 -5.555475 57.129078
v 15.957187 -5.555475 58.275173
v 18.038393 -5.555475 59.559013
v 20.071199 -5.555475 60.972195
v 21.787874 -5.555475 62.294010
v 23.849825 8.994875 59.712845
v 23.169802 8.236702 60.545441
v 23.460024 -5.555475 63.701057
v 18.764650 -9.951773 53.213322
v 20.792025 -9.807831 55.244034
v 22.231905 -9.238678 57.973560
v 23.229799 -8.314569 60.471451
v 24.159731 -7.071052 62.889137
v 25.083742 -5.555475 65.187866
v 25.680208 8.994875 61.190666
v 24.947969 8.236702 62.000431
v -37.331509 -3.826830 84.392120
v -36.162899 -3.826830 81.814850
v -34.846523 -3.826830 79.277802
v -33.390957 -3.826830 76.793488
v -31.804745 -3.826830 74.374420
v -30.096462 -3.826830 72.033096
v -28.274624 -3.826830 69.782028
v -26.347866 -3.826830 67.633728
v -24.324673 -3.826830 65.600700
v -22.213621 -3.826830 63.695457
v -20.023252 -3.826830 61.930504
v -17.685545 -3.826830 60.267292
v -15.281705 -3.826830 58.781059
v -12.821225 -3.826830 57.485607
v -10.313535 -3.826830 56.394745
v -7.768095 -3.826830 55.522270
v -5.194303 -3.826830 54.881992
v -2.601621 -3.826830 54.487713
v 0.000155 -3.826830 54.353233
v 2.886111 -3.826830 54.518402
v 5.758822 -3.826830 55.001305
v 8.605746 -3.826830 55.783100
v 11.414035 -3.826830 56.844963
v 13.526614 -3.826830 57.833801
v 15.603305 -3.826830 58.966866
v 17.638399 -3.826830 60.235741
v 19.626101 -3.826830 61.632023
v 21.304720 -3.826830 62.937645
v 22.939760 -3.826830 64.327042
v 24.527500 -3.826830 65.794746
v 27.457613 8.994875 62.754074
v 26.674715 8.236702 63.539131
v 26.064182 -3.826830 67.335304
v 21.212069 -9.951773 54.606670
v 23.135103 -9.807831 56.764965
v 24.133394 -9.238678 59.368992
v 25.012575 -8.314569 61.928471
v 25.831881 -7.071052 64.400719
v 26.655277 -5.555475 66.748970
v 27.546055 -3.826830 68.943245
v 29.177858 8.994875 64.397598
v 28.345919 8.236702 65.156067
v -35.658657 -1.950759 82.050705
v -34.360622 -1.950759 79.540863
v -32.925350 -1.950759 77.082130
v -31.361263 -1.950759 74.687019
v -29.676785 -1.950759 72.368027
v -27.880367 -1.950759 70.137680
v -25.980465 -1.950759 68.008469
v -23.985470 -1.950759 65.992912
v -21.903868 -1.950759 64.103516
v -19.744047 -1.950759 62.352787
v -17.438932 -1.950759 60.702568
v -15.068631 -1.950759 59.227596
v -12.642453 -1.950759 57.941673
v -10.169736 -1.950759 56.858608
v -7.659757 -1.950759 55.992199
v -5.121854 -1.950759 55.356251
v -2.565336 -1.950759 54.964569
v 0.000155 -1.950759 54.830959
v 2.845858 -1.950759 54.995064
v 5.678500 -1.950759 55.474766
v 8.485751 -1.950759 56.251232
v 11.254886 -1.950759 57.305634
v 13.337985 -1.950759 58.287334
v 15.385745 -1.950759 59.412014
v 17.392427 -1.950759 60.671261
v 19.352419 -1.950759 62.056667
v 21.007662 -1.950759 63.351860
v 22.619905 -1.950759 64.729904
v 24.185490 -1.950759 66.185318
v 25.700718 -1.950759 67.712646
v 27.161961 -1.950759 69.306427
v 30.836765 8.994875 66.115784
v 29.957523 8.236702 66.845795
v 28.565464 -1.950759 70.961197
v 23.602510 -9.951773 56.143517
v 25.113863 -9.807831 58.190063
v 25.985537 -9.238678 60.856243
v 26.743776 -8.314569 63.469364
v 27.450291 -7.071052 65.988480
v 28.170780 -5.555475 68.378922
v 28.969395 -3.826830 70.613113
v 29.907566 -1.950759 72.671501
v 32.430149 8.994875 67.903160
v 31.505466 8.236702 68.602829
v -34.195766 0.000001 79.633942
v -32.767361 0.000001 77.184265
v -31.210781 0.000001 74.797630
v -29.534389 0.000001 72.486542
v -27.746609 0.000001 70.263519
v -25.855801 0.000001 68.141068
v -23.870388 0.000001 66.131699
v -21.798765 0.000001 64.247910
v -19.649321 0.000001 62.502209
v -17.355253 0.000001 60.856590
v -14.996335 0.000001 59.385601
v -12.581815 0.000001 58.103054
v -10.120938 0.000001 57.022743
v -7.623014 0.000001 56.158482
v -5.097288 0.000001 55.524067
v -2.553037 0.000001 55.133305
v 0.000155 0.000001 55.000000
v 2.832217 0.000001 55.163727
v 5.651278 0.000001 55.642296
v 8.445041 0.000001 56.416882
v 11.200900 0.000001 57.468643
v 13.273990 0.000001 58.447815
v 15.311923 0.000001 59.569527
v 17.308992 0.000001 60.825367
v 19.259584 0.000001 62.206924
v 20.906862 0.000001 63.498432
v 22.511354 0.000001 64.872452
v 24.069431 0.000001 66.323517
v 25.577427 0.000001 67.846161
v 27.031620 0.000001 69.434937
v 28.428410 0.000001 71.084366
v 29.764072 0.000001 72.789001
v 33.953861 8.994875 69.754272
v 32.985722 8.236702 70.421722
v 31.034946 0.000001 74.543358
v 25.621248 -9.951773 57.583870
v 27.041262 -9.807831 59.709641
v 27.784060 -9.238678 62.429855
v 28.419313 -8.314569 65.088669
v 29.010960 -7.071052 67.646965
v 29.626408 -5.555475 70.072235
v 30.330479 -3.826830 72.339439
v 31.184574 -1.950759 74.431862
v 32.237431 0.000001 76.341988
v 35.403660 8.994875 71.663643
v 34.394169 8.236702 72.297005
v -32.827450 1.206862 77.144836
v -31.268002 1.206862 74.754929
v -29.588558 1.206862 72.440796
v -27.797482 1.206862 70.214951
v -25.903194 1.206862 68.089890
v -23.914150 1.206862 66.078125
v -21.838743 1.206862 64.192169
v -19.685362 1.206862 62.444530
v -17.387083 1.206862 60.797138
v -15.023831 1.206862 59.324612
v -12.604856 1.206862 58.040760
v -10.139493 1.206862 56.959389
v -7.636991 1.206862 56.094296
v -5.106626 1.206862 55.459290
v -2.557706 1.206862 55.068172
v 0.000155 1.206862 54.934750
v 2.837405 1.206862 55.098621
v 5.661623 1.206862 55.577629
v 8.460513 1.206862 56.352940
v 11.221408 1.206862 57.405724
v 13.298343 1.206862 58.385868
v 15.339999 1.206862 59.508728
v 17.340731 1.206862 60.765881
v 19.294893 1.206862 62.148922
v 20.945192 1.206862 63.441856
v 22.552645 1.206862 64.817429
v 24.113560 1.206862 66.270172
v 25.624302 1.206862 67.794624
v 27.081181 1.206862 69.385330
v 28.480503 1.206862 71.036827
v 29.818638 1.206862 72.743645
v 31.091862 1.206862 74.500320
v 32.296513 1.206862 76.301392
v 36.775364 8.994875 73.625832
v 35.726780 8.236702 74.223221
v 33.428959 1.206862 78.141403
v 27.587557 -9.951773 59.120071
v 28.912844 -9.807831 61.318237
v 29.524782 -9.238678 64.084358
v 30.035099 -8.314569 66.780914
v 30.510014 -7.071052 69.370705
v 31.018345 -5.555475 71.823471
v 31.625584 -3.826830 74.116760
v 32.392826 -1.950759 76.236824
v 33.367771 0.000001 78.179428
v 34.485447 1.206862 80.014893
v 38.064854 8.994875 75.635353
v 36.979496 8.236702 76.194893
v -31.438198 2.396126 74.631348
v -29.749599 2.396126 72.308380
v -27.948788 2.396126 70.074341
v -26.044216 2.396126 67.941727
v -24.044338 2.396126 65.923065
v -21.957609 2.396126 64.030838
v -19.792509 2.396126 62.277580
v -17.481718 2.396126 60.625046
v -15.105588 2.396126 59.148067
v -12.673490 2.396126 57.860451
v -10.194699 2.396126 56.775993
v -7.678556 2.396126 55.908504
v -5.134428 2.396126 55.271786
v -2.571622 2.396126 54.879642
v 0.000155 2.396126 54.745876
v 2.852847 2.396126 54.910172
v 5.692446 2.396126 55.390442
v 8.506564 2.396126 56.167862
v 11.282504 2.396126 57.223591
v 13.370730 2.396126 58.206562
v 15.423495 2.396126 59.332733
v 17.435122 2.396126 60.593697
v 19.399904 2.396126 61.981037
v 21.059206 2.396126 63.278091
v 22.675386 2.396126 64.658150
v 24.244816 2.396126 66.115753
v 25.763798 2.396126 67.645439
v 27.228580 2.396126 69.241745
v 28.635532 2.396126 70.899208
v 29.980930 2.396126 72.612358
v 31.261112 2.396126 74.375748
v 32.472324 2.396126 76.183899
v 33.610905 2.396126 78.031349
v 34.673161 2.396126 79.912643
v 39.267887 8.994875 77.686760
v 38.148228 8.236702 78.206573
v 35.655430 2.396126 81.822327
v 29.496981 -9.951773 60.746655
v 30.724276 -9.807831 63.010387
v 31.203403 -9.238678 65.814301
v 31.587070 -8.314569 68.540649
v 31.943485 -7.071052 71.154243
v 32.342808 -5.555475 73.627151
v 32.850925 -3.826830 75.939621
v 33.528629 -1.950759 78.080933
v 34.422367 0.000001 80.050217
v 35.462406 1.206862 81.916382
v 36.553959 2.396126 83.754913
v 40.380283 8.994875 79.774590
v 39.228916 8.236702 80.252792
v -30.015469 3.550345 72.096519
v -28.198544 3.550345 69.849373
v -26.276943 3.550345 67.704689
v -24.259212 3.550345 65.674973
v -22.153837 3.550345 63.772728
v -19.969389 3.550345 62.010471
v -17.637968 3.550345 60.349716
v -15.240598 3.550345 58.865616
v -12.786740 3.550345 57.571968
v -10.285794 3.550345 56.482582
v -7.747190 3.550345 55.611259
v -5.180326 3.550345 54.971798
v -2.594602 3.550345 54.578011
v 0.000155 3.550345 54.443699
v 2.878329 3.550345 54.608665
v 5.743319 3.550345 55.090961
v 8.582583 3.550345 55.871750
v 11.383334 3.550345 56.932198
v 13.490207 3.550345 57.919682
v 15.561313 3.550345 59.051159
v 17.590914 3.550345 60.318214
v 19.573275 3.550345 61.712433
v 21.247377 3.550345 63.016083
v 22.878054 3.550345 64.403320
v 24.461491 3.550345 65.868706
v 25.994022 3.550345 67.406754
v 27.471928 3.550345 69.012016
v 28.891453 3.550345 70.679031
v 30.248875 3.550345 72.402321
v 31.540470 3.550345 74.176430
v 32.762516 3.550345 75.995903
v 33.911289 3.550345 77.855270
v 34.983036 3.550345 79.749069
v 35.974064 3.550345 81.671837
v 36.880619 3.550345 83.618111
v 41.397892 8.994875 81.893364
v 40.217503 8.236702 82.328094
v 37.699009 3.550345 85.582428
v 31.345003 -9.951773 62.458160
v 32.471104 -9.807831 64.780624
v 32.815739 -9.238678 67.614204
v 33.071140 -8.314569 70.362411
v 33.307438 -7.071052 72.992111
v 33.595951 -5.555475 75.477814
v 34.002781 -3.826830 77.802551
v 34.588322 -1.950759 79.958710
v 35.397495 0.000001 81.948883
v 36.356052 1.206862 83.840424
v 37.365086 2.396126 85.704964
v 38.425480 3.550345 87.559334
v 42.316502 8.994875 84.037636
v 41.109928 8.236702 84.427010
v -28.543331 4.652555 69.547737
v -26.598232 4.652555 67.386864
v -24.555815 4.652555 65.342331
v -22.424711 4.652555 63.426647
v -20.213560 4.652555 61.652321
v -17.853605 4.652555 59.980549
v -15.426938 4.652555 58.486897
v -12.943082 4.652555 57.185169
v -10.411557 4.652555 56.089169
v -7.841917 4.652555 55.212700
v -5.243650 4.652555 54.569569
v -2.626340 4.652555 54.173576
v 0.000155 4.652555 54.038528
v 2.913516 4.652555 54.204399
v 5.813540 4.652555 54.689407
v 8.687533 4.652555 55.474712
v 11.522494 4.652555 56.541489
v 13.655154 4.652555 57.535030
v 15.751590 4.652555 58.673618
v 17.806002 4.652555 59.948841
v 19.812593 4.652555 61.352283
v 21.507174 4.652555 62.664772
v 23.157747 4.652555 64.061646
v 24.760593 4.652555 65.537460
v 26.311863 4.652555 67.086723
v 27.807804 4.652555 68.703995
v 29.244694 4.652555 70.383804
v 30.618717 4.652555 72.120689
v 31.926090 4.652555 73.909195
v 33.163090 4.652555 75.743835
v 34.325901 4.652555 77.619171
v 35.410770 4.652555 79.529739
v 36.413914 4.652555 81.470062
v 37.331547 4.652555 83.434677
v 38.159946 4.652555 85.418137
v 38.895298 4.652555 87.414970
v 43.131962 8.994875 86.201935
v 41.902103 8.236702 86.544075
v 39.533817 4.652555 89.419708
v 33.127140 -9.951773 64.249123
v 34.148960 -9.807831 66.623489
v 34.357548 -9.238678 69.478615
v 34.483250 -8.314569 72.240723
v 34.597965 -7.071052 74.878845
v 34.773930 -5.555475 77.370010
v 35.077427 -3.826830 79.700096
v 35.568150 -1.950759 81.864700
v 36.289524 0.000001 83.869965
v 37.162785 1.206862 85.781548
v 38.085117 2.396126 87.667000
v 39.056278 3.550345 89.543350
v 40.224339 4.652555 92.078964
v 43.840031 8.994875 88.380798
v 42.590000 8.236702 88.673828
v -27.002895 5.686963 66.996338
v -24.929411 5.686963 64.933601
v -22.765867 5.686963 63.001404
v -20.521086 5.686963 61.212257
v -18.125242 5.686963 59.526943
v -15.661649 5.686963 58.021553
v -13.139981 5.686963 56.709892
v -10.569943 5.686963 55.605770
v -7.961210 5.686963 54.722980
v -5.323423 5.686963 54.075336
v -2.666288 5.686963 53.676636
v 0.000155 5.686963 53.540684
v 2.957858 5.686963 53.707668
v 5.901980 5.686963 54.196007
v 8.819705 5.686963 54.986866
v 11.697818 5.686963 56.061417
v 13.862887 5.686963 57.062397
v 15.991214 5.686963 58.209724
v 18.076906 5.686963 59.494980
v 20.114016 5.686963 60.909760
v 21.834383 5.686963 62.233109
v 23.510073 5.686963 63.641823
v 25.137270 5.686963 65.130440
v 26.712162 5.686963 66.693497
v 28.230869 5.686963 68.325516
v 29.689610 5.686963 70.021057
v 31.084538 5.686963 71.774643
v 32.411808 5.686963 73.580826
v 33.667637 5.686963 75.434120
v 34.848118 5.686963 77.329079
v 35.949497 5.686963 79.260239
v 36.967899 5.686963 81.222130
v 37.899509 5.686963 83.209290
v 38.740482 5.686963 85.216263
v 39.487034 5.686963 87.237587
v 40.135288 5.686963 89.267792
v 40.836308 5.686963 91.962280
v 44.605778 8.994875 91.281036
v 43.333927 8.236702 91.506096
v 47.918812 -9.951773 90.705559
v 48.524815 -9.951773 93.818016
v 47.563877 -9.807831 93.929527
v 41.352726 5.686963 94.673279
v 34.838871 -9.951773 66.114075
v 35.753391 -9.807831 68.533524
v 35.824589 -9.238678 71.402077
v 35.819309 -8.314569 74.170128
v 35.811069 -7.071052 76.808983
v 35.872959 -5.555475 79.298264
v 36.071140 -3.826830 81.626785
v 36.464481 -1.950759 83.793434
v 37.094791 0.000001 85.808006
v 37.878941 1.206862 87.734291
v 38.710361 2.396126 89.635559
v 39.738468 3.550345 92.173927
v 40.733036 4.652555 94.752686
v 41.667637 5.686963 97.352921
v 45.169865 8.994875 94.209656
v 43.881931 8.236702 94.362816
v 45.513828 8.994875 97.116081
v 47.926060 -9.807831 96.972977
v 46.054981 -9.238678 97.083763
v 48.894321 -9.951773 96.916008
v -25.374876 6.638111 64.457260
v -23.172667 6.638111 62.505814
v -20.887754 6.638111 60.699390
v -18.449125 6.638111 58.998295
v -15.941495 6.638111 57.479225
v -13.374814 6.638111 56.155994
v -10.758847 6.638111 55.042400
v -8.103483 6.638111 54.152248
v -5.418546 6.638111 53.499340
v -2.713956 6.638111 53.097485
v 0.000155 6.638111 52.960484
v 3.010684 6.638111 53.128761
v 6.007449 6.638111 53.620979
v 8.977297 6.638111 54.418312
v 11.906833 6.638111 55.501923
v 14.110599 6.638111 56.511578
v 16.276979 6.638111 57.669086
v 18.399904 6.638111 58.966038
v 20.473421 6.638111 60.394024
v 22.224550 6.638111 61.730038
v 23.930178 6.638111 63.152546
v 25.586458 6.638111 64.656090
v 27.189487 6.638111 66.235207
v 28.735325 6.638111 67.884430
v 30.220127 6.638111 69.598305
v 31.639988 6.638111 71.371353
v 32.991001 6.638111 73.198135
v 34.269230 6.638111 75.073166
v 35.470829 6.638111 76.990997
v 36.591892 6.638111 78.946152
v 37.628483 6.638111 80.933182
v 38.576725 6.638111 82.946617
v 39.432743 6.638111 84.980995
v 40.192631 6.638111 87.030861
v 40.852451 6.638111 89.090736
v 41.566013 6.638111 91.826302
v 42.091679 6.638111 94.580734
v 42.412205 6.638111 97.305649
v -23.639067 7.492256 61.948685
v -21.308165 7.492256 60.122845
v -18.820433 7.492256 58.404003
v -16.262358 7.492256 56.869560
v -13.643979 7.492256 55.533318
v -10.975370 7.492256 54.409081
v -8.266569 7.492256 53.510647
v -5.527616 7.492256 52.851830
v -2.768583 7.492256 52.446423
v 0.000155 7.492256 52.308239
v 3.071291 7.492256 52.477970
v 6.128329 7.492256 52.974556
v 9.157961 7.492256 53.779163
v 12.146457 7.492256 54.872959
v 14.394595 7.492256 55.892361
v 16.604555 7.492256 57.061317
v 18.770235 7.492256 58.371418
v 20.885500 7.492256 59.814255
v 22.671846 7.492256 61.164497
v 24.411806 7.492256 62.602516
v 26.101412 7.492256 64.122841
v 27.736698 7.492256 65.720016
v 29.313663 7.492256 67.388573
v 30.828373 7.492256 69.123055
v 32.276798 7.492256 70.917992
v 33.654972 7.492256 72.767929
v 34.958958 7.492256 74.667389
v 36.184727 7.492256 76.610931
v 37.328342 7.492256 78.593071
v 38.385807 7.492256 80.608360
v 39.353153 7.492256 82.651329
v 40.226383 7.492256 84.716522
v 41.001560 7.492256 86.798462
v 41.674656 7.492256 88.891701
v 42.402592 7.492256 91.673431
v 42.938816 7.492256 94.476700
v 43.265781 7.492256 97.252502
v -46.564907 9.548662 94.104286
v -46.912777 9.548662 97.061508
v -45.997189 9.548662 91.140839
v -45.219509 9.548662 88.183685
v -44.241726 9.548662 85.245323
v -43.073696 9.548662 82.338272
v -41.725338 9.548662 79.475021
v -40.206478 9.548662 76.668106
v -38.527035 9.548662 73.930008
v -36.696835 9.548662 71.273247
v -34.725796 9.548662 68.710335
v -32.623745 9.548662 66.253769
v -30.400602 9.548662 63.916073
v -28.066191 9.548662 61.709743
v -25.630430 9.548662 59.647293
v -23.103178 9.548662 57.741226
v -20.405882 9.548662 55.949100
v -17.632322 9.548662 54.351143
v -14.793364 9.548662 52.961155
v -11.899961 9.548662 51.792942
v -8.962950 9.548662 50.860313
v -5.993284 9.548662 50.177063
v -3.001829 9.548662 49.757004
v 0.000155 9.548662 49.613934
v 3.329989 9.548662 49.789677
v 6.644595 9.548662 50.304295
v 9.929415 9.548662 51.138954
v 13.169680 9.548662 52.274822
v 15.607180 9.548662 53.334488
v 18.003328 9.548662 54.550735
v 20.351442 9.548662 55.915150
v 22.644869 9.548662 57.419323
v 24.581697 9.548662 58.828358
v 26.468264 9.548662 60.330433
v 28.300203 9.548662 61.920086
v 30.073244 9.548662 63.591854
v 31.783052 9.548662 65.340271
v 33.425358 9.548662 67.159882
v 34.995792 9.548662 69.045212
v 36.490086 9.548662 70.990814
v 37.903904 9.548662 72.991211
v 39.232944 9.548662 75.040939
v 40.472874 9.548662 77.134552
v 41.619450 9.548662 79.266571
v 42.668278 9.548662 81.431541
v 43.615086 9.548662 83.623993
v 44.455540 9.548662 85.838470
v 45.185352 9.548662 88.069511
v 45.974598 9.548662 91.041954
v 46.556004 9.548662 94.046951
v 46.910511 9.548662 97.032959
v 44.216084 8.236702 97.194321
v -48.017941 9.886040 93.936768
v -48.376675 9.886040 96.975945
v -47.432522 9.886040 90.894958
v -46.630550 9.886040 87.863045
v -45.622250 9.886040 84.853523
v -44.417782 9.886040 81.878906
v -43.027340 9.886040 78.951706
v -41.461117 9.886040 76.084419
v -39.729244 9.886040 73.289558
v -37.841946 9.886040 70.579636
v -35.809383 9.886040 67.967163
v -33.641750 9.886040 65.464645
v -31.349241 9.886040 63.084583
v -28.941984 9.886040 60.839493
v -26.430235 9.886040 58.741882
v -23.824095 9.886040 56.804256
v -21.042631 9.886040 54.983295
v -18.182524 9.886040 53.360348
v -15.255003 9.886040 51.949219
v -12.271299 9.886040 50.763706
v -9.242643 9.886040 49.817619
v -6.180295 9.886040 49.124760
v -3.095487 9.886040 48.698933
v 0.000155 9.886040 48.553944
v 3.433901 9.886040 48.732052
v 6.851901 9.886040 49.253765
v 10.239260 9.886040 50.100246
v 13.580629 9.886040 51.252666
v 16.094210 9.886040 52.328175
v 18.565096 9.886040 53.563026
v 20.986483 9.886040 54.948807
v 23.351503 9.886040 56.477112
v 25.348757 9.886040 57.909275
v 27.294161 9.886040 59.436554
v 29.183290 9.886040 61.053482
v 31.011660 9.886040 62.754597
v 32.774815 9.886040 64.534439
v 34.468357 9.886040 66.387535
v 36.087803 9.886040 68.308434
v 37.628727 9.886040 70.291664
v 39.086674 9.886040 72.331772
v 40.457188 9.886040 74.423279
v 41.735813 9.886040 76.560745
v 42.918156 9.886040 78.738686
v 43.999699 9.886040 80.951653
v 44.976048 9.886040 83.194176
v 45.842747 9.886040 85.460800
v 46.595341 9.886040 87.746048
v 47.409199 9.886040 90.793518
v 48.008747 9.886040 93.877876
v 48.374332 9.886040 96.946587
v 40.656834 -3.826830 97.419128
v 42.819035 -7.071052 97.280197
v 44.330585 -8.314569 97.187370
v 45.706928 -9.238678 94.146400
v 46.969883 -9.807831 90.869415
v 47.096195 -9.951773 87.631523
v 43.995579 -8.314569 94.349205
v 45.136127 -9.238678 91.188087
v 46.163563 -9.807831 87.844872
v 46.335514 -9.951773 85.327080
v 41.578892 -5.555475 97.358643
v 42.495426 -7.071052 94.530914
v 43.446140 -8.314569 91.486092
v 44.361286 -9.238678 88.259781
v 45.417942 -9.807831 85.576180
v 45.459507 -9.951773 83.042000
v 41.264683 -5.555475 94.684479
v 41.964725 -7.071052 91.753090
v 42.700321 -8.314569 88.647789
v 43.644779 -9.238678 86.060638
v 44.559284 -9.807831 83.325493
v 44.472660 -9.951773 80.781746
v 40.089939 -1.950759 97.458054
v 40.349583 -3.826830 94.802879
v 40.749363 -5.555475 91.978745
v 41.244328 -7.071052 88.995415
v 42.010624 -8.314569 86.513672
v 42.819645 -9.238678 83.876831
v 43.591984 -9.807831 81.098267
v 43.379490 -9.951773 78.551788
v 39.897587 0.000001 97.471832
v 39.786961 -1.950759 94.879082
v 39.845707 -3.826830 92.152725
v 40.049809 -5.555475 89.289223
v 40.578159 -7.071052 86.919563
v 41.216373 -8.314569 84.392410
v 41.890110 -9.238678 81.713829
v 42.520451 -9.807831 78.899963
v 42.184452 -9.951773 76.357582
v 39.970737 1.206862 97.466515
v 39.596073 0.000001 94.906044
v 39.290073 -1.950759 92.264694
v 39.161655 -3.826830 89.515747
v 39.402958 -5.555475 87.262611
v 39.811008 -7.071052 84.854340
v 40.321659 -8.314569 82.289459
v 40.860386 -9.238678 79.577087
v 41.349064 -9.807831 76.736046
v 40.892063 -9.951773 74.204597
v 40.188297 2.396126 97.451126
v 39.668644 1.206862 94.895638
v 39.101566 0.000001 92.304314
v 38.615604 -1.950759 89.661522
v 38.529148 -3.826830 87.527100
v 38.657993 -5.555475 85.244751
v 38.946781 -7.071052 82.805206
v 39.330509 -8.314569 80.210297
v 39.734745 -9.238678 77.472084
v 40.082279 -9.807831 74.611984
v 39.506809 -9.951773 72.098289
v 40.547459 3.550345 97.426498
v 39.884586 2.396126 94.865509
v 39.173252 1.206862 92.289017
v 38.430332 0.000001 89.713112
v 37.991886 -1.950759 87.697311
v 37.800724 -3.826830 85.545746
v 37.818821 -5.555475 83.241089
v 37.989414 -7.071052 80.777626
v 38.247013 -8.314569 78.160385
v 38.517429 -9.238678 75.404274
v 38.724461 -9.807831 72.533234
v 38.033207 -9.951773 70.044128
v 41.043217 4.652555 97.393486
v 40.241001 3.550345 94.817314
v 39.386478 2.396126 92.244751
v 38.500767 1.206862 89.693199
v 37.809605 0.000001 87.757545
v 37.273624 -1.950759 85.739464
v 36.980137 -3.826830 83.577156
v 36.889194 -5.555475 81.257111
v 36.942875 -7.071052 78.777061
v 37.075260 -8.314569 76.145172
v 37.212620 -9.238678 73.379112
v 37.280033 -9.807831 70.505257
v 36.475712 -9.951773 68.047569
v -46.057217 -9.238678 97.111839
v -44.332729 -8.314569 97.214470
v -44.003994 -8.314569 94.403770
v -42.503567 -7.071052 94.583809
v -41.985348 -7.071052 91.844673
v -42.821102 -7.071052 97.306419
v -40.769405 -5.555475 92.068008
v -40.080074 -5.555475 89.392761
v -41.272579 -5.555475 94.735970
v -41.580929 -5.555475 97.384140
v -39.191280 -3.826830 89.617302
v -38.343838 -3.826830 86.997108
v -39.865292 -3.826830 92.240196
v -40.357327 -3.826830 94.853287
v -40.658810 -3.826830 97.444054
v -37.809170 -1.950759 87.173691
v -36.810970 -1.950759 84.599152
v -38.644772 -1.950759 89.761810
v -39.309414 -1.950759 92.351013
v -39.794582 -1.950759 94.928787
v -40.091854 -1.950759 97.482613
v -36.634335 0.000001 84.672409
v -35.487545 0.000001 82.134163
v -37.627743 0.000001 87.236168
v -38.459377 0.000001 89.812950
v -39.120785 0.000001 92.390228
v -39.603634 0.000001 94.955498
v -39.899502 0.000001 97.496262
v -35.552608 1.206862 82.101944
v -34.258450 1.206862 79.598015
v -36.701504 1.206862 84.644127
v -37.696743 1.206862 87.212051
v -38.529873 1.206862 89.793213
v -39.192532 1.206862 92.375092
v -39.676235 1.206862 94.945190
v -39.972652 1.206862 97.490990
v -34.444942 2.396126 79.494011
v -33.006130 2.396126 77.030724
v -35.746120 2.396126 82.008698
v -36.901272 2.396126 84.562279
v -37.901943 2.396126 87.142242
v -38.739590 2.396126 89.736076
v -39.405849 2.396126 92.331276
v -39.892208 2.396126 94.915337
v -40.190243 2.396126 97.475746
v -29.495388 6.638111 68.745171
v -27.485409 6.638111 66.541214
v -31.395870 6.638111 71.056625
v -33.177914 6.638111 73.463066
v -34.832607 6.638111 75.951988
v -36.351009 6.638111 78.510880
v -37.724209 6.638111 81.127243
v -38.943295 6.638111 83.788551
v -39.999294 6.638111 86.482307
v -40.883327 6.638111 89.195999
v -41.586452 6.638111 91.917130
v -42.099728 6.638111 94.633171
v -42.414242 6.638111 97.331635
v -28.038601 7.492256 66.029572
v -25.885588 7.492256 63.921764
v -30.089016 7.492256 68.259598
v -32.027737 7.492256 70.599335
v -33.845669 7.492256 73.036270
v -35.533657 7.492256 75.557907
v -37.082638 7.492256 78.151726
v -38.483456 7.492256 80.805222
v -39.727077 7.492256 83.505890
v -40.804348 7.492256 86.241219
v -41.706173 7.492256 88.998703
v -42.423428 7.492256 91.765831
v -42.947048 7.492256 94.530090
v -43.267879 7.492256 97.278984
v 57.276798 -4.222770 87.163429
v 56.746586 -4.222770 85.360703
v 57.207829 -2.983763 85.239822
v 46.218098 6.895203 68.476334
v 48.075672 6.895203 71.199371
v 48.789524 5.873853 70.821770
v 45.428226 7.794424 68.935898
v 48.406956 0.957867 67.124619
v 50.352512 0.957867 69.947792
v 50.385639 -0.370276 69.927681
v 48.233204 2.269093 67.240501
v 48.076588 -2.983763 67.342773
v 48.327763 -1.691918 67.178085
v 50.008854 -2.983763 70.149788
v 49.605656 -4.222770 70.377258
v 47.688969 -4.222770 67.588455
v 50.525547 5.873853 73.653595
v 51.140873 4.749069 73.358994
v 52.178471 -0.370276 72.835129
v 50.171772 2.269093 70.055092
v 47.921329 3.540444 67.442108
v 52.144154 0.957867 72.853539
v 53.808750 -0.370276 75.816750
v 51.370731 -4.222770 73.246689
v 50.270130 -1.691918 69.997307
v 48.438816 -0.370276 67.102890
v 51.788273 -2.983763 73.038452
v 52.975773 -4.222770 76.188232
v 47.988605 8.556330 74.814957
v 49.487980 8.556330 77.603767
v 50.464405 7.794424 77.219093
v 46.962177 9.166965 75.270584
v 52.738728 4.749069 76.289597
v 53.233891 3.540444 76.076271
v 52.058842 -1.691918 72.898865
v 53.685383 -1.691918 75.874283
v 49.068287 -5.387367 70.671867
v 47.172367 -5.387367 67.906631
v 50.814243 -5.387367 73.516373
v 52.401905 -5.387367 76.431648
v 51.832905 7.794424 80.107346
v 52.734135 6.895203 79.795639
v 54.677479 3.540444 79.094147
v 55.033344 2.269093 78.957397
v 55.141224 -1.691918 78.915062
v 49.847355 3.540444 70.241760
v 47.475590 4.749069 67.720947
v 51.956989 2.269093 72.951767
v 53.773365 0.957867 75.833374
v 55.267933 -0.370276 78.864059
v 56.417850 -1.691918 82.012726
v 53.822941 -5.387367 79.409218
v 49.931660 -8.236699 77.429710
v 48.689823 -9.034973 77.914337
v 48.418842 -8.236699 74.622116
v 50.010181 -9.034973 80.723732
v 51.285709 -8.236699 80.294075
v 51.168003 -9.034973 83.578735
v 52.473057 -8.236699 83.206726
v 49.325199 -7.412282 74.211281
v 47.630421 -7.412282 71.430984
v 50.866337 -7.412282 77.058884
v 52.245731 -7.412282 79.965317
v 53.455311 -7.412282 82.922073
v 56.124622 -2.983763 82.109444
v 55.672123 -4.222770 82.253723
v 54.854649 -2.983763 79.026764
v 54.412373 -4.222770 79.193405
v 53.406376 -2.983763 76.000275
v 57.600941 0.957867 85.132477
v 56.510303 0.957867 81.981323
v 56.307453 2.269093 82.049385
v 57.638844 -0.370276 85.121788
v 55.812946 5.873853 85.596924
v 54.756168 5.873853 82.535660
v 53.955021 6.895203 82.775162
v 56.492664 4.749069 85.425903
v 58.611622 -2.983763 90.722099
v 58.514927 -1.691918 88.822258
v 58.917835 -1.691918 90.669731
v 58.210804 -2.983763 88.884415
v 58.044010 -1.691918 86.984741
v 58.802555 2.269093 90.689575
v 58.022816 3.540444 88.921906
v 58.422321 3.540444 90.753685
v 58.400440 2.269093 88.845818
v 57.555851 3.540444 87.099709
v 57.020496 4.749069 87.221123
v 48.429478 9.166965 78.015030
v 50.829990 8.556330 80.448395
v 53.032917 7.794424 83.045052
v 54.996342 6.895203 85.797592
v 56.334431 5.873853 87.372467
v 57.483112 4.749069 89.027145
v 58.177387 -0.370276 86.952003
v 47.254047 7.794424 71.624878
v 49.786304 6.895203 73.999252
v 52.104191 5.873853 76.555511
v 54.168903 4.749069 79.283279
v 55.943363 3.540444 82.167786
v 57.394184 2.269093 85.189499
v 58.139133 0.957867 86.961464
v 58.649387 -0.370276 88.793884
v 55.069035 -5.387367 82.440582
v 56.131855 -5.387367 85.517265
v 56.656330 -5.387367 87.301971
v 49.383701 4.749069 70.499947
v 46.904362 5.873853 68.068527
v 51.621021 3.540444 73.122650
v 53.580341 2.269093 75.922028
v 55.231586 0.957867 78.878799
v 56.547489 -0.370276 81.968567
v 57.506702 -1.691918 85.158791
v 57.742344 -2.983763 87.056450
v 57.741489 -4.222770 88.977135
v 55.374241 -6.456846 85.705315
v 55.891621 -6.456846 87.468376
v 57.115986 -5.387367 89.097214
v 57.509251 -5.387367 90.901398
v 56.733036 -6.456846 91.022934
v 57.053959 -6.456846 92.811203
v 56.345081 -6.456846 89.241455
v 53.485783 -8.236699 86.159172
v 54.486988 -7.412282 85.920677
v 53.985523 -8.236699 87.870010
v 52.642857 -9.034973 88.145836
v 52.155552 -9.034973 86.470856
v 55.527851 -8.236699 96.522865
v 55.351917 -8.236699 94.784500
v 56.388050 -7.412282 94.689995
v 54.311314 8.556330 91.388596
v 55.382908 7.794424 91.228706
v 53.939915 8.556330 89.675438
v 55.696186 7.794424 92.977623
v 54.618534 8.556330 93.106941
v 55.942493 7.794424 94.730827
v 54.860065 8.556330 94.828865
v 56.664600 6.895203 92.859436
v 56.915180 6.895203 94.641220
v 57.760288 5.873853 94.561699
v 59.135181 2.269093 92.541588
v 49.742786 9.166965 80.813011
v 52.006794 8.556330 83.340340
v 54.056446 7.794424 86.023712
v 55.510197 6.895203 87.550034
v 56.791477 5.873853 89.158318
v 57.878910 4.749069 90.842354
v 58.752796 3.540444 92.593437
v 59.396687 2.269093 94.400246
v 59.014378 0.957867 90.652725
v 59.348194 0.957867 92.511787
v 59.610661 0.957867 94.377655
v 58.943165 -2.983763 92.567894
v 48.935444 7.794424 74.388779
v 46.339741 8.556330 72.090431
v 51.341846 6.895203 76.867508
v 53.517155 5.873853 79.519028
v 55.423008 4.749069 82.331543
v 57.023060 3.540444 85.288696
v 57.930454 2.269093 87.011917
v 58.610828 0.957867 88.802078
v 59.053211 -0.370276 90.645813
v 59.251102 -1.691918 92.525536
v 59.203815 -2.983763 94.420189
v 58.139057 -4.222770 90.800224
v 58.467930 -4.222770 92.631081
v 58.726490 -4.222770 94.468094
v 57.834553 -5.387367 92.712906
v 58.090321 -5.387367 94.530136
v 54.996082 -7.412282 87.658958
v 55.442280 -7.412282 89.406647
v 55.824024 -7.412282 91.162117
v 56.139790 -7.412282 92.923767
v 57.306263 -6.456846 94.604652
v 54.423512 -8.236699 89.589569
v 54.798237 -8.236699 91.316246
v 55.108219 -8.236699 93.048431
v 53.435368 -9.034973 91.517685
v 53.737629 -9.034973 93.211349
v 59.800129 0.957867 96.248718
v 50.894413 9.166965 83.656036
v 53.010517 8.556330 86.271118
v 54.561527 7.794424 87.750137
v 55.960560 6.895203 89.312233
v 57.182514 5.873853 90.952881
v 58.206303 4.749069 92.665154
v 59.012623 3.540444 94.439560
v 59.585484 2.269093 96.263939
v 59.914997 0.957867 98.123367
v 58.913151 -4.222770 96.309654
v 58.274952 -5.387367 96.351463
v 57.488407 -6.456846 96.401672
v 56.567280 -7.412282 96.459183
v 56.120304 7.794424 96.486694
v 55.034443 8.556330 96.552757
v 56.228107 7.794424 98.243622
v 57.205769 6.895203 98.213112
v 57.096088 6.895203 96.426315
v 55.140156 8.556330 98.277000
v 59.387257 -0.370276 92.506195
v 59.649876 -0.370276 94.373413
v 59.839481 -0.370276 96.245865
v 59.954426 -0.370276 98.121925
v 59.513126 -1.691918 94.388077
v 59.702290 -1.691918 96.255745
v 59.816975 -1.691918 98.126915
v 58.386906 -5.387367 98.175285
v 57.598835 -6.456846 98.200661
v 56.675953 -7.412282 98.229721
v 55.634525 -8.236699 98.261894
v 59.026325 -4.222770 98.154160
v 59.506092 -2.983763 98.137856
v 59.392002 -2.983763 96.277382
v 58.762196 4.749069 98.162956
v 59.313908 3.540444 98.144447
v 58.649540 4.749069 96.327065
v 57.943882 5.873853 96.372734
v 58.055180 5.873853 98.186035
v 52.786198 9.166965 89.878319
v 53.149647 9.166965 91.559540
v 52.361378 9.166965 88.203148
v 59.699940 2.269093 98.131065
v 59.200184 3.540444 96.290428
v 58.463718 4.749069 94.493927
v 57.505970 5.873853 92.754547
v 56.345875 6.895203 91.082565
v 55.004185 7.794424 89.485672
v 53.505817 8.556330 87.969078
v 51.876682 9.166965 86.535622
v 44.878223 5.873853 65.402168
v 45.423954 4.749069 65.029312
v 45.849628 3.540444 64.729980
v 46.147221 2.269093 64.513260
v 46.312641 0.957867 64.388260
v 46.342289 -0.370276 64.363998
v 46.235233 -1.691918 64.443436
v 45.994114 -2.983763 64.618637
v 45.622486 -4.222770 64.880524
v 45.127460 -5.387367 65.219994
v 53.096485 -6.456846 79.668442
v 54.325748 -6.456846 82.665031
v 51.694630 -6.456846 76.724037
v 50.128391 -6.456846 73.840302
v 48.406010 -6.456846 71.025726
v 46.535679 -6.456846 68.288803
v 45.790043 -7.412282 68.726486
v 46.755192 -8.236699 71.879776
v 47.214634 -9.034973 75.159027
v 53.069950 -9.034973 89.828644
v -56.441250 -7.412282 95.148727
v -56.644039 -7.412282 97.574043
v -57.566402 -6.456846 97.534386
v -55.404110 -8.236699 95.235306
v -55.077084 -8.236699 92.856155
v -55.109097 8.556330 97.638588
v -55.995266 7.794424 95.186134
v -56.196438 7.794424 97.593025
v -54.911800 8.556330 95.275948
v -55.664700 7.794424 92.783478
v -54.587673 8.556330 92.916214
v -55.208736 7.794424 90.389191
v -54.140499 8.556330 90.563538
v -54.631222 7.794424 88.007408
v -56.006893 -5.387367 85.123100
v -56.620266 -4.222770 84.962608
v -55.167019 -5.387367 82.701675
v -57.349972 -4.222770 87.432190
v -56.728725 -5.387367 87.568016
v -58.993069 -4.222770 97.470917
v -58.145107 -5.387367 95.002289
v -58.354000 -5.387367 97.499748
v -58.781887 -4.222770 94.945450
v -57.801876 -5.387367 92.511749
v -58.434872 -4.222770 92.427750
v -57.328396 -5.387367 90.032280
v -57.956203 -4.222770 89.921951
v -55.581112 6.895203 87.811226
v -54.873928 6.895203 85.410477
v -56.968868 6.895203 95.104050
v -57.173550 6.895203 97.551376
v -56.632565 6.895203 92.662155
v -56.168667 6.895203 90.229828
v -51.761196 9.166965 86.167061
v -52.892513 8.556330 85.895905
v -52.428280 9.166965 88.451538
v -52.099331 8.556330 83.589233
v -53.127285 7.794424 83.297943
v -57.360317 -6.456846 95.070549
v -57.021725 -6.456846 92.612640
v -56.554623 -6.456846 90.164803
v -55.963039 -6.456846 87.731171
v -55.250973 -6.456846 85.315880
v -54.422421 -6.456846 82.923080
v -55.771175 -4.222770 82.517357
v -56.108059 -7.412282 92.728195
v -55.648464 -7.412282 90.316574
v -55.066341 -7.412282 87.918015
v -54.365688 -7.412282 85.536652
v -53.550411 -7.412282 83.176636
v -54.625912 -8.236699 90.484650
v -54.054501 -8.236699 88.124931
v -53.366726 -8.236699 85.781143
v -52.566433 -8.236699 83.457428
v -52.710201 -9.034935 88.395332
v -52.039516 -9.034935 86.100647
v -51.259121 -9.034935 83.824371
v -52.208675 7.794424 80.978546
v -50.984982 9.166965 83.900642
v -51.198483 8.556330 81.306168
v -51.184139 7.794424 78.688217
v -53.116421 6.895203 80.679100
v -52.074093 6.895203 78.356766
v -59.280514 3.540444 97.457657
v -59.452694 2.269093 94.883301
v -59.666317 2.269093 97.439384
v -59.068264 3.540444 94.919312
v -59.101742 2.269093 92.335892
v -58.719601 3.540444 92.389114
v -58.617611 2.269093 89.801292
v -58.238583 3.540444 89.871201
v -58.004452 2.269093 87.283646
v -57.629391 3.540444 87.369713
v -57.266415 2.269093 84.787102
v -56.896114 3.540444 84.888794
v -56.407650 2.269093 82.315781
v -56.042904 3.540444 82.432579
v -55.432308 2.269093 79.873848
v -55.073879 3.540444 80.005211
v -54.344540 2.269093 77.465424
v -53.993130 3.540444 77.610840
v -53.148495 2.269093 75.094666
v -52.804836 3.540444 75.253586
v -52.431911 -6.456846 78.221512
v -53.149288 -5.387367 77.945862
v -51.277981 -6.456846 75.921021
v -54.213131 -5.387367 80.307884
v -50.456356 -7.412282 76.266037
v -50.057674 7.794424 76.431107
v -49.089108 8.556330 76.827454
v -48.833126 7.794424 74.211349
v -48.039150 9.166965 77.251205
v -46.863949 9.166965 75.098465
v -47.888241 8.556330 74.640091
v -49.682186 6.895203 73.819489
v -50.928036 6.895203 76.068848
v -51.848324 2.269093 72.765701
v -51.513088 3.540444 72.937607
v -51.979549 -5.387367 75.619751
v -50.707973 -5.387367 73.333702
v -50.023556 -6.456846 73.659576
v -49.222042 -7.412282 74.032791
v -48.317593 -8.236699 74.446091
v -47.012814 -8.236699 72.284843
v -48.340542 6.895203 71.612831
v -47.514400 7.794424 72.033089
v -46.907101 6.895203 69.453018
v -50.448208 2.269093 70.482681
v -50.122005 3.540444 70.667046
v -48.672726 -6.456846 71.441338
v -49.338650 -5.387367 71.091843
v -50.419888 5.873853 73.471748
v -51.684231 5.873853 75.747375
v -49.058346 5.873853 71.239891
v -47.603603 5.873853 69.055946
v -48.952267 2.269093 68.249733
v -48.635708 3.540444 68.446030
v -47.229397 -6.456846 69.270424
v -47.875607 -5.387367 68.898315
v -46.842556 5.873853 67.983231
v -46.105434 7.794424 69.900467
v -46.157192 6.895203 68.391968
v -46.059719 5.873853 66.924049
v -48.169643 2.269093 67.153336
v -47.858181 3.540444 67.355400
v -46.474331 -6.456846 68.204010
v -47.110195 -5.387367 67.820969
v -47.892849 -7.412282 71.841591
v -46.472652 -7.412282 69.696579
v -45.729702 -7.412282 68.642685
v -45.697659 -6.456846 67.150986
v -51.033932 4.749069 73.175377
v -52.313656 4.749069 75.473389
v -49.655788 4.749069 70.922043
v -48.183346 4.749069 68.717529
v -47.413021 4.749069 67.634872
v -46.620663 4.749069 66.565979
v -45.385799 6.895203 67.344185
v -47.364651 2.269093 66.071014
v -47.058376 3.540444 66.278717
v -46.322903 -5.387367 66.757263
v -44.899899 -6.456846 66.111862
v -45.806759 4.749069 65.511353
v -46.537746 2.269093 65.003281
v -46.236843 3.540444 65.216476
v -45.689510 2.269093 63.950657
v -45.394070 3.540444 64.169228
v -44.820431 2.269093 62.913658
v -59.666866 0.957867 94.862602
v -59.881252 0.957867 97.428886
v -59.314663 0.957867 92.305298
v -58.828793 0.957867 89.761108
v -58.213406 0.957867 87.234177
v -57.472713 0.957867 84.728645
v -56.610867 0.957867 82.248650
v -55.631985 0.957867 79.798340
v -54.540310 0.957867 77.381844
v -53.339962 0.957867 75.003311
v -52.035122 0.957867 72.666885
v -50.629940 0.957867 70.376701
v -49.128597 0.957867 68.136902
v -48.343166 0.957867 67.037186
v -47.535275 0.957867 65.951630
v -46.705410 0.957867 64.880737
v -45.854092 0.957867 63.825024
v -44.981869 0.957867 62.785011
v -59.706142 -0.370276 94.858719
v -59.920650 -0.370276 97.426918
v -59.353695 -0.370276 92.299561
v -58.867489 -0.370276 89.753578
v -58.251736 -0.370276 87.224907
v -57.510525 -0.370276 84.717690
v -56.648098 -0.370276 82.236069
v -55.668606 -0.370276 79.784180
v -54.576199 -0.370276 77.366180
v -53.375057 -0.370276 74.986191
v -52.069363 -0.370276 72.648361
v -50.663265 -0.370276 70.356834
v -49.160915 -0.370276 68.115753
v -48.374966 -0.370276 67.015419
v -47.566555 -0.370276 65.929245
v -46.736141 -0.370276 64.857758
v -45.884274 -0.370276 63.801472
v -45.011471 -0.370276 62.760895
v -59.569271 -1.691918 94.872154
v -59.783291 -1.691918 97.433731
v -59.217617 -1.691918 92.319412
v -58.732540 -1.691918 89.779648
v -58.118191 -1.691918 87.257004
v -57.378689 -1.691918 84.755615
v -56.518246 -1.691918 82.279633
v -55.540981 -1.691918 79.833176
v -54.451077 -1.691918 77.420410
v -53.252682 -1.691918 75.045464
v -51.949978 -1.691918 72.712479
v -50.547115 -1.691918 70.425598
v -49.048214 -1.691918 68.188965
v -48.264065 -1.691918 67.090782
v -47.457485 -1.691918 66.006714
v -46.628994 -1.691918 64.937279
v -45.779079 -1.691918 63.882996
v -44.908291 -1.691918 62.844372
v -45.255611 5.873853 65.878922
v -45.368343 7.794424 68.852570
v -46.595058 8.556330 72.492905
v -49.120205 9.166965 79.438576
v -50.103390 9.166965 81.656433
v -50.193783 8.556330 79.050865
v -54.051022 6.895203 83.031723
v -53.936123 7.794424 85.642281
v -53.574184 8.556330 88.222054
v -52.982510 9.166965 90.749947
v -52.847317 5.873853 78.062630
v -53.905117 5.873853 80.413376
v -54.853603 5.873853 82.795471
v -55.688717 5.873853 85.204765
v -56.406429 5.873853 87.637131
v -57.002682 5.873853 90.088417
v -57.473476 5.873853 92.554489
v -57.814754 5.873853 95.031204
v -58.022488 5.873853 97.514420
v -53.490932 4.749069 77.811951
v -54.561611 4.749069 80.186905
v -55.521633 4.749069 82.594116
v -56.366909 4.749069 85.029442
v -57.093349 4.749069 87.488754
v -57.696896 4.749069 89.967896
v -58.173428 4.749069 92.462730
v -58.518856 4.749069 94.969124
v -58.729092 4.749069 97.482925
v -44.971828 4.749069 64.471527
v -44.674892 -2.983763 63.027195
v -45.541164 -2.983763 64.061531
v -46.386654 -2.983763 65.111435
v -47.210842 -2.983763 66.176376
v -48.013241 -2.983763 67.255844
v -48.793301 -2.983763 68.349312
v -50.284389 -2.983763 70.576202
v -51.679989 -2.983763 72.852905
v -52.975918 -2.983763 75.175285
v -54.168087 -2.983763 77.539192
v -55.252316 -2.983763 79.940491
v -56.224483 -2.983763 82.375031
v -57.080471 -2.983763 84.838684
v -57.816128 -2.983763 87.327309
v -58.427303 -2.983763 89.836754
v -58.909847 -2.983763 92.362892
v -59.259670 -2.983763 94.901573
v -59.472591 -2.983763 97.448654
v -55.603176 -8.236699 97.617973
v -53.707333 -9.034935 93.023376
v -53.267391 -9.034935 90.704292
v -50.372799 -9.034935 81.570648
v -49.384335 -9.034935 79.343620
v -51.657497 -8.236699 81.157921
v -50.643795 -8.236699 78.886772
v -52.624477 -7.412282 80.842102
v -48.297451 -9.034935 77.147423
v -51.591824 -7.412282 78.537186
v -53.481411 -6.456846 80.556908
v -49.529202 -8.236699 76.648117
v -47.115963 -9.034935 74.986198
v -45.514187 -5.387367 65.707710
v -44.684597 -5.387367 64.672829
v -54.806850 -4.222770 80.100571
v -53.731350 -4.222770 77.716385
v -52.548794 -4.222770 75.368942
v -51.263302 -4.222770 73.062393
v -49.878963 -4.222770 70.800873
v -48.399899 -4.222770 68.588516
v -47.626125 -4.222770 67.502075
v -46.830196 -4.222770 66.429474
v -46.012630 -4.222770 65.371239
v -45.173977 -4.222770 64.327881
v -44.530605 3.540444 63.137470
vn -0.0000 -0.0000 -1.0000
vn -0.0000 -0.0000 1.0000
vn -0.0000 -1.0000 -0.0000
vn -0.0000 1.0000 -0.0000
vn -0.7300 0.6806 0.0627
vn -0.8078 0.5853 0.0692
vn -0.8081 0.5849 0.0694
vn -0.7276 0.6782 0.1032
vn -0.7296 0.6811 0.0625
vn -0.8002 0.5788 0.1571
vn -0.8044 0.5831 0.1137
vn -0.8049 0.5824 0.1141
vn -0.9716 -0.2214 0.0833
vn -0.9303 -0.3579 0.0799
vn -0.9255 -0.3555 0.1309
vn -0.8673 -0.4824 0.1230
vn -0.2111 -0.9773 0.0181
vn -0.3468 -0.9375 0.0297
vn -0.2109 -0.9773 0.0182
vn -0.2111 -0.9770 0.0298
vn -0.8812 0.4666 0.0757
vn -0.8810 0.4671 0.0755
vn -0.8769 0.4643 0.1243
vn -0.8767 0.4649 0.1239
vn -0.8708 0.4609 0.1710
vn -0.8705 0.4618 0.1704
vn -0.7877 -0.5963 0.1547
vn -0.8618 -0.4783 0.1687
vn -0.8622 0.4561 0.2203
vn -0.6919 -0.7000 0.1769
vn -0.7822 -0.5903 0.1992
vn -0.5843 -0.7898 0.1864
vn -0.6875 -0.6926 0.2183
vn -0.4680 -0.8657 0.1776
vn -0.5819 -0.7830 0.2198
vn -0.2105 -0.9710 0.1136
vn -0.3424 -0.9276 0.1496
vn -0.4676 -0.8602 0.2033
vn -0.3431 -0.9242 0.1677
vn -0.2095 -0.9724 0.1030
vn -0.9931 -0.0807 0.0852
vn -0.9716 -0.2217 0.0834
vn -0.9659 -0.2200 0.1366
vn -0.9252 -0.3561 0.1311
vn -0.9183 -0.3526 0.1798
vn -0.8613 -0.4792 0.1691
vn -0.8536 -0.4735 0.2174
vn -0.7811 -0.5916 0.1996
vn -0.7739 -0.5837 0.2458
vn -0.6859 -0.6940 0.2187
vn -0.6809 -0.6857 0.2572
vn -0.5802 -0.7842 0.2201
vn -0.5776 -0.7767 0.2512
vn -0.4657 -0.8613 0.2034
vn -0.4652 -0.8555 0.2274
vn -0.3414 -0.9248 0.1677
vn -0.3423 -0.9213 0.1845
vn -0.2093 -0.9713 0.1134
vn -0.2103 -0.9698 0.1232
vn -0.9931 -0.0808 0.0852
vn -0.9869 -0.0802 0.1397
vn -0.9658 -0.2203 0.1368
vn -0.9577 -0.2180 0.1876
vn -0.9180 -0.3534 0.1802
vn -0.9083 -0.3486 0.2315
vn -0.8528 -0.4747 0.2178
vn -0.8427 -0.4672 0.2677
vn -0.7726 -0.5852 0.2462
vn -0.7645 -0.5763 0.2888
vn -0.6793 -0.6872 0.2575
vn -0.6739 -0.6783 0.2931
vn -0.5757 -0.7781 0.2513
vn -0.5730 -0.7702 0.2801
vn -0.4632 -0.8566 0.2274
vn -0.4628 -0.8506 0.2495
vn -0.3405 -0.9220 0.1844
vn -0.3413 -0.9184 0.1999
vn -0.2091 -0.9701 0.1231
vn -0.2101 -0.9687 0.1321
vn -0.9869 -0.0803 0.1397
vn -0.9782 -0.0794 0.1917
vn -0.9576 -0.2186 0.1879
vn -0.9463 -0.2154 0.2412
vn -0.9078 -0.3496 0.2318
vn -0.8951 -0.3434 0.2845
vn -0.8417 -0.4686 0.2681
vn -0.8305 -0.4602 0.3138
vn -0.7632 -0.5778 0.2891
vn -0.7545 -0.5684 0.3281
vn -0.6723 -0.6797 0.2933
vn -0.6666 -0.6705 0.3258
vn -0.5710 -0.7716 0.2802
vn -0.5683 -0.7636 0.3064
vn -0.4607 -0.8518 0.2494
vn -0.4603 -0.8459 0.2696
vn -0.3396 -0.9191 0.1997
vn -0.3404 -0.9157 0.2138
vn -0.2089 -0.9690 0.1318
vn -0.2105 -0.9669 0.1444
vn -0.9782 -0.0795 0.1918
vn -0.9660 -0.0783 0.2464
vn -0.9460 -0.2161 0.2415
vn -0.9314 -0.2119 0.2961
vn -0.8945 -0.3447 0.2848
vn -0.8805 -0.3378 0.3327
vn -0.8295 -0.4617 0.3141
vn -0.8176 -0.4529 0.3556
vn -0.7532 -0.5699 0.3284
vn -0.7442 -0.5602 0.3638
vn -0.6649 -0.6721 0.3260
vn -0.6591 -0.6627 0.3554
vn -0.5664 -0.7651 0.3064
vn -0.5636 -0.7572 0.3302
vn -0.4582 -0.8470 0.2694
vn -0.4577 -0.8413 0.2876
vn -0.3387 -0.9163 0.2136
vn -0.3398 -0.9112 0.2331
vn -0.2080 -0.9676 0.1432
vn -0.2099 -0.9651 0.1567
vn -0.9660 -0.0786 0.2465
vn -0.9501 -0.0769 0.3022
vn -0.9311 -0.2128 0.2964
vn -0.9149 -0.2081 0.3459
vn -0.8799 -0.3390 0.3331
vn -0.8650 -0.3318 0.3763
vn -0.8166 -0.4544 0.3559
vn -0.8044 -0.4453 0.3933
vn -0.7429 -0.5618 0.3640
vn -0.7338 -0.5521 0.3958
vn -0.6575 -0.6643 0.3555
vn -0.6518 -0.6552 0.3819
vn -0.5617 -0.7586 0.3301
vn -0.5590 -0.7511 0.3513
vn -0.4558 -0.8424 0.2873
vn -0.4551 -0.8340 0.3121
vn -0.3365 -0.9128 0.2315
vn -0.3379 -0.9068 0.2523
vn -0.2080 -0.9656 0.1557
vn -0.2093 -0.9640 0.1640
vn -0.9501 -0.0772 0.3023
vn -0.9327 -0.0755 0.3527
vn -0.9146 -0.2090 0.3461
vn -0.8976 -0.2041 0.3906
vn -0.8644 -0.3330 0.3766
vn -0.8494 -0.3257 0.4154
vn -0.8034 -0.4468 0.3935
vn -0.7913 -0.4379 0.4268
vn -0.7326 -0.5537 0.3960
vn -0.7238 -0.5443 0.4241
vn -0.6502 -0.6568 0.3819
vn -0.6448 -0.6481 0.4052
vn -0.5572 -0.7525 0.3511
vn -0.5533 -0.7415 0.3795
vn -0.4514 -0.8366 0.3105
vn -0.4505 -0.8270 0.3364
vn -0.3355 -0.9080 0.2510
vn -0.3364 -0.9041 0.2636
vn -0.2084 -0.9643 0.1635
vn -0.2088 -0.9637 0.1662
vn -0.9326 -0.0758 0.3528
vn -0.9144 -0.0739 0.3980
vn -0.8974 -0.2049 0.3908
vn -0.8801 -0.2001 0.4305
vn -0.8487 -0.3269 0.4156
vn -0.8339 -0.3197 0.4499
vn -0.7903 -0.4394 0.4270
vn -0.7785 -0.4309 0.4563
vn -0.7225 -0.5458 0.4243
vn -0.7142 -0.5371 0.4489
vn -0.6432 -0.6497 0.4052
vn -0.6354 -0.6373 0.4360
vn -0.5499 -0.7447 0.3781
vn -0.5455 -0.7324 0.4074
vn -0.4480 -0.8288 0.3351
vn -0.4475 -0.8227 0.3507
vn -0.3352 -0.9047 0.2630
vn -0.3355 -0.9034 0.2671
vn -0.2082 -0.9645 0.1623
vn -0.3163 0.9332 0.1705
vn -0.3174 0.9297 0.1870
vn -0.3156 0.9307 0.1849
vn -0.3167 0.9272 0.2000
vn -0.3149 0.9283 0.1978
vn -0.3164 0.9232 0.2180
vn -0.3131 0.9251 0.2148
vn -0.3149 0.9194 0.2358
vn -0.3125 0.9208 0.2334
vn -0.3136 0.9171 0.2461
vn -0.3125 0.9178 0.2449
vn -0.3129 0.9166 0.2490
vn -0.3129 0.9165 0.2491
vn -0.3124 0.9183 0.2431
vn -0.3140 0.9173 0.2448
vn -0.4957 0.8186 0.2902
vn -0.4944 0.8113 0.3119
vn -0.4928 0.8133 0.3095
vn -0.4909 0.8030 0.3379
vn -0.4878 0.8064 0.3345
vn -0.4857 0.7950 0.3635
vn -0.4836 0.7973 0.3611
vn -0.4823 0.7901 0.3783
vn -0.4813 0.7913 0.3771
vn -0.4808 0.7889 0.3827
vn -0.4809 0.7888 0.3828
vn -0.4815 0.7922 0.3749
vn -0.4829 0.7906 0.3766
vn -0.3153 0.9222 0.2239
vn -0.3134 0.9234 0.2216
vn -0.3144 0.9199 0.2342
vn -0.3129 0.9209 0.2323
vn -0.4885 0.8007 0.3469
vn -0.4868 0.8027 0.3445
vn -0.4856 0.7958 0.3617
vn -0.4842 0.7976 0.3598
vn -0.6534 0.6099 0.4484
vn -0.6433 0.5958 0.4809
vn -0.6420 0.5982 0.4795
vn -0.6357 0.5895 0.4984
vn -0.6351 0.5907 0.4978
vn -0.6330 0.5878 0.5039
vn -0.6330 0.5877 0.5039
vn -0.6359 0.5917 0.4955
vn -0.6367 0.5901 0.4964
vn -0.6428 0.5985 0.4782
vn -0.6435 0.5969 0.4792
vn -0.6929 0.5021 0.5175
vn -0.6843 0.4937 0.5366
vn -0.6839 0.4949 0.5360
vn -0.6811 0.4921 0.5422
vn -0.6811 0.4921 0.5421
vn -0.6850 0.4959 0.5337
vn -0.6856 0.4943 0.5345
vn -0.6938 0.5023 0.5161
vn -0.6942 0.5008 0.5169
vn -0.7261 0.3859 0.5691
vn -0.7226 0.3834 0.5752
vn -0.7275 0.3866 0.5668
vn -0.7278 0.3854 0.5673
vn -0.7380 0.3922 0.5490
vn -0.7383 0.3910 0.5496
vn -0.7788 0.1585 0.6070
vn -0.3210 0.9467 0.0275
vn -0.3213 0.9459 0.0458
vn -0.5156 0.8537 0.0728
vn -0.5152 0.8511 0.1015
vn -0.6463 0.7525 0.1265
vn -0.6440 0.7471 0.1646
vn -0.7183 0.6712 0.1830
vn -0.7130 0.6633 0.2272
vn -0.7839 0.5687 0.2490
vn -0.7750 0.5596 0.2936
vn -0.8378 0.4449 0.3165
vn -0.8250 0.4359 0.3596
vn -0.8705 0.3142 0.3788
vn -0.8547 0.3069 0.4186
vn -0.8835 0.1805 0.4322
vn -0.8661 0.1761 0.4678
vn -0.8787 0.0526 0.4744
vn -0.8614 0.0513 0.5054
vn -0.8604 -0.0697 0.5048
vn -0.8444 -0.0681 0.5314
vn -0.8309 -0.1897 0.5231
vn -0.8102 -0.1840 0.5565
vn -0.7853 -0.3034 0.5397
vn -0.7657 -0.2941 0.5720
vn -0.7315 -0.4072 0.5469
vn -0.7214 -0.3999 0.5654
vn -0.6767 -0.5105 0.5306
vn -0.6740 -0.5078 0.5365
vn -0.6144 -0.6191 0.4891
vn -0.6170 -0.6229 0.4810
vn -0.5413 -0.7274 0.4217
vn -0.5440 -0.7348 0.4052
vn -0.4502 -0.8278 0.3347
vn -0.9143 -0.0742 0.3981
vn -0.8959 -0.0724 0.4383
vn -0.8798 -0.2009 0.4307
vn -0.8629 -0.1961 0.4657
vn -0.8333 -0.3209 0.4502
vn -0.8190 -0.3141 0.4802
vn -0.7776 -0.4323 0.4565
vn -0.7666 -0.4243 0.4820
vn -0.7130 -0.5385 0.4490
vn -0.7012 -0.5261 0.4812
vn -0.6327 -0.6406 0.4350
vn -0.6241 -0.6270 0.4661
vn -0.5433 -0.7346 0.4063
vn -0.5405 -0.7269 0.4236
vn -0.4463 -0.8236 0.3500
vn -0.4461 -0.8216 0.3551
vn -0.3356 -0.9034 0.2671
vn -0.3351 -0.9052 0.2613
vn -0.2095 -0.9641 0.1631
vn -0.2083 -0.9657 0.1551
vn -0.6308 -0.6343 0.4469
vn -0.4507 -0.8333 0.3200
vn -0.2105 -0.9679 0.1376
vn -0.2101 -0.9758 0.0609
vn -0.2109 -0.9746 0.0748
vn -0.2111 -0.9756 0.0609
vn -0.2107 -0.9772 0.0271
vn -0.7331 -0.4064 0.5454
vn -0.0736 -0.9973 0.0001
vn -0.2198 -0.9755 0.0077
vn -0.3465 -0.9379 0.0166
vn -0.3602 -0.9328 0.0129
vn -0.4928 -0.8700 -0.0154
vn -0.4855 -0.8742 0.0116
vn -0.4339 -0.9007 0.0192
vn -0.4574 -0.8879 0.0487
vn -0.3467 -0.9370 0.0415
vn -0.2109 -0.9775 0.0101
vn -0.2112 -0.9771 0.0270
vn -0.3422 -0.9386 0.0440
vn -0.3678 -0.9272 0.0704
vn -0.2111 -0.9764 0.0445
vn -0.2103 -0.9766 0.0441
vn -0.3108 -0.9482 0.0655
vn -0.3004 -0.9498 0.0870
vn -0.4065 -0.9037 0.1344
vn -0.2521 -0.9635 0.0896
vn -0.3385 -0.9099 0.2397
vn -0.3373 -0.9150 0.2214
vn -0.3404 -0.9135 0.2226
vn -0.3389 -0.9199 0.1975
vn -0.3484 -0.9153 0.2022
vn -0.3207 0.9461 0.0453
vn -0.3211 0.9449 0.0634
vn -0.5143 0.8517 0.1006
vn -0.5137 0.8478 0.1317
vn -0.6426 0.7485 0.1637
vn -0.6394 0.7414 0.2038
vn -0.7118 0.6650 0.2261
vn -0.7057 0.6562 0.2673
vn -0.7741 0.5615 0.2924
vn -0.7646 0.5517 0.3333
vn -0.8245 0.4378 0.3586
vn -0.8114 0.4286 0.3974
vn -0.8546 0.3083 0.4179
vn -0.8389 0.3013 0.4532
vn -0.8661 0.1768 0.4675
vn -0.8495 0.1727 0.4985
vn -0.8614 0.0515 0.5053
vn -0.8453 0.0503 0.5320
vn -0.8443 -0.0684 0.5314
vn -0.8224 -0.0663 0.5650
vn -0.8099 -0.1853 0.5565
vn -0.7881 -0.1793 0.5889
vn -0.7652 -0.2955 0.5720
vn -0.7532 -0.2898 0.5904
vn -0.7210 -0.4008 0.5653
vn -0.7176 -0.3984 0.5712
vn -0.6740 -0.5077 0.5365
vn -0.6777 -0.5115 0.5283
vn -0.6181 -0.6214 0.4815
vn -0.6232 -0.6295 0.4641
vn -0.5455 -0.7334 0.4056
vn -0.5480 -0.7405 0.3890
vn -0.4528 -0.8320 0.3207
vn -0.4535 -0.8402 0.2973
vn -0.4545 -0.8393 0.2982
vn -0.4551 -0.8466 0.2761
vn -0.7991 0.0526 0.5989
vn -0.7904 0.1614 0.5910
vn -0.7896 0.1538 0.5940
vn -0.7780 0.2482 0.5772
vn -0.7529 0.2718 0.5993
vn -0.7585 0.2743 0.5911
vn -0.7587 0.2734 0.5913
vn -0.7685 0.2777 0.5765
vn -0.7624 0.3112 0.5674
vn -0.7725 0.3289 0.5432
vn -0.7366 0.3898 0.5528
vn -0.7322 0.4362 0.5231
vn -0.6977 0.5042 0.5089
vn -0.6883 0.5350 0.4900
vn -0.6490 0.6045 0.4619
vn -0.6466 0.6095 0.4588
vn -0.6504 0.6131 0.4484
vn -0.6035 0.7014 0.3793
vn -0.5973 0.6890 0.4105
vn -0.5947 0.6927 0.4081
vn -0.5879 0.6791 0.4395
vn -0.5862 0.6816 0.4378
vn -0.5819 0.6731 0.4563
vn -0.5812 0.6744 0.4555
vn -0.5797 0.6715 0.4615
vn -0.5817 0.6754 0.4532
vn -0.5829 0.6736 0.4544
vn -0.5870 0.6818 0.4366
vn -0.5880 0.6801 0.4378
vn -0.5920 0.6882 0.4195
vn -0.5933 0.6861 0.4211
vn -0.5969 0.6933 0.4038
vn -0.5981 0.6906 0.4066
vn -0.3138 0.9271 0.2049
vn -0.4578 0.8368 0.3003
vn -0.4897 0.8078 0.3282
vn -0.5242 0.7791 0.3437
vn -0.3188 0.9287 0.1896
vn -0.2950 0.9401 0.1708
vn -0.2822 0.9484 0.1445
vn -0.2769 0.9498 0.1457
vn -0.2587 0.9585 0.1197
vn -0.2801 0.9527 0.1182
vn -0.2637 0.9585 0.1083
vn -0.2447 0.9657 0.0871
vn -0.2835 0.9551 0.0856
vn -0.4600 0.8865 0.0489
vn -0.4322 0.9015 0.0196
vn -0.4861 0.8738 0.0115
vn -0.4933 0.8697 -0.0154
vn -0.2193 0.9756 0.0040
vn -0.0742 0.9972 0.0001
vn -0.0742 0.9972 0.0004
vn -0.0747 0.9972 0.0024
vn -0.1034 0.9945 0.0176
vn -0.1103 0.9939 0.0081
vn -0.1106 0.9938 0.0112
vn -0.1125 0.9935 0.0143
vn -0.1103 0.9938 0.0156
vn -0.1105 0.9936 0.0230
vn -0.1101 0.9934 0.0313
vn -0.3597 0.9330 0.0153
vn -0.3212 0.9466 0.0267
vn -0.3213 0.9464 0.0341
vn -0.3139 0.9486 0.0403
vn -0.3239 0.9446 0.0537
vn -0.2736 0.9601 0.0577
vn -0.2724 0.9590 0.0789
vn -0.1106 0.9934 0.0317
vn -0.1098 0.9932 0.0387
vn -0.1091 0.9933 0.0389
vn -0.1108 0.9928 0.0450
vn -0.1084 0.9930 0.0460
vn -0.1110 0.9925 0.0508
vn -0.1083 0.9927 0.0529
vn -0.1105 0.9923 0.0560
vn -0.1088 0.9923 0.0595
vn -0.1132 0.9914 0.0650
vn -0.1087 0.9919 0.0653
vn -0.1107 0.9913 0.0717
vn -0.4500 0.8516 0.2688
vn -0.3152 0.9308 0.1854
vn -0.3168 0.9254 0.2079
vn -0.1116 0.9911 0.0726
vn -0.1072 0.9914 0.0756
vn -0.1066 0.9914 0.0754
vn -0.1102 0.9906 0.0817
vn -0.1072 0.9909 0.0819
vn -0.1112 0.9900 0.0865
vn -0.1084 0.9904 0.0859
vn -0.1093 0.9902 0.0870
vn -0.1099 0.9901 0.0870
vn -0.1082 0.9905 0.0850
vn -0.1111 0.9902 0.0847
vn -0.1076 0.9909 0.0807
vn -0.1119 0.9906 0.0788
vn -0.1076 0.9914 0.0743
vn -0.1106 0.9913 0.0712
vn -0.1091 0.9916 0.0691
vn -0.1104 0.9917 0.0658
vn -0.1096 0.9919 0.0648
vn -0.1099 0.9922 0.0596
vn -0.1105 0.9920 0.0602
vn -0.8001 -0.0419 0.5984
vn -0.7982 0.0477 0.6005
vn -0.7879 0.0469 0.6140
vn -0.7788 0.1589 0.6069
vn -0.7726 0.1574 0.6150
vn -0.7529 0.2719 0.5993
vn -0.7570 0.2737 0.5934
vn -0.7263 0.3849 0.5695
vn -0.7370 0.3921 0.5506
vn -0.6937 0.4999 0.5186
vn -0.7075 0.5134 0.4856
vn -0.6554 0.6063 0.4504
vn -0.6647 0.6193 0.4179
vn -0.6048 0.6993 0.3809
vn -0.6091 0.7082 0.3570
vn -0.4974 0.8167 0.2926
vn -0.4987 0.8241 0.2687
vn -0.3181 0.9322 0.1726
vn -0.3170 0.9357 0.1550
vn -0.1094 0.9925 0.0541
vn -0.1112 0.9923 0.0537
vn -0.7960 -0.1315 0.5908
vn -0.7957 -0.0643 0.6023
vn -0.7872 -0.0635 0.6135
vn -0.7879 0.0472 0.6140
vn -0.7815 0.0467 0.6221
vn -0.7726 0.1575 0.6150
vn -0.7770 0.1585 0.6091
vn -0.7571 0.2730 0.5936
vn -0.7694 0.2784 0.5749
vn -0.7375 0.3901 0.5513
vn -0.7549 0.4019 0.5182
vn -0.7089 0.5099 0.4872
vn -0.7218 0.5226 0.4537
vn -0.6657 0.6173 0.4192
vn -0.6723 0.6267 0.3940
vn -0.6106 0.7061 0.3586
vn -0.6150 0.7153 0.3318
vn -0.5004 0.8223 0.2711
vn -0.5017 0.8296 0.2451
vn -0.3187 0.9348 0.1569
vn -0.3177 0.9381 0.1382
vn -0.1090 0.9929 0.0480
vn -0.1117 0.9926 0.0468
vn -0.7823 -0.2266 0.5802
vn -0.7852 -0.1793 0.5928
vn -0.7764 -0.1768 0.6050
vn -0.7871 -0.0637 0.6135
vn -0.7808 -0.0631 0.6215
vn -0.7861 0.0470 0.6163
vn -0.7771 0.1582 0.6092
vn -0.7905 0.1615 0.5907
vn -0.7696 0.2770 0.5753
vn -0.7899 0.2860 0.5424
vn -0.7557 0.3988 0.5194
vn -0.7721 0.4100 0.4855
vn -0.7225 0.5206 0.4549
vn -0.7317 0.5299 0.4288
vn -0.6735 0.6246 0.3954
vn -0.6804 0.6344 0.3670
vn -0.6165 0.7133 0.3333
vn -0.6210 0.7226 0.3037
vn -0.5034 0.8279 0.2473
vn -0.5046 0.8350 0.2193
vn -0.3194 0.9372 0.1399
vn -0.3184 0.9403 0.1203
vn -0.1088 0.9932 0.0416
vn -0.1121 0.9929 0.0392
vn -0.7002 -0.5089 0.5006
vn -0.7361 -0.4144 0.5352
vn -0.7351 -0.4078 0.5415
vn -0.7682 -0.3152 0.5572
vn -0.7621 -0.3120 0.5673
vn -0.7644 -0.2948 0.5734
vn -0.7548 -0.2902 0.5882
vn -0.7762 -0.1774 0.6050
vn -0.7702 -0.1757 0.6131
vn -0.7854 -0.0635 0.6157
vn -0.7861 0.0469 0.6163
vn -0.8001 0.0479 0.5979
vn -0.7906 0.1608 0.5909
vn -0.8128 0.1663 0.5583
vn -0.7903 0.2836 0.5431
vn -0.8095 0.2923 0.5092
vn -0.7725 0.4082 0.4864
vn -0.7844 0.4163 0.4598
vn -0.7325 0.5278 0.4300
vn -0.7422 0.5376 0.4003
vn -0.6815 0.6324 0.3683
vn -0.6885 0.6424 0.3366
vn -0.6226 0.7206 0.3052
vn -0.6269 0.7298 0.2727
vn -0.5063 0.8335 0.2214
vn -0.5074 0.8402 0.1915
vn -0.3199 0.9396 0.1218
vn -0.3191 0.9423 0.1013
vn -0.1089 0.9934 0.0351
vn -0.1120 0.9932 0.0311
vn -0.6178 -0.6665 0.4174
vn -0.6297 -0.6325 0.4509
vn -0.7115 -0.5423 0.4467
vn -0.6670 -0.5757 0.4730
vn -0.6919 -0.5221 0.4987
vn -0.6869 -0.5169 0.5109
vn -0.7326 -0.4074 0.5454
vn -0.7228 -0.4004 0.5632
vn -0.7545 -0.2912 0.5881
vn -0.7491 -0.2886 0.5963
vn -0.7702 -0.1758 0.6131
vn -0.7745 -0.1769 0.6073
vn -0.7854 -0.0634 0.6157
vn -0.7993 -0.0648 0.5974
vn -0.8001 0.0477 0.5980
vn -0.8232 0.0493 0.5656
vn -0.8129 0.1650 0.5586
vn -0.8341 0.1703 0.5247
vn -0.8096 0.2909 0.5098
vn -0.8237 0.2972 0.4829
vn -0.7848 0.4146 0.4607
vn -0.7974 0.4233 0.4301
vn -0.7430 0.5355 0.4015
vn -0.7529 0.5456 0.3681
vn -0.6897 0.6404 0.3380
vn -0.6966 0.6503 0.3030
vn -0.6285 0.7279 0.2741
vn -0.6325 0.7367 0.2390
vn -0.5090 0.8387 0.1934
vn -0.5100 0.8448 0.1618
vn -0.3205 0.9417 0.1026
vn -0.3197 0.9440 0.0814
vn -0.1093 0.9936 0.0282
vn -0.1117 0.9935 0.0225
vn -0.5407 -0.7629 0.3544
vn -0.5524 -0.7460 0.3719
vn -0.5498 -0.7389 0.3895
vn -0.6293 -0.6360 0.4466
vn -0.6243 -0.6282 0.4643
vn -0.6861 -0.5180 0.5108
vn -0.6785 -0.5101 0.5286
vn -0.7223 -0.4017 0.5630
vn -0.7177 -0.3983 0.5712
vn -0.7530 -0.2905 0.5904
vn -0.7747 -0.1765 0.6073
vn -0.7879 -0.1801 0.5889
vn -0.7994 -0.0645 0.5974
vn -0.8224 -0.0667 0.5650
vn -0.8232 0.0490 0.5656
vn -0.8453 0.0506 0.5319
vn -0.8340 0.1695 0.5250
vn -0.8495 0.1734 0.4982
vn -0.8238 0.2959 0.4836
vn -0.8388 0.3026 0.4526
vn -0.7979 0.4214 0.4311
vn -0.8109 0.4304 0.3965
vn -0.7537 0.5436 0.3693
vn -0.7637 0.5536 0.3321
vn -0.6979 0.6484 0.3043
vn -0.7045 0.6579 0.2662
vn -0.6341 0.7349 0.2403
vn -0.6379 0.7430 0.2027
vn -0.5115 0.8436 0.1635
vn -0.5124 0.8488 0.1304
vn -0.3209 0.9435 0.0824
vn -0.3203 0.9452 0.0627
vn -0.1111 0.9936 0.0220
vn -0.1099 0.9938 0.0157
vn -0.1126 0.9935 0.0138
vn -0.1094 0.9939 0.0095
vn -0.1176 0.9931 -0.0038
vn -0.0985 0.9951 0.0041
vn -0.6340 0.7726 0.0323
vn -0.6512 0.7568 0.0560
vn -0.6518 0.7580 0.0231
vn -0.7309 0.6822 0.0175
vn -0.7724 0.6341 0.0364
vn -0.8097 0.5866 0.0162
vn -0.8816 0.4709 0.0324
vn -0.8832 0.4680 0.0308
vn -0.9015 0.3240 0.2871
vn -0.9147 0.3300 0.2331
vn -0.9150 0.3290 0.2337
vn -0.9251 0.3336 0.1812
vn -0.9253 0.3329 0.1816
vn -0.9325 0.3361 0.1319
vn -0.9327 0.3356 0.1322
vn -0.9377 0.3379 0.0803
vn -0.9379 0.3375 0.0806
vn -0.9406 0.3388 0.0225
vn -0.9560 0.2905 0.0422
vn -0.9188 0.1871 0.3476
vn -0.9354 0.1914 0.2974
vn -0.9354 0.1905 0.2977
vn -0.9505 0.1944 0.2423
vn -0.9506 0.1938 0.2426
vn -0.9622 0.1967 0.1885
vn -0.9622 0.1963 0.1887
vn -0.9704 0.1985 0.1373
vn -0.9705 0.1980 0.1375
vn -0.9763 0.1996 0.0837
vn -0.9763 0.1993 0.0838
vn -0.9796 0.2002 0.0201
vn -0.9943 0.0974 0.0421
vn -0.9155 0.0546 0.3986
vn -0.9339 0.0560 0.3531
vn -0.9339 0.0558 0.3532
vn -0.9514 0.0571 0.3026
vn -0.9514 0.0568 0.3027
vn -0.9673 0.0580 0.2467
vn -0.9673 0.0579 0.2468
vn -0.9796 0.0588 0.1920
vn -0.9796 0.0586 0.1921
vn -0.9884 0.0593 0.1399
vn -0.9884 0.0592 0.1399
vn -0.9946 0.0597 0.0853
vn -0.9946 0.0596 0.0853
vn -0.9979 0.0598 0.0265
vn -0.9962 -0.0810 0.0313
vn -0.9945 -0.0975 0.0393
vn -0.9748 -0.2223 0.0212
vn -0.4715 -0.8816 0.0224
vn -0.3466 -0.9380 0.0042
vn -0.2898 -0.9568 0.0240
vn -0.2109 -0.9775 -0.0016
vn -0.0985 -0.9950 0.0157
vn -0.0732 -0.9973 0.0030
vn -0.0702 -0.9975 0.0061
vn -0.0734 -0.9973 0.0090
vn -0.0708 -0.9974 0.0101
vn -0.4763 -0.8791 0.0196
vn -0.4762 -0.8784 0.0407
vn -0.3464 -0.9376 0.0298
vn -0.3466 -0.9367 0.0490
vn -0.2108 -0.9771 0.0300
vn -0.2111 -0.9766 0.0413
vn -0.0718 -0.9973 0.0142
vn -0.0726 -0.9973 0.0146
vn -0.6339 -0.7727 0.0332
vn -0.5953 -0.8034 0.0130
vn -0.5949 -0.8022 0.0509
vn -0.4758 -0.8786 0.0409
vn -0.4756 -0.8771 0.0672
vn -0.3461 -0.9369 0.0492
vn -0.3464 -0.9356 0.0678
vn -0.2106 -0.9767 0.0415
vn -0.2112 -0.9760 0.0538
vn -0.0702 -0.9974 0.0180
vn -0.0730 -0.9971 0.0203
vn -0.7725 -0.6340 0.0359
vn -0.7034 -0.7107 0.0122
vn -0.7025 -0.7091 0.0601
vn -0.5945 -0.8025 0.0511
vn -0.5938 -0.8003 0.0839
vn -0.4749 -0.8774 0.0675
vn -0.4748 -0.8752 0.0929
vn -0.3457 -0.9359 0.0680
vn -0.3461 -0.9341 0.0881
vn -0.2103 -0.9761 0.0539
vn -0.2111 -0.9752 0.0671
vn -0.0699 -0.9973 0.0224
vn -0.0730 -0.9970 0.0256
vn -0.7974 -0.6032 0.0199
vn -0.7959 -0.6016 0.0681
vn -0.7021 -0.7095 0.0604
vn -0.7005 -0.7068 0.0990
vn -0.5930 -0.8008 0.0842
vn -0.5920 -0.7976 0.1158
vn -0.4739 -0.8757 0.0932
vn -0.4736 -0.8724 0.1206
vn -0.3449 -0.9345 0.0883
vn -0.3455 -0.9320 0.1097
vn -0.2101 -0.9754 0.0672
vn -0.2110 -0.9742 0.0797
vn -0.0699 -0.9972 0.0266
vn -0.0728 -0.9969 0.0304
vn -0.8815 -0.4709 0.0352
vn -0.8737 -0.4856 0.0269
vn -0.8718 -0.4841 0.0747
vn -0.7956 -0.6020 0.0684
vn -0.7929 -0.5990 0.1120
vn -0.6998 -0.7074 0.0993
vn -0.6974 -0.7035 0.1365
vn -0.5910 -0.7982 0.1162
vn -0.5895 -0.7937 0.1501
vn -0.4722 -0.8732 0.1209
vn -0.4719 -0.8688 0.1498
vn -0.3441 -0.9325 0.1099
vn -0.3448 -0.9296 0.1302
vn -0.2099 -0.9745 0.0798
vn -0.2108 -0.9732 0.0917
vn -0.0701 -0.9971 0.0308
vn -0.0722 -0.9968 0.0349
vn -0.9559 -0.2904 0.0427
vn -0.9332 -0.3589 0.0195
vn -0.9305 -0.3575 0.0797
vn -0.8715 -0.4847 0.0749
vn -0.8677 -0.4818 0.1226
vn -0.7923 -0.5997 0.1124
vn -0.7884 -0.5955 0.1543
vn -0.6965 -0.7043 0.1369
vn -0.6932 -0.6988 0.1765
vn -0.5880 -0.7947 0.1505
vn -0.5860 -0.7887 0.1861
vn -0.4702 -0.8697 0.1501
vn -0.4699 -0.8647 0.1774
vn -0.3432 -0.9302 0.1303
vn -0.3440 -0.9270 0.1496
vn -0.2097 -0.9735 0.0917
vn -0.2107 -0.9721 0.1030
vn -0.0706 -0.9969 0.0348
vn -0.0715 -0.9967 0.0388
vn -0.0712 -0.9967 0.0386
vn -0.0707 -0.9966 0.0417
vn -0.0717 -0.9965 0.0427
vn -0.0703 -0.9965 0.0444
vn -0.0719 -0.9963 0.0463
vn -0.0687 -0.9965 0.0474
vn -0.0735 -0.9960 0.0517
vn -0.0689 -0.9963 0.0516
vn -0.0726 -0.9958 0.0553
vn -0.0695 -0.9961 0.0546
vn -0.0713 -0.9959 0.0565
vn -0.0706 -0.9959 0.0562
vn -0.0698 -0.9960 0.0553
vn -0.0726 -0.9958 0.0565
vn -0.0686 -0.9963 0.0524
vn -0.0716 -0.9960 0.0531
vn -0.4715 0.8816 0.0234
vn -0.5170 0.8560 -0.0014
vn -0.5169 0.8549 0.0446
vn -0.6508 0.7572 0.0557
vn -0.6496 0.7546 0.0921
vn -0.7270 0.6789 0.1028
vn -0.7242 0.6747 0.1422
vn -0.7996 0.5798 0.1565
vn -0.7937 0.5736 0.2028
vn -0.8617 0.4575 0.2195
vn -0.8510 0.4499 0.2711
vn -0.9012 0.3253 0.2864
vn -0.8865 0.3185 0.3356
vn -0.9187 0.1879 0.3473
vn -0.9013 0.1834 0.3925
vn -0.9155 0.0548 0.3985
vn -0.8969 0.0535 0.4389
vn -0.8958 -0.0726 0.4384
vn -0.8778 -0.0709 0.4738
vn -0.8626 -0.1969 0.4659
vn -0.8465 -0.1924 0.4964
vn -0.8184 -0.3153 0.4804
vn -0.8051 -0.3089 0.5064
vn -0.7657 -0.4257 0.4822
vn -0.7503 -0.4146 0.5150
vn -0.6992 -0.5292 0.4806
vn -0.6864 -0.5158 0.5127
vn -0.6224 -0.6293 0.4654
vn -0.6171 -0.6208 0.4836
vn -0.5394 -0.7280 0.4231
vn -0.5385 -0.7254 0.4287
vn -0.4461 -0.8215 0.3551
vn -0.4464 -0.8244 0.3480
vn -0.3368 -0.9043 0.2622
vn -0.3359 -0.9080 0.2502
vn -0.2095 -0.9654 0.1556
vn -0.2084 -0.9668 0.1479
vn -0.0681 -0.9965 0.0481
vn -0.0683 -0.9965 0.0483
vn -0.2899 0.9570 0.0137
vn -0.3211 0.9470 -0.0043
vn -0.3214 0.9466 0.0277
vn -0.5165 0.8551 0.0442
vn -0.5162 0.8533 0.0734
vn -0.6489 0.7553 0.0917
vn -0.6473 0.7516 0.1271
vn -0.7235 0.6756 0.1416
vn -0.7195 0.6698 0.1838
vn -0.7928 0.5751 0.2019
vn -0.7849 0.5669 0.2501
vn -0.8503 0.4516 0.2702
vn -0.8384 0.4431 0.3174
vn -0.8863 0.3199 0.3349
vn -0.8708 0.3128 0.3794
vn -0.9012 0.1842 0.3922
vn -0.8835 0.1797 0.4325
vn -0.8969 0.0537 0.4389
vn -0.8787 0.0524 0.4745
vn -0.8777 -0.0711 0.4739
vn -0.8605 -0.0694 0.5048
vn -0.8462 -0.1932 0.4966
vn -0.8312 -0.1890 0.5229
vn -0.8045 -0.3100 0.5066
vn -0.7861 -0.3012 0.5398
vn -0.7489 -0.4173 0.5148
vn -0.7323 -0.4055 0.5471
vn -0.6852 -0.5178 0.5123
vn -0.6772 -0.5096 0.5308
vn -0.6162 -0.6219 0.4832
vn -0.6145 -0.6190 0.4891
vn -0.5399 -0.7290 0.4209
vn -0.4481 -0.8231 0.3490
vn -0.4486 -0.8289 0.3342
vn -0.3374 -0.9073 0.2508
vn -0.3366 -0.9108 0.2390
vn -0.2098 -0.9664 0.1484
vn -0.2082 -0.9685 0.1366
vn -0.0730 -0.9962 0.0477
vn -0.0719 -0.9963 0.0466
vn -0.0699 -0.9968 0.0382
vn -0.2094 -0.9719 0.1072
vn -0.0718 -0.9968 0.0365
vn -0.0695 -0.9970 0.0339
vn -0.2105 -0.9717 0.1073
vn -0.2096 -0.9730 0.0971
vn -0.0721 -0.9968 0.0331
vn -0.0696 -0.9971 0.0295
vn -0.2107 -0.9727 0.0971
vn -0.2098 -0.9739 0.0863
vn -0.0717 -0.9970 0.0293
vn -0.0702 -0.9972 0.0250
vn -0.0701 -0.9967 0.0421
vn -0.0746 -0.9963 0.0429
vn -0.2084 -0.9706 0.1207
vn -0.2108 -0.9699 0.1215
vn -0.3297 -0.9246 0.1909
vn -0.3139 -0.9357 0.1607
vn -0.3141 -0.9357 0.1608
vn -0.2863 -0.9489 0.1324
vn -0.3832 -0.9099 0.1588
vn -0.3533 -0.9242 0.1454
vn -0.2108 -0.9737 0.0862
vn -0.2100 -0.9748 0.0749
vn -0.0707 -0.9972 0.0250
vn -0.0717 -0.9972 0.0206
vn -0.0710 -0.9973 0.0202
vn -0.0714 -0.9973 0.0149
vn -0.0713 -0.9973 0.0149
vn -0.0711 -0.9974 0.0101
vn -0.0733 -0.9973 0.0093
vn -0.0714 -0.9974 0.0072
vn -0.0711 -0.9975 0.0052
vn -0.0743 -0.9972 0.0024
vn -0.0742 -0.9972 0.0024
vn -0.0737 -0.9973 0.0004
vn 0.3167 0.9257 0.2068
vn 0.3153 0.9304 0.1869
vn 0.2084 -0.9706 0.1207
vn 0.7384 0.3911 0.5493
vn 0.5455 -0.7334 0.4056
vn 0.5440 -0.7348 0.4052
vn 0.4502 -0.8278 0.3347
vn 0.5413 -0.7272 0.4220
vn 0.6244 -0.6281 0.4643
vn 0.6232 -0.6294 0.4641
vn 0.6180 -0.6213 0.4818
vn 0.5399 -0.7291 0.4206
vn 0.5385 -0.7254 0.4287
vn 0.3374 -0.9073 0.2508
vn 0.4486 -0.8289 0.3342
vn 0.4480 -0.8229 0.3493
vn 0.4464 -0.8246 0.3477
vn 0.4461 -0.8215 0.3551
vn 0.4463 -0.8237 0.3497
vn 0.6869 -0.5168 0.5109
vn 0.6861 -0.5180 0.5108
vn 0.6784 -0.5101 0.5288
vn 0.6170 -0.6230 0.4807
vn 0.6145 -0.6190 0.4891
vn 0.5395 -0.7281 0.4228
vn 0.4475 -0.8225 0.3510
vn 0.4480 -0.8291 0.3345
vn 0.2095 -0.9654 0.1556
vn 0.3360 -0.9080 0.2502
vn 0.3368 -0.9042 0.2625
vn 0.3351 -0.9053 0.2610
vn 0.3355 -0.9034 0.2671
vn 0.3352 -0.9048 0.2627
vn 0.3364 -0.9040 0.2639
vn 0.3355 -0.9081 0.2505
vn 0.3379 -0.9066 0.2528
vn 0.3364 -0.9130 0.2308
vn 0.7331 -0.4063 0.5454
vn 0.7325 -0.4074 0.5454
vn 0.7227 -0.4004 0.5634
vn 0.6778 -0.5116 0.5281
vn 0.6740 -0.5077 0.5365
vn 0.6144 -0.6191 0.4891
vn 0.6163 -0.6220 0.4830
vn 0.5405 -0.7268 0.4239
vn 0.5434 -0.7349 0.4058
vn 0.4505 -0.8267 0.3370
vn 0.4514 -0.8368 0.3097
vn 0.3398 -0.9110 0.2338
vn 0.3386 -0.9166 0.2127
vn 0.3130 0.9207 0.2331
vn 0.3139 0.9175 0.2443
vn 0.3124 0.9182 0.2436
vn 0.3129 0.9165 0.2491
vn 0.3129 0.9166 0.2491
vn 0.3126 0.9177 0.2453
vn 0.3136 0.9172 0.2458
vn 0.3126 0.9206 0.2341
vn 0.3148 0.9196 0.2350
vn 0.3132 0.9248 0.2158
vn 0.3163 0.9235 0.2170
vn 0.3150 0.9280 0.1990
vn 0.3166 0.9275 0.1989
vn 0.3157 0.9304 0.1860
vn 0.3173 0.9299 0.1858
vn 0.2083 -0.9657 0.1551
vn 0.2095 -0.9641 0.1633
vn 0.2082 -0.9646 0.1621
vn 0.2088 -0.9637 0.1662
vn 0.2083 -0.9643 0.1633
vn 0.2093 -0.9640 0.1642
vn 0.2080 -0.9657 0.1553
vn 0.2099 -0.9650 0.1571
vn 0.2079 -0.9677 0.1426
vn 0.2105 -0.9668 0.1449
vn 0.2088 -0.9691 0.1312
vn 0.2102 -0.9686 0.1326
vn 0.7224 -0.4016 0.5629
vn 0.7176 -0.3983 0.5712
vn 0.6740 -0.5078 0.5365
vn 0.6767 -0.5106 0.5304
vn 0.6170 -0.6207 0.4838
vn 0.6225 -0.6295 0.4649
vn 0.5455 -0.7322 0.4079
vn 0.5500 -0.7451 0.3773
vn 0.4550 -0.8337 0.3129
vn 0.4559 -0.8427 0.2864
vn 0.3404 -0.9154 0.2146
vn 0.3395 -0.9193 0.1989
vn 0.2092 -0.9713 0.1129
vn 0.2104 -0.9697 0.1238
vn 0.2090 -0.9702 0.1225
vn 0.3164 0.9330 0.1717
vn 0.3180 0.9325 0.1714
vn 0.3171 0.9355 0.1561
vn 0.6427 0.5983 0.4785
vn 0.6368 0.5902 0.4962
vn 0.6358 0.5916 0.4957
vn 0.6330 0.5877 0.5039
vn 0.6330 0.5878 0.5038
vn 0.6350 0.5906 0.4979
vn 0.6357 0.5896 0.4983
vn 0.6419 0.5981 0.4799
vn 0.6434 0.5960 0.4805
vn 0.6532 0.6097 0.4489
vn 0.6556 0.6065 0.4499
vn 0.6646 0.6191 0.4185
vn 0.6659 0.6176 0.4186
vn 0.6722 0.6264 0.3947
vn 0.6736 0.6248 0.3948
vn 0.6802 0.6342 0.3676
vn 0.6817 0.6325 0.3677
vn 0.6883 0.6422 0.3373
vn 0.6899 0.6405 0.3373
vn 0.6965 0.6501 0.3037
vn 0.6980 0.6485 0.3036
vn 0.7043 0.6578 0.2668
vn 0.7058 0.6563 0.2667
vn 0.7117 0.6649 0.2267
vn 0.7131 0.6634 0.2266
vn 0.7183 0.6711 0.1835
vn 0.7195 0.6699 0.1833
vn 0.8444 -0.0681 0.5314
vn 0.8604 -0.0697 0.5047
vn 0.8604 -0.0694 0.5048
vn 0.8777 -0.0711 0.4738
vn 0.8777 -0.0709 0.4739
vn 0.8959 -0.0726 0.4383
vn 0.8958 -0.0724 0.4384
vn 0.9144 -0.0742 0.3980
vn 0.9144 -0.0739 0.3981
vn 0.9327 -0.0758 0.3527
vn 0.9327 -0.0756 0.3528
vn 0.9501 -0.0772 0.3022
vn 0.9501 -0.0770 0.3023
vn 0.9660 -0.0786 0.2464
vn 0.9660 -0.0784 0.2465
vn 0.4736 -0.8724 0.1212
vn 0.7235 0.6756 0.1421
vn 0.7243 0.6748 0.1418
vn 0.9782 -0.0795 0.1917
vn 0.9782 -0.0794 0.1918
vn 0.4739 -0.8757 0.0927
vn 0.4748 -0.8752 0.0934
vn 0.3213 0.9459 0.0454
vn 0.7270 0.6788 0.1031
vn 0.7295 0.6811 0.0627
vn 0.7276 0.6782 0.1028
vn 0.9869 -0.0803 0.1397
vn 0.9931 -0.0808 0.0852
vn 0.9869 -0.0801 0.1397
vn 0.4749 -0.8775 0.0671
vn 0.4758 -0.8786 0.0407
vn 0.4757 -0.8770 0.0676
vn 0.3210 0.9467 0.0277
vn 0.3214 0.9466 0.0275
vn 0.6849 0.4958 0.5339
vn 0.6811 0.4921 0.5422
vn 0.6839 0.4948 0.5362
vn 0.6844 0.4939 0.5364
vn 0.6927 0.5020 0.5178
vn 0.6939 0.5000 0.5182
vn 0.7073 0.5132 0.4861
vn 0.7092 0.5101 0.4867
vn 0.7216 0.5224 0.4544
vn 0.7227 0.5209 0.4543
vn 0.7315 0.5296 0.4295
vn 0.7327 0.5281 0.4293
vn 0.7420 0.5373 0.4010
vn 0.7432 0.5358 0.4008
vn 0.7527 0.5454 0.3688
vn 0.7540 0.5438 0.3686
vn 0.7635 0.5534 0.3329
vn 0.7647 0.5519 0.3326
vn 0.7740 0.5613 0.2932
vn 0.7752 0.5598 0.2928
vn 0.7838 0.5686 0.2497
vn 0.7850 0.5671 0.2493
vn 0.7927 0.5750 0.2026
vn 0.7937 0.5737 0.2022
vn 0.7996 0.5797 0.1570
vn 0.8003 0.5789 0.1566
vn 0.8043 0.5831 0.1141
vn 0.8049 0.5824 0.1137
vn 0.8078 0.5853 0.0694
vn 0.8081 0.5849 0.0692
vn 0.7300 0.6806 0.0625
vn 0.7226 0.3835 0.5752
vn 0.7260 0.3858 0.5693
vn 0.7264 0.3849 0.5694
vn 0.7369 0.3920 0.5508
vn 0.7376 0.3902 0.5510
vn 0.7547 0.4018 0.5187
vn 0.7560 0.3989 0.5190
vn 0.7719 0.4097 0.4861
vn 0.7728 0.4084 0.4859
vn 0.7841 0.4162 0.4604
vn 0.7850 0.4147 0.4601
vn 0.7972 0.4230 0.4308
vn 0.7981 0.4216 0.4305
vn 0.8107 0.4303 0.3971
vn 0.8116 0.4288 0.3968
vn 0.8243 0.4376 0.3593
vn 0.8252 0.4361 0.3589
vn 0.8376 0.4447 0.3172
vn 0.8385 0.4433 0.3168
vn 0.8502 0.4515 0.2708
vn 0.8511 0.4500 0.2704
vn 0.8616 0.4574 0.2201
vn 0.8624 0.4561 0.2197
vn 0.8704 0.4618 0.1709
vn 0.8709 0.4609 0.1705
vn 0.8766 0.4650 0.1243
vn 0.8770 0.4642 0.1240
vn 0.8810 0.4671 0.0757
vn 0.8812 0.4666 0.0755
vn 0.8463 -0.1924 0.4967
vn 0.8628 -0.1969 0.4656
vn 0.8628 -0.1961 0.4660
vn 0.8800 -0.2010 0.4304
vn 0.8800 -0.2000 0.4308
vn 0.8975 -0.2049 0.3905
vn 0.8975 -0.2041 0.3909
vn 0.9147 -0.2090 0.3458
vn 0.9148 -0.2081 0.3462
vn 0.9312 -0.2127 0.2961
vn 0.9312 -0.2119 0.2964
vn 0.9461 -0.2161 0.2412
vn 0.9462 -0.2153 0.2415
vn 0.9576 -0.2186 0.1876
vn 0.9577 -0.2181 0.1879
vn 0.9658 -0.2204 0.1366
vn 0.9659 -0.2200 0.1368
vn 0.9716 -0.2217 0.0833
vn 0.9716 -0.2214 0.0834
vn 0.9931 -0.0807 0.0852
vn 0.8337 -0.3196 0.4504
vn 0.8489 -0.3270 0.4152
vn 0.8492 -0.3256 0.4159
vn 0.8646 -0.3331 0.3761
vn 0.8649 -0.3317 0.3768
vn 0.8800 -0.3391 0.3326
vn 0.8803 -0.3377 0.3332
vn 0.8946 -0.3447 0.2843
vn 0.8949 -0.3434 0.2850
vn 0.9079 -0.3497 0.2314
vn 0.9082 -0.3485 0.2319
vn 0.9180 -0.3534 0.1798
vn 0.9182 -0.3526 0.1802
vn 0.9252 -0.3561 0.1308
vn 0.9254 -0.3555 0.1312
vn 0.9304 -0.3579 0.0797
vn 0.9305 -0.3575 0.0799
vn 0.8041 -0.4452 0.3939
vn 0.8168 -0.4545 0.3553
vn 0.8174 -0.4527 0.3562
vn 0.8297 -0.4619 0.3135
vn 0.8303 -0.4601 0.3144
vn 0.8419 -0.4687 0.2675
vn 0.8425 -0.4671 0.2684
vn 0.8529 -0.4748 0.2173
vn 0.8535 -0.4734 0.2180
vn 0.8613 -0.4792 0.1686
vn 0.8618 -0.4783 0.1692
vn 0.8673 -0.4824 0.1226
vn 0.8677 -0.4817 0.1230
vn 0.8715 -0.4846 0.0746
vn 0.8717 -0.4842 0.0749
vn 0.3464 -0.9356 0.0682
vn 0.3461 -0.9369 0.0489
vn 0.3467 -0.9367 0.0493
vn 0.3464 -0.9376 0.0296
vn 0.3468 -0.9375 0.0299
vn 0.4762 -0.8784 0.0410
vn 0.2111 -0.9770 0.0300
vn 0.2109 -0.9773 0.0180
vn 0.2111 -0.9773 0.0182
vn 0.2109 -0.9775 -0.0016
vn 0.2898 -0.9568 0.0240
vn 0.3466 -0.9380 0.0042
vn 0.4715 -0.8816 0.0224
vn 0.4763 -0.8791 0.0196
vn 0.5860 -0.7885 0.1869
vn 0.5880 -0.7949 0.1497
vn 0.5895 -0.7936 0.1508
vn 0.5910 -0.7983 0.1156
vn 0.5920 -0.7975 0.1164
vn 0.5930 -0.8008 0.0838
vn 0.5937 -0.8003 0.0843
vn 0.5945 -0.8025 0.0509
vn 0.5949 -0.8022 0.0512
vn 0.5953 -0.8034 0.0130
vn 0.6340 -0.7726 0.0333
vn 0.6808 -0.6855 0.2581
vn 0.6860 -0.6942 0.2179
vn 0.6874 -0.6925 0.2191
vn 0.6920 -0.7001 0.1762
vn 0.6931 -0.6987 0.1772
vn 0.6966 -0.7044 0.1363
vn 0.6974 -0.7034 0.1370
vn 0.6998 -0.7075 0.0989
vn 0.7004 -0.7068 0.0994
vn 0.7021 -0.7096 0.0601
vn 0.7025 -0.7091 0.0604
vn 0.7034 -0.7107 0.0123
vn 0.7724 -0.6341 0.0359
vn 0.7543 -0.5682 0.3289
vn 0.7634 -0.5780 0.2884
vn 0.7643 -0.5762 0.2895
vn 0.7728 -0.5853 0.2455
vn 0.7738 -0.5835 0.2466
vn 0.7812 -0.5917 0.1990
vn 0.7821 -0.5902 0.1999
vn 0.7877 -0.5964 0.1542
vn 0.7884 -0.5954 0.1548
vn 0.7923 -0.5997 0.1120
vn 0.7928 -0.5990 0.1124
vn 0.7956 -0.6020 0.0681
vn 0.7959 -0.6016 0.0684
vn 0.7974 -0.6032 0.0198
vn 0.8737 -0.4857 0.0269
vn 0.8815 -0.4708 0.0353
vn 0.9332 -0.3589 0.0195
vn 0.9559 -0.2904 0.0427
vn 0.9747 -0.2223 0.0211
vn 0.9945 -0.0974 0.0393
vn 0.9962 -0.0810 0.0313
vn 0.8232 0.0490 0.5656
vn 0.8452 0.0505 0.5320
vn 0.8453 0.0504 0.5319
vn 0.8614 0.0516 0.5054
vn 0.8614 0.0513 0.5053
vn 0.8787 0.0526 0.4745
vn 0.8788 0.0524 0.4744
vn 0.8969 0.0537 0.4389
vn 0.8970 0.0535 0.4389
vn 0.9155 0.0548 0.3986
vn 0.9155 0.0547 0.3985
vn 0.9339 0.0560 0.3532
vn 0.9339 0.0558 0.3531
vn 0.9514 0.0570 0.3027
vn 0.9514 0.0569 0.3026
vn 0.9673 0.0580 0.2468
vn 0.9674 0.0578 0.2467
vn 0.9796 0.0588 0.1921
vn 0.9796 0.0586 0.1920
vn 0.9884 0.0592 0.1399
vn 0.9946 0.0596 0.0853
vn 0.9979 0.0598 0.0265
vn 0.9943 0.0975 0.0422
vn 0.7906 0.1608 0.5908
vn 0.8127 0.1662 0.5585
vn 0.8130 0.1651 0.5584
vn 0.8339 0.1702 0.5250
vn 0.8342 0.1696 0.5248
vn 0.8494 0.1734 0.4985
vn 0.8496 0.1727 0.4983
vn 0.8660 0.1768 0.4677
vn 0.8662 0.1761 0.4676
vn 0.8834 0.1804 0.4325
vn 0.8836 0.1798 0.4323
vn 0.9011 0.1842 0.3925
vn 0.9014 0.1835 0.3923
vn 0.9186 0.1878 0.3476
vn 0.9189 0.1872 0.3474
vn 0.9353 0.1913 0.2977
vn 0.9355 0.1906 0.2975
vn 0.9504 0.1944 0.2426
vn 0.9506 0.1938 0.2424
vn 0.9621 0.1967 0.1887
vn 0.9622 0.1963 0.1885
vn 0.9704 0.1984 0.1375
vn 0.9705 0.1981 0.1373
vn 0.9763 0.1995 0.0838
vn 0.9763 0.1994 0.0837
vn 0.9795 0.2002 0.0202
vn 0.9560 0.2904 0.0422
vn 0.7571 0.2730 0.5935
vn 0.7693 0.2784 0.5751
vn 0.7698 0.2770 0.5751
vn 0.7897 0.2859 0.5428
vn 0.7905 0.2837 0.5428
vn 0.8093 0.2921 0.5096
vn 0.8098 0.2911 0.5094
vn 0.8234 0.2972 0.4834
vn 0.8240 0.2960 0.4831
vn 0.8386 0.3026 0.4531
vn 0.8391 0.3014 0.4528
vn 0.8544 0.3082 0.4184
vn 0.8549 0.3070 0.4181
vn 0.8704 0.3141 0.3792
vn 0.8709 0.3129 0.3789
vn 0.8861 0.3198 0.3354
vn 0.8867 0.3186 0.3351
vn 0.9010 0.3252 0.2869
vn 0.9016 0.3240 0.2866
vn 0.9146 0.3300 0.2336
vn 0.9151 0.3290 0.2332
vn 0.9251 0.3336 0.1816
vn 0.9254 0.3329 0.1812
vn 0.9325 0.3361 0.1322
vn 0.9327 0.3356 0.1319
vn 0.9377 0.3379 0.0805
vn 0.9379 0.3375 0.0804
vn 0.9406 0.3387 0.0224
vn 0.8832 0.4680 0.0307
vn 0.8816 0.4710 0.0324
vn 0.8097 0.5866 0.0162
vn 0.7725 0.6340 0.0364
vn 0.7310 0.6822 0.0174
vn 0.1094 0.9939 0.0095
vn 0.1126 0.9935 0.0138
vn 0.1099 0.9938 0.0157
vn 0.3207 0.9461 0.0457
vn 0.3211 0.9450 0.0628
vn 0.1111 0.9936 0.0220
vn 0.1117 0.9935 0.0225
vn 0.3204 0.9452 0.0632
vn 0.3208 0.9436 0.0817
vn 0.1093 0.9936 0.0282
vn 0.1120 0.9932 0.0311
vn 0.3198 0.9439 0.0821
vn 0.3204 0.9418 0.1017
vn 0.1089 0.9934 0.0351
vn 0.1121 0.9929 0.0392
vn 0.3191 0.9422 0.1022
vn 0.3199 0.9397 0.1208
vn 0.1088 0.9932 0.0416
vn 0.1117 0.9926 0.0468
vn 0.3185 0.9401 0.1213
vn 0.3193 0.9374 0.1389
vn 0.1090 0.9929 0.0480
vn 0.1112 0.9923 0.0537
vn 0.3178 0.9379 0.1392
vn 0.3187 0.9350 0.1558
vn 0.1094 0.9925 0.0541
vn 0.1105 0.9920 0.0602
vn 0.1099 0.9922 0.0596
vn 0.1096 0.9919 0.0648
vn 0.1104 0.9917 0.0658
vn 0.1091 0.9916 0.0691
vn 0.1106 0.9913 0.0712
vn 0.1076 0.9914 0.0743
vn 0.1119 0.9906 0.0788
vn 0.1076 0.9909 0.0807
vn 0.1111 0.9902 0.0847
vn 0.1082 0.9905 0.0850
vn 0.1099 0.9901 0.0870
vn 0.1093 0.9902 0.0870
vn 0.1084 0.9904 0.0859
vn 0.1112 0.9900 0.0865
vn 0.1072 0.9909 0.0819
vn 0.1102 0.9906 0.0817
vn 0.3144 0.9202 0.2334
vn 0.3135 0.9231 0.2226
vn 0.1065 0.9915 0.0751
vn 0.1071 0.9914 0.0757
vn 0.3152 0.9225 0.2229
vn 0.3139 0.9269 0.2060
vn 0.1116 0.9911 0.0726
vn 0.1107 0.9913 0.0717
vn 0.1088 0.9923 0.0595
vn 0.1106 0.9923 0.0560
vn 0.1083 0.9927 0.0529
vn 0.1110 0.9925 0.0508
vn 0.1084 0.9930 0.0460
vn 0.1107 0.9928 0.0450
vn 0.1091 0.9933 0.0389
vn 0.2195 0.9756 0.0042
vn 0.4930 0.8699 -0.0154
vn 0.4601 0.8865 0.0489
vn 0.4859 0.8739 0.0114
vn 0.4322 0.9016 0.0195
vn 0.3604 0.9327 0.0152
vn 0.3212 0.9466 0.0268
vn 0.3213 0.9464 0.0341
vn 0.3139 0.9486 0.0403
vn 0.3239 0.9445 0.0537
vn 0.2737 0.9601 0.0577
vn 0.2724 0.9589 0.0789
vn 0.2835 0.9551 0.0856
vn 0.0737 0.9973 0.0001
vn 0.0737 0.9973 0.0004
vn 0.0742 0.9972 0.0024
vn 0.1032 0.9945 0.0178
vn 0.1103 0.9939 0.0081
vn 0.1106 0.9938 0.0112
vn 0.1125 0.9935 0.0143
vn 0.1103 0.9938 0.0156
vn 0.1105 0.9936 0.0230
vn 0.1101 0.9934 0.0313
vn 0.1106 0.9934 0.0317
vn 0.1098 0.9932 0.0387
vn 0.2448 0.9656 0.0872
vn 0.2637 0.9585 0.1084
vn 0.2801 0.9527 0.1182
vn 0.2587 0.9585 0.1197
vn 0.1087 0.9919 0.0653
vn 0.1132 0.9914 0.0650
vn 0.2950 0.9401 0.1708
vn 0.2823 0.9484 0.1445
vn 0.2769 0.9498 0.1457
vn 0.3256 0.9258 0.1918
vn 0.4500 0.8516 0.2689
vn 0.4578 0.8368 0.3003
vn 0.5170 0.8549 0.0442
vn 0.5165 0.8551 0.0445
vn 0.5163 0.8533 0.0729
vn 0.5156 0.8537 0.0733
vn 0.5152 0.8511 0.1007
vn 0.5143 0.8516 0.1013
vn 0.5137 0.8480 0.1307
vn 0.5123 0.8487 0.1313
vn 0.5116 0.8438 0.1623
vn 0.5099 0.8446 0.1630
vn 0.5091 0.8390 0.1922
vn 0.5074 0.8399 0.1928
vn 0.5063 0.8338 0.2201
vn 0.5045 0.8347 0.2206
vn 0.5035 0.8283 0.2460
vn 0.5016 0.8293 0.2464
vn 0.5005 0.8227 0.2697
vn 0.4986 0.8237 0.2701
vn 0.4975 0.8171 0.2913
vn 0.4956 0.8181 0.2916
vn 0.4945 0.8118 0.3105
vn 0.4927 0.8128 0.3108
vn 0.4910 0.8035 0.3367
vn 0.4877 0.8059 0.3357
vn 0.4858 0.7953 0.3627
vn 0.4836 0.7970 0.3619
vn 0.4823 0.7903 0.3780
vn 0.4813 0.7911 0.3775
vn 0.4808 0.7889 0.3827
vn 0.4809 0.7888 0.3828
vn 0.4814 0.7920 0.3754
vn 0.4830 0.7908 0.3761
vn 0.4841 0.7972 0.3607
vn 0.4856 0.7962 0.3609
vn 0.4867 0.8023 0.3456
vn 0.4885 0.8011 0.3458
vn 0.4898 0.8077 0.3282
vn 0.5242 0.7791 0.3437
vn 0.0985 0.9951 0.0041
vn 0.1176 0.9931 -0.0039
vn 0.2899 0.9570 0.0137
vn 0.3211 0.9470 -0.0043
vn 0.4715 0.8815 0.0233
vn 0.5170 0.8560 -0.0014
vn 0.6340 0.7727 0.0323
vn 0.6518 0.7581 0.0230
vn 0.6513 0.7568 0.0558
vn 0.6508 0.7572 0.0559
vn 0.6496 0.7547 0.0918
vn 0.6489 0.7552 0.0920
vn 0.6473 0.7516 0.1267
vn 0.6463 0.7524 0.1270
vn 0.6440 0.7473 0.1641
vn 0.6426 0.7484 0.1643
vn 0.6395 0.7415 0.2032
vn 0.6378 0.7429 0.2033
vn 0.6342 0.7351 0.2396
vn 0.6325 0.7366 0.2397
vn 0.6286 0.7281 0.2734
vn 0.6268 0.7297 0.2734
vn 0.6227 0.7208 0.3045
vn 0.6209 0.7224 0.3044
vn 0.6167 0.7135 0.3326
vn 0.6149 0.7151 0.3325
vn 0.6107 0.7063 0.3579
vn 0.6090 0.7079 0.3577
vn 0.6050 0.6996 0.3803
vn 0.6033 0.7012 0.3800
vn 0.5975 0.6892 0.4100
vn 0.5945 0.6925 0.4087
vn 0.5880 0.6793 0.4392
vn 0.5861 0.6815 0.4382
vn 0.5820 0.6732 0.4562
vn 0.5811 0.6743 0.4557
vn 0.5797 0.6715 0.4615
vn 0.5797 0.6716 0.4615
vn 0.5817 0.6753 0.4534
vn 0.5829 0.6738 0.4541
vn 0.5868 0.6817 0.4370
vn 0.5881 0.6803 0.4374
vn 0.5919 0.6880 0.4200
vn 0.5935 0.6863 0.4206
vn 0.5967 0.6926 0.4054
vn 0.6002 0.6889 0.4065
vn 0.2108 -0.9771 0.0298
vn 0.2111 -0.9766 0.0416
vn 0.3456 -0.9359 0.0676
vn 0.3461 -0.9340 0.0886
vn 0.4722 -0.8732 0.1202
vn 0.4719 -0.8687 0.1506
vn 0.5843 -0.7900 0.1855
vn 0.5819 -0.7827 0.2207
vn 0.6794 -0.6874 0.2566
vn 0.6738 -0.6780 0.2939
vn 0.7534 -0.5701 0.3277
vn 0.7440 -0.5600 0.3645
vn 0.8036 -0.4470 0.3929
vn 0.7910 -0.4378 0.4274
vn 0.8335 -0.3210 0.4497
vn 0.8188 -0.3140 0.4806
vn 0.8464 -0.1932 0.4964
vn 0.8310 -0.1890 0.5232
vn 0.8444 -0.0683 0.5314
vn 0.8224 -0.0663 0.5651
vn 0.8232 0.0493 0.5656
vn 0.8001 0.0477 0.5979
vn 0.7905 0.1615 0.5908
vn 0.7771 0.1582 0.6092
vn 0.7569 0.2737 0.5935
vn 0.7529 0.2719 0.5993
vn 0.7226 0.3834 0.5752
vn 0.7274 0.3866 0.5670
vn 0.6857 0.4944 0.5343
vn 0.6936 0.5021 0.5165
vn 0.6437 0.5970 0.4788
vn 0.6490 0.6045 0.4619
vn 0.6466 0.6094 0.4588
vn 0.6504 0.6131 0.4484
vn 0.7914 0.1528 0.5919
vn 0.7824 -0.2265 0.5802
vn 0.7548 -0.2902 0.5883
vn 0.7644 -0.2948 0.5734
vn 0.7621 -0.3121 0.5672
vn 0.7682 -0.3151 0.5573
vn 0.7352 -0.4078 0.5415
vn 0.7361 -0.4143 0.5353
vn 0.7003 -0.5088 0.5007
vn 0.6919 -0.5221 0.4987
vn 0.3332 -0.9219 0.1976
vn 0.3140 -0.9357 0.1608
vn 0.3141 -0.9357 0.1608
vn 0.2864 -0.9489 0.1325
vn 0.3828 -0.9101 0.1586
vn 0.3531 -0.9242 0.1453
vn 0.2524 -0.9635 0.0897
vn 0.4060 -0.9040 0.1342
vn 0.3004 -0.9498 0.0870
vn 0.3108 -0.9482 0.0655
vn 0.3678 -0.9272 0.0704
vn 0.3422 -0.9386 0.0440
vn 0.3604 -0.9327 0.0130
vn 0.4931 -0.8698 -0.0154
vn 0.4858 -0.8740 0.0117
vn 0.4341 -0.9007 0.0193
vn 0.4574 -0.8879 0.0487
vn 0.3467 -0.9370 0.0415
vn 0.3465 -0.9379 0.0167
vn 0.2194 -0.9756 0.0078
vn 0.0737 -0.9973 0.0001
vn 0.0737 -0.9973 0.0004
vn 0.0711 -0.9975 0.0052
vn 0.0714 -0.9974 0.0072
vn 0.0733 -0.9973 0.0093
vn 0.0711 -0.9974 0.0101
vn 0.0713 -0.9973 0.0149
vn 0.0714 -0.9973 0.0149
vn 0.0710 -0.9973 0.0202
vn 0.0717 -0.9972 0.0206
vn 0.0707 -0.9972 0.0250
vn 0.0702 -0.9972 0.0250
vn 0.0717 -0.9970 0.0293
vn 0.0696 -0.9971 0.0295
vn 0.0721 -0.9968 0.0331
vn 0.0695 -0.9970 0.0339
vn 0.0718 -0.9968 0.0365
vn 0.0699 -0.9968 0.0382
vn 0.0746 -0.9963 0.0429
vn 0.0701 -0.9967 0.0421
vn 0.0719 -0.9963 0.0466
vn 0.4535 -0.8401 0.2976
vn 0.3404 -0.9135 0.2226
vn 0.3373 -0.9150 0.2213
vn 0.2105 -0.9679 0.1376
vn 0.2082 -0.9685 0.1366
vn 0.0730 -0.9962 0.0477
vn 0.0683 -0.9965 0.0483
vn 0.0742 -0.9972 0.0024
vn 0.0743 -0.9972 0.0024
vn 0.2109 -0.9775 0.0101
vn 0.2112 -0.9771 0.0271
vn 0.2106 -0.9772 0.0269
vn 0.2112 -0.9764 0.0445
vn 0.2103 -0.9766 0.0441
vn 0.2112 -0.9755 0.0612
vn 0.2100 -0.9758 0.0605
vn 0.2110 -0.9746 0.0752
vn 0.2100 -0.9749 0.0744
vn 0.2109 -0.9737 0.0867
vn 0.2097 -0.9740 0.0858
vn 0.2107 -0.9727 0.0976
vn 0.2095 -0.9730 0.0965
vn 0.2106 -0.9716 0.1079
vn 0.2093 -0.9720 0.1067
vn 0.2108 -0.9699 0.1215
vn 0.3399 -0.9196 0.1968
vn 0.3388 -0.9203 0.1956
vn 0.4551 -0.8465 0.2761
vn 0.4545 -0.8394 0.2980
vn 0.5408 -0.7628 0.3545
vn 0.5524 -0.7460 0.3719
vn 0.6178 -0.6664 0.4174
vn 0.6297 -0.6326 0.4509
vn 0.7112 -0.5427 0.4468
vn 0.6671 -0.5756 0.4730
vn 0.6308 -0.6343 0.4469
vn 0.6293 -0.6360 0.4466
vn 0.5498 -0.7389 0.3895
vn 0.5480 -0.7406 0.3890
vn 0.4528 -0.8320 0.3207
vn 0.4507 -0.8333 0.3200
vn 0.3385 -0.9099 0.2397
vn 0.3366 -0.9108 0.2390
vn 0.2098 -0.9664 0.1484
vn 0.2084 -0.9668 0.1479
vn 0.0681 -0.9965 0.0481
vn 0.0716 -0.9960 0.0531
vn 0.0686 -0.9963 0.0524
vn 0.0726 -0.9958 0.0565
vn 0.0698 -0.9960 0.0553
vn 0.0706 -0.9959 0.0562
vn 0.0713 -0.9959 0.0565
vn 0.0695 -0.9961 0.0546
vn 0.0726 -0.9958 0.0553
vn 0.0689 -0.9963 0.0516
vn 0.0735 -0.9960 0.0517
vn 0.0687 -0.9965 0.0474
vn 0.0719 -0.9963 0.0463
vn 0.0703 -0.9965 0.0444
vn 0.0717 -0.9965 0.0427
vn 0.0707 -0.9966 0.0417
vn 0.0712 -0.9967 0.0386
vn 0.0715 -0.9967 0.0388
vn 0.7960 -0.1315 0.5908
vn 0.7852 -0.1792 0.5928
vn 0.7763 -0.1768 0.6051
vn 0.7546 -0.2912 0.5880
vn 0.7491 -0.2886 0.5963
vn 0.7176 -0.3984 0.5712
vn 0.7211 -0.4008 0.5652
vn 0.6771 -0.5095 0.5309
vn 0.6853 -0.5180 0.5119
vn 0.6240 -0.6268 0.4666
vn 0.6329 -0.6410 0.4343
vn 0.5531 -0.7412 0.3804
vn 0.5573 -0.7529 0.3502
vn 0.4577 -0.8410 0.2885
vn 0.4583 -0.8473 0.2684
vn 0.3414 -0.9182 0.2008
vn 0.3405 -0.9222 0.1836
vn 0.2106 -0.9709 0.1141
vn 0.2094 -0.9724 0.1024
vn 0.0706 -0.9969 0.0348
vn 0.0722 -0.9968 0.0349
vn 0.8001 -0.0419 0.5983
vn 0.7957 -0.0644 0.6023
vn 0.7872 -0.0635 0.6135
vn 0.7763 -0.1774 0.6049
vn 0.7702 -0.1757 0.6131
vn 0.7531 -0.2905 0.5903
vn 0.7213 -0.3999 0.5655
vn 0.7317 -0.4073 0.5466
vn 0.6862 -0.5156 0.5130
vn 0.6995 -0.5294 0.4801
vn 0.6352 -0.6370 0.4367
vn 0.6434 -0.6500 0.4044
vn 0.5589 -0.7507 0.3522
vn 0.5618 -0.7590 0.3291
vn 0.4602 -0.8456 0.2705
vn 0.4608 -0.8521 0.2484
vn 0.3423 -0.9211 0.1854
vn 0.3414 -0.9250 0.1669
vn 0.2107 -0.9720 0.1036
vn 0.2096 -0.9735 0.0912
vn 0.0701 -0.9971 0.0308
vn 0.0728 -0.9969 0.0304
vn 0.7991 0.0526 0.5989
vn 0.7982 0.0477 0.6005
vn 0.7879 0.0469 0.6140
vn 0.7872 -0.0636 0.6134
vn 0.7808 -0.0631 0.6215
vn 0.7746 -0.1769 0.6072
vn 0.7532 -0.2898 0.5905
vn 0.7653 -0.2956 0.5718
vn 0.7322 -0.4054 0.5473
vn 0.7492 -0.4175 0.5143
vn 0.7009 -0.5259 0.4818
vn 0.7132 -0.5388 0.4483
vn 0.6446 -0.6478 0.4061
vn 0.6504 -0.6571 0.3811
vn 0.5635 -0.7569 0.3311
vn 0.5664 -0.7654 0.3054
vn 0.4628 -0.8504 0.2505
vn 0.4633 -0.8568 0.2264
vn 0.3432 -0.9240 0.1685
vn 0.3423 -0.9277 0.1489
vn 0.2109 -0.9731 0.0922
vn 0.2099 -0.9745 0.0793
vn 0.0699 -0.9972 0.0266
vn 0.0730 -0.9970 0.0256
vn 0.7780 0.2482 0.5772
vn 0.7890 0.1610 0.5929
vn 0.7788 0.1585 0.6069
vn 0.7879 0.0471 0.6140
vn 0.7815 0.0466 0.6221
vn 0.7854 -0.0635 0.6157
vn 0.7746 -0.1766 0.6073
vn 0.7880 -0.1802 0.5888
vn 0.7655 -0.2940 0.5723
vn 0.7855 -0.3035 0.5394
vn 0.7500 -0.4144 0.5155
vn 0.7660 -0.4258 0.4816
vn 0.7139 -0.5368 0.4496
vn 0.7228 -0.5461 0.4236
vn 0.6516 -0.6549 0.3828
vn 0.6576 -0.6646 0.3546
vn 0.5682 -0.7633 0.3074
vn 0.5712 -0.7719 0.2792
vn 0.4652 -0.8553 0.2283
vn 0.4657 -0.8615 0.2025
vn 0.3441 -0.9268 0.1504
vn 0.3432 -0.9303 0.1296
vn 0.2110 -0.9742 0.0802
vn 0.2101 -0.9754 0.0668
vn 0.0699 -0.9973 0.0224
vn 0.0730 -0.9971 0.0203
vn 0.7322 0.4362 0.5231
vn 0.7365 0.3898 0.5527
vn 0.7725 0.3288 0.5432
vn 0.7624 0.3112 0.5674
vn 0.7685 0.2777 0.5765
vn 0.7588 0.2734 0.5912
vn 0.7787 0.1589 0.6069
vn 0.7726 0.1575 0.6150
vn 0.7815 0.0467 0.6221
vn 0.7861 0.0470 0.6163
vn 0.7854 -0.0634 0.6157
vn 0.7994 -0.0647 0.5974
vn 0.7880 -0.1793 0.5890
vn 0.8100 -0.1854 0.5563
vn 0.7859 -0.3011 0.5401
vn 0.8048 -0.3101 0.5061
vn 0.7663 -0.4241 0.4825
vn 0.7779 -0.4325 0.4559
vn 0.7235 -0.5441 0.4249
vn 0.7328 -0.5539 0.3952
vn 0.6590 -0.6624 0.3563
vn 0.6651 -0.6723 0.3251
vn 0.5729 -0.7699 0.2811
vn 0.5758 -0.7783 0.2504
vn 0.4676 -0.8600 0.2042
vn 0.4680 -0.8659 0.1768
vn 0.3448 -0.9295 0.1309
vn 0.3441 -0.9326 0.1093
vn 0.2111 -0.9751 0.0675
vn 0.2103 -0.9762 0.0536
vn 0.0702 -0.9974 0.0180
vn 0.0726 -0.9973 0.0146
vn 0.6882 0.5350 0.4900
vn 0.6977 0.5042 0.5089
vn 0.6944 0.5010 0.5165
vn 0.7379 0.3922 0.5493
vn 0.7279 0.3854 0.5672
vn 0.7585 0.2743 0.5912
vn 0.7529 0.2718 0.5993
vn 0.7770 0.1585 0.6092
vn 0.7861 0.0469 0.6163
vn 0.8001 0.0479 0.5980
vn 0.7993 -0.0645 0.5974
vn 0.8224 -0.0667 0.5650
vn 0.8101 -0.1839 0.5567
vn 0.8310 -0.1897 0.5228
vn 0.8049 -0.3087 0.5068
vn 0.8186 -0.3153 0.4800
vn 0.7783 -0.4307 0.4569
vn 0.7905 -0.4396 0.4264
vn 0.7336 -0.5519 0.3965
vn 0.7431 -0.5620 0.3633
vn 0.6664 -0.6702 0.3267
vn 0.6723 -0.6800 0.2924
vn 0.5775 -0.7765 0.2521
vn 0.5802 -0.7844 0.2191
vn 0.4699 -0.8645 0.1783
vn 0.4702 -0.8698 0.1493
vn 0.3455 -0.9319 0.1103
vn 0.3449 -0.9345 0.0878
vn 0.2112 -0.9760 0.0541
vn 0.2106 -0.9767 0.0412
vn 0.0719 -0.9973 0.0142
vn 0.0708 -0.9974 0.0101
vn 0.0734 -0.9973 0.0090
vn 0.0702 -0.9975 0.0061
vn 0.0732 -0.9973 0.0030
vn 0.0985 -0.9950 0.0157
vn 0.1780 0.9838 -0.0217
vn 0.1781 0.9838 -0.0217
vn 0.6225 0.7790 -0.0750
vn 0.6226 0.7789 -0.0752
vn 0.1766 0.9837 -0.0351
vn 0.1768 0.9836 -0.0352
vn 0.6166 0.7780 -0.1207
vn 0.6170 0.7776 -0.1210
vn 0.1748 0.9835 -0.0477
vn 0.1751 0.9834 -0.0479
vn 0.6087 0.7765 -0.1630
vn 0.6095 0.7757 -0.1638
vn 0.1725 0.9832 -0.0598
vn 0.1731 0.9831 -0.0602
vn 0.5992 0.7744 -0.2032
vn 0.6004 0.7731 -0.2046
vn 0.1699 0.9828 -0.0716
vn 0.1708 0.9827 -0.0722
vn 0.5883 0.7717 -0.2415
vn 0.5899 0.7698 -0.2437
vn 0.1671 0.9824 -0.0830
vn 0.1682 0.9822 -0.0839
vn 0.5765 0.7685 -0.2778
vn 0.5785 0.7659 -0.2807
vn 0.1642 0.9819 -0.0941
vn 0.1655 0.9816 -0.0953
vn 0.5637 0.7646 -0.3126
vn 0.5660 0.7613 -0.3164
vn 0.1609 0.9814 -0.1051
vn 0.1624 0.9809 -0.1067
vn 0.5498 0.7601 -0.3464
vn 0.5523 0.7561 -0.3511
vn 0.1574 0.9807 -0.1160
vn 0.1590 0.9802 -0.1180
vn 0.5347 0.7550 -0.3795
vn 0.5373 0.7504 -0.3850
vn 0.1534 0.9800 -0.1271
vn 0.1552 0.9794 -0.1294
vn 0.5181 0.7494 -0.4122
vn 0.5207 0.7441 -0.4185
vn 0.1489 0.9791 -0.1382
vn 0.1508 0.9785 -0.1409
vn 0.4997 0.7434 -0.4447
vn 0.5021 0.7375 -0.4517
vn 0.1437 0.9782 -0.1496
vn 0.1456 0.9775 -0.1526
vn 0.4790 0.7369 -0.4770
vn 0.4811 0.7305 -0.4847
vn 0.1376 0.9773 -0.1612
vn 0.1395 0.9765 -0.1645
vn 0.4556 0.7301 -0.5093
vn 0.4573 0.7232 -0.5175
vn 0.1305 0.9763 -0.1729
vn 0.1323 0.9754 -0.1766
vn 0.4289 0.7231 -0.5414
vn 0.4302 0.7159 -0.5500
vn 0.1220 0.9752 -0.1847
vn 0.1236 0.9742 -0.1886
vn 0.3982 0.7160 -0.5734
vn 0.3988 0.7086 -0.5821
vn 0.1119 0.9741 -0.1965
vn 0.1132 0.9731 -0.2005
vn 0.3626 0.7090 -0.6049
vn 0.3626 0.7017 -0.6133
vn 0.0998 0.9730 -0.2080
vn 0.1009 0.9721 -0.2120
vn 0.3215 0.7023 -0.6351
vn 0.3209 0.6953 -0.6431
vn 0.0857 0.9720 -0.2188
vn 0.0864 0.9711 -0.2226
vn 0.2743 0.6963 -0.6633
vn 0.2731 0.6898 -0.6705
vn 0.0691 0.9711 -0.2286
vn 0.0695 0.9703 -0.2318
vn 0.2203 0.6910 -0.6885
vn 0.2188 0.6854 -0.6945
vn 0.0520 0.9703 -0.2362
vn 0.0520 0.9698 -0.2384
vn 0.1651 0.6866 -0.7080
vn 0.1634 0.6830 -0.7119
vn 0.0348 0.9698 -0.2413
vn 0.0347 0.9694 -0.2428
vn 0.1102 0.6839 -0.7212
vn 0.1088 0.6814 -0.7238
vn 0.0161 0.9695 -0.2446
vn 0.0160 0.9693 -0.2453
vn 0.0510 0.6820 -0.7296
vn 0.0502 0.6808 -0.7307
vn -0.0036 0.9693 -0.2458
vn -0.0036 0.9694 -0.2456
vn -0.0115 0.6810 -0.7322
vn -0.0113 0.6812 -0.7320
vn -0.0232 0.9693 -0.2447
vn -0.0229 0.9696 -0.2437
vn -0.0732 0.6809 -0.7288
vn -0.0719 0.6825 -0.7273
vn -0.0416 0.9695 -0.2414
vn -0.0409 0.9700 -0.2398
vn -0.1313 0.6817 -0.7197
vn -0.1287 0.6847 -0.7174
vn -0.0585 0.9699 -0.2362
vn -0.0574 0.9705 -0.2341
vn -0.1850 0.6836 -0.7060
vn -0.1813 0.6877 -0.7030
vn -0.0738 0.9705 -0.2295
vn -0.0724 0.9712 -0.2271
vn -0.2341 0.6866 -0.6883
vn -0.2294 0.6915 -0.6850
vn -0.0904 0.9712 -0.2205
vn -0.0881 0.9723 -0.2167
vn -0.2877 0.6900 -0.6642
vn -0.2810 0.6980 -0.6587
vn -0.1067 0.9724 -0.2077
vn -0.1039 0.9735 -0.2038
vn -0.3417 0.6968 -0.6307
vn -0.3338 0.7053 -0.6253
vn -0.1201 0.9736 -0.1939
vn -0.1169 0.9747 -0.1903
vn -0.3872 0.7046 -0.5947
vn -0.3788 0.7133 -0.5897
vn -0.1309 0.9750 -0.1798
vn -0.1275 0.9760 -0.1765
vn -0.4258 0.7130 -0.5571
vn -0.4170 0.7214 -0.5528
vn -0.1396 0.9763 -0.1656
vn -0.1362 0.9772 -0.1628
vn -0.4584 0.7216 -0.5188
vn -0.4496 0.7296 -0.5153
vn -0.1467 0.9775 -0.1516
vn -0.1434 0.9783 -0.1492
vn -0.4861 0.7302 -0.4802
vn -0.4775 0.7376 -0.4774
vn -0.1525 0.9786 -0.1378
vn -0.1495 0.9794 -0.1360
vn -0.5097 0.7385 -0.4414
vn -0.5017 0.7451 -0.4394
vn -0.1574 0.9797 -0.1243
vn -0.1546 0.9803 -0.1229
vn -0.5301 0.7463 -0.4026
vn -0.5229 0.7520 -0.4013
vn -0.1615 0.9806 -0.1111
vn -0.1590 0.9811 -0.1101
vn -0.5480 0.7534 -0.3634
vn -0.5418 0.7582 -0.3627
vn -0.1650 0.9814 -0.0979
vn -0.1631 0.9818 -0.0972
vn -0.5639 0.7597 -0.3237
vn -0.5589 0.7635 -0.3234
vn -0.1683 0.9821 -0.0846
vn -0.1668 0.9824 -0.0843
vn -0.5785 0.7652 -0.2825
vn -0.5746 0.7681 -0.2826
vn -0.1713 0.9827 -0.0710
vn -0.1739 0.9831 -0.0569
vn -0.1702 0.9829 -0.0709
vn -0.5918 0.7698 -0.2393
vn -0.5890 0.7718 -0.2396
vn 0.2940 0.9551 -0.0357
vn 0.2941 0.9551 -0.0358
vn 0.2916 0.9548 -0.0577
vn 0.2919 0.9547 -0.0579
vn 0.2884 0.9543 -0.0783
vn 0.2890 0.9541 -0.0787
vn 0.2846 0.9536 -0.0982
vn 0.2855 0.9533 -0.0988
vn 0.2802 0.9527 -0.1173
vn 0.2815 0.9522 -0.1183
vn 0.2755 0.9517 -0.1357
vn 0.2771 0.9510 -0.1372
vn 0.2703 0.9504 -0.1537
vn 0.2724 0.9495 -0.1557
vn 0.2648 0.9489 -0.1714
vn 0.2672 0.9478 -0.1739
vn 0.2588 0.9473 -0.1890
vn 0.2613 0.9460 -0.1921
vn 0.2520 0.9454 -0.2067
vn 0.2548 0.9439 -0.2103
vn 0.2444 0.9433 -0.2245
vn 0.2472 0.9416 -0.2287
vn 0.2356 0.9411 -0.2426
vn 0.2384 0.9391 -0.2473
vn 0.2254 0.9387 -0.2609
vn 0.2282 0.9365 -0.2661
vn 0.2134 0.9361 -0.2794
vn 0.2160 0.9338 -0.2851
vn 0.1993 0.9335 -0.2981
vn 0.2016 0.9311 -0.3041
vn 0.1825 0.9308 -0.3166
vn 0.1845 0.9283 -0.3227
vn 0.1627 0.9282 -0.3346
vn 0.1642 0.9258 -0.3406
vn 0.1394 0.9257 -0.3515
vn 0.1404 0.9235 -0.3571
vn 0.1124 0.9235 -0.3667
vn 0.1129 0.9215 -0.3715
vn 0.0845 0.9217 -0.3786
vn 0.0845 0.9204 -0.3818
vn 0.0565 0.9205 -0.3866
vn 0.0563 0.9196 -0.3888
vn 0.0262 0.9197 -0.3917
vn 0.0260 0.9193 -0.3927
vn -0.0059 0.9193 -0.3935
vn -0.0059 0.9194 -0.3932
vn -0.0376 0.9193 -0.3916
vn -0.0371 0.9200 -0.3903
vn -0.0675 0.9198 -0.3865
vn -0.0664 0.9209 -0.3842
vn -0.0950 0.9207 -0.3785
vn -0.0933 0.9222 -0.3753
vn -0.1200 0.9221 -0.3680
vn -0.1177 0.9238 -0.3644
vn -0.1471 0.9236 -0.3539
vn -0.1434 0.9264 -0.3482
vn -0.1738 0.9265 -0.3339
vn -0.1693 0.9293 -0.3281
vn -0.1957 0.9296 -0.3123
vn -0.1907 0.9324 -0.3069
vn -0.2137 0.9328 -0.2901
vn -0.2084 0.9355 -0.2852
vn -0.2284 0.9360 -0.2677
vn -0.2230 0.9385 -0.2635
vn -0.2403 0.9391 -0.2455
vn -0.2351 0.9413 -0.2420
vn -0.2502 0.9420 -0.2237
vn -0.2453 0.9439 -0.2209
vn -0.2584 0.9446 -0.2022
vn -0.2541 0.9463 -0.2001
vn -0.2655 0.9470 -0.1810
vn -0.2617 0.9483 -0.1795
vn -0.2716 0.9490 -0.1598
vn -0.2686 0.9501 -0.1588
vn -0.2772 0.9508 -0.1384
vn -0.2749 0.9515 -0.1379
vn -0.2823 0.9522 -0.1164
vn -0.2806 0.9528 -0.1161
vn -0.2869 0.9534 -0.0934
vn -0.2857 0.9538 -0.0933
vn -0.6036 0.7735 -0.1933
vn -0.6018 0.7748 -0.1936
vn -0.2907 0.9543 -0.0690
vn -0.1732 0.9832 -0.0569
vn -0.1762 0.9835 -0.0420
vn -0.2901 0.9545 -0.0690
vn -0.2937 0.9549 -0.0429
vn -0.6137 0.7764 -0.1437
vn -0.6214 0.7783 -0.0899
vn -0.6127 0.7771 -0.1440
vn -0.1777 0.9837 -0.0261
vn 0.4057 0.9127 -0.0492
vn 0.4021 0.9121 -0.0793
vn 0.4025 0.9120 -0.0795
vn 0.3975 0.9113 -0.1075
vn 0.3982 0.9109 -0.1079
vn 0.3920 0.9101 -0.1344
vn 0.3931 0.9095 -0.1353
vn 0.3856 0.9086 -0.1604
vn 0.3873 0.9077 -0.1618
vn 0.3788 0.9068 -0.1853
vn 0.3808 0.9055 -0.1872
vn 0.3713 0.9046 -0.2094
vn 0.3739 0.9029 -0.2120
vn 0.3633 0.9020 -0.2331
vn 0.3662 0.9000 -0.2363
vn 0.3545 0.8992 -0.2566
vn 0.3577 0.8967 -0.2605
vn 0.3448 0.8959 -0.2801
vn 0.3481 0.8932 -0.2847
vn 0.3338 0.8924 -0.3036
vn 0.3372 0.8893 -0.3089
vn 0.3213 0.8886 -0.3274
vn 0.3247 0.8851 -0.3333
vn 0.3068 0.8845 -0.3513
vn 0.3102 0.8808 -0.3578
vn 0.2900 0.8803 -0.3754
vn 0.2931 0.8762 -0.3824
vn 0.2704 0.8759 -0.3996
vn 0.2731 0.8717 -0.4070
vn 0.2472 0.8715 -0.4236
vn 0.2494 0.8672 -0.4310
vn 0.2200 0.8672 -0.4467
vn 0.2216 0.8631 -0.4539
vn 0.1883 0.8632 -0.4684
vn 0.1892 0.8594 -0.4751
vn 0.1516 0.8597 -0.4878
vn 0.1520 0.8563 -0.4936
vn 0.1139 0.8568 -0.5030
vn 0.1136 0.8545 -0.5068
vn 0.0761 0.8549 -0.5132
vn 0.0757 0.8533 -0.5158
vn 0.0352 0.8536 -0.5197
vn 0.0350 0.8529 -0.5209
vn -0.0080 0.8530 -0.5219
vn -0.0079 0.8531 -0.5217
vn -0.0506 0.8529 -0.5195
vn -0.0500 0.8540 -0.5179
vn -0.0908 0.8537 -0.5129
vn -0.0894 0.8554 -0.5101
vn -0.1279 0.8551 -0.5025
vn -0.1257 0.8575 -0.4989
vn -0.1616 0.8571 -0.4891
vn -0.1587 0.8600 -0.4849
vn -0.1982 0.8596 -0.4709
vn -0.1936 0.8643 -0.4643
vn -0.2346 0.8641 -0.4452
vn -0.2290 0.8691 -0.4385
vn -0.2648 0.8692 -0.4175
vn -0.2586 0.8741 -0.4111
vn -0.2898 0.8745 -0.3888
vn -0.2831 0.8793 -0.3831
vn -0.3103 0.8799 -0.3598
vn -0.3036 0.8843 -0.3548
vn -0.3273 0.8851 -0.3309
vn -0.3208 0.8890 -0.3267
vn -0.3414 0.8900 -0.3023
vn -0.3353 0.8934 -0.2989
vn -0.3534 0.8945 -0.2739
vn -0.3478 0.8974 -0.2714
vn -0.3637 0.8985 -0.2458
vn -0.3588 0.9010 -0.2440
vn -0.3727 0.9021 -0.2175
vn -0.3688 0.9040 -0.2164
vn -0.3809 0.9051 -0.1888
vn -0.3779 0.9065 -0.1882
vn -0.3884 0.9077 -0.1591
vn -0.3861 0.9087 -0.1588
vn -0.3951 0.9097 -0.1279
vn -0.3936 0.9103 -0.1278
vn -0.4008 0.9113 -0.0947
vn -0.3999 0.9116 -0.0947
vn -0.4051 0.9124 -0.0590
vn -0.4047 0.9125 -0.0591
vn 0.7605 0.6429 -0.0914
vn 0.7606 0.6428 -0.0915
vn 0.7527 0.6418 -0.1467
vn 0.7530 0.6414 -0.1470
vn 0.7423 0.6402 -0.1978
vn 0.7428 0.6394 -0.1985
vn 0.7296 0.6381 -0.2460
vn 0.7305 0.6366 -0.2472
vn 0.7151 0.6353 -0.2915
vn 0.7163 0.6331 -0.2934
vn 0.6994 0.6319 -0.3342
vn 0.7008 0.6289 -0.3368
vn 0.6823 0.6278 -0.3748
vn 0.6838 0.6240 -0.3782
vn 0.6638 0.6230 -0.4139
vn 0.6654 0.6184 -0.4181
vn 0.6437 0.6176 -0.4519
vn 0.6453 0.6124 -0.4567
vn 0.6218 0.6118 -0.4890
vn 0.6233 0.6058 -0.4944
vn 0.5978 0.6055 -0.5255
vn 0.5990 0.5989 -0.5315
vn 0.5711 0.5988 -0.5615
vn 0.5720 0.5917 -0.5680
vn 0.5414 0.5919 -0.5971
vn 0.5420 0.5844 -0.6040
vn 0.5081 0.5848 -0.6323
vn 0.5082 0.5770 -0.6394
vn 0.4702 0.5777 -0.6672
vn 0.4697 0.5698 -0.6743
vn 0.4269 0.5709 -0.7013
vn 0.4259 0.5631 -0.7082
vn 0.3775 0.5645 -0.7341
vn 0.3760 0.5571 -0.7405
vn 0.3213 0.5587 -0.7646
vn 0.3194 0.5520 -0.7703
vn 0.2576 0.5537 -0.7919
vn 0.2556 0.5480 -0.7965
vn 0.1928 0.5496 -0.8129
vn 0.1908 0.5459 -0.8158
vn 0.1286 0.5471 -0.8271
vn 0.1270 0.5445 -0.8291
vn 0.0595 0.5454 -0.8361
vn 0.0587 0.5441 -0.8369
vn -0.0134 0.5444 -0.8387
vn -0.0132 0.5446 -0.8386
vn -0.0853 0.5441 -0.8347
vn -0.0839 0.5459 -0.8337
vn -0.1529 0.5448 -0.8245
vn -0.1505 0.5479 -0.8229
vn -0.2156 0.5465 -0.8093
vn -0.2121 0.5506 -0.8073
vn -0.2731 0.5490 -0.7899
vn -0.2687 0.5542 -0.7878
vn -0.3359 0.5520 -0.7632
vn -0.3299 0.5604 -0.7597
vn -0.3999 0.5583 -0.7269
vn -0.3930 0.5675 -0.7235
vn -0.4546 0.5658 -0.6879
vn -0.4472 0.5752 -0.6850
vn -0.5017 0.5740 -0.6472
vn -0.4941 0.5833 -0.6447
vn -0.5422 0.5826 -0.6054
vn -0.5347 0.5915 -0.6035
vn -0.5774 0.5913 -0.5630
vn -0.5701 0.5996 -0.5617
vn -0.6080 0.5998 -0.5201
vn -0.6012 0.6074 -0.5192
vn -0.6349 0.6080 -0.4766
vn -0.6289 0.6146 -0.4763
vn -0.6589 0.6155 -0.4324
vn -0.6537 0.6211 -0.4324
vn -0.6805 0.6223 -0.3869
vn -0.6763 0.6267 -0.3872
vn -0.7003 0.6281 -0.3392
vn -0.6971 0.6314 -0.3397
vn -0.7184 0.6330 -0.2885
vn -0.7161 0.6353 -0.2890
vn -0.7345 0.6370 -0.2338
vn -0.7331 0.6385 -0.2343
vn -0.7483 0.6401 -0.1744
vn -0.7475 0.6408 -0.1747
vn -0.7587 0.6422 -0.1093
vn -0.7585 0.6424 -0.1095
vn -0.6210 0.7786 -0.0900
vn 0.8696 0.4826 -0.1044
vn 0.8602 0.4818 -0.1673
vn 0.8603 0.4816 -0.1675
vn 0.8475 0.4806 -0.2252
vn 0.8478 0.4800 -0.2256
vn 0.8322 0.4790 -0.2794
vn 0.8326 0.4777 -0.2802
vn 0.8146 0.4768 -0.3304
vn 0.8151 0.4749 -0.3317
vn 0.7954 0.4740 -0.3778
vn 0.7960 0.4714 -0.3797
vn 0.7745 0.4707 -0.4226
vn 0.7752 0.4673 -0.4251
vn 0.7520 0.4668 -0.4654
vn 0.7526 0.4628 -0.4684
vn 0.7276 0.4625 -0.5067
vn 0.7282 0.4577 -0.5102
vn 0.7012 0.4576 -0.5467
vn 0.7016 0.4523 -0.5506
vn 0.6724 0.4525 -0.5857
vn 0.6726 0.4467 -0.5900
vn 0.6408 0.4471 -0.6240
vn 0.6407 0.4408 -0.6286
vn 0.6060 0.4415 -0.6617
vn 0.6055 0.4349 -0.6664
vn 0.5673 0.4359 -0.6987
vn 0.5665 0.4291 -0.7036
vn 0.5238 0.4303 -0.7352
vn 0.5226 0.4234 -0.7400
vn 0.4745 0.4250 -0.7709
vn 0.4730 0.4182 -0.7755
vn 0.4188 0.4200 -0.8051
vn 0.4170 0.4137 -0.8093
vn 0.3559 0.4156 -0.8370
vn 0.3539 0.4099 -0.8407
vn 0.2850 0.4119 -0.8655
vn 0.2830 0.4070 -0.8685
vn 0.2131 0.4088 -0.8874
vn 0.2113 0.4056 -0.8893
vn 0.1421 0.4070 -0.9023
vn 0.1407 0.4047 -0.9035
vn 0.0657 0.4057 -0.9117
vn 0.0650 0.4046 -0.9122
vn -0.0148 0.4048 -0.9143
vn -0.0146 0.4051 -0.9142
vn -0.0941 0.4045 -0.9097
vn -0.0930 0.4060 -0.9091
vn -0.1688 0.4049 -0.8987
vn -0.1668 0.4075 -0.8979
vn -0.2380 0.4060 -0.8823
vn -0.2352 0.4096 -0.8814
vn -0.3016 0.4078 -0.8618
vn -0.2981 0.4122 -0.8609
vn -0.3711 0.4098 -0.8333
vn -0.3666 0.4170 -0.8317
vn -0.4425 0.4145 -0.7952
vn -0.4375 0.4224 -0.7939
vn -0.5041 0.4203 -0.7545
vn -0.4988 0.4284 -0.7535
vn -0.5577 0.4266 -0.7120
vn -0.5523 0.4347 -0.7113
vn -0.6046 0.4334 -0.6683
vn -0.5993 0.4413 -0.6679
vn -0.6458 0.4404 -0.6237
vn -0.6407 0.4478 -0.6236
vn -0.6822 0.4473 -0.5783
vn -0.6776 0.4541 -0.5785
vn -0.7147 0.4540 -0.5320
vn -0.7106 0.4600 -0.5324
vn -0.7439 0.4603 -0.4845
vn -0.7404 0.4653 -0.4850
vn -0.7705 0.4659 -0.4351
vn -0.7677 0.4699 -0.4357
vn -0.7949 0.4708 -0.3829
vn -0.7928 0.4737 -0.3835
vn -0.8173 0.4747 -0.3266
vn -0.8159 0.4768 -0.3271
vn -0.8373 0.4779 -0.2655
vn -0.8365 0.4792 -0.2659
vn -0.8543 0.4804 -0.1985
vn -0.8539 0.4810 -0.1987
vn -0.8672 0.4821 -0.1247
vn -0.8671 0.4822 -0.1248
vn 0.9467 0.3014 -0.1136
vn 0.9467 0.3015 -0.1136
vn 0.9361 0.3011 -0.1819
vn 0.9361 0.3010 -0.1820
vn 0.9219 0.3005 -0.2445
vn 0.9220 0.3002 -0.2448
vn 0.9047 0.2996 -0.3031
vn 0.9047 0.2989 -0.3035
vn 0.8848 0.2985 -0.3578
vn 0.8849 0.2973 -0.3585
vn 0.8631 0.2970 -0.4085
vn 0.8632 0.2952 -0.4096
vn 0.8395 0.2951 -0.4562
vn 0.8396 0.2928 -0.4576
vn 0.8141 0.2928 -0.5016
vn 0.8140 0.2900 -0.5033
vn 0.7866 0.2902 -0.5451
vn 0.7864 0.2870 -0.5470
vn 0.7569 0.2873 -0.5870
vn 0.7566 0.2837 -0.5892
vn 0.7247 0.2842 -0.6278
vn 0.7242 0.2801 -0.6301
vn 0.6896 0.2809 -0.6675
vn 0.6889 0.2766 -0.6700
vn 0.6511 0.2776 -0.7064
vn 0.6502 0.2730 -0.7090
vn 0.6086 0.2741 -0.7446
vn 0.6075 0.2695 -0.7472
vn 0.5611 0.2708 -0.7822
vn 0.5598 0.2661 -0.7848
vn 0.5077 0.2677 -0.8189
vn 0.5062 0.2630 -0.8213
vn 0.4476 0.2648 -0.8541
vn 0.4460 0.2604 -0.8563
vn 0.3801 0.2623 -0.8870
vn 0.3784 0.2582 -0.8889
vn 0.3041 0.2601 -0.9164
vn 0.3026 0.2567 -0.9179
vn 0.2273 0.2583 -0.9389
vn 0.2259 0.2561 -0.9399
vn 0.1515 0.2573 -0.9544
vn 0.1505 0.2558 -0.9550
vn 0.0700 0.2565 -0.9640
vn 0.0695 0.2558 -0.9642
vn -0.0158 0.2560 -0.9665
vn -0.0156 0.2562 -0.9665
vn -0.1003 0.2557 -0.9615
vn -0.0995 0.2568 -0.9613
vn -0.1798 0.2558 -0.9499
vn -0.1785 0.2576 -0.9496
vn -0.2536 0.2563 -0.9327
vn -0.2518 0.2588 -0.9325
vn -0.3214 0.2572 -0.9113
vn -0.3192 0.2602 -0.9113
vn -0.3955 0.2581 -0.8815
vn -0.3928 0.2631 -0.8812
vn -0.4720 0.2608 -0.8421
vn -0.4691 0.2662 -0.8421
vn -0.5383 0.2642 -0.8003
vn -0.5353 0.2697 -0.8004
vn -0.5965 0.2679 -0.7566
vn -0.5935 0.2735 -0.7569
vn -0.6478 0.2720 -0.7116
vn -0.6449 0.2774 -0.7121
vn -0.6933 0.2762 -0.6656
vn -0.6906 0.2814 -0.6662
vn -0.7339 0.2805 -0.6187
vn -0.7315 0.2852 -0.6194
vn -0.7704 0.2846 -0.5705
vn -0.7683 0.2888 -0.5713
vn -0.8035 0.2885 -0.5208
vn -0.8017 0.2920 -0.5215
vn -0.8336 0.2919 -0.4689
vn -0.8323 0.2946 -0.4696
vn -0.8614 0.2948 -0.4135
vn -0.8605 0.2968 -0.4141
vn -0.8870 0.2971 -0.3535
vn -0.8864 0.2985 -0.3539
vn -0.9098 0.2989 -0.2879
vn -0.9095 0.2997 -0.2882
vn -0.9291 0.3003 -0.2156
vn -0.9290 0.3005 -0.2157
vn -0.9439 0.3012 -0.1356
vn -0.9439 0.3012 -0.1357
vn 0.9868 0.1108 -0.1185
vn 0.9868 0.1109 -0.1184
vn 0.9756 0.1107 -0.1896
vn 0.9756 0.1108 -0.1896
vn 0.9607 0.1107 -0.2547
vn 0.9607 0.1106 -0.2548
vn 0.9425 0.1105 -0.3155
vn 0.9424 0.1104 -0.3156
vn 0.9215 0.1103 -0.3723
vn 0.9215 0.1099 -0.3725
vn 0.8986 0.1099 -0.4248
vn 0.8985 0.1094 -0.4251
vn 0.8736 0.1094 -0.4741
vn 0.8735 0.1086 -0.4745
vn 0.8467 0.1088 -0.5209
vn 0.8465 0.1078 -0.5213
vn 0.8176 0.1080 -0.5656
vn 0.8174 0.1069 -0.5661
vn 0.7862 0.1072 -0.6086
vn 0.7859 0.1059 -0.6092
vn 0.7522 0.1063 -0.6503
vn 0.7518 0.1048 -0.6510
vn 0.7153 0.1053 -0.6909
vn 0.7148 0.1037 -0.6916
vn 0.6748 0.1043 -0.7306
vn 0.6743 0.1026 -0.7313
vn 0.6304 0.1032 -0.7694
vn 0.6298 0.1015 -0.7701
vn 0.5808 0.1022 -0.8076
vn 0.5802 0.1004 -0.8083
vn 0.5252 0.1012 -0.8449
vn 0.5245 0.0995 -0.8456
vn 0.4628 0.1004 -0.8808
vn 0.4621 0.0987 -0.8813
vn 0.3928 0.0997 -0.9142
vn 0.3921 0.0981 -0.9147
vn 0.3142 0.0990 -0.9442
vn 0.3136 0.0977 -0.9445
vn 0.2348 0.0985 -0.9670
vn 0.2342 0.0976 -0.9673
vn 0.1564 0.0982 -0.9828
vn 0.1560 0.0976 -0.9829
vn 0.0723 0.0980 -0.9926
vn 0.0721 0.0977 -0.9926
vn -0.0163 0.0978 -0.9951
vn -0.0162 0.0978 -0.9951
vn -0.1035 0.0976 -0.9898
vn -0.1032 0.0980 -0.9898
vn -0.1856 0.0976 -0.9778
vn -0.1851 0.0983 -0.9778
vn -0.2618 0.0977 -0.9602
vn -0.2612 0.0986 -0.9602
vn -0.3318 0.0979 -0.9383
vn -0.3311 0.0990 -0.9384
vn -0.4083 0.0980 -0.9076
vn -0.4074 0.0999 -0.9078
vn -0.4875 0.0988 -0.8675
vn -0.4866 0.1008 -0.8678
vn -0.5563 0.0998 -0.8250
vn -0.5554 0.1019 -0.8253
vn -0.6169 0.1009 -0.7806
vn -0.6160 0.1031 -0.7810
vn -0.6705 0.1022 -0.7349
vn -0.6697 0.1043 -0.7353
vn -0.7182 0.1036 -0.6881
vn -0.7175 0.1054 -0.6885
vn -0.7610 0.1049 -0.6402
vn -0.7604 0.1066 -0.6407
vn -0.7996 0.1062 -0.5911
vn -0.7991 0.1077 -0.5915
vn -0.8347 0.1074 -0.5402
vn -0.8343 0.1086 -0.5405
vn -0.8667 0.1083 -0.4869
vn -0.8664 0.1093 -0.4872
vn -0.8963 0.1092 -0.4298
vn -0.8961 0.1098 -0.4300
vn -0.9234 0.1098 -0.3678
vn -0.9233 0.1102 -0.3679
vn -0.9476 0.1103 -0.2997
vn -0.9476 0.1105 -0.2998
vn -0.9681 0.1106 -0.2246
vn -0.9682 0.1106 -0.2246
vn -0.9837 0.1108 -0.1414
vn -0.9837 0.1107 -0.1413
vn 0.9892 -0.0856 -0.1187
vn 0.9892 -0.0857 -0.1188
vn 0.9780 -0.0856 -0.1900
vn 0.9780 -0.0856 -0.1901
vn 0.9630 -0.0856 -0.2554
vn 0.9448 -0.0855 -0.3164
vn 0.9448 -0.0853 -0.3163
vn 0.9238 -0.0853 -0.3734
vn 0.9238 -0.0850 -0.3733
vn 0.9007 -0.0850 -0.4260
vn 0.9008 -0.0846 -0.4259
vn 0.8756 -0.0847 -0.4755
vn 0.8758 -0.0841 -0.4753
vn 0.8485 -0.0842 -0.5224
vn 0.8488 -0.0835 -0.5221
vn 0.8193 -0.0836 -0.5673
vn 0.8196 -0.0828 -0.5669
vn 0.7877 -0.0830 -0.6104
vn 0.7881 -0.0821 -0.6101
vn 0.7536 -0.0823 -0.6522
vn 0.7540 -0.0813 -0.6518
vn 0.7164 -0.0816 -0.6929
vn 0.7169 -0.0804 -0.6925
vn 0.6758 -0.0808 -0.7326
vn 0.6764 -0.0796 -0.7322
vn 0.6312 -0.0801 -0.7715
vn 0.6318 -0.0787 -0.7711
vn 0.5815 -0.0793 -0.8097
vn 0.5821 -0.0779 -0.8094
vn 0.5257 -0.0786 -0.8470
vn 0.5264 -0.0772 -0.8468
vn 0.4631 -0.0780 -0.8829
vn 0.4638 -0.0767 -0.8826
vn 0.3930 -0.0774 -0.9163
vn 0.3936 -0.0762 -0.9161
vn 0.3143 -0.0769 -0.9462
vn 0.3149 -0.0759 -0.9461
vn 0.2348 -0.0765 -0.9690
vn 0.2352 -0.0759 -0.9690
vn 0.1564 -0.0763 -0.9847
vn 0.1567 -0.0759 -0.9847
vn 0.0723 -0.0762 -0.9945
vn 0.0724 -0.0759 -0.9945
vn -0.0163 -0.0760 -0.9970
vn -0.0163 -0.0761 -0.9970
vn -0.1035 -0.0759 -0.9917
vn -0.1037 -0.0762 -0.9917
vn -0.1856 -0.0759 -0.9797
vn -0.1860 -0.0764 -0.9796
vn -0.2618 -0.0759 -0.9621
vn -0.2623 -0.0766 -0.9619
vn -0.3319 -0.0761 -0.9402
vn -0.3324 -0.0769 -0.9400
vn -0.4085 -0.0762 -0.9096
vn -0.4090 -0.0776 -0.9092
vn -0.4878 -0.0768 -0.8696
vn -0.4884 -0.0783 -0.8691
vn -0.5568 -0.0775 -0.8270
vn -0.5574 -0.0791 -0.8265
vn -0.6176 -0.0783 -0.7826
vn -0.6181 -0.0799 -0.7821
vn -0.6714 -0.0793 -0.7368
vn -0.6718 -0.0808 -0.7363
vn -0.7193 -0.0803 -0.6900
vn -0.7197 -0.0817 -0.6895
vn -0.7623 -0.0813 -0.6421
vn -0.7626 -0.0826 -0.6416
vn -0.8012 -0.0823 -0.5928
vn -0.8014 -0.0834 -0.5923
vn -0.8364 -0.0831 -0.5418
vn -0.8366 -0.0841 -0.5414
vn -0.8686 -0.0839 -0.4883
vn -0.8687 -0.0846 -0.4880
vn -0.8984 -0.0845 -0.4310
vn -0.8984 -0.0850 -0.4308
vn -0.9256 -0.0850 -0.3688
vn -0.9256 -0.0852 -0.3687
vn -0.9500 -0.0853 -0.3005
vn -0.9500 -0.0854 -0.3005
vn -0.9706 -0.0855 -0.2252
vn -0.9862 -0.0856 -0.1417
vn 0.9540 -0.2771 -0.1145
vn 0.9540 -0.2772 -0.1145
vn 0.9433 -0.2768 -0.1833
vn 0.9289 -0.2763 -0.2465
vn 0.9290 -0.2760 -0.2464
vn 0.9114 -0.2756 -0.3056
vn 0.9117 -0.2749 -0.3054
vn 0.8912 -0.2746 -0.3610
vn 0.8918 -0.2735 -0.3605
vn 0.8692 -0.2732 -0.4122
vn 0.8699 -0.2716 -0.4116
vn 0.8452 -0.2715 -0.4604
vn 0.8462 -0.2694 -0.4597
vn 0.8193 -0.2695 -0.5062
vn 0.8206 -0.2669 -0.5054
vn 0.7913 -0.2671 -0.5500
vn 0.7929 -0.2641 -0.5492
vn 0.7611 -0.2645 -0.5922
vn 0.7629 -0.2611 -0.5914
vn 0.7284 -0.2617 -0.6332
vn 0.7304 -0.2580 -0.6324
vn 0.6927 -0.2588 -0.6732
vn 0.6950 -0.2547 -0.6724
vn 0.6537 -0.2557 -0.7122
vn 0.6561 -0.2514 -0.7115
vn 0.6107 -0.2527 -0.7504
vn 0.6133 -0.2482 -0.7499
vn 0.5627 -0.2496 -0.7881
vn 0.5653 -0.2452 -0.7876
vn 0.5088 -0.2468 -0.8247
vn 0.5114 -0.2424 -0.8244
vn 0.4483 -0.2442 -0.8599
vn 0.4508 -0.2400 -0.8597
vn 0.3804 -0.2419 -0.8926
vn 0.3827 -0.2381 -0.8927
vn 0.3042 -0.2400 -0.9219
vn 0.3062 -0.2368 -0.9221
vn 0.2272 -0.2384 -0.9442
vn 0.2288 -0.2363 -0.9444
vn 0.1514 -0.2374 -0.9595
vn 0.1524 -0.2360 -0.9597
vn 0.0699 -0.2368 -0.9690
vn 0.0704 -0.2361 -0.9692
vn -0.0157 -0.2363 -0.9716
vn -0.0158 -0.2364 -0.9715
vn -0.1002 -0.2360 -0.9666
vn -0.1008 -0.2369 -0.9663
vn -0.1797 -0.2361 -0.9550
vn -0.1808 -0.2377 -0.9544
vn -0.2536 -0.2365 -0.9380
vn -0.2549 -0.2387 -0.9370
vn -0.3215 -0.2373 -0.9167
vn -0.3230 -0.2400 -0.9154
vn -0.3958 -0.2381 -0.8869
vn -0.3973 -0.2426 -0.8850
vn -0.4727 -0.2405 -0.8477
vn -0.4742 -0.2454 -0.8455
vn -0.5396 -0.2435 -0.8059
vn -0.5408 -0.2486 -0.8036
vn -0.5983 -0.2469 -0.7623
vn -0.5993 -0.2520 -0.7598
vn -0.6502 -0.2506 -0.7172
vn -0.6510 -0.2556 -0.7148
vn -0.6963 -0.2544 -0.6711
vn -0.6969 -0.2592 -0.6687
vn -0.7375 -0.2583 -0.6240
vn -0.7379 -0.2627 -0.6217
vn -0.7747 -0.2620 -0.5755
vn -0.7748 -0.2659 -0.5736
vn -0.8083 -0.2655 -0.5255
vn -0.8084 -0.2687 -0.5238
vn -0.8391 -0.2686 -0.4731
vn -0.8390 -0.2711 -0.4718
vn -0.8674 -0.2712 -0.4172
vn -0.8673 -0.2730 -0.4162
vn -0.8934 -0.2734 -0.3566
vn -0.8933 -0.2746 -0.3560
vn -0.9166 -0.2750 -0.2903
vn -0.9165 -0.2756 -0.2900
vn -0.9362 -0.2762 -0.2174
vn -0.9362 -0.2764 -0.2172
vn -0.9511 -0.2769 -0.1367
vn 0.1989 -0.9797 -0.0243
vn 0.1990 -0.9797 -0.0243
vn 0.1973 -0.9795 -0.0393
vn 0.1976 -0.9795 -0.0392
vn 0.1952 -0.9793 -0.0534
vn 0.1957 -0.9792 -0.0534
vn 0.1927 -0.9790 -0.0670
vn 0.1934 -0.9788 -0.0670
vn 0.1897 -0.9786 -0.0802
vn 0.1908 -0.9783 -0.0803
vn 0.1866 -0.9780 -0.0930
vn 0.1880 -0.9777 -0.0932
vn 0.1831 -0.9774 -0.1054
vn 0.1850 -0.9770 -0.1058
vn 0.1794 -0.9767 -0.1177
vn 0.1816 -0.9762 -0.1184
vn 0.1754 -0.9759 -0.1299
vn 0.1779 -0.9753 -0.1309
vn 0.1708 -0.9750 -0.1423
vn 0.1737 -0.9743 -0.1435
vn 0.1657 -0.9740 -0.1547
vn 0.1688 -0.9732 -0.1563
vn 0.1598 -0.9729 -0.1673
vn 0.1630 -0.9720 -0.1693
vn 0.1529 -0.9717 -0.1801
vn 0.1563 -0.9707 -0.1826
vn 0.1449 -0.9704 -0.1931
vn 0.1482 -0.9694 -0.1959
vn 0.1353 -0.9691 -0.2062
vn 0.1386 -0.9680 -0.2093
vn 0.1239 -0.9678 -0.2192
vn 0.1270 -0.9666 -0.2226
vn 0.1105 -0.9665 -0.2318
vn 0.1133 -0.9653 -0.2354
vn 0.0947 -0.9652 -0.2437
vn 0.0970 -0.9641 -0.2472
vn 0.0764 -0.9641 -0.2543
vn 0.0781 -0.9631 -0.2575
vn 0.0574 -0.9632 -0.2627
vn 0.0585 -0.9625 -0.2649
vn 0.0384 -0.9626 -0.2683
vn 0.0390 -0.9621 -0.2699
vn 0.0178 -0.9622 -0.2719
vn 0.0180 -0.9619 -0.2727
vn -0.0040 -0.9620 -0.2732
vn -0.0041 -0.9620 -0.2730
vn -0.0256 -0.9620 -0.2719
vn -0.0257 -0.9623 -0.2709
vn -0.0459 -0.9622 -0.2683
vn -0.0460 -0.9628 -0.2665
vn -0.0646 -0.9627 -0.2627
vn -0.0646 -0.9634 -0.2601
vn -0.0815 -0.9634 -0.2554
vn -0.0813 -0.9642 -0.2523
vn -0.1000 -0.9642 -0.2455
vn -0.0989 -0.9656 -0.2406
vn -0.1181 -0.9657 -0.2314
vn -0.1165 -0.9671 -0.2263
vn -0.1330 -0.9672 -0.2163
vn -0.1310 -0.9686 -0.2112
vn -0.1452 -0.9688 -0.2007
vn -0.1429 -0.9702 -0.1959
vn -0.1550 -0.9704 -0.1850
vn -0.1526 -0.9716 -0.1806
vn -0.1631 -0.9720 -0.1694
vn -0.1606 -0.9730 -0.1656
vn -0.1697 -0.9734 -0.1542
vn -0.1673 -0.9743 -0.1508
vn -0.1752 -0.9746 -0.1392
vn -0.1729 -0.9754 -0.1364
vn -0.1799 -0.9758 -0.1244
vn -0.1779 -0.9764 -0.1222
vn -0.1841 -0.9768 -0.1096
vn -0.1823 -0.9773 -0.1080
vn -0.1878 -0.9776 -0.0948
vn -0.1864 -0.9780 -0.0936
vn -0.1912 -0.9783 -0.0796
vn -0.1902 -0.9786 -0.0788
vn -0.1942 -0.9789 -0.0637
vn -0.1935 -0.9791 -0.0633
vn -0.1968 -0.9793 -0.0470
vn -0.1964 -0.9794 -0.0468
vn -0.1987 -0.9796 -0.0292
vn -0.1985 -0.9797 -0.0291
vn -0.2001 -0.9798 -0.0055
vn -0.2898 -0.9568 -0.0241
vn 0.3495 -0.9360 -0.0425
vn 0.3496 -0.9359 -0.0424
vn 0.3466 -0.9355 -0.0686
vn 0.3470 -0.9354 -0.0685
vn 0.3427 -0.9348 -0.0932
vn 0.3435 -0.9345 -0.0930
vn 0.3380 -0.9339 -0.1168
vn 0.3393 -0.9334 -0.1166
vn 0.3326 -0.9327 -0.1396
vn 0.3345 -0.9320 -0.1395
vn 0.3267 -0.9312 -0.1614
vn 0.3293 -0.9303 -0.1615
vn 0.3204 -0.9295 -0.1827
vn 0.3237 -0.9283 -0.1830
vn 0.3136 -0.9275 -0.2037
vn 0.3175 -0.9260 -0.2043
vn 0.3061 -0.9252 -0.2244
vn 0.3106 -0.9234 -0.2255
vn 0.2978 -0.9226 -0.2452
vn 0.3028 -0.9206 -0.2467
vn 0.2884 -0.9198 -0.2661
vn 0.2939 -0.9175 -0.2682
vn 0.2777 -0.9167 -0.2872
vn 0.2835 -0.9141 -0.2899
vn 0.2653 -0.9135 -0.3085
vn 0.2714 -0.9105 -0.3118
vn 0.2509 -0.9100 -0.3301
vn 0.2571 -0.9069 -0.3340
vn 0.2339 -0.9064 -0.3517
vn 0.2400 -0.9031 -0.3561
vn 0.2140 -0.9028 -0.3731
vn 0.2197 -0.8994 -0.3779
vn 0.1905 -0.8993 -0.3938
vn 0.1956 -0.8959 -0.3989
vn 0.1630 -0.8959 -0.4132
vn 0.1674 -0.8928 -0.4183
vn 0.1313 -0.8930 -0.4305
vn 0.1347 -0.8902 -0.4352
vn 0.0986 -0.8905 -0.4441
vn 0.1008 -0.8887 -0.4473
vn 0.0659 -0.8889 -0.4533
vn 0.0672 -0.8877 -0.4555
vn 0.0305 -0.8879 -0.4591
vn 0.0311 -0.8873 -0.4602
vn -0.0069 -0.8873 -0.4611
vn -0.0070 -0.8875 -0.4608
vn -0.0439 -0.8873 -0.4590
vn -0.0444 -0.8882 -0.4573
vn -0.0787 -0.8880 -0.4531
vn -0.0793 -0.8894 -0.4501
vn -0.1108 -0.8892 -0.4439
vn -0.1114 -0.8912 -0.4398
vn -0.1400 -0.8910 -0.4319
vn -0.1404 -0.8933 -0.4269
vn -0.1718 -0.8931 -0.4158
vn -0.1709 -0.8969 -0.4079
vn -0.2033 -0.8969 -0.3927
vn -0.2017 -0.9009 -0.3843
vn -0.2294 -0.9011 -0.3679
vn -0.2271 -0.9051 -0.3595
vn -0.2510 -0.9055 -0.3423
vn -0.2480 -0.9093 -0.3342
vn -0.2686 -0.9098 -0.3164
vn -0.2653 -0.9134 -0.3088
vn -0.2831 -0.9140 -0.2906
vn -0.2796 -0.9172 -0.2838
vn -0.2952 -0.9179 -0.2651
vn -0.2917 -0.9208 -0.2591
vn -0.3054 -0.9215 -0.2399
vn -0.3020 -0.9239 -0.2349
vn -0.3141 -0.9248 -0.2149
vn -0.3110 -0.9267 -0.2108
vn -0.3218 -0.9276 -0.1899
vn -0.3191 -0.9291 -0.1868
vn -0.3287 -0.9300 -0.1645
vn -0.3266 -0.9311 -0.1623
vn -0.3350 -0.9320 -0.1384
vn -0.3334 -0.9328 -0.1369
vn -0.3407 -0.9336 -0.1111
vn -0.3395 -0.9341 -0.1102
vn -0.3455 -0.9348 -0.0821
vn -0.3448 -0.9351 -0.0816
vn -0.3491 -0.9357 -0.0511
vn -0.3488 -0.9358 -0.0509
vn -0.3517 -0.9361 -0.0100
vn -0.4714 -0.8813 -0.0323
vn 0.5121 -0.8567 -0.0620
vn 0.5123 -0.8566 -0.0619
vn 0.5075 -0.8559 -0.0999
vn 0.5080 -0.8556 -0.0998
vn 0.5013 -0.8546 -0.1354
vn 0.5022 -0.8541 -0.1351
vn 0.4938 -0.8529 -0.1692
vn 0.4955 -0.8520 -0.1689
vn 0.4853 -0.8508 -0.2017
vn 0.4877 -0.8495 -0.2015
vn 0.4759 -0.8482 -0.2326
vn 0.4792 -0.8464 -0.2326
vn 0.4658 -0.8450 -0.2625
vn 0.4699 -0.8427 -0.2627
vn 0.4549 -0.8414 -0.2916
vn 0.4597 -0.8386 -0.2922
vn 0.4429 -0.8374 -0.3203
vn 0.4485 -0.8340 -0.3213
vn 0.4297 -0.8329 -0.3488
vn 0.4360 -0.8290 -0.3503
vn 0.4150 -0.8280 -0.3772
vn 0.4218 -0.8236 -0.3792
vn 0.3984 -0.8227 -0.4056
vn 0.4056 -0.8178 -0.4083
vn 0.3794 -0.8171 -0.4341
vn 0.3869 -0.8118 -0.4374
vn 0.3576 -0.8113 -0.4625
vn 0.3652 -0.8056 -0.4665
vn 0.3323 -0.8054 -0.4909
vn 0.3398 -0.7995 -0.4954
vn 0.3030 -0.7995 -0.5187
vn 0.3100 -0.7935 -0.5237
vn 0.2688 -0.7938 -0.5455
vn 0.2752 -0.7880 -0.5507
vn 0.2295 -0.7886 -0.5705
vn 0.2349 -0.7832 -0.5757
vn 0.1844 -0.7839 -0.5929
vn 0.1886 -0.7793 -0.5976
vn 0.1382 -0.7801 -0.6102
vn 0.1411 -0.7771 -0.6134
vn 0.0922 -0.7777 -0.6218
vn 0.0940 -0.7756 -0.6242
vn 0.0427 -0.7761 -0.6292
vn 0.0434 -0.7751 -0.6304
vn -0.0096 -0.7752 -0.6316
vn -0.0098 -0.7754 -0.6314
vn -0.0613 -0.7752 -0.6288
vn -0.0621 -0.7765 -0.6270
vn -0.1100 -0.7760 -0.6210
vn -0.1111 -0.7784 -0.6178
vn -0.1551 -0.7778 -0.6091
vn -0.1562 -0.7811 -0.6046
vn -0.1962 -0.7805 -0.5936
vn -0.1972 -0.7844 -0.5880
vn -0.2412 -0.7836 -0.5725
vn -0.2408 -0.7900 -0.5638
vn -0.2863 -0.7896 -0.5428
vn -0.2851 -0.7964 -0.5333
vn -0.3242 -0.7963 -0.5107
vn -0.3222 -0.8032 -0.5011
vn -0.3560 -0.8034 -0.4773
vn -0.3532 -0.8101 -0.4679
vn -0.3827 -0.8106 -0.4433
vn -0.3793 -0.8169 -0.4344
vn -0.4050 -0.8176 -0.4091
vn -0.4013 -0.8235 -0.4010
vn -0.4240 -0.8244 -0.3750
vn -0.4201 -0.8296 -0.3678
vn -0.4402 -0.8307 -0.3409
vn -0.4364 -0.8352 -0.3347
vn -0.4543 -0.8364 -0.3068
vn -0.4507 -0.8401 -0.3017
vn -0.4668 -0.8414 -0.2722
vn -0.4637 -0.8444 -0.2683
vn -0.4781 -0.8458 -0.2368
vn -0.4756 -0.8480 -0.2340
vn -0.4884 -0.8494 -0.1999
vn -0.4865 -0.8510 -0.1980
vn -0.4976 -0.8523 -0.1609
vn -0.4963 -0.8533 -0.1598
vn -0.5054 -0.8546 -0.1193
vn -0.5046 -0.8552 -0.1187
vn -0.5113 -0.8562 -0.0744
vn -0.5110 -0.8564 -0.0742
vn -0.5151 -0.8569 -0.0193
vn -0.6338 -0.7725 -0.0390
vn 0.6576 -0.7492 -0.0793
vn 0.6577 -0.7491 -0.0792
vn 0.6512 -0.7481 -0.1276
vn 0.6516 -0.7478 -0.1274
vn 0.6426 -0.7465 -0.1724
vn 0.6435 -0.7458 -0.1721
vn 0.6322 -0.7444 -0.2150
vn 0.6338 -0.7432 -0.2146
vn 0.6202 -0.7416 -0.2556
vn 0.6226 -0.7398 -0.2552
vn 0.6071 -0.7383 -0.2939
vn 0.6104 -0.7357 -0.2936
vn 0.5930 -0.7342 -0.3305
vn 0.5971 -0.7310 -0.3304
vn 0.5777 -0.7296 -0.3660
vn 0.5826 -0.7256 -0.3662
vn 0.5610 -0.7244 -0.4007
vn 0.5667 -0.7197 -0.4012
vn 0.5428 -0.7186 -0.4347
vn 0.5491 -0.7132 -0.4357
vn 0.5226 -0.7124 -0.4684
vn 0.5294 -0.7064 -0.4698
vn 0.5001 -0.7058 -0.5018
vn 0.5073 -0.6992 -0.5037
vn 0.4747 -0.6989 -0.5350
vn 0.4823 -0.6918 -0.5374
vn 0.4461 -0.6918 -0.5679
vn 0.4537 -0.6843 -0.5708
vn 0.4133 -0.6846 -0.6004
vn 0.4208 -0.6769 -0.6039
vn 0.3756 -0.6776 -0.6323
vn 0.3827 -0.6699 -0.6362
vn 0.3324 -0.6709 -0.6629
vn 0.3389 -0.6636 -0.6670
vn 0.2830 -0.6648 -0.6913
vn 0.2886 -0.6581 -0.6954
vn 0.2269 -0.6596 -0.7166
vn 0.2314 -0.6538 -0.7205
vn 0.1698 -0.6552 -0.7361
vn 0.1730 -0.6515 -0.7387
vn 0.1132 -0.6525 -0.7493
vn 0.1152 -0.6499 -0.7512
vn 0.0524 -0.6506 -0.7576
vn 0.0532 -0.6494 -0.7586
vn -0.0118 -0.6496 -0.7602
vn -0.0120 -0.6499 -0.7599
vn -0.0752 -0.6495 -0.7566
vn -0.0761 -0.6512 -0.7551
vn -0.1349 -0.6504 -0.7475
vn -0.1363 -0.6533 -0.7447
vn -0.1903 -0.6523 -0.7337
vn -0.1919 -0.6563 -0.7297
vn -0.2410 -0.6552 -0.7160
vn -0.2427 -0.6600 -0.7110
vn -0.2965 -0.6586 -0.6916
vn -0.2971 -0.6666 -0.6837
vn -0.3530 -0.6653 -0.6578
vn -0.3527 -0.6740 -0.6491
vn -0.4010 -0.6732 -0.6213
vn -0.3999 -0.6820 -0.6123
vn -0.4419 -0.6816 -0.5832
vn -0.4402 -0.6903 -0.5743
vn -0.4769 -0.6903 -0.5441
vn -0.4745 -0.6986 -0.5355
vn -0.5069 -0.6990 -0.5045
vn -0.5040 -0.7068 -0.4965
vn -0.5327 -0.7074 -0.4646
vn -0.5295 -0.7145 -0.4574
vn -0.5551 -0.7154 -0.4243
vn -0.5519 -0.7216 -0.4181
vn -0.5749 -0.7227 -0.3836
vn -0.5718 -0.7279 -0.3784
vn -0.5927 -0.7293 -0.3419
vn -0.5899 -0.7334 -0.3379
vn -0.6088 -0.7349 -0.2986
vn -0.6066 -0.7380 -0.2957
vn -0.6236 -0.7397 -0.2531
vn -0.6218 -0.7419 -0.2511
vn -0.6367 -0.7435 -0.2044
vn -0.6354 -0.7449 -0.2032
vn -0.6478 -0.7465 -0.1520
vn -0.6471 -0.7472 -0.1514
vn -0.6562 -0.7485 -0.0950
vn -0.6560 -0.7488 -0.0948
vn -0.6613 -0.7496 -0.0281
vn -0.7722 -0.6338 -0.0437
vn 0.7810 -0.6174 -0.0939
vn 0.7729 -0.6164 -0.1508
vn 0.7731 -0.6161 -0.1507
vn 0.7620 -0.6148 -0.2034
vn 0.7626 -0.6141 -0.2031
vn 0.7487 -0.6127 -0.2531
vn 0.7499 -0.6114 -0.2526
vn 0.7334 -0.6100 -0.3000
vn 0.7353 -0.6079 -0.2995
vn 0.7168 -0.6066 -0.3440
vn 0.7194 -0.6038 -0.3434
vn 0.6987 -0.6026 -0.3857
vn 0.7021 -0.5989 -0.3853
vn 0.6791 -0.5979 -0.4259
vn 0.6832 -0.5934 -0.4255
vn 0.6580 -0.5926 -0.4647
vn 0.6627 -0.5874 -0.4646
vn 0.6349 -0.5868 -0.5026
vn 0.6401 -0.5810 -0.5027
vn 0.6096 -0.5806 -0.5397
vn 0.6153 -0.5741 -0.5401
vn 0.5817 -0.5741 -0.5762
vn 0.5878 -0.5670 -0.5770
vn 0.5508 -0.5673 -0.6122
vn 0.5571 -0.5597 -0.6134
vn 0.5161 -0.5604 -0.6478
vn 0.5226 -0.5525 -0.6493
vn 0.4769 -0.5535 -0.6828
vn 0.4834 -0.5455 -0.6847
vn 0.4324 -0.5468 -0.7170
vn 0.4386 -0.5389 -0.7192
vn 0.3818 -0.5406 -0.7497
vn 0.3875 -0.5330 -0.7522
vn 0.3245 -0.5349 -0.7801
vn 0.3295 -0.5281 -0.7827
vn 0.2598 -0.5301 -0.8072
vn 0.2639 -0.5242 -0.8097
vn 0.1943 -0.5261 -0.8279
vn 0.1972 -0.5223 -0.8296
vn 0.1294 -0.5237 -0.8420
vn 0.1314 -0.5210 -0.8434
vn 0.0598 -0.5219 -0.8509
vn 0.0607 -0.5207 -0.8516
vn -0.0135 -0.5210 -0.8535
vn -0.0137 -0.5212 -0.8533
vn -0.0858 -0.5208 -0.8494
vn -0.0868 -0.5224 -0.8482
vn -0.1540 -0.5214 -0.8393
vn -0.1555 -0.5244 -0.8372
vn -0.2173 -0.5230 -0.8242
vn -0.2192 -0.5270 -0.8211
vn -0.2754 -0.5256 -0.8049
vn -0.2774 -0.5305 -0.8010
vn -0.3391 -0.5285 -0.7783
vn -0.3404 -0.5365 -0.7722
vn -0.4043 -0.5346 -0.7421
vn -0.4051 -0.5434 -0.7352
vn -0.4605 -0.5419 -0.7031
vn -0.4606 -0.5510 -0.6959
vn -0.5090 -0.5498 -0.6623
vn -0.5085 -0.5589 -0.6550
vn -0.5511 -0.5582 -0.6203
vn -0.5500 -0.5670 -0.6132
vn -0.5877 -0.5667 -0.5774
vn -0.5862 -0.5750 -0.5708
vn -0.6198 -0.5751 -0.5340
vn -0.6179 -0.5826 -0.5279
vn -0.6482 -0.5831 -0.4898
vn -0.6461 -0.5898 -0.4844
vn -0.6735 -0.5905 -0.4446
vn -0.6715 -0.5961 -0.4402
vn -0.6964 -0.5972 -0.3980
vn -0.6945 -0.6017 -0.3945
vn -0.7174 -0.6030 -0.3490
vn -0.7158 -0.6063 -0.3465
vn -0.7366 -0.6078 -0.2968
vn -0.7353 -0.6102 -0.2951
vn -0.7537 -0.6117 -0.2405
vn -0.7528 -0.6132 -0.2395
vn -0.7681 -0.6147 -0.1793
vn -0.7676 -0.6155 -0.1788
vn -0.7791 -0.6168 -0.1124
vn -0.7789 -0.6170 -0.1122
vn -0.7855 -0.6178 -0.0364
vn -0.8811 -0.4707 -0.0464
vn 0.8819 -0.4594 -0.1059
vn 0.8723 -0.4586 -0.1698
vn 0.8724 -0.4584 -0.1697
vn 0.8593 -0.4575 -0.2286
vn 0.8597 -0.4569 -0.2283
vn 0.8436 -0.4559 -0.2838
vn 0.8443 -0.4548 -0.2834
vn 0.8254 -0.4538 -0.3357
vn 0.8267 -0.4521 -0.3351
vn 0.8056 -0.4513 -0.3839
vn 0.8073 -0.4487 -0.3832
vn 0.7840 -0.4481 -0.4295
vn 0.7863 -0.4448 -0.4287
vn 0.7608 -0.4444 -0.4730
vn 0.7636 -0.4404 -0.4722
vn 0.7357 -0.4401 -0.5149
vn 0.7389 -0.4356 -0.5141
vn 0.7084 -0.4356 -0.5554
vn 0.7121 -0.4304 -0.5547
vn 0.6788 -0.4307 -0.5948
vn 0.6828 -0.4249 -0.5943
vn 0.6464 -0.4255 -0.6334
vn 0.6507 -0.4193 -0.6330
vn 0.6107 -0.4202 -0.6712
vn 0.6153 -0.4136 -0.6711
vn 0.5711 -0.4148 -0.7083
vn 0.5759 -0.4079 -0.7084
vn 0.5268 -0.4095 -0.7449
vn 0.5316 -0.4025 -0.7452
vn 0.4767 -0.4043 -0.7805
vn 0.4815 -0.3976 -0.7811
vn 0.4203 -0.3996 -0.8146
vn 0.4248 -0.3932 -0.8155
vn 0.3568 -0.3954 -0.8464
vn 0.3608 -0.3896 -0.8474
vn 0.2855 -0.3918 -0.8746
vn 0.2888 -0.3869 -0.8757
vn 0.2133 -0.3889 -0.8963
vn 0.2157 -0.3857 -0.8971
vn 0.1421 -0.3871 -0.9110
vn 0.1437 -0.3849 -0.9117
vn 0.0656 -0.3858 -0.9202
vn 0.0664 -0.3848 -0.9206
vn -0.0148 -0.3851 -0.9228
vn -0.0149 -0.3853 -0.9227
vn -0.0941 -0.3848 -0.9182
vn -0.0950 -0.3862 -0.9175
vn -0.1688 -0.3851 -0.9073
vn -0.1704 -0.3876 -0.9060
vn -0.2382 -0.3862 -0.8911
vn -0.2402 -0.3895 -0.8891
vn -0.3021 -0.3879 -0.8708
vn -0.3042 -0.3920 -0.8682
vn -0.3720 -0.3898 -0.8424
vn -0.3738 -0.3966 -0.8384
vn -0.4441 -0.3943 -0.8045
vn -0.4457 -0.4018 -0.8000
vn -0.5065 -0.3998 -0.7639
vn -0.5077 -0.4076 -0.7591
vn -0.5611 -0.4059 -0.7214
vn -0.5618 -0.4136 -0.7165
vn -0.6089 -0.4124 -0.6776
vn -0.6092 -0.4199 -0.6727
vn -0.6511 -0.4190 -0.6328
vn -0.6510 -0.4262 -0.6282
vn -0.6885 -0.4257 -0.5871
vn -0.6881 -0.4323 -0.5828
vn -0.7220 -0.4321 -0.5403
vn -0.7214 -0.4379 -0.5365
vn -0.7522 -0.4381 -0.4922
vn -0.7514 -0.4431 -0.4890
vn -0.7797 -0.4435 -0.4421
vn -0.7789 -0.4473 -0.4396
vn -0.8049 -0.4481 -0.3890
vn -0.8042 -0.4510 -0.3871
vn -0.8281 -0.4519 -0.3318
vn -0.8275 -0.4539 -0.3306
vn -0.8487 -0.4550 -0.2696
vn -0.8483 -0.4562 -0.2689
vn -0.8662 -0.4573 -0.2015
vn -0.8659 -0.4579 -0.2012
vn -0.8794 -0.4589 -0.1265
vn -0.8794 -0.4590 -0.1265
vn -0.8872 -0.4596 -0.0414
vn -0.9594 -0.2773 -0.0509
vn -0.9559 -0.2904 -0.0441
vn -0.9949 -0.0857 -0.0524
vn -0.9942 -0.0974 -0.0464
vn -0.9924 0.1108 -0.0527
vn -0.9942 0.0974 -0.0460
vn -0.9556 0.2904 -0.0500
vn -0.9524 0.3015 -0.0448
vn -0.8811 0.4706 -0.0466
vn -0.8747 0.4829 -0.0403
vn -0.7723 0.6340 -0.0405
vn -0.7649 0.6433 -0.0351
vn -0.6340 0.7726 -0.0337
vn -0.6259 0.7794 -0.0289
vn -0.2898 0.9568 -0.0217
vn -0.1791 0.9838 -0.0057
vn -0.0985 0.9951 -0.0030
vn -0.0767 0.9969 -0.0169
vn -0.0609 0.9981 -0.0055
vn -0.0579 0.9983 -0.0085
vn -0.0580 0.9983 -0.0086
vn -0.0602 0.9981 -0.0123
vn 0.4714 0.8813 -0.0322
vn 0.4056 0.9127 -0.0492
vn 0.4077 0.9130 -0.0132
vn 0.2950 0.9553 -0.0189
vn 0.2898 0.9569 -0.0208
vn 0.1790 0.9838 -0.0035
vn 0.0985 0.9950 -0.0158
vn 0.0579 0.9983 -0.0018
vn 0.0609 0.9981 -0.0055
vn 0.0579 0.9983 -0.0071
vn 0.0605 0.9981 -0.0090
vn 0.0582 0.9982 -0.0116
vn 0.0589 0.9982 -0.0121
vn 0.0592 0.9981 -0.0154
vn 0.0572 0.9982 -0.0157
vn 0.0593 0.9981 -0.0186
vn 0.0563 0.9982 -0.0197
vn 0.0583 0.9981 -0.0214
vn 0.0566 0.9981 -0.0239
vn 0.0561 0.9981 -0.0238
vn 0.0573 0.9980 -0.0272
vn 0.0546 0.9981 -0.0273
vn 0.0567 0.9979 -0.0300
vn 0.0541 0.9980 -0.0313
vn 0.0550 0.9980 -0.0322
vn 0.0547 0.9979 -0.0352
vn 0.0528 0.9980 -0.0348
vn 0.0545 0.9978 -0.0383
vn 0.0516 0.9979 -0.0384
vn 0.0531 0.9978 -0.0406
vn 0.0515 0.9978 -0.0427
vn 0.0507 0.9978 -0.0424
vn 0.0515 0.9976 -0.0464
vn 0.0486 0.9978 -0.0457
vn 0.0504 0.9975 -0.0492
vn 0.0472 0.9976 -0.0500
vn 0.0479 0.9976 -0.0505
vn 0.0474 0.9974 -0.0545
vn 0.0448 0.9976 -0.0531
vn 0.0462 0.9972 -0.0580
vn 0.0425 0.9975 -0.0571
vn 0.0436 0.9973 -0.0598
vn 0.0414 0.9972 -0.0624
vn 0.0397 0.9974 -0.0610
vn 0.0400 0.9970 -0.0668
vn 0.0360 0.9973 -0.0641
vn 0.0371 0.9969 -0.0691
vn 0.0329 0.9970 -0.0693
vn 0.0326 0.9971 -0.0689
vn 0.0309 0.9967 -0.0748
vn 0.0272 0.9971 -0.0705
vn 0.0274 0.9966 -0.0777
vn 0.0222 0.9970 -0.0744
vn 0.0224 0.9968 -0.0769
vn 0.0184 0.9966 -0.0806
vn 0.0168 0.9968 -0.0775
vn 0.0138 0.9964 -0.0834
vn 0.0111 0.9969 -0.0781
vn 0.0085 0.9963 -0.0851
vn 0.0051 0.9969 -0.0787
vn 0.0029 0.9963 -0.0857
vn -0.0012 0.9969 -0.0793
vn -0.0029 0.9964 -0.0847
vn -0.0075 0.9968 -0.0801
vn -0.0083 0.9966 -0.0824
vn -0.0134 0.9966 -0.0810
vn -0.0135 0.9967 -0.0794
vn -0.0185 0.9965 -0.0811
vn -0.0187 0.9969 -0.0766
vn -0.0233 0.9965 -0.0800
vn -0.0234 0.9970 -0.0740
vn -0.0275 0.9966 -0.0779
vn -0.0281 0.9973 -0.0679
vn -0.0290 0.9970 -0.0718
vn -0.0341 0.9968 -0.0718
vn -0.0329 0.9973 -0.0650
vn -0.0370 0.9969 -0.0690
vn -0.0386 0.9972 -0.0643
vn -0.0376 0.9974 -0.0617
vn -0.0424 0.9971 -0.0639
vn -0.0411 0.9976 -0.0564
vn -0.0424 0.9974 -0.0590
vn -0.0459 0.9973 -0.0575
vn -0.0439 0.9976 -0.0527
vn -0.0474 0.9974 -0.0546
vn -0.0477 0.9976 -0.0506
vn -0.0467 0.9977 -0.0489
vn -0.0505 0.9975 -0.0493
vn -0.0484 0.9979 -0.0436
vn -0.0499 0.9977 -0.0456
vn -0.0523 0.9977 -0.0434
vn -0.0501 0.9979 -0.0400
vn -0.0533 0.9977 -0.0408
vn -0.0529 0.9979 -0.0371
vn -0.0520 0.9980 -0.0362
vn -0.0553 0.9978 -0.0355
vn -0.0525 0.9982 -0.0307
vn -0.0546 0.9980 -0.0327
vn -0.0562 0.9980 -0.0298
vn -0.0540 0.9982 -0.0274
vn -0.0573 0.9980 -0.0272
vn -0.0561 0.9981 -0.0236
vn -0.0556 0.9982 -0.0232
vn -0.0587 0.9980 -0.0216
vn -0.0549 0.9983 -0.0173
vn -0.0580 0.9981 -0.0191
vn -0.0590 0.9981 -0.0153
vn -0.0566 0.9983 -0.0136
vn -0.1758 0.9835 -0.0420
vn -0.1779 0.9837 -0.0261
vn -0.2934 0.9550 -0.0430
vn -0.2951 0.9553 -0.0202
vn -0.4078 0.9129 -0.0174
vn -0.4714 0.8813 -0.0340
vn -0.5039 0.8634 -0.0268
vn -0.5003 0.8628 -0.0728
vn -0.5007 0.8626 -0.0727
vn -0.4941 0.8616 -0.1166
vn -0.4949 0.8611 -0.1165
vn -0.4859 0.8598 -0.1570
vn -0.4875 0.8589 -0.1572
vn -0.4762 0.8575 -0.1947
vn -0.4787 0.8560 -0.1951
vn -0.4654 0.8546 -0.2303
vn -0.4688 0.8525 -0.2311
vn -0.4537 0.8511 -0.2643
vn -0.4580 0.8483 -0.2656
vn -0.4408 0.8470 -0.2972
vn -0.4461 0.8434 -0.2993
vn -0.4266 0.8421 -0.3299
vn -0.4326 0.8379 -0.3327
vn -0.4105 0.8367 -0.3625
vn -0.4171 0.8318 -0.3662
vn -0.3919 0.8308 -0.3952
vn -0.3989 0.8253 -0.3998
vn -0.3702 0.8244 -0.4281
vn -0.3772 0.8184 -0.4335
vn -0.3444 0.8178 -0.4610
vn -0.3514 0.8114 -0.4671
vn -0.3138 0.8111 -0.4935
vn -0.3204 0.8045 -0.5002
vn -0.2775 0.8045 -0.5251
vn -0.2832 0.7979 -0.5320
vn -0.2341 0.7984 -0.5548
vn -0.2389 0.7921 -0.5616
vn -0.1916 0.7930 -0.5784
vn -0.1945 0.7891 -0.5827
vn -0.1517 0.7897 -0.5944
vn -0.1538 0.7865 -0.5981
vn -0.1078 0.7872 -0.6073
vn -0.1092 0.7848 -0.6101
vn -0.0602 0.7853 -0.6162
vn -0.0609 0.7840 -0.6178
vn -0.0095 0.7842 -0.6204
vn -0.0096 0.7840 -0.6207
vn 0.0421 0.7839 -0.6195
vn 0.0424 0.7849 -0.6182
vn 0.0912 0.7844 -0.6135
vn 0.0916 0.7865 -0.6108
vn 0.1369 0.7859 -0.6030
vn 0.1371 0.7888 -0.5992
vn 0.1832 0.7880 -0.5877
vn 0.1828 0.7925 -0.5819
vn 0.2283 0.7919 -0.5664
vn 0.2272 0.7970 -0.5596
vn 0.2677 0.7965 -0.5421
vn 0.2660 0.8021 -0.5347
vn 0.3018 0.8019 -0.5156
vn 0.2994 0.8076 -0.5081
vn 0.3311 0.8077 -0.4879
vn 0.3281 0.8134 -0.4804
vn 0.3561 0.8136 -0.4596
vn 0.3527 0.8191 -0.4524
vn 0.3775 0.8196 -0.4310
vn 0.3738 0.8248 -0.4243
vn 0.3959 0.8254 -0.4024
vn 0.3921 0.8302 -0.3962
vn 0.4120 0.8309 -0.3738
vn 0.4082 0.8353 -0.3683
vn 0.4261 0.8362 -0.3452
vn 0.4224 0.8401 -0.3404
vn 0.4385 0.8411 -0.3167
vn 0.4350 0.8445 -0.3125
vn 0.4497 0.8455 -0.2879
vn 0.4464 0.8484 -0.2845
vn 0.4598 0.8495 -0.2587
vn 0.4569 0.8519 -0.2561
vn 0.4689 0.8531 -0.2289
vn 0.4665 0.8549 -0.2270
vn 0.4773 0.8561 -0.1982
vn 0.4755 0.8574 -0.1968
vn 0.4851 0.8586 -0.1661
vn 0.4838 0.8595 -0.1652
vn 0.4918 0.8605 -0.1327
vn 0.4910 0.8611 -0.1322
vn 0.4974 0.8620 -0.0979
vn 0.4969 0.8623 -0.0977
vn 0.5016 0.8630 -0.0607
vn 0.5014 0.8631 -0.0606
vn 0.5038 0.8635 -0.0228
vn 0.6260 0.7795 -0.0231
vn 0.6341 0.7727 -0.0288
vn 0.7650 0.6434 -0.0280
vn 0.7724 0.6342 -0.0344
vn 0.8750 0.4830 -0.0323
vn 0.8814 0.4708 -0.0399
vn 0.9527 0.3017 -0.0363
vn 0.9559 0.2904 -0.0426
vn 0.9931 0.1109 -0.0375
vn 0.9942 0.0974 -0.0447
vn 0.9956 -0.0857 -0.0380
vn 0.9943 -0.0974 -0.0442
vn 0.9601 -0.2774 -0.0360
vn 0.9559 -0.2904 -0.0430
vn 0.8874 -0.4598 -0.0334
vn 0.8813 -0.4708 -0.0396
vn 0.7856 -0.6180 -0.0292
vn 0.7724 -0.6340 -0.0383
vn 0.6614 -0.7497 -0.0215
vn 0.6339 -0.7726 -0.0352
vn 0.5151 -0.8570 -0.0136
vn 0.4714 -0.8814 -0.0301
vn 0.3516 -0.9361 -0.0053
vn 0.2898 -0.9568 -0.0236
vn 0.2001 -0.9798 -0.0028
vn 0.0985 -0.9951 -0.0030
vn 0.0761 -0.9969 -0.0173
vn 0.0682 -0.9976 -0.0062
vn 0.0652 -0.9978 -0.0080
vn 0.0678 -0.9977 -0.0101
vn 0.0654 -0.9978 -0.0131
vn 0.0662 -0.9977 -0.0135
vn 0.0664 -0.9976 -0.0172
vn 0.0644 -0.9978 -0.0177
vn 0.0664 -0.9976 -0.0209
vn 0.0634 -0.9977 -0.0221
vn 0.0653 -0.9976 -0.0240
vn 0.0636 -0.9976 -0.0268
vn 0.0631 -0.9976 -0.0268
vn 0.0641 -0.9975 -0.0305
vn 0.0615 -0.9976 -0.0308
vn 0.0635 -0.9974 -0.0336
vn 0.0608 -0.9975 -0.0352
vn 0.0617 -0.9974 -0.0361
vn 0.0613 -0.9973 -0.0394
vn 0.0594 -0.9975 -0.0391
vn 0.0610 -0.9972 -0.0428
vn 0.0580 -0.9974 -0.0432
vn 0.0595 -0.9972 -0.0455
vn 0.0577 -0.9972 -0.0479
vn 0.0569 -0.9972 -0.0476
vn 0.0576 -0.9970 -0.0519
vn 0.0546 -0.9972 -0.0512
vn 0.0563 -0.9969 -0.0550
vn 0.0529 -0.9970 -0.0561
vn 0.0537 -0.9970 -0.0565
vn 0.0529 -0.9967 -0.0609
vn 0.0503 -0.9970 -0.0596
vn 0.0515 -0.9966 -0.0647
vn 0.0477 -0.9968 -0.0640
vn 0.0487 -0.9966 -0.0669
vn 0.0462 -0.9965 -0.0696
vn 0.0445 -0.9967 -0.0683
vn 0.0446 -0.9962 -0.0743
vn 0.0403 -0.9966 -0.0718
vn 0.0413 -0.9962 -0.0770
vn 0.0368 -0.9963 -0.0774
vn 0.0365 -0.9964 -0.0770
vn 0.0344 -0.9959 -0.0831
vn 0.0305 -0.9964 -0.0790
vn 0.0304 -0.9958 -0.0863
vn 0.0248 -0.9962 -0.0832
vn 0.0249 -0.9960 -0.0857
vn 0.0205 -0.9958 -0.0896
vn 0.0188 -0.9961 -0.0866
vn 0.0153 -0.9956 -0.0925
vn 0.0124 -0.9961 -0.0873
vn 0.0095 -0.9955 -0.0943
vn 0.0057 -0.9961 -0.0880
vn 0.0032 -0.9955 -0.0949
vn -0.0013 -0.9961 -0.0886
vn -0.0032 -0.9956 -0.0940
vn -0.0083 -0.9960 -0.0894
vn -0.0092 -0.9957 -0.0917
vn -0.0149 -0.9958 -0.0901
vn -0.0150 -0.9960 -0.0886
vn -0.0206 -0.9957 -0.0901
vn -0.0209 -0.9961 -0.0856
vn -0.0258 -0.9957 -0.0888
vn -0.0262 -0.9962 -0.0828
vn -0.0305 -0.9958 -0.0865
vn -0.0316 -0.9966 -0.0764
vn -0.0324 -0.9963 -0.0802
vn -0.0380 -0.9961 -0.0800
vn -0.0370 -0.9966 -0.0730
vn -0.0412 -0.9962 -0.0768
vn -0.0431 -0.9965 -0.0719
vn -0.0422 -0.9967 -0.0692
vn -0.0472 -0.9963 -0.0712
vn -0.0462 -0.9969 -0.0634
vn -0.0474 -0.9967 -0.0659
vn -0.0512 -0.9966 -0.0642
vn -0.0493 -0.9970 -0.0592
vn -0.0530 -0.9967 -0.0610
vn -0.0535 -0.9970 -0.0567
vn -0.0525 -0.9971 -0.0549
vn -0.0564 -0.9969 -0.0551
vn -0.0544 -0.9973 -0.0490
vn -0.0559 -0.9971 -0.0511
vn -0.0585 -0.9971 -0.0486
vn -0.0564 -0.9974 -0.0450
vn -0.0596 -0.9972 -0.0456
vn -0.0594 -0.9974 -0.0417
vn -0.0585 -0.9975 -0.0406
vn -0.0619 -0.9973 -0.0398
vn -0.0592 -0.9976 -0.0346
vn -0.0612 -0.9975 -0.0366
vn -0.0630 -0.9975 -0.0334
vn -0.0608 -0.9977 -0.0308
vn -0.0642 -0.9975 -0.0305
vn -0.0631 -0.9977 -0.0266
vn -0.0626 -0.9977 -0.0261
vn -0.0658 -0.9975 -0.0242
vn -0.0621 -0.9979 -0.0195
vn -0.0651 -0.9976 -0.0214
vn -0.0662 -0.9977 -0.0172
vn -0.0638 -0.9978 -0.0153
vn -0.0674 -0.9976 -0.0138
vn -0.0653 -0.9978 -0.0097
vn -0.0652 -0.9978 -0.0096
vn -0.0682 -0.9977 -0.0062
vn -0.0629 -0.9980 -0.0019
vn -0.0985 -0.9950 -0.0137
vn -0.5818 -0.8115 0.0546
vn -0.6829 -0.7276 0.0642
vn -0.6830 -0.7276 0.0641
vn -0.7738 -0.6292 0.0727
vn -0.7739 -0.6291 0.0727
vn -0.8515 -0.5182 0.0800
vn -0.8516 -0.5181 0.0800
vn -0.9123 -0.4005 0.0857
vn -0.9123 -0.4004 0.0857
vn -0.9566 -0.2772 0.0899
vn -0.9566 -0.2771 0.0898
vn -0.9846 -0.1483 0.0925
vn -0.9846 -0.1483 0.0924
vn -0.9955 -0.0138 0.0934
vn -0.9883 0.1214 0.0927
vn -0.9883 0.1214 0.0928
vn -0.9636 0.2514 0.0905
vn -0.9637 0.2514 0.0905
vn -0.9226 0.3759 0.0867
vn -0.9226 0.3758 0.0867
vn -0.8651 0.4949 0.0813
vn -0.8652 0.4949 0.0813
vn -0.7906 0.6078 0.0743
vn -0.7907 0.6077 0.0743
vn -0.7021 0.7090 0.0659
vn -0.7021 0.7090 0.0660
vn -0.6135 0.7876 0.0576
vn -0.4283 0.8971 0.1083
vn -0.4279 0.8973 0.1081
vn -0.5177 0.8454 0.1312
vn -0.5174 0.8457 0.1310
vn -0.6007 0.7848 0.1526
vn -0.6004 0.7851 0.1524
vn -0.6864 0.7059 0.1747
vn -0.6862 0.7062 0.1745
vn -0.7717 0.6048 0.1966
vn -0.7716 0.6050 0.1965
vn -0.8433 0.4925 0.2151
vn -0.8433 0.4926 0.2151
vn -0.8985 0.3742 0.2293
vn -0.9380 0.2506 0.2394
vn -0.9380 0.2505 0.2394
vn -0.9618 0.1213 0.2454
vn -0.9618 0.1212 0.2455
vn -0.9689 -0.0139 0.2472
vn -0.9689 -0.0138 0.2472
vn -0.9582 -0.1481 0.2446
vn -0.9583 -0.1479 0.2445
vn -0.9312 -0.2763 0.2377
vn -0.9313 -0.2761 0.2377
vn -0.8886 -0.3986 0.2268
vn -0.8303 -0.5156 0.2117
vn -0.8302 -0.5158 0.2117
vn -0.7555 -0.6262 0.1924
vn -0.7554 -0.6264 0.1924
vn -0.6679 -0.7246 0.1698
vn -0.6677 -0.7248 0.1698
vn -0.5700 -0.8088 0.1445
vn -0.5697 -0.8091 0.1446
vn -0.4326 0.8981 0.0793
vn -0.5232 0.8468 0.0960
vn -0.5233 0.8467 0.0961
vn -0.6075 0.7864 0.1116
vn -0.6076 0.7863 0.1117
vn -0.6949 0.7077 0.1279
vn -0.6949 0.7076 0.1279
vn -0.7820 0.6064 0.1441
vn -0.7819 0.6065 0.1441
vn -0.8552 0.4938 0.1577
vn -0.8551 0.4939 0.1576
vn -0.9116 0.3750 0.1681
vn -0.9116 0.3752 0.1681
vn -0.9520 0.2509 0.1756
vn -0.9519 0.2511 0.1755
vn -0.9762 0.1212 0.1800
vn -0.9762 0.1214 0.1799
vn -0.9833 -0.0138 0.1812
vn -0.9833 -0.0139 0.1812
vn -0.9726 -0.1481 0.1793
vn -0.9726 -0.1483 0.1793
vn -0.9450 -0.2766 0.1742
vn -0.9450 -0.2768 0.1743
vn -0.9015 -0.3996 0.1662
vn -0.9015 -0.3996 0.1663
vn -0.8418 -0.5170 0.1552
vn -0.8418 -0.5171 0.1552
vn -0.7655 -0.6278 0.1410
vn -0.7655 -0.6279 0.1410
vn -0.6760 -0.7263 0.1244
vn -0.5763 -0.8103 0.1059
vn -0.5764 -0.8103 0.1058
vn -0.4668 -0.8802 0.0856
vn -0.4617 -0.8793 0.1169
vn -0.4621 -0.8791 0.1168
vn -0.5523 -0.8053 0.2156
vn -0.6467 -0.7197 0.2528
vn -0.6458 -0.7205 0.2528
vn -0.4163 0.8948 0.1613
vn -0.4095 0.8931 0.1862
vn -0.4172 0.8943 0.1620
vn -0.6327 -0.7175 0.2912
vn -0.4487 -0.8765 0.1745
vn -0.5534 -0.8045 0.2156
vn -0.5421 -0.8027 0.2486
vn -0.6340 -0.7164 0.2912
vn -0.6185 -0.7142 0.3277
vn -0.4020 0.8912 0.2102
vn -0.4107 0.8924 0.1872
vn -0.7289 -0.6220 0.2861
vn -0.7296 -0.6212 0.2860
vn -0.7130 -0.6191 0.3291
vn -0.7140 -0.6180 0.3290
vn -0.6958 -0.6157 0.3698
vn -0.6971 -0.6142 0.3698
vn -0.4035 0.8902 0.2116
vn -0.5211 -0.7948 0.3110
vn -0.6772 -0.6119 0.4086
vn -0.4499 -0.8759 0.1745
vn -0.4411 -0.8746 0.2014
vn -0.5435 -0.8017 0.2486
vn -0.5309 -0.7998 0.2802
vn -0.6202 -0.7127 0.3278
vn -0.6032 -0.7104 0.3627
vn -0.6788 -0.6101 0.4087
vn -0.6573 -0.6077 0.4456
vn -0.7995 -0.5119 0.3143
vn -0.7999 -0.5112 0.3143
vn -0.7811 -0.5093 0.3612
vn -0.7818 -0.5083 0.3611
vn -0.7610 -0.5064 0.4055
vn -0.7620 -0.5050 0.4054
vn -0.7395 -0.5030 0.4474
vn -0.7407 -0.5012 0.4474
vn -0.7165 -0.4992 0.4872
vn -0.7179 -0.4971 0.4873
vn -0.8545 -0.3958 0.3364
vn -0.8547 -0.3954 0.3363
vn -0.8341 -0.3939 0.3862
vn -0.8344 -0.3932 0.3861
vn -0.8117 -0.3917 0.4332
vn -0.8123 -0.3906 0.4331
vn -0.7878 -0.3891 0.4775
vn -0.7885 -0.3878 0.4774
vn -0.7623 -0.3863 0.5194
vn -0.7632 -0.3846 0.5193
vn -0.8947 -0.2746 0.3524
vn -0.8948 -0.2744 0.3523
vn -0.8727 -0.2735 0.4044
vn -0.8729 -0.2731 0.4044
vn -0.8488 -0.2721 0.4534
vn -0.8490 -0.2716 0.4533
vn -0.8231 -0.2705 0.4994
vn -0.8234 -0.2698 0.4993
vn -0.7957 -0.2688 0.5428
vn -0.7961 -0.2678 0.5427
vn -0.9203 -0.1474 0.3625
vn -0.9202 -0.1475 0.3625
vn -0.8974 -0.1470 0.4159
vn -0.8725 -0.1465 0.4662
vn -0.8725 -0.1463 0.4661
vn -0.8457 -0.1459 0.5133
vn -0.8458 -0.1456 0.5133
vn -0.8172 -0.1452 0.5577
vn -0.8173 -0.1448 0.5577
vn -0.9303 -0.0138 0.3664
vn -0.9303 -0.0138 0.3665
vn -0.9072 -0.0138 0.4205
vn -0.8819 -0.0138 0.4712
vn -0.8819 -0.0137 0.4712
vn -0.8548 -0.0137 0.5188
vn -0.8259 -0.0137 0.5637
vn -0.8259 -0.0136 0.5637
vn -0.9236 0.1208 0.3638
vn -0.9236 0.1209 0.3638
vn -0.9007 0.1205 0.4175
vn -0.8756 0.1201 0.4678
vn -0.8756 0.1200 0.4678
vn -0.8487 0.1196 0.5151
vn -0.8487 0.1194 0.5152
vn -0.8201 0.1191 0.5596
vn -0.8201 0.1188 0.5597
vn -0.9011 0.2492 0.3549
vn -0.9011 0.2491 0.3549
vn -0.8790 0.2482 0.4072
vn -0.8790 0.2479 0.4073
vn -0.8548 0.2471 0.4564
vn -0.8548 0.2466 0.4566
vn -0.8288 0.2457 0.5027
vn -0.8288 0.2451 0.5029
vn -0.8012 0.2442 0.5463
vn -0.8012 0.2433 0.5466
vn -0.8639 0.3717 0.3399
vn -0.8640 0.3713 0.3401
vn -0.8431 0.3699 0.3903
vn -0.8433 0.3692 0.3906
vn -0.8205 0.3678 0.4376
vn -0.8207 0.3669 0.4381
vn -0.7962 0.3655 0.4822
vn -0.7964 0.3643 0.4828
vn -0.7703 0.3628 0.5244
vn -0.7705 0.3613 0.5251
vn -0.8119 0.4889 0.3191
vn -0.8121 0.4883 0.3194
vn -0.7931 0.4864 0.3665
vn -0.7935 0.4855 0.3670
vn -0.7726 0.4836 0.4113
vn -0.7731 0.4823 0.4121
vn -0.7506 0.4804 0.4536
vn -0.7511 0.4787 0.4546
vn -0.7272 0.4768 0.4938
vn -0.7277 0.4747 0.4951
vn -0.7443 0.6007 0.2919
vn -0.7447 0.6000 0.2924
vn -0.7280 0.5979 0.3356
vn -0.7285 0.5967 0.3364
vn -0.7102 0.5946 0.3770
vn -0.7109 0.5930 0.3781
vn -0.6911 0.5908 0.4164
vn -0.6919 0.5889 0.4177
vn -0.6706 0.5867 0.4539
vn -0.6716 0.5843 0.4556
vn -0.6635 0.7018 0.2595
vn -0.6641 0.7009 0.2602
vn -0.6499 0.6988 0.2987
vn -0.6508 0.6976 0.2997
vn -0.6352 0.6954 0.3360
vn -0.6362 0.6939 0.3373
vn -0.6193 0.6916 0.3717
vn -0.6205 0.6896 0.3734
vn -0.6023 0.6874 0.4059
vn -0.6036 0.6850 0.4080
vn -0.6223 -0.6275 0.4679
vn -0.4811 -0.8043 0.3486
vn -0.3376 -0.9200 0.1989
vn -0.5801 -0.6979 0.4199
vn -0.5804 -0.7030 0.4109
vn -0.5892 -0.7039 0.3967
vn -0.5147 -0.7844 0.3461
vn -0.5101 -0.7934 0.3321
vn -0.4209 -0.8665 0.2684
vn -0.4425 -0.8572 0.2636
vn -0.4280 -0.8704 0.2433
vn -0.4348 -0.8713 0.2276
vn -0.3696 -0.9089 0.1933
vn -0.3384 -0.9256 0.1693
vn -0.3309 -0.9378 0.1050
vn -0.3789 -0.9205 0.0957
vn -0.5264 0.8475 0.0685
vn -0.6115 0.7872 0.0797
vn -0.6114 0.7873 0.0796
vn -0.6997 0.7086 0.0912
vn -0.7877 0.6074 0.1028
vn -0.7877 0.6074 0.1027
vn -0.8618 0.4946 0.1125
vn -0.8618 0.4946 0.1124
vn -0.9190 0.3756 0.1200
vn -0.9190 0.3757 0.1199
vn -0.9598 0.2513 0.1252
vn -0.9843 0.1214 0.1284
vn -0.9843 0.1214 0.1283
vn -0.9915 -0.0139 0.1293
vn -0.9807 -0.1482 0.1279
vn -0.9806 -0.1484 0.1279
vn -0.9528 -0.2770 0.1243
vn -0.9528 -0.2771 0.1243
vn -0.9088 -0.4001 0.1186
vn -0.9087 -0.4003 0.1186
vn -0.8483 -0.5178 0.1107
vn -0.8483 -0.5179 0.1107
vn -0.7711 -0.6288 0.1006
vn -0.7710 -0.6288 0.1006
vn -0.6806 -0.7272 0.0887
vn -0.6806 -0.7273 0.0887
vn -0.5799 -0.8112 0.0755
vn -0.5800 -0.8111 0.0755
vn -0.4791 -0.8755 0.0623
vn -0.4635 -0.8822 0.0836
vn -0.3252 -0.9440 0.0551
vn -0.7038 0.7093 0.0400
vn -0.7927 0.6079 0.0451
vn -0.7927 0.6080 0.0451
vn -0.8675 0.4951 0.0494
vn -0.8674 0.4951 0.0493
vn -0.9252 0.3759 0.0526
vn -0.9251 0.3760 0.0526
vn -0.9663 0.2514 0.0549
vn -0.9663 0.2515 0.0549
vn -0.9910 0.1214 0.0563
vn -0.9983 -0.0138 0.0567
vn -0.9874 -0.1483 0.0560
vn -0.9873 -0.1483 0.0561
vn -0.9593 -0.2772 0.0545
vn -0.9148 -0.4005 0.0520
vn -0.8538 -0.5183 0.0485
vn -0.8538 -0.5184 0.0486
vn -0.7758 -0.6294 0.0441
vn -0.7758 -0.6294 0.0442
vn -0.6846 -0.7278 0.0389
vn -0.6846 -0.7279 0.0390
vn -0.5832 -0.8117 0.0331
vn -0.5831 -0.8117 0.0332
vn -0.5135 -0.8576 0.0292
vn -0.5068 -0.8607 0.0475
vn -0.4736 -0.8791 0.0542
vn -0.4325 -0.9016 -0.0046
vn -0.6785 -0.7333 0.0437
vn -0.5835 -0.8118 0.0215
vn -0.6059 -0.7955 0.0078
vn -0.6852 -0.7280 0.0208
vn -0.6988 -0.7152 0.0107
vn -0.7767 -0.6295 0.0186
vn -0.7813 -0.6240 0.0144
vn -0.8513 -0.5244 0.0160
vn -0.8548 -0.5185 0.0203
vn -0.9089 -0.4167 0.0155
vn -0.9159 -0.4007 0.0253
vn -0.9534 -0.3014 0.0152
vn -0.9604 -0.2772 0.0277
vn -0.9831 -0.1826 0.0132
vn -0.9885 -0.1483 0.0285
vn -0.9980 -0.0617 0.0109
vn -0.9995 -0.0139 0.0294
vn -0.9981 0.0610 0.0102
vn -0.9921 0.1214 0.0304
vn -0.9830 0.1835 0.0109
vn -0.9674 0.2515 0.0303
vn -0.9533 0.3019 0.0111
vn -0.9261 0.3761 0.0290
vn -0.9095 0.4156 0.0108
vn -0.8684 0.4952 0.0264
vn -0.8514 0.5245 0.0100
vn -0.7935 0.6081 0.0222
vn -0.6988 0.7152 0.0133
vn -0.6149 0.7878 0.0350
vn -0.6155 0.7880 0.0147
vn -0.6063 0.7952 0.0084
vn -0.5809 0.8139 0.0114
vn -0.5253 0.8506 0.0238
vn -0.5332 0.8454 0.0303
vn -0.5278 0.8477 0.0528
vn -0.5280 0.8478 0.0495
vn -0.5607 0.8263 0.0526
vn -0.4411 0.8964 0.0426
vn -0.7806 0.6249 0.0107
vn -0.7046 0.7094 0.0183
vn -0.7038 0.7092 0.0400
vn -0.6149 0.7879 0.0349
vn -0.4613 0.8852 0.0600
vn -0.4328 0.8980 0.0794
vn -0.2821 0.9586 0.0388
vn -0.3743 0.9225 0.0945
vn -0.3305 0.9351 0.1279
vn -0.3016 0.9450 0.1264
vn -0.3364 0.9293 0.1527
vn -0.3243 0.9319 0.1625
vn -0.3681 0.9097 0.1923
vn -0.2815 0.9430 0.1778
vn -0.3986 0.8896 0.2231
vn -0.4259 0.8686 0.2533
vn -0.3351 0.9109 0.2408
vn -0.5024 0.8423 0.1954
vn -0.5032 0.8416 0.1960
vn -0.4935 0.8401 0.2253
vn -0.4947 0.8391 0.2263
vn -0.4838 0.8375 0.2541
vn -0.4853 0.8362 0.2555
vn -0.4734 0.8345 0.2818
vn -0.4751 0.8329 0.2837
vn -0.4708 0.8324 0.2922
vn -0.4979 0.7975 0.3407
vn -0.5818 0.7810 0.2269
vn -0.5826 0.7802 0.2276
vn -0.5707 0.7784 0.2615
vn -0.5718 0.7773 0.2625
vn -0.5587 0.7753 0.2945
vn -0.5600 0.7738 0.2959
vn -0.5458 0.7718 0.3263
vn -0.5473 0.7700 0.3281
vn -0.5320 0.7679 0.3567
vn -0.5400 0.7591 0.3635
vn -0.5533 0.7262 0.4079
vn -0.5938 0.6839 0.4238
vn -0.6938 -0.4927 0.5253
vn -0.6921 -0.4952 0.5251
vn -0.7363 -0.3812 0.5591
vn -0.7353 -0.3831 0.5591
vn -0.7673 -0.2656 0.5837
vn -0.7668 -0.2669 0.5838
vn -0.7873 -0.1439 0.5996
vn -0.7871 -0.1444 0.5997
vn -0.7954 -0.0136 0.6060
vn -0.7953 -0.0136 0.6060
vn -0.7899 0.1181 0.6018
vn -0.7899 0.1185 0.6017
vn -0.7720 0.2414 0.5879
vn -0.7720 0.2425 0.5875
vn -0.7431 0.3581 0.5653
vn -0.7429 0.3600 0.5644
vn -0.7028 0.4705 0.5336
vn -0.7023 0.4730 0.5321
vn -0.6551 0.5701 0.4959
vn -0.6511 0.5824 0.4866
vn -0.6078 0.6505 0.4555
vn -0.6456 0.5740 0.5037
vn -0.6704 0.4931 0.5545
vn -0.6887 0.4696 0.5524
vn -0.7088 0.3863 0.5903
vn -0.7233 0.3574 0.5909
vn -0.7343 0.2818 0.6175
vn -0.7478 0.2408 0.6187
vn -0.7507 0.1757 0.6368
vn -0.7622 0.1178 0.6366
vn -0.3112 0.9454 0.0963
vn -0.3229 0.9408 0.1033
vn -0.4225 0.8962 0.1354
vn -0.4231 0.8958 0.1358
vn -0.5104 0.8442 0.1641
vn -0.5110 0.8437 0.1645
vn -0.5917 0.7833 0.1907
vn -0.5922 0.7828 0.1911
vn -0.6756 0.7042 0.2183
vn -0.6760 0.7037 0.2187
vn -0.7589 0.6031 0.2457
vn -0.7591 0.6027 0.2460
vn -0.8287 0.4909 0.2688
vn -0.8288 0.4906 0.2690
vn -0.8824 0.3731 0.2865
vn -0.8825 0.3729 0.2866
vn -0.9209 0.2499 0.2991
vn -0.9209 0.2500 0.2991
vn -0.9441 0.1210 0.3067
vn -0.9441 0.1211 0.3067
vn -0.9510 -0.0138 0.3089
vn -0.9406 -0.1478 0.3055
vn -0.9406 -0.1478 0.3056
vn -0.9143 -0.2755 0.2970
vn -0.8728 -0.3974 0.2834
vn -0.8729 -0.3972 0.2834
vn -0.8159 -0.5140 0.2647
vn -0.8162 -0.5137 0.2646
vn -0.7430 -0.6244 0.2407
vn -0.7435 -0.6240 0.2407
vn -0.6575 -0.7229 0.2126
vn -0.6580 -0.7224 0.2125
vn -0.5616 -0.8074 0.1811
vn -0.5622 -0.8069 0.1810
vn -0.4556 -0.8780 0.1464
vn -0.4563 -0.8777 0.1464
vn -0.3337 -0.9366 0.1068
vn -0.3419 -0.9304 0.1324
vn -0.3175 -0.9388 0.1337
vn -0.3456 -0.9251 0.1571
vn -0.4426 -0.8738 0.2015
vn -0.4328 -0.8723 0.2273
vn -0.5328 -0.7985 0.2804
vn -0.5188 -0.7965 0.3106
vn -0.6052 -0.7085 0.3629
vn -0.5867 -0.7062 0.3963
vn -0.6593 -0.6054 0.4459
vn -0.6399 -0.6036 0.4757
vn -0.6542 -0.5719 0.4949
vn -0.6210 -0.5791 0.5282
vn -0.6863 -0.4922 0.5354
vn -0.6826 -0.4632 0.5653
vn -0.7181 -0.3805 0.5827
vn -0.7178 -0.3590 0.5966
vn -0.7423 -0.2650 0.6154
vn -0.7418 -0.2565 0.6197
vn -0.7558 -0.1520 0.6370
vn -0.7581 -0.1435 0.6361
vn -0.7613 -0.0490 0.6466
vn -0.7663 -0.0135 0.6423
vn -0.7591 0.0615 0.6481
vn 0.5136 0.8026 0.3032
vn 0.5110 0.8043 0.3033
vn 0.5249 0.8063 0.2726
vn 0.5229 0.8076 0.2728
vn 0.5353 0.8095 0.2412
vn 0.5338 0.8104 0.2415
vn 0.5448 0.8122 0.2086
vn 0.5437 0.8129 0.2088
vn 0.6027 0.6875 0.4050
vn 0.6221 0.6900 0.3700
vn 0.6202 0.6918 0.3698
vn 0.6378 0.6943 0.3335
vn 0.6363 0.6957 0.3334
vn 0.6522 0.6980 0.2957
vn 0.6511 0.6991 0.2957
vn 0.6654 0.7012 0.2560
vn 0.6646 0.7020 0.2561
vn 0.6563 0.5817 0.4805
vn 0.6551 0.5829 0.4807
vn 0.6732 0.5846 0.4529
vn 0.6713 0.5869 0.4527
vn 0.6937 0.5892 0.4142
vn 0.6922 0.5911 0.4141
vn 0.7128 0.5934 0.3740
vn 0.7116 0.5948 0.3740
vn 0.7302 0.5970 0.3321
vn 0.7293 0.5981 0.3321
vn 0.7462 0.6003 0.2879
vn 0.7456 0.6010 0.2880
vn 0.6962 0.4715 0.5412
vn 0.7103 0.4724 0.5218
vn 0.7093 0.4737 0.5220
vn 0.7294 0.4750 0.4923
vn 0.7281 0.4770 0.4923
vn 0.7531 0.4789 0.4510
vn 0.7520 0.4806 0.4510
vn 0.7751 0.4826 0.4078
vn 0.7743 0.4839 0.4079
vn 0.7953 0.4858 0.3625
vn 0.7948 0.4867 0.3626
vn 0.8139 0.4885 0.3146
vn 0.8135 0.4891 0.3147
vn 0.7223 0.3562 0.5928
vn 0.7215 0.3574 0.5930
vn 0.7370 0.3580 0.5733
vn 0.7363 0.3590 0.5736
vn 0.7514 0.3595 0.5533
vn 0.7507 0.3605 0.5536
vn 0.7723 0.3614 0.5225
vn 0.7714 0.3630 0.5226
vn 0.7985 0.3644 0.4792
vn 0.7979 0.3657 0.4793
vn 0.8229 0.3671 0.4337
vn 0.8224 0.3680 0.4338
vn 0.8453 0.3695 0.3859
vn 0.8450 0.3700 0.3860
vn 0.8659 0.3714 0.3351
vn 0.8657 0.3718 0.3352
vn 0.7498 0.2404 0.6165
vn 0.7494 0.2410 0.6167
vn 0.7655 0.2414 0.5965
vn 0.7651 0.2419 0.5967
vn 0.7807 0.2423 0.5760
vn 0.7804 0.2429 0.5761
vn 0.8029 0.2434 0.5441
vn 0.8026 0.2443 0.5442
vn 0.8310 0.2452 0.4994
vn 0.8307 0.2458 0.4994
vn 0.8571 0.2468 0.4523
vn 0.8569 0.2472 0.4523
vn 0.8811 0.2481 0.4026
vn 0.8810 0.2484 0.4027
vn 0.9031 0.2492 0.3498
vn 0.9030 0.2493 0.3498
vn 0.7667 0.1176 0.6311
vn 0.7666 0.1179 0.6312
vn 0.7830 0.1180 0.6107
vn 0.7829 0.1183 0.6108
vn 0.7988 0.1184 0.5898
vn 0.7987 0.1186 0.5899
vn 0.8218 0.1189 0.5573
vn 0.8217 0.1191 0.5574
vn 0.8509 0.1194 0.5116
vn 0.8508 0.1197 0.5117
vn 0.8779 0.1201 0.4635
vn 0.9028 0.1205 0.4127
vn 0.9028 0.1206 0.4127
vn 0.9256 0.1209 0.3586
vn 0.7719 -0.0135 0.6356
vn 0.7883 -0.0136 0.6151
vn 0.8043 -0.0136 0.5941
vn 0.8275 -0.0136 0.5613
vn 0.8569 -0.0137 0.5153
vn 0.8569 -0.0138 0.5153
vn 0.8842 -0.0137 0.4669
vn 0.9094 -0.0138 0.4157
vn 0.9324 -0.0138 0.3612
vn 0.7640 -0.1433 0.6291
vn 0.7641 -0.1435 0.6289
vn 0.7802 -0.1438 0.6088
vn 0.7803 -0.1440 0.6086
vn 0.7960 -0.1442 0.5879
vn 0.7960 -0.1445 0.5877
vn 0.8189 -0.1449 0.5554
vn 0.8189 -0.1451 0.5553
vn 0.8478 -0.1456 0.5099
vn 0.8478 -0.1459 0.5098
vn 0.8748 -0.1464 0.4619
vn 0.8748 -0.1466 0.4618
vn 0.8996 -0.1470 0.4112
vn 0.9223 -0.1475 0.3573
vn 0.9223 -0.1474 0.3573
vn 0.7447 -0.2643 0.6128
vn 0.7449 -0.2651 0.6123
vn 0.7603 -0.2655 0.5928
vn 0.7604 -0.2662 0.5924
vn 0.7754 -0.2667 0.5724
vn 0.7755 -0.2672 0.5720
vn 0.7975 -0.2679 0.5406
vn 0.7974 -0.2689 0.5402
vn 0.8253 -0.2699 0.4961
vn 0.8252 -0.2706 0.4958
vn 0.8511 -0.2716 0.4492
vn 0.8510 -0.2722 0.4490
vn 0.8749 -0.2731 0.3999
vn 0.8749 -0.2735 0.3997
vn 0.8967 -0.2745 0.3473
vn 0.8966 -0.2747 0.3473
vn 0.6984 -0.6145 0.3669
vn 0.6976 -0.6161 0.3658
vn 0.7154 -0.6182 0.3256
vn 0.7147 -0.6194 0.3248
vn 0.7308 -0.6215 0.2821
vn 0.7304 -0.6222 0.2817
vn 0.6212 -0.7129 0.3253
vn 0.6201 -0.7145 0.3240
vn 0.6351 -0.7166 0.2883
vn 0.6342 -0.7178 0.2873
vn 0.6477 -0.7199 0.2495
vn 0.6471 -0.7207 0.2488
vn 0.5335 -0.7987 0.2783
vn 0.5322 -0.8001 0.2768
vn 0.5444 -0.8019 0.2462
vn 0.5433 -0.8030 0.2451
vn 0.5542 -0.8047 0.2128
vn 0.5534 -0.8055 0.2121
vn 0.4353 -0.8715 0.2260
vn 0.4339 -0.8726 0.2245
vn 0.4432 -0.8739 0.1996
vn 0.4421 -0.8747 0.1985
vn 0.4505 -0.8760 0.1723
vn 0.4496 -0.8766 0.1716
vn 0.4626 -0.8792 0.1144
vn 0.5706 -0.8089 0.1415
vn 0.5704 -0.8092 0.1413
vn 0.5768 -0.8103 0.1035
vn 0.4622 -0.8794 0.1142
vn 0.4671 -0.8802 0.0837
vn 0.5767 -0.8104 0.1034
vn 0.5813 -0.8112 0.0636
vn 0.6687 -0.7247 0.1661
vn 0.6685 -0.7249 0.1660
vn 0.6765 -0.7263 0.1216
vn 0.6765 -0.7264 0.1216
vn 0.6822 -0.7273 0.0747
vn 0.6823 -0.7272 0.0747
vn 0.7565 -0.6263 0.1882
vn 0.7564 -0.6265 0.1881
vn 0.7660 -0.6279 0.1378
vn 0.7728 -0.6289 0.0846
vn 0.7730 -0.6288 0.0847
vn 0.8313 -0.5157 0.2071
vn 0.8313 -0.5158 0.2070
vn 0.8424 -0.5171 0.1516
vn 0.8424 -0.5170 0.1517
vn 0.8503 -0.5179 0.0932
vn 0.8504 -0.5177 0.0932
vn 0.8899 -0.3986 0.2218
vn 0.8899 -0.3987 0.2218
vn 0.9022 -0.3996 0.1624
vn 0.9022 -0.3996 0.1625
vn 0.9109 -0.4003 0.0998
vn 0.9110 -0.4000 0.0999
vn 0.9325 -0.2763 0.2324
vn 0.9326 -0.2762 0.2325
vn 0.9457 -0.2768 0.1703
vn 0.9458 -0.2766 0.1703
vn 0.9551 -0.2771 0.1046
vn 0.9552 -0.2768 0.1047
vn 0.9596 -0.1480 0.2392
vn 0.9733 -0.1483 0.1752
vn 0.9733 -0.1480 0.1753
vn 0.9831 -0.1483 0.1076
vn 0.9831 -0.1482 0.1077
vn 0.9702 -0.0138 0.2418
vn 0.9841 -0.0138 0.1771
vn 0.9940 -0.0138 0.1088
vn 0.9940 -0.0139 0.1088
vn 0.9631 0.1214 0.2401
vn 0.9632 0.1211 0.2400
vn 0.9769 0.1215 0.1759
vn 0.9769 0.1212 0.1758
vn 0.9867 0.1214 0.1080
vn 0.9867 0.1213 0.1080
vn 0.9393 0.2508 0.2342
vn 0.9394 0.2506 0.2341
vn 0.9526 0.2511 0.1716
vn 0.9527 0.2510 0.1715
vn 0.9621 0.2514 0.1054
vn 0.9622 0.2512 0.1053
vn 0.8998 0.3743 0.2243
vn 0.9122 0.3753 0.1643
vn 0.9123 0.3751 0.1643
vn 0.9212 0.3758 0.1010
vn 0.9213 0.3755 0.1009
vn 0.8444 0.4927 0.2103
vn 0.8444 0.4927 0.2104
vn 0.8557 0.4939 0.1541
vn 0.8558 0.4938 0.1541
vn 0.8639 0.4947 0.0947
vn 0.8640 0.4946 0.0946
vn 0.7727 0.6050 0.1922
vn 0.7726 0.6051 0.1923
vn 0.7825 0.6065 0.1408
vn 0.7896 0.6075 0.0865
vn 0.7897 0.6074 0.0865
vn 0.6872 0.7061 0.1707
vn 0.6870 0.7063 0.1707
vn 0.6953 0.7077 0.1250
vn 0.6953 0.7078 0.1250
vn 0.7012 0.7088 0.0768
vn 0.7014 0.7087 0.0768
vn 0.6059 -0.7953 0.0194
vn 0.3307 -0.9379 0.1049
vn 0.3438 -0.9299 0.1309
vn 0.3179 -0.9386 0.1338
vn 0.3432 -0.9266 0.1539
vn 0.3399 -0.9250 0.1698
vn 0.3664 -0.9110 0.1893
vn 0.6799 -0.6103 0.4065
vn 0.6790 -0.6122 0.4051
vn 0.6061 -0.7087 0.3611
vn 0.6048 -0.7107 0.3594
vn 0.5217 -0.7950 0.3095
vn 0.5202 -0.7968 0.3076
vn 0.4428 -0.8577 0.2614
vn 0.4281 -0.8705 0.2427
vn 0.3447 -0.9169 0.2011
vn 0.6599 -0.6056 0.4447
vn 0.6589 -0.6080 0.4429
vn 0.5896 -0.7041 0.3958
vn 0.5882 -0.7064 0.3937
vn 0.5160 -0.7841 0.3448
vn 0.5106 -0.7936 0.3311
vn 0.4219 -0.8659 0.2686
vn 0.6435 -0.6026 0.4719
vn 0.6433 -0.6040 0.4705
vn 0.5808 -0.6948 0.4242
vn 0.5803 -0.7031 0.4110
vn 0.4832 -0.8030 0.3489
vn 0.5893 -0.6905 0.4195
vn 0.6012 -0.6450 0.4717
vn 0.6380 -0.6021 0.4800
vn 0.6471 -0.5745 0.5013
vn 0.6247 -0.5762 0.5271
vn 0.8012 -0.5120 0.3096
vn 0.8015 -0.5114 0.3100
vn 0.7830 -0.5096 0.3568
vn 0.7834 -0.5086 0.3573
vn 0.7631 -0.5066 0.4013
vn 0.7636 -0.5052 0.4021
vn 0.7415 -0.5033 0.4438
vn 0.7421 -0.5014 0.4449
vn 0.7182 -0.4995 0.4845
vn 0.7188 -0.4973 0.4858
vn 0.7000 -0.4959 0.5139
vn 0.7001 -0.4946 0.5150
vn 0.6873 -0.4937 0.5328
vn 0.6873 -0.4923 0.5340
vn 0.6859 -0.4922 0.5360
vn 0.6833 -0.4626 0.5650
vn 0.8564 -0.3960 0.3314
vn 0.8565 -0.3954 0.3316
vn 0.8361 -0.3941 0.3816
vn 0.8363 -0.3933 0.3820
vn 0.8139 -0.3919 0.4289
vn 0.8142 -0.3908 0.4294
vn 0.7899 -0.3893 0.4738
vn 0.7902 -0.3879 0.4745
vn 0.7640 -0.3864 0.5167
vn 0.7643 -0.3847 0.5176
vn 0.7437 -0.3837 0.5475
vn 0.7436 -0.3827 0.5482
vn 0.7296 -0.3820 0.5673
vn 0.7295 -0.3810 0.5681
vn 0.7183 -0.3805 0.5825
vn 0.7183 -0.3683 0.5902
vn 0.7096 -0.3655 0.6024
vn 0.7380 -0.2642 0.6209
vn 0.6718 0.4919 0.5539
vn 0.6448 0.5748 0.5039
vn 0.5557 0.7244 0.4079
vn 0.5283 0.7762 0.3442
vn 0.3782 0.9176 0.1223
vn 0.4100 0.9064 0.1013
vn 0.3916 0.9168 0.0781
vn 0.4385 0.8953 0.0785
vn 0.4689 0.8818 0.0512
vn 0.5031 0.8619 0.0636
vn 0.5607 0.8163 0.1388
vn 0.5603 0.8166 0.1389
vn 0.5666 0.8177 0.1016
vn 0.5665 0.8178 0.1016
vn 0.5710 0.8186 0.0624
vn 0.5712 0.8186 0.0597
vn 0.5735 0.8183 0.0394
vn 0.7358 -0.2606 0.6251
vn 0.7465 -0.1564 0.6467
vn 0.7525 -0.1431 0.6429
vn 0.7517 -0.0506 0.6576
vn 0.7613 -0.0135 0.6482
vn 0.7477 0.0638 0.6609
vn 0.7578 0.1176 0.6418
vn 0.7392 0.1818 0.6485
vn 0.7460 0.2402 0.6211
vn 0.7201 0.2919 0.6295
vn 0.7283 0.3565 0.5853
vn 0.6474 0.4338 0.6267
vn 0.7022 0.4184 0.5761
vn 0.6887 0.4697 0.5524
vn 0.6973 0.4703 0.5409
vn 0.6473 0.5739 0.5017
vn 0.6470 0.5809 0.4939
vn 0.5942 0.6616 0.4574
vn 0.6018 0.6664 0.4401
vn 0.5938 0.6841 0.4236
vn 0.6051 0.6852 0.4054
vn 0.5176 0.7825 0.3461
vn 0.5109 0.8023 0.3086
vn 0.3596 0.8998 0.2471
vn 0.4265 0.8689 0.2514
vn 0.3868 0.8978 0.2108
vn 0.3943 0.8960 0.2043
vn 0.3743 0.9096 0.1801
vn 0.3786 0.9098 0.1701
vn 0.3609 0.9206 0.1491
vn 0.3769 0.9150 0.1438
vn 0.3721 0.9208 0.1169
vn 0.5533 0.8145 0.1744
vn 0.5526 0.8149 0.1746
vn 0.6771 0.7040 0.2143
vn 0.6766 0.7044 0.2144
vn 0.7605 0.6029 0.2413
vn 0.7601 0.6033 0.2413
vn 0.8304 0.4908 0.2638
vn 0.8301 0.4912 0.2639
vn 0.8842 0.3730 0.2812
vn 0.8841 0.3732 0.2812
vn 0.9227 0.2500 0.2936
vn 0.9459 0.1212 0.3010
vn 0.9459 0.1211 0.3010
vn 0.9528 -0.0139 0.3032
vn 0.9528 -0.0138 0.3032
vn 0.9425 -0.1479 0.2998
vn 0.9425 -0.1477 0.2999
vn 0.9161 -0.2755 0.2915
vn 0.9160 -0.2755 0.2915
vn 0.8745 -0.3973 0.2782
vn 0.8745 -0.3975 0.2781
vn 0.8176 -0.5138 0.2598
vn 0.8174 -0.5142 0.2596
vn 0.7447 -0.6242 0.2363
vn 0.7444 -0.6246 0.2361
vn 0.6590 -0.7226 0.2087
vn 0.6586 -0.7231 0.2084
vn 0.5630 -0.8071 0.1779
vn 0.5626 -0.8075 0.1775
vn 0.4569 -0.8778 0.1439
vn 0.4564 -0.8781 0.1434
vn 0.3370 -0.9355 0.1057
vn 0.3782 -0.9210 0.0933
vn 0.3190 -0.9463 0.0529
vn 0.4661 -0.8808 0.0831
vn 0.4812 -0.8748 0.0567
vn 0.5066 -0.8604 0.0554
vn 0.5140 -0.8576 0.0205
vn 0.5834 -0.8117 0.0288
vn 0.6062 -0.7951 0.0206
vn 0.6851 -0.7278 0.0294
vn 0.6987 -0.7150 0.0246
vn 0.7765 -0.6294 0.0308
vn 0.7811 -0.6238 0.0287
vn 0.8510 -0.5242 0.0314
vn 0.8546 -0.5182 0.0337
vn 0.9085 -0.4165 0.0327
vn 0.9155 -0.4004 0.0379
vn 0.9530 -0.3012 0.0338
vn 0.9600 -0.2772 0.0404
vn 0.9827 -0.1824 0.0335
vn 0.9881 -0.1483 0.0415
vn 0.9976 -0.0617 0.0327
vn 0.9990 -0.0138 0.0423
vn 0.9976 0.0610 0.0324
vn 0.9917 0.1214 0.0426
vn 0.9825 0.1834 0.0323
vn 0.9670 0.2514 0.0419
vn 0.9529 0.3018 0.0317
vn 0.9258 0.3759 0.0401
vn 0.9091 0.4154 0.0303
vn 0.8680 0.4951 0.0372
vn 0.8511 0.5242 0.0284
vn 0.7933 0.6080 0.0330
vn 0.7804 0.6247 0.0268
vn 0.7044 0.7093 0.0286
vn 0.6988 0.7149 0.0259
vn 0.6073 0.7941 0.0241
vn 0.6063 0.7950 0.0196
vn 0.0001 -1.0000 -0.0000
vn -0.0000 1.0000 -0.0001
vn 0.1610 0.9854 -0.0560
vn 0.3347 0.9187 -0.2097
vn 0.3348 0.9187 -0.2097
vn 0.5389 -0.7269 -0.4258
vn 0.4765 -0.7945 -0.3765
vn 0.5382 -0.7259 -0.4283
vn 0.5931 -0.6547 -0.4686
vn 0.5921 -0.6537 -0.4712
vn 0.5922 -0.6537 -0.4712
vn 0.5944 -0.6561 -0.4649
vn 0.5944 -0.6562 -0.4649
vn 0.4052 -0.8563 -0.3202
vn 0.4052 -0.8563 -0.3201
vn 0.4760 -0.7937 -0.3788
vn 0.5399 -0.7282 -0.4222
vn 0.5997 -0.6620 -0.4495
vn 0.6598 -0.5412 -0.5213
vn 0.6585 -0.5401 -0.5241
vn 0.6616 -0.5427 -0.5175
vn 0.6690 -0.5487 -0.5014
vn 0.6803 -0.5580 -0.4751
vn 0.6803 -0.5580 -0.4752
vn 0.2828 -0.9328 -0.2235
vn 0.4049 -0.8557 -0.3222
vn 0.4772 -0.7956 -0.3732
vn 0.4771 -0.7957 -0.3732
vn 0.5438 -0.7336 -0.4076
vn 0.6079 -0.6710 -0.4245
vn 0.6951 -0.5701 -0.4380
vn 0.7235 -0.3870 -0.5717
vn 0.7218 -0.3861 -0.5744
vn 0.7259 -0.3883 -0.5678
vn 0.7259 -0.3883 -0.5677
vn 0.7357 -0.3935 -0.5513
vn 0.7508 -0.4016 -0.5244
vn 0.7708 -0.4123 -0.4857
vn 0.7899 -0.4225 -0.4444
vn 0.2827 -0.9324 -0.2250
vn 0.4056 -0.8572 -0.3172
vn 0.4799 -0.8002 -0.3597
vn 0.5499 -0.7417 -0.3840
vn 0.6183 -0.6825 -0.3897
vn 0.7090 -0.5815 -0.3989
vn 0.8062 -0.4312 -0.4050
vn 0.7634 -0.2313 -0.6032
vn 0.7614 -0.2307 -0.6059
vn 0.7662 -0.2321 -0.5993
vn 0.7662 -0.2321 -0.5992
vn 0.7777 -0.2356 -0.5828
vn 0.7957 -0.2411 -0.5557
vn 0.8195 -0.2483 -0.5165
vn 0.8427 -0.2553 -0.4741
vn 0.8625 -0.2613 -0.4333
vn 0.8831 -0.2675 -0.3855
vn 0.2830 -0.9332 -0.2213
vn 0.4073 -0.8608 -0.3052
vn 0.4840 -0.8071 -0.3380
vn 0.4840 -0.8071 -0.3381
vn 0.5576 -0.7521 -0.3514
vn 0.6281 -0.6933 -0.3534
vn 0.6280 -0.6933 -0.3534
vn 0.7207 -0.5911 -0.3620
vn 0.7207 -0.5912 -0.3620
vn 0.8229 -0.4402 -0.3592
vn 0.9033 -0.2737 -0.3304
vn 0.7823 -0.0773 -0.6181
vn 0.7801 -0.0771 -0.6208
vn 0.7853 -0.0776 -0.6142
vn 0.7853 -0.0777 -0.6142
vn 0.7977 -0.0789 -0.5978
vn 0.8172 -0.0808 -0.5707
vn 0.8431 -0.0833 -0.5313
vn 0.8431 -0.0834 -0.5313
vn 0.8683 -0.0858 -0.4885
vn 0.8901 -0.0880 -0.4471
vn 0.9127 -0.0902 -0.3984
vn 0.9351 -0.0924 -0.3420
vn 0.9560 -0.0945 -0.2777
vn 0.2835 -0.9351 -0.2125
vn 0.4098 -0.8661 -0.2862
vn 0.4893 -0.8158 -0.3084
vn 0.4892 -0.8158 -0.3083
vn 0.5647 -0.7617 -0.3177
vn 0.6362 -0.7022 -0.3196
vn 0.7326 -0.6009 -0.3198
vn 0.8392 -0.4489 -0.3069
vn 0.9221 -0.2793 -0.2679
vn 0.9221 -0.2794 -0.2679
vn 0.9738 -0.0963 -0.2058
vn 0.7919 0.0747 -0.6060
vn 0.7825 0.0738 -0.6183
vn 0.7803 0.0736 -0.6210
vn 0.7855 0.0741 -0.6144
vn 0.7979 0.0753 -0.5980
vn 0.7980 0.0753 -0.5980
vn 0.8174 0.0771 -0.5709
vn 0.8433 0.0796 -0.5315
vn 0.8686 0.0820 -0.4887
vn 0.8904 0.0840 -0.4473
vn 0.9131 0.0862 -0.3986
vn 0.9131 0.0861 -0.3986
vn 0.9355 0.0883 -0.3422
vn 0.9355 0.0882 -0.3422
vn 0.9564 0.0902 -0.2778
vn 0.9564 0.0903 -0.2778
vn 0.9742 0.0919 -0.2059
vn 0.9742 0.0920 -0.2059
vn 0.9875 0.0932 -0.1272
vn 0.7740 0.2240 -0.5923
vn 0.7652 0.2214 -0.6046
vn 0.7651 0.2214 -0.6046
vn 0.7631 0.2209 -0.6073
vn 0.7631 0.2208 -0.6073
vn 0.7680 0.2223 -0.6007
vn 0.7796 0.2256 -0.5842
vn 0.7977 0.2309 -0.5571
vn 0.8217 0.2378 -0.5179
vn 0.8451 0.2445 -0.4755
vn 0.8651 0.2504 -0.4346
vn 0.8859 0.2563 -0.3867
vn 0.8859 0.2564 -0.3867
vn 0.9063 0.2623 -0.3315
vn 0.9252 0.2678 -0.2688
vn 0.9414 0.2724 -0.1990
vn 0.9533 0.2759 -0.1228
vn 0.9533 0.2758 -0.1228
vn 0.3422 0.9391 -0.0322
vn 0.1602 0.9807 -0.1119
vn 0.1604 0.9819 -0.1011
vn 0.1606 0.9829 -0.0903
vn 0.1607 0.9837 -0.0807
vn 0.1608 0.9845 -0.0702
vn 0.1609 0.9852 -0.0589
vn 0.1610 0.9858 -0.0468
vn 0.1611 0.9863 -0.0341
vn 0.1612 0.9867 -0.0208
vn 0.1612 0.9869 0.0037
vn 0.2902 0.9567 -0.0237
vn 0.3316 0.9101 -0.2485
vn 0.3330 0.9138 -0.2326
vn 0.3347 0.9184 -0.2109
vn 0.3362 0.9226 -0.1891
vn 0.3374 0.9260 -0.1695
vn 0.3386 0.9292 -0.1478
vn 0.3397 0.9323 -0.1243
vn 0.3397 0.9323 -0.1242
vn 0.3407 0.9350 -0.0990
vn 0.3415 0.9371 -0.0722
vn 0.3420 0.9387 -0.0441
vn 0.3424 0.9396 -0.0052
vn 0.4712 0.8815 -0.0306
vn 0.4753 0.7974 -0.3718
vn 0.4780 0.8020 -0.3583
vn 0.4821 0.8088 -0.3367
vn 0.4873 0.8175 -0.3071
vn 0.4920 0.8254 -0.2768
vn 0.4959 0.8319 -0.2491
vn 0.4997 0.8383 -0.2181
vn 0.5033 0.8443 -0.1841
vn 0.5065 0.8496 -0.1471
vn 0.5064 0.8496 -0.1471
vn 0.5090 0.8540 -0.1076
vn 0.5091 0.8540 -0.1076
vn 0.5109 0.8571 -0.0658
vn 0.5120 0.8589 -0.0137
vn 0.6340 0.7725 -0.0365
vn 0.5867 0.6617 -0.4669
vn 0.5889 0.6642 -0.4606
vn 0.5941 0.6700 -0.4452
vn 0.5940 0.6700 -0.4452
vn 0.6020 0.6789 -0.4204
vn 0.6121 0.6903 -0.3857
vn 0.6215 0.7010 -0.3497
vn 0.6294 0.7099 -0.3162
vn 0.6294 0.7098 -0.3162
vn 0.6372 0.7187 -0.2782
vn 0.6447 0.7271 -0.2358
vn 0.6514 0.7347 -0.1892
vn 0.6514 0.7347 -0.1893
vn 0.6570 0.7410 -0.1389
vn 0.6610 0.7455 -0.0851
vn 0.6633 0.7481 -0.0216
vn 0.7724 0.6339 -0.0411
vn 0.6711 0.5181 -0.5303
vn 0.6698 0.5170 -0.5330
vn 0.6697 0.5171 -0.5330
vn 0.6730 0.5196 -0.5264
vn 0.6808 0.5256 -0.5102
vn 0.6927 0.5348 -0.4838
vn 0.7083 0.5468 -0.4464
vn 0.7083 0.5469 -0.4464
vn 0.7231 0.5582 -0.4068
vn 0.7231 0.5583 -0.4068
vn 0.7355 0.5679 -0.3695
vn 0.7482 0.5776 -0.3266
vn 0.7481 0.5776 -0.3266
vn 0.7603 0.5870 -0.2781
vn 0.7714 0.5956 -0.2241
vn 0.7714 0.5955 -0.2241
vn 0.7807 0.6027 -0.1650
vn 0.7875 0.6080 -0.1014
vn 0.7875 0.6079 -0.1014
vn 0.7912 0.6109 -0.0286
vn 0.8811 0.4709 -0.0442
vn 0.0980 -0.9952 -0.0041
vn 0.2903 -0.9569 -0.0125
vn 0.0978 -0.9952 -0.0042
vn 0.0985 -0.9951 -0.0121
vn 0.2901 -0.9569 -0.0126
vn 0.0975 -0.9952 -0.0126
vn 0.0987 -0.9949 -0.0199
vn 0.4711 -0.8814 -0.0337
vn 0.4277 -0.9038 -0.0185
vn 0.2900 -0.9563 -0.0373
vn 0.0973 -0.9950 -0.0206
vn 0.0989 -0.9947 -0.0275
vn 0.5142 -0.8574 -0.0222
vn 0.4270 -0.9026 -0.0550
vn 0.4271 -0.9025 -0.0550
vn 0.2896 -0.9552 -0.0612
vn 0.0971 -0.9949 -0.0282
vn 0.0990 -0.9945 -0.0347
vn 0.6339 -0.7724 -0.0407
vn 0.5953 -0.8031 -0.0257
vn 0.5132 -0.8557 -0.0661
vn 0.4259 -0.9003 -0.0900
vn 0.4260 -0.9002 -0.0900
vn 0.2891 -0.9536 -0.0840
vn 0.0970 -0.9947 -0.0355
vn 0.0991 -0.9942 -0.0415
vn 0.7726 -0.6340 -0.0335
vn 0.6711 -0.7408 -0.0291
vn 0.5938 -0.8010 -0.0765
vn 0.5113 -0.8526 -0.1081
vn 0.4244 -0.8970 -0.1233
vn 0.2885 -0.9516 -0.1055
vn 0.0969 -0.9944 -0.0423
vn 0.0991 -0.9939 -0.0478
vn 0.8813 -0.4710 -0.0381
vn 0.7727 -0.6338 -0.0334
vn 0.6689 -0.7384 -0.0861
vn 0.6689 -0.7383 -0.0862
vn 0.5909 -0.7970 -0.1249
vn 0.5087 -0.8482 -0.1478
vn 0.4226 -0.8930 -0.1546
vn 0.4225 -0.8931 -0.1545
vn 0.2879 -0.9494 -0.1257
vn 0.0969 -0.9941 -0.0487
vn 0.0990 -0.9936 -0.0536
vn 0.9561 -0.2900 -0.0415
vn 0.8812 -0.4713 -0.0382
vn 0.7694 -0.6311 -0.0991
vn 0.7694 -0.6310 -0.0991
vn 0.6647 -0.7338 -0.1405
vn 0.5868 -0.7916 -0.1705
vn 0.5055 -0.8428 -0.1849
vn 0.5054 -0.8428 -0.1849
vn 0.4205 -0.8886 -0.1835
vn 0.4204 -0.8886 -0.1835
vn 0.2871 -0.9470 -0.1442
vn 0.0969 -0.9938 -0.0545
vn 0.0989 -0.9933 -0.0589
vn 0.9943 -0.0979 -0.0429
vn 0.9562 -0.2897 -0.0413
vn 0.8762 -0.4686 -0.1128
vn 0.7631 -0.6259 -0.1613
vn 0.6590 -0.7274 -0.1914
vn 0.5819 -0.7849 -0.2128
vn 0.5018 -0.8368 -0.2191
vn 0.4181 -0.8838 -0.2101
vn 0.4182 -0.8837 -0.2101
vn 0.2864 -0.9445 -0.1611
vn 0.0958 -0.9936 -0.0604
vn 0.0979 -0.9932 -0.0630
vn 0.0972 -0.9925 -0.0742
vn 0.0987 -0.9926 -0.0712
vn 0.0957 -0.9931 -0.0677
vn 0.2840 -0.9367 -0.2050
vn 0.0988 -0.9929 -0.0665
vn 0.0971 -0.9933 -0.0629
vn 0.4087 -0.8637 -0.2949
vn 0.2848 -0.9392 -0.1916
vn 0.0990 -0.9932 -0.0620
vn 0.0970 -0.9936 -0.0582
vn 0.4822 -0.8040 -0.3480
vn 0.4860 -0.8104 -0.3271
vn 0.4110 -0.8687 -0.2766
vn 0.2855 -0.9416 -0.1788
vn 0.2862 -0.9440 -0.1641
vn 0.0991 -0.9935 -0.0568
vn 0.0970 -0.9939 -0.0530
vn 0.0973 -0.9949 -0.0276
vn 0.0988 -0.9949 -0.0225
vn 0.0967 -0.9951 -0.0202
vn 0.0992 -0.9949 -0.0164
vn 0.0974 -0.9952 -0.0138
vn 0.0991 -0.9950 -0.0100
vn 0.2901 -0.9569 -0.0099
vn 0.2905 -0.9568 -0.0097
vn 0.5267 -0.8496 -0.0284
vn 0.4716 -0.8814 0.0256
vn 0.4660 -0.8848 -0.0008
vn 0.4276 -0.9038 -0.0145
vn 0.4274 -0.9033 -0.0378
vn 0.4256 -0.9039 -0.0426
vn 0.4175 -0.9079 -0.0378
vn 0.3735 -0.9244 -0.0773
vn 0.2717 -0.9584 -0.0872
vn 0.2476 -0.9650 -0.0861
vn 0.2380 -0.9665 -0.0961
vn 0.2499 -0.9623 -0.1076
vn 0.2448 -0.9631 -0.1119
vn 0.2630 -0.9555 -0.1335
vn 0.4837 -0.8359 -0.2595
vn 0.0981 -0.9952 -0.0001
vn 0.0981 -0.9952 -0.0006
vn 0.0985 -0.9951 -0.0031
vn 0.0988 -0.9951 -0.0034
vn 0.0979 -0.9952 -0.0072
vn 0.0992 -0.9950 -0.0099
vn 0.2900 -0.9566 -0.0291
vn 0.2898 -0.9559 -0.0478
vn 0.2951 -0.9540 -0.0528
vn 0.2628 -0.9630 -0.0600
vn 0.2581 -0.9632 -0.0746
vn 0.0980 -0.9948 -0.0283
vn 0.0982 -0.9946 -0.0342
vn 0.0972 -0.9947 -0.0346
vn 0.0988 -0.9943 -0.0399
vn 0.0968 -0.9945 -0.0411
vn 0.0989 -0.9941 -0.0452
vn 0.0969 -0.9942 -0.0473
vn 0.0993 -0.9938 -0.0510
vn 0.2618 -0.9557 -0.1346
vn 0.2861 -0.9437 -0.1658
vn 0.5049 -0.8323 -0.2289
vn 0.3603 -0.9097 -0.2065
vn 0.4149 -0.8768 -0.2432
vn 0.4131 -0.8731 -0.2588
vn 0.4538 -0.8446 -0.2842
vn 0.4890 -0.8154 -0.3098
vn 0.5389 -0.7769 -0.3255
vn 0.5446 -0.7544 -0.3665
vn 0.5472 -0.7380 -0.3949
vn 0.5524 -0.7451 -0.3738
vn 0.5776 -0.7189 -0.3867
vn 0.6042 -0.6670 -0.4360
vn 0.6094 -0.6727 -0.4196
vn 0.6350 -0.6437 -0.4272
vn 0.6721 -0.5513 -0.4943
vn 0.6595 -0.5818 -0.4760
vn 0.6614 -0.5821 -0.4730
vn 0.7013 -0.5008 -0.5074
vn 0.7306 -0.4225 -0.5364
vn 0.7349 -0.3931 -0.5526
vn 0.7590 -0.3400 -0.5553
vn 0.7739 -0.2660 -0.5748
vn 0.7697 -0.2332 -0.5943
vn 0.7899 -0.1891 -0.5834
vn 0.7963 -0.1157 -0.5937
vn 0.7674 0.3116 -0.5603
vn 0.7765 0.2365 -0.5840
vn 0.7732 0.2238 -0.5934
vn 0.7978 0.1520 -0.5835
vn 0.7898 0.0863 -0.6073
vn 0.7819 0.0738 -0.6190
vn 0.8025 0.0247 -0.5962
vn 0.8021 -0.0391 -0.5959
vn 0.7930 -0.0545 -0.6068
vn 0.7872 -0.0948 -0.6093
vn 0.7917 -0.0782 -0.6059
vn 0.7721 -0.2339 -0.5909
vn 0.7309 -0.3910 -0.5593
vn 0.6654 -0.5458 -0.5092
vn 0.5972 -0.6592 -0.4570
vn 0.5419 -0.7310 -0.4147
vn 0.4786 -0.7980 -0.3662
vn 0.4065 -0.8591 -0.3111
vn 0.2833 -0.9342 -0.2168
vn 0.0975 -0.9924 -0.0746
vn 0.0980 -0.9922 -0.0775
vn 0.0975 -0.9922 -0.0773
vn 0.0978 -0.9922 -0.0778
vn 0.0984 -0.9921 -0.0779
vn 0.0972 -0.9924 -0.0760
vn 0.0993 -0.9922 -0.0757
vn 0.0970 -0.9926 -0.0727
vn 0.0994 -0.9926 -0.0700
vn 0.0980 -0.9928 -0.0685
vn 0.2844 -0.9379 -0.1986
vn 0.2854 -0.9414 -0.1799
vn 0.4130 -0.8728 -0.2603
vn 0.4129 -0.8728 -0.2602
vn 0.4158 -0.8788 -0.2340
vn 0.4158 -0.8788 -0.2339
vn 0.4940 -0.8238 -0.2780
vn 0.4941 -0.8238 -0.2780
vn 0.4980 -0.8303 -0.2501
vn 0.4979 -0.8303 -0.2501
vn 0.5706 -0.7696 -0.2866
vn 0.5764 -0.7775 -0.2516
vn 0.6443 -0.7112 -0.2812
vn 0.6520 -0.7197 -0.2385
vn 0.7440 -0.6102 -0.2721
vn 0.7544 -0.6188 -0.2192
vn 0.8542 -0.4569 -0.2482
vn 0.8669 -0.4637 -0.1832
vn 0.9381 -0.2842 -0.1983
vn 0.9380 -0.2842 -0.1983
vn 0.9498 -0.2878 -0.1223
vn 0.9499 -0.2878 -0.1223
vn 0.9871 -0.0976 -0.1271
vn 0.9942 -0.0983 -0.0431
vn 0.9946 0.0939 -0.0432
vn 0.9942 0.0979 -0.0452
vn 0.9598 0.2778 -0.0395
vn 0.9559 0.2900 -0.0456
vn 0.8911 0.4524 -0.0346
vn 0.8859 0.4497 -0.1141
vn 0.8763 0.4448 -0.1852
vn 0.8632 0.4382 -0.2508
vn 0.8478 0.4303 -0.3101
vn 0.8477 0.4303 -0.3101
vn 0.8310 0.4218 -0.3627
vn 0.8138 0.4131 -0.4088
vn 0.7970 0.4046 -0.4484
vn 0.7774 0.3946 -0.4899
vn 0.7569 0.3842 -0.5286
vn 0.7414 0.3764 -0.5556
vn 0.7414 0.3763 -0.5556
vn 0.7314 0.3713 -0.5720
vn 0.7314 0.3712 -0.5720
vn 0.7272 0.3692 -0.5787
vn 0.7272 0.3691 -0.5787
vn 0.7289 0.3700 -0.5760
vn 0.7366 0.3739 -0.5636
vn 0.7365 0.3739 -0.5636
vn 0.7407 0.3760 -0.5567
vn 0.7383 0.3997 -0.5432
vn 0.5658 0.7250 -0.3929
vn 0.5546 0.7565 -0.3466
vn 0.4834 0.8109 -0.3299
vn 0.4700 0.8288 -0.3035
vn 0.4407 0.8542 -0.2760
vn 0.4504 0.8559 -0.2542
vn 0.3352 0.9200 -0.2029
vn 0.1604 0.9819 -0.1005
vn 0.3196 0.9297 -0.1832
vn 0.3209 0.9297 -0.1806
vn 0.1605 0.9827 -0.0920
vn 0.2852 0.9472 -0.1466
vn 0.2943 0.9450 -0.1426
vn 0.1607 0.9835 -0.0826
vn 0.2676 0.9558 -0.1223
vn 0.2819 0.9522 -0.1176
vn 0.1608 0.9843 -0.0735
vn 0.1609 0.9848 -0.0650
vn 0.2626 0.9591 -0.1060
vn 0.2776 0.9558 -0.0965
vn 0.3250 0.9397 -0.1067
vn 0.2877 0.9541 -0.0832
vn 0.4718 0.8817 0.0009
vn 0.4571 0.8882 -0.0467
vn 0.4576 0.8891 -0.0052
vn 0.3423 0.9393 -0.0239
vn 0.2905 0.9568 0.0045
vn 0.1612 0.9867 -0.0191
vn 0.0981 0.9952 -0.0001
vn 0.0972 0.9952 0.0126
vn 0.0389 0.9992 -0.0002
vn 0.0351 0.9994 -0.0011
vn 0.0354 0.9994 -0.0036
vn 0.0337 0.9994 -0.0048
vn 0.1611 0.9866 -0.0266
vn 0.0356 0.9994 -0.0059
vn 0.0330 0.9994 -0.0069
vn 0.1612 0.9866 -0.0266
vn 0.0351 0.9994 -0.0080
vn 0.0336 0.9994 -0.0096
vn 0.0342 0.9994 -0.0025
vn 0.0355 0.9994 -0.0036
vn 0.1612 0.9868 -0.0162
vn 0.3391 0.9401 -0.0340
vn 0.3386 0.9393 -0.0560
vn 0.3468 0.9358 -0.0632
vn 0.2917 0.9542 -0.0666
vn 0.1611 0.9863 -0.0368
vn 0.1610 0.9859 -0.0466
vn 0.0343 0.9994 -0.0099
vn 0.0346 0.9993 -0.0120
vn 0.0335 0.9994 -0.0119
vn 0.0351 0.9993 -0.0142
vn 0.0332 0.9993 -0.0141
vn 0.0353 0.9992 -0.0161
vn 0.0333 0.9993 -0.0162
vn 0.0357 0.9992 -0.0184
vn 0.0334 0.9993 -0.0182
vn 0.0356 0.9992 -0.0204
vn 0.0335 0.9992 -0.0201
vn 0.0355 0.9991 -0.0222
vn 0.0323 0.9992 -0.0228
vn 0.0352 0.9991 -0.0254
vn 0.1601 0.9803 -0.1156
vn 0.0337 0.9991 -0.0258
vn 0.0340 0.9991 -0.0260
vn 0.3324 0.9121 -0.2399
vn 0.1600 0.9795 -0.1224
vn 0.0346 0.9990 -0.0273
vn 0.0341 0.9991 -0.0270
vn 0.4803 0.8057 -0.3466
vn 0.3312 0.9089 -0.2534
vn 0.1599 0.9790 -0.1264
vn 0.0344 0.9990 -0.0273
vn 0.0350 0.9990 -0.0277
vn 0.0336 0.9992 -0.0218
vn 0.0353 0.9991 -0.0238
vn 0.1603 0.9812 -0.1079
vn 0.3336 0.9156 -0.2245
vn 0.4841 0.8121 -0.3258
vn 0.5772 0.7183 -0.3884
vn 0.5996 0.6762 -0.4281
vn 0.6396 0.6354 -0.4326
vn 0.6753 0.5632 -0.4763
vn 0.6693 0.5645 -0.4830
vn 0.5984 0.6749 -0.4318
vn 0.4767 0.7998 -0.3648
vn 0.3305 0.9070 -0.2611
vn 0.1599 0.9789 -0.1272
vn 0.1599 0.9789 -0.1273
vn 0.0337 0.9991 -0.0264
vn 0.0360 0.9990 -0.0274
vn 0.7092 0.4828 -0.5138
vn 0.6838 0.5279 -0.5038
vn 0.6770 0.5227 -0.5181
vn 0.5916 0.6672 -0.4527
vn 0.5876 0.6627 -0.4643
vn 0.4746 0.7963 -0.3750
vn 0.4747 0.7963 -0.3750
vn 0.4742 0.7955 -0.3773
vn 0.4742 0.7955 -0.3774
vn 0.3303 0.9065 -0.2629
vn 0.3307 0.9076 -0.2587
vn 0.1599 0.9792 -0.1251
vn 0.1600 0.9798 -0.1199
vn 0.0335 0.9991 -0.0251
vn 0.0363 0.9990 -0.0254
vn 0.0346 0.9991 -0.0243
vn 0.0343 0.9992 -0.0216
vn 0.0312 0.9993 -0.0201
vn 0.0354 0.9992 -0.0211
vn 0.0334 0.9993 -0.0188
vn 0.0355 0.9992 -0.0192
vn 0.0333 0.9993 -0.0167
vn 0.0355 0.9992 -0.0171
vn 0.0333 0.9993 -0.0145
vn 0.0355 0.9993 -0.0148
vn 0.0333 0.9994 -0.0122
vn 0.0354 0.9993 -0.0124
vn 0.0334 0.9994 -0.0097
vn 0.0352 0.9993 -0.0098
vn 0.0336 0.9994 -0.0071
vn 0.0350 0.9994 -0.0071
vn 0.0338 0.9994 -0.0044
vn 0.0348 0.9994 -0.0043
vn 0.0341 0.9994 -0.0014
vn 0.0980 0.9951 -0.0162
vn -0.2862 -0.9440 -0.1641
vn -0.2855 -0.9415 -0.1788
vn -0.4131 -0.8731 -0.2588
vn -0.9871 -0.0976 -0.1271
vn -0.9742 0.0920 -0.2059
vn -0.9742 0.0919 -0.2059
vn -0.9252 0.2678 -0.2688
vn -0.9252 0.2677 -0.2688
vn -0.8477 0.4303 -0.3101
vn -0.7481 0.5776 -0.3266
vn -0.7482 0.5776 -0.3266
vn -0.6294 0.7098 -0.3162
vn -0.6294 0.7099 -0.3162
vn -0.4920 0.8254 -0.2768
vn -0.3347 0.9184 -0.2109
vn -0.1602 0.9807 -0.1119
vn -0.9498 -0.2878 -0.1223
vn -0.9499 -0.2878 -0.1223
vn -0.9738 -0.0963 -0.2058
vn -0.9564 0.0903 -0.2778
vn -0.9564 0.0902 -0.2778
vn -0.9063 0.2623 -0.3315
vn -0.9063 0.2622 -0.3315
vn -0.8310 0.4218 -0.3627
vn -0.7355 0.5679 -0.3695
vn -0.6215 0.7010 -0.3497
vn -0.4873 0.8175 -0.3071
vn -0.3330 0.9138 -0.2326
vn -0.3330 0.9138 -0.2325
vn -0.1600 0.9798 -0.1199
vn -0.8762 -0.4686 -0.1128
vn -0.9381 -0.2842 -0.1983
vn -0.9380 -0.2842 -0.1983
vn -0.9560 -0.0945 -0.2777
vn -0.9355 0.0882 -0.3422
vn -0.9355 0.0883 -0.3422
vn -0.8859 0.2563 -0.3867
vn -0.8859 0.2564 -0.3867
vn -0.8138 0.4131 -0.4088
vn -0.7231 0.5583 -0.4068
vn -0.7231 0.5582 -0.4068
vn -0.6121 0.6903 -0.3857
vn -0.4821 0.8088 -0.3367
vn -0.3316 0.9101 -0.2485
vn -0.1599 0.9792 -0.1251
vn -0.7694 -0.6311 -0.0991
vn -0.7694 -0.6310 -0.0991
vn -0.8669 -0.4637 -0.1832
vn -0.8669 -0.4636 -0.1832
vn -0.9221 -0.2794 -0.2679
vn -0.9221 -0.2793 -0.2679
vn -0.9351 -0.0924 -0.3420
vn -0.9131 0.0861 -0.3986
vn -0.9131 0.0862 -0.3986
vn -0.8651 0.2504 -0.4346
vn -0.7970 0.4046 -0.4484
vn -0.7083 0.5469 -0.4464
vn -0.7083 0.5468 -0.4464
vn -0.6020 0.6789 -0.4204
vn -0.4780 0.8020 -0.3583
vn -0.3307 0.9076 -0.2587
vn -0.1599 0.9789 -0.1273
vn -0.1599 0.9789 -0.1272
vn -0.2855 -0.9416 -0.1788
vn -0.2848 -0.9392 -0.1916
vn -0.4110 -0.8686 -0.2766
vn -0.4110 -0.8687 -0.2766
vn -0.1610 0.9858 -0.0466
vn -0.1610 0.9859 -0.0466
vn -0.4717 0.8814 0.0256
vn -0.0399 0.9992 -0.0000
vn -0.0981 0.9951 0.0121
vn -0.1612 0.9867 -0.0191
vn -0.2906 0.9568 0.0045
vn -0.3423 0.9393 -0.0239
vn -0.4654 0.8851 -0.0039
vn -0.4711 0.8820 -0.0077
vn -0.3378 0.9406 -0.0338
vn -0.3422 0.9391 -0.0318
vn -0.4411 0.8962 -0.0473
vn -0.1612 0.9868 -0.0161
vn -0.3325 0.9415 -0.0549
vn -0.3445 0.9364 -0.0666
vn -0.1612 0.9866 -0.0266
vn -0.1611 0.9866 -0.0266
vn -0.1611 0.9863 -0.0368
vn -0.2946 0.9533 -0.0672
vn -0.2830 0.9556 -0.0818
vn -0.3217 0.9407 -0.1075
vn -0.2855 0.9532 -0.0993
vn -0.4556 0.8518 -0.2585
vn -0.7118 0.4770 -0.5155
vn -0.7684 0.3081 -0.5610
vn -0.7979 0.1502 -0.5838
vn -0.8025 0.0245 -0.5962
vn -0.8021 -0.0395 -0.5959
vn -0.7893 -0.0608 -0.6110
vn -0.6622 -0.5847 -0.4687
vn -0.6296 -0.6509 -0.4242
vn -0.6096 -0.6730 -0.4188
vn -0.5718 -0.7256 -0.3828
vn -0.5528 -0.7457 -0.3720
vn -0.5463 -0.7512 -0.3703
vn -0.5312 -0.7840 -0.3213
vn -0.4744 -0.8525 -0.2195
vn -0.4861 -0.8104 -0.3271
vn -0.4860 -0.8105 -0.3271
vn -0.4892 -0.8158 -0.3085
vn -0.4571 -0.8420 -0.2863
vn -0.4617 -0.8502 -0.2529
vn -0.4150 -0.8771 -0.2418
vn -0.3577 -0.9110 -0.2051
vn -0.2862 -0.9439 -0.1646
vn -0.2603 -0.9562 -0.1338
vn -0.2625 -0.9560 -0.1312
vn -0.2444 -0.9632 -0.1117
vn -0.2491 -0.9627 -0.1056
vn -0.2389 -0.9662 -0.0965
vn -0.2448 -0.9658 -0.0851
vn -0.2732 -0.9581 -0.0855
vn -0.2898 -0.9558 -0.0499
vn -0.4021 -0.9117 -0.0845
vn -0.0981 -0.9952 -0.0001
vn -0.0982 -0.9952 -0.0006
vn -0.0986 -0.9951 -0.0031
vn -0.0979 -0.9952 -0.0072
vn -0.0988 -0.9951 -0.0033
vn -0.2901 -0.9569 -0.0099
vn -0.2906 -0.9568 -0.0096
vn -0.4276 -0.9038 -0.0144
vn -0.4719 -0.8817 0.0015
vn -0.4777 -0.8785 -0.0011
vn -0.4771 -0.8772 -0.0540
vn -0.4274 -0.9032 -0.0383
vn -0.4031 -0.9143 -0.0403
vn -0.2901 -0.9566 -0.0290
vn -0.2900 -0.9566 -0.0290
vn -0.0992 -0.9950 -0.0099
vn -0.0991 -0.9950 -0.0100
vn -0.0967 -0.9951 -0.0202
vn -0.0988 -0.9949 -0.0225
vn -0.0973 -0.9949 -0.0276
vn -0.0974 -0.9952 -0.0138
vn -0.0992 -0.9949 -0.0164
vn -0.2986 -0.9531 -0.0493
vn -0.2627 -0.9630 -0.0599
vn -0.2617 -0.9622 -0.0757
vn -0.0980 -0.9948 -0.0283
vn -0.0982 -0.9946 -0.0342
vn -0.0972 -0.9947 -0.0346
vn -0.0988 -0.9943 -0.0399
vn -0.0968 -0.9945 -0.0411
vn -0.0989 -0.9941 -0.0452
vn -0.0969 -0.9942 -0.0473
vn -0.0993 -0.9938 -0.0510
vn -0.0970 -0.9939 -0.0530
vn -0.0991 -0.9935 -0.0568
vn -0.0970 -0.9936 -0.0582
vn -0.0990 -0.9932 -0.0620
vn -0.0971 -0.9933 -0.0629
vn -0.0988 -0.9929 -0.0665
vn -0.0971 -0.9925 -0.0743
vn -0.0975 -0.9924 -0.0745
vn -0.2833 -0.9342 -0.2168
vn -0.0980 -0.9922 -0.0775
vn -0.0975 -0.9922 -0.0773
vn -0.4065 -0.8591 -0.3111
vn -0.2828 -0.9328 -0.2235
vn -0.0978 -0.9922 -0.0778
vn -0.0984 -0.9921 -0.0779
vn -0.4786 -0.7980 -0.3662
vn -0.4052 -0.8563 -0.3202
vn -0.4052 -0.8563 -0.3201
vn -0.2827 -0.9324 -0.2250
vn -0.0972 -0.9924 -0.0760
vn -0.0994 -0.9922 -0.0757
vn -0.5419 -0.7310 -0.4147
vn -0.4765 -0.7945 -0.3765
vn -0.4049 -0.8557 -0.3222
vn -0.2830 -0.9332 -0.2213
vn -0.0970 -0.9926 -0.0727
vn -0.0994 -0.9926 -0.0700
vn -0.5972 -0.6592 -0.4570
vn -0.5389 -0.7269 -0.4258
vn -0.4760 -0.7937 -0.3788
vn -0.4056 -0.8572 -0.3172
vn -0.2835 -0.9351 -0.2125
vn -0.0980 -0.9928 -0.0685
vn -0.0979 -0.9932 -0.0630
vn -0.6654 -0.5458 -0.5092
vn -0.5931 -0.6547 -0.4686
vn -0.5382 -0.7259 -0.4283
vn -0.4772 -0.7956 -0.3732
vn -0.4771 -0.7957 -0.3732
vn -0.4073 -0.8608 -0.3052
vn -0.2844 -0.9379 -0.1986
vn -0.0958 -0.9936 -0.0604
vn -0.0989 -0.9933 -0.0589
vn -0.7309 -0.3910 -0.5593
vn -0.6598 -0.5412 -0.5213
vn -0.5921 -0.6537 -0.4712
vn -0.5922 -0.6537 -0.4712
vn -0.5399 -0.7282 -0.4223
vn -0.5399 -0.7282 -0.4222
vn -0.4799 -0.8002 -0.3597
vn -0.4098 -0.8661 -0.2862
vn -0.2854 -0.9414 -0.1799
vn -0.0969 -0.9938 -0.0545
vn -0.0990 -0.9936 -0.0536
vn -0.0957 -0.9931 -0.0677
vn -0.0987 -0.9926 -0.0712
vn -0.2840 -0.9367 -0.2050
vn -0.4087 -0.8637 -0.2949
vn -0.4822 -0.8040 -0.3480
vn -0.5472 -0.7380 -0.3949
vn -0.6042 -0.6670 -0.4360
vn -0.6584 -0.5838 -0.4751
vn -0.6721 -0.5513 -0.4943
vn -0.6986 -0.5063 -0.5056
vn -0.7296 -0.4264 -0.5347
vn -0.7349 -0.3931 -0.5526
vn -0.7578 -0.3436 -0.5547
vn -0.7738 -0.2683 -0.5738
vn -0.7697 -0.2332 -0.5943
vn -0.7893 -0.1912 -0.5835
vn -0.7966 -0.1167 -0.5932
vn -0.7901 -0.1014 -0.6046
vn -0.7721 -0.2339 -0.5909
vn -0.7235 -0.3870 -0.5717
vn -0.6585 -0.5401 -0.5241
vn -0.5944 -0.6561 -0.4649
vn -0.5944 -0.6562 -0.4649
vn -0.5438 -0.7336 -0.4076
vn -0.4840 -0.8071 -0.3380
vn -0.4130 -0.8728 -0.2603
vn -0.4129 -0.8728 -0.2602
vn -0.2864 -0.9445 -0.1611
vn -0.0969 -0.9941 -0.0487
vn -0.0991 -0.9939 -0.0478
vn -0.7894 0.0854 -0.6079
vn -0.7820 0.0738 -0.6189
vn -0.7917 -0.0783 -0.6059
vn -0.7634 -0.2313 -0.6032
vn -0.7218 -0.3861 -0.5744
vn -0.6616 -0.5427 -0.5175
vn -0.5997 -0.6620 -0.4495
vn -0.5499 -0.7417 -0.3840
vn -0.4893 -0.8158 -0.3084
vn -0.4892 -0.8158 -0.3083
vn -0.4158 -0.8788 -0.2339
vn -0.4158 -0.8788 -0.2340
vn -0.2871 -0.9470 -0.1442
vn -0.0969 -0.9944 -0.0423
vn -0.0991 -0.9942 -0.0415
vn -0.7763 0.2342 -0.5852
vn -0.7735 0.2238 -0.5930
vn -0.7919 0.0747 -0.6060
vn -0.7823 -0.0773 -0.6181
vn -0.7614 -0.2306 -0.6059
vn -0.7614 -0.2307 -0.6059
vn -0.7259 -0.3883 -0.5678
vn -0.7259 -0.3883 -0.5677
vn -0.6690 -0.5487 -0.5014
vn -0.6078 -0.6710 -0.4245
vn -0.6079 -0.6710 -0.4245
vn -0.5576 -0.7521 -0.3514
vn -0.4940 -0.8238 -0.2780
vn -0.4941 -0.8238 -0.2780
vn -0.4182 -0.8837 -0.2101
vn -0.4181 -0.8838 -0.2101
vn -0.2879 -0.9494 -0.1257
vn -0.0970 -0.9947 -0.0355
vn -0.0990 -0.9945 -0.0347
vn -0.7391 0.3957 -0.5450
vn -0.7409 0.3761 -0.5564
vn -0.7740 0.2240 -0.5923
vn -0.7825 0.0738 -0.6183
vn -0.7801 -0.0771 -0.6208
vn -0.7662 -0.2321 -0.5993
vn -0.7662 -0.2322 -0.5992
vn -0.7357 -0.3935 -0.5513
vn -0.6804 -0.5580 -0.4752
vn -0.6803 -0.5580 -0.4751
vn -0.6183 -0.6825 -0.3897
vn -0.5647 -0.7617 -0.3177
vn -0.4979 -0.8303 -0.2501
vn -0.4980 -0.8303 -0.2501
vn -0.4204 -0.8886 -0.1835
vn -0.4205 -0.8885 -0.1836
vn -0.2885 -0.9516 -0.1055
vn -0.0971 -0.9949 -0.0282
vn -0.0989 -0.9947 -0.0275
vn -0.9942 0.0979 -0.0452
vn -0.9598 0.2778 -0.0395
vn -0.9559 0.2900 -0.0456
vn -0.8859 0.4497 -0.1141
vn -0.8911 0.4524 -0.0346
vn -0.8811 0.4709 -0.0442
vn -0.7807 0.6027 -0.1650
vn -0.7875 0.6080 -0.1014
vn -0.7875 0.6079 -0.1014
vn -0.7912 0.6109 -0.0286
vn -0.7724 0.6339 -0.0411
vn -0.6514 0.7347 -0.1892
vn -0.6515 0.7347 -0.1893
vn -0.6570 0.7410 -0.1389
vn -0.6610 0.7455 -0.0851
vn -0.6633 0.7481 -0.0216
vn -0.6340 0.7725 -0.0365
vn -0.5033 0.8443 -0.1841
vn -0.5065 0.8496 -0.1471
vn -0.5090 0.8540 -0.1076
vn -0.5091 0.8540 -0.1076
vn -0.5109 0.8571 -0.0658
vn -0.5120 0.8589 -0.0137
vn -0.4712 0.8815 -0.0306
vn -0.3386 0.9292 -0.1478
vn -0.3397 0.9323 -0.1242
vn -0.3407 0.9350 -0.0990
vn -0.3415 0.9371 -0.0722
vn -0.3420 0.9387 -0.0441
vn -0.3424 0.9396 -0.0052
vn -0.2902 0.9567 -0.0237
vn -0.1607 0.9837 -0.0807
vn -0.1608 0.9845 -0.0702
vn -0.1609 0.9852 -0.0589
vn -0.1610 0.9858 -0.0468
vn -0.1611 0.9863 -0.0341
vn -0.1612 0.9867 -0.0208
vn -0.1612 0.9869 0.0037
vn -0.0980 0.9951 -0.0162
vn -0.0341 0.9994 -0.0014
vn -0.0348 0.9994 -0.0043
vn -0.0338 0.9994 -0.0044
vn -0.0350 0.9994 -0.0071
vn -0.0336 0.9994 -0.0071
vn -0.0352 0.9993 -0.0098
vn -0.0334 0.9994 -0.0097
vn -0.0354 0.9993 -0.0124
vn -0.0333 0.9994 -0.0122
vn -0.0355 0.9993 -0.0148
vn -0.0333 0.9993 -0.0145
vn -0.0355 0.9992 -0.0171
vn -0.0333 0.9993 -0.0167
vn -0.0355 0.9992 -0.0192
vn -0.0334 0.9993 -0.0188
vn -0.0354 0.9992 -0.0211
vn -0.0312 0.9993 -0.0201
vn -0.6339 -0.7724 -0.0407
vn -0.6711 -0.7408 -0.0291
vn -0.7726 -0.6340 -0.0335
vn -0.7727 -0.6338 -0.0334
vn -0.8813 -0.4710 -0.0381
vn -0.8812 -0.4713 -0.0382
vn -0.9561 -0.2900 -0.0415
vn -0.9562 -0.2897 -0.0413
vn -0.9943 -0.0979 -0.0429
vn -0.9942 -0.0983 -0.0431
vn -0.9946 0.0939 -0.0432
vn -0.9875 0.0932 -0.1272
vn -0.9533 0.2758 -0.1228
vn -0.9533 0.2759 -0.1228
vn -0.9414 0.2724 -0.1990
vn -0.8763 0.4448 -0.1852
vn -0.8632 0.4382 -0.2508
vn -0.7714 0.5956 -0.2241
vn -0.7603 0.5870 -0.2781
vn -0.6447 0.7271 -0.2358
vn -0.6373 0.7187 -0.2782
vn -0.6372 0.7187 -0.2782
vn -0.4997 0.8383 -0.2181
vn -0.4959 0.8319 -0.2491
vn -0.3374 0.9260 -0.1695
vn -0.3362 0.9226 -0.1891
vn -0.1606 0.9829 -0.0903
vn -0.1604 0.9819 -0.1011
vn -0.0343 0.9992 -0.0216
vn -0.0345 0.9991 -0.0241
vn -0.0360 0.9990 -0.0253
vn -0.0335 0.9991 -0.0251
vn -0.0360 0.9990 -0.0274
vn -0.0337 0.9991 -0.0264
vn -0.0350 0.9990 -0.0277
vn -0.0343 0.9990 -0.0273
vn -0.0341 0.9991 -0.0270
vn -0.0346 0.9990 -0.0273
vn -0.5953 -0.8031 -0.0257
vn -0.6689 -0.7384 -0.0861
vn -0.6689 -0.7383 -0.0862
vn -0.7631 -0.6259 -0.1613
vn -0.8542 -0.4569 -0.2482
vn -0.9033 -0.2737 -0.3304
vn -0.9127 -0.0902 -0.3984
vn -0.8904 0.0840 -0.4473
vn -0.8451 0.2445 -0.4755
vn -0.7774 0.3946 -0.4899
vn -0.6927 0.5348 -0.4838
vn -0.5941 0.6700 -0.4452
vn -0.5940 0.6700 -0.4452
vn -0.4753 0.7974 -0.3718
vn -0.3303 0.9065 -0.2629
vn -0.1599 0.9790 -0.1264
vn -0.0341 0.9991 -0.0261
vn -0.0337 0.9991 -0.0258
vn -0.4711 -0.8814 -0.0337
vn -0.5142 -0.8574 -0.0222
vn -0.5938 -0.8010 -0.0765
vn -0.6647 -0.7338 -0.1405
vn -0.7544 -0.6187 -0.2192
vn -0.7544 -0.6188 -0.2192
vn -0.8392 -0.4489 -0.3069
vn -0.8831 -0.2675 -0.3855
vn -0.8901 -0.0880 -0.4471
vn -0.8686 0.0820 -0.4887
vn -0.8217 0.2378 -0.5179
vn -0.7569 0.3842 -0.5286
vn -0.6808 0.5256 -0.5102
vn -0.5889 0.6641 -0.4606
vn -0.5889 0.6642 -0.4606
vn -0.4742 0.7955 -0.3774
vn -0.3305 0.9070 -0.2611
vn -0.1600 0.9795 -0.1224
vn -0.0352 0.9991 -0.0254
vn -0.0323 0.9992 -0.0228
vn -0.2902 -0.9569 -0.0126
vn -0.4277 -0.9038 -0.0185
vn -0.5132 -0.8557 -0.0661
vn -0.5909 -0.7971 -0.1249
vn -0.5909 -0.7970 -0.1249
vn -0.6589 -0.7274 -0.1914
vn -0.6590 -0.7274 -0.1914
vn -0.7440 -0.6102 -0.2721
vn -0.7440 -0.6103 -0.2721
vn -0.8229 -0.4402 -0.3592
vn -0.8229 -0.4401 -0.3592
vn -0.8625 -0.2613 -0.4333
vn -0.8683 -0.0858 -0.4885
vn -0.8433 0.0796 -0.5315
vn -0.7977 0.2309 -0.5571
vn -0.7414 0.3764 -0.5556
vn -0.7414 0.3763 -0.5556
vn -0.6730 0.5196 -0.5264
vn -0.5867 0.6617 -0.4669
vn -0.4747 0.7963 -0.3750
vn -0.4746 0.7963 -0.3750
vn -0.3312 0.9089 -0.2534
vn -0.1601 0.9803 -0.1156
vn -0.0353 0.9991 -0.0238
vn -0.0336 0.9992 -0.0218
vn -0.2901 -0.9569 -0.0125
vn -0.4270 -0.9026 -0.0550
vn -0.4271 -0.9025 -0.0550
vn -0.5113 -0.8526 -0.1081
vn -0.5868 -0.7916 -0.1705
vn -0.5868 -0.7915 -0.1705
vn -0.6520 -0.7197 -0.2385
vn -0.7326 -0.6009 -0.3198
vn -0.8062 -0.4312 -0.4050
vn -0.8427 -0.2553 -0.4741
vn -0.8431 -0.0834 -0.5313
vn -0.8431 -0.0833 -0.5313
vn -0.8174 0.0771 -0.5709
vn -0.7796 0.2256 -0.5842
vn -0.7314 0.3713 -0.5720
vn -0.7314 0.3712 -0.5720
vn -0.6697 0.5171 -0.5330
vn -0.5876 0.6627 -0.4643
vn -0.4767 0.7998 -0.3648
vn -0.3324 0.9121 -0.2399
vn -0.1603 0.9812 -0.1079
vn -0.0355 0.9991 -0.0222
vn -0.0335 0.9992 -0.0201
vn -0.2900 -0.9563 -0.0373
vn -0.4259 -0.9003 -0.0900
vn -0.4260 -0.9002 -0.0900
vn -0.5087 -0.8482 -0.1478
vn -0.5819 -0.7849 -0.2128
vn -0.6443 -0.7112 -0.2812
vn -0.7207 -0.5911 -0.3620
vn -0.7207 -0.5912 -0.3620
vn -0.7899 -0.4225 -0.4444
vn -0.8195 -0.2483 -0.5165
vn -0.8172 -0.0808 -0.5707
vn -0.7980 0.0753 -0.5980
vn -0.7979 0.0753 -0.5980
vn -0.7680 0.2223 -0.6007
vn -0.7272 0.3691 -0.5787
vn -0.6711 0.5181 -0.5303
vn -0.5916 0.6672 -0.4527
vn -0.5984 0.6749 -0.4318
vn -0.4803 0.8057 -0.3466
vn -0.4841 0.8121 -0.3258
vn -0.3336 0.9156 -0.2245
vn -0.1604 0.9819 -0.1005
vn -0.0356 0.9992 -0.0204
vn -0.0334 0.9993 -0.0182
vn -0.1605 0.9827 -0.0920
vn -0.0357 0.9992 -0.0184
vn -0.0333 0.9993 -0.0162
vn -0.1607 0.9835 -0.0826
vn -0.0353 0.9992 -0.0161
vn -0.0332 0.9993 -0.0141
vn -0.1608 0.9843 -0.0735
vn -0.0351 0.9993 -0.0142
vn -0.0335 0.9994 -0.0119
vn -0.0980 -0.9952 -0.0041
vn -0.0978 -0.9952 -0.0042
vn -0.0985 -0.9951 -0.0121
vn -0.0975 -0.9952 -0.0126
vn -0.0987 -0.9949 -0.0199
vn -0.0973 -0.9950 -0.0206
vn -0.2896 -0.9552 -0.0612
vn -0.2891 -0.9536 -0.0840
vn -0.4244 -0.8970 -0.1233
vn -0.4226 -0.8930 -0.1546
vn -0.4225 -0.8931 -0.1545
vn -0.5054 -0.8428 -0.1849
vn -0.5018 -0.8368 -0.2191
vn -0.5018 -0.8368 -0.2190
vn -0.5764 -0.7775 -0.2516
vn -0.5706 -0.7696 -0.2866
vn -0.6362 -0.7022 -0.3196
vn -0.6280 -0.6933 -0.3534
vn -0.6281 -0.6933 -0.3534
vn -0.7090 -0.5815 -0.3989
vn -0.6951 -0.5701 -0.4380
vn -0.7708 -0.4123 -0.4857
vn -0.7508 -0.4016 -0.5244
vn -0.7957 -0.2411 -0.5557
vn -0.7777 -0.2356 -0.5828
vn -0.7977 -0.0789 -0.5978
vn -0.7853 -0.0777 -0.6142
vn -0.7853 -0.0776 -0.6142
vn -0.7855 0.0741 -0.6144
vn -0.7803 0.0736 -0.6210
vn -0.7631 0.2208 -0.6073
vn -0.7631 0.2209 -0.6073
vn -0.7652 0.2214 -0.6046
vn -0.7651 0.2214 -0.6046
vn -0.7289 0.3700 -0.5760
vn -0.7365 0.3739 -0.5636
vn -0.7366 0.3739 -0.5636
vn -0.6770 0.5227 -0.5181
vn -0.6838 0.5279 -0.5038
vn -0.6706 0.5621 -0.4840
vn -0.6731 0.5615 -0.4813
vn -0.6469 0.6262 -0.4352
vn -0.5993 0.6759 -0.4288
vn -0.5827 0.7099 -0.3957
vn -0.5598 0.7380 -0.3767
vn -0.5631 0.7483 -0.3507
vn -0.4833 0.8108 -0.3303
vn -0.4736 0.8251 -0.3082
vn -0.4422 0.8531 -0.2770
vn -0.3348 0.9187 -0.2097
vn -0.3353 0.9201 -0.2026
vn -0.3218 0.9287 -0.1845
vn -0.3223 0.9286 -0.1838
vn -0.2868 0.9466 -0.1474
vn -0.2952 0.9444 -0.1449
vn -0.2680 0.9556 -0.1225
vn -0.2840 0.9513 -0.1201
vn -0.2599 0.9599 -0.1049
vn -0.1609 0.9848 -0.0650
vn -0.1610 0.9854 -0.0560
vn -0.0346 0.9993 -0.0120
vn -0.0343 0.9994 -0.0099
vn -0.0336 0.9994 -0.0096
vn -0.0351 0.9994 -0.0080
vn -0.0330 0.9994 -0.0069
vn -0.0356 0.9994 -0.0059
vn -0.0337 0.9994 -0.0048
vn -0.0354 0.9994 -0.0036
vn -0.0355 0.9994 -0.0036
vn -0.0342 0.9994 -0.0025
vn -0.0351 0.9994 -0.0011
vn -0.0389 0.9992 -0.0003
vn 0.1460 -0.9891 0.0172
vn 0.1462 -0.9891 0.0173
vn 0.9057 0.4105 0.1054
vn 0.9057 0.4106 0.1054
vn 0.5009 0.8635 0.0587
vn 0.5012 0.8633 0.0586
vn 0.1449 -0.9891 0.0279
vn 0.1452 -0.9890 0.0280
vn 0.8963 0.4100 0.1689
vn 0.8965 0.4097 0.1688
vn 0.4966 0.8628 0.0947
vn 0.4973 0.8624 0.0945
vn 0.1435 -0.9889 0.0379
vn 0.1439 -0.9889 0.0381
vn 0.8837 0.4091 0.2273
vn 0.8840 0.4085 0.2271
vn 0.4909 0.8617 0.1284
vn 0.4921 0.8611 0.1280
vn 0.1417 -0.9888 0.0474
vn 0.1423 -0.9887 0.0478
vn 0.8686 0.4078 0.2813
vn 0.8692 0.4069 0.2810
vn 0.4842 0.8602 0.1601
vn 0.4860 0.8593 0.1597
vn 0.1398 -0.9886 0.0565
vn 0.1406 -0.9884 0.0571
vn 0.8515 0.4063 0.3315
vn 0.8524 0.4048 0.3311
vn 0.4766 0.8583 0.1900
vn 0.4791 0.8570 0.1897
vn 0.1378 -0.9883 0.0653
vn 0.1387 -0.9881 0.0661
vn 0.8328 0.4041 0.3784
vn 0.8339 0.4023 0.3779
vn 0.4683 0.8561 0.2187
vn 0.4715 0.8544 0.2184
vn 0.1355 -0.9880 0.0738
vn 0.1366 -0.9878 0.0749
vn 0.8124 0.4017 0.4226
vn 0.8139 0.3992 0.4220
vn 0.4594 0.8534 0.2463
vn 0.4633 0.8513 0.2462
vn 0.1332 -0.9877 0.0823
vn 0.1343 -0.9874 0.0835
vn 0.7907 0.3988 0.4645
vn 0.7925 0.3959 0.4640
vn 0.4498 0.8503 0.2731
vn 0.4544 0.8479 0.2733
vn 0.1306 -0.9873 0.0906
vn 0.1319 -0.9870 0.0922
vn 0.7673 0.3956 0.5046
vn 0.7424 0.3919 0.5434
vn 0.7695 0.3920 0.5042
vn 0.4394 0.8469 0.2995
vn 0.4447 0.8440 0.2999
vn 0.1277 -0.9869 0.0990
vn 0.1291 -0.9865 0.1009
vn 0.8502 0.5171 0.0990
vn 0.8502 0.5170 0.0990
vn 0.8415 0.5163 0.1588
vn 0.8418 0.5160 0.1586
vn 0.8300 0.5151 0.2139
vn 0.8305 0.5144 0.2136
vn 0.8162 0.5135 0.2650
vn 0.8171 0.5122 0.2646
vn 0.8005 0.5113 0.3126
vn 0.8018 0.5095 0.3122
vn 0.7833 0.5087 0.3572
vn 0.7851 0.5063 0.3567
vn 0.7648 0.5055 0.3994
vn 0.7670 0.5026 0.3989
vn 0.7449 0.5019 0.4396
vn 0.7475 0.4983 0.4392
vn 0.7236 0.4978 0.4782
vn 0.7267 0.4936 0.4779
vn 0.7006 0.4933 0.5155
vn 0.7041 0.4885 0.5154
vn 0.4281 0.8431 0.3255
vn 0.4340 0.8397 0.3264
vn 0.1246 -0.9864 0.1075
vn 0.1260 -0.9860 0.1096
vn 0.6759 0.4882 0.5520
vn 0.4157 0.8388 0.3515
vn 0.4221 0.8351 0.3528
vn 0.1210 -0.9858 0.1161
vn 0.1225 -0.9854 0.1185
vn 0.4019 0.8343 0.3774
vn 0.4087 0.8301 0.3792
vn 0.1169 -0.9853 0.1248
vn 0.1184 -0.9848 0.1275
vn 0.3864 0.8294 0.4034
vn 0.3935 0.8249 0.4058
vn 0.1122 -0.9846 0.1337
vn 0.1135 -0.9841 0.1366
vn 0.3688 0.8243 0.4296
vn 0.3761 0.8195 0.4324
vn 0.1066 -0.9840 0.1428
vn 0.1079 -0.9834 0.1458
vn 0.3486 0.8190 0.4557
vn 0.3560 0.8140 0.4590
vn 0.0999 -0.9833 0.1519
vn 0.1011 -0.9827 0.1552
vn 0.3250 0.8136 0.4820
vn 0.3323 0.8083 0.4860
vn 0.0919 -0.9826 0.1613
vn 0.0929 -0.9820 0.1646
vn 0.2974 0.8081 0.5084
vn 0.3043 0.8028 0.5128
vn 0.0825 -0.9819 0.1703
vn 0.0832 -0.9813 0.1736
vn 0.2655 0.8028 0.5339
vn 0.2717 0.7977 0.5384
vn 0.0714 -0.9813 0.1789
vn 0.0719 -0.9807 0.1819
vn 0.2288 0.7979 0.5577
vn 0.2342 0.7931 0.5622
vn 0.0586 -0.9807 0.1867
vn 0.0588 -0.9802 0.1893
vn 0.1869 0.7935 0.5792
vn 0.1912 0.7894 0.5834
vn 0.0440 -0.9802 0.1933
vn 0.0439 -0.9797 0.1954
vn 0.1397 0.7898 0.5973
vn 0.1428 0.7866 0.6007
vn 0.0275 -0.9798 0.1983
vn 0.0274 -0.9795 0.1996
vn 0.0872 0.7870 0.6108
vn 0.0890 0.7849 0.6131
vn 0.0095 -0.9795 0.2012
vn 0.0094 -0.9794 0.2016
vn 0.0300 0.7852 0.6185
vn 0.0305 0.7845 0.6194
vn -0.0105 -0.9794 0.2016
vn -0.0104 -0.9795 0.2011
vn -0.0333 0.7844 0.6193
vn -0.0337 0.7853 0.6182
vn -0.0305 -0.9795 0.1991
vn -0.0487 -0.9798 0.1939
vn -0.0300 -0.9798 0.1976
vn -0.0966 0.7850 0.6119
vn -0.0977 0.7875 0.6085
vn 0.2892 -0.9567 0.0341
vn 0.2868 -0.9564 0.0548
vn 0.2872 -0.9563 0.0552
vn 0.2838 -0.9560 0.0744
vn 0.2845 -0.9557 0.0751
vn 0.2803 -0.9554 0.0929
vn 0.2812 -0.9550 0.0940
vn 0.2764 -0.9547 0.1105
vn 0.2776 -0.9541 0.1121
vn 0.2722 -0.9537 0.1275
vn 0.2736 -0.9531 0.1296
vn 0.2677 -0.9527 0.1440
vn 0.2693 -0.9518 0.1467
vn 0.2629 -0.9514 0.1602
vn 0.2646 -0.9504 0.1635
vn 0.2576 -0.9500 0.1763
vn 0.2595 -0.9488 0.1801
vn 0.2519 -0.9484 0.1924
vn 0.2538 -0.9470 0.1967
vn 0.2455 -0.9467 0.2085
vn 0.2473 -0.9451 0.2135
vn 0.2383 -0.9448 0.2249
vn 0.2400 -0.9430 0.2303
vn 0.2301 -0.9427 0.2415
vn 0.2316 -0.9408 0.2474
vn 0.2206 -0.9405 0.2583
vn 0.2219 -0.9385 0.2646
vn 0.2095 -0.9382 0.2754
vn 0.2105 -0.9361 0.2819
vn 0.1962 -0.9358 0.2927
vn 0.1969 -0.9336 0.2995
vn 0.1804 -0.9334 0.3103
vn 0.1807 -0.9311 0.3170
vn 0.1618 -0.9309 0.3274
vn 0.1616 -0.9287 0.3337
vn 0.1400 -0.9286 0.3435
vn 0.1395 -0.9266 0.3493
vn 0.1149 -0.9266 0.3582
vn 0.1140 -0.9248 0.3631
vn 0.0861 -0.9248 0.3705
vn 0.0851 -0.9234 0.3743
vn 0.0539 -0.9235 0.3798
vn 0.0530 -0.9226 0.3822
vn 0.0186 -0.9226 0.3853
vn 0.0182 -0.9223 0.3861
vn -0.0206 -0.9222 0.3860
vn -0.0201 -0.9227 0.3851
vn -0.0598 -0.9226 0.3812
vn -0.0581 -0.9237 0.3787
vn -0.0953 -0.9236 0.3713
vn -0.0924 -0.9253 0.3678
vn -0.1543 0.7871 0.5972
vn -0.1553 0.7909 0.5919
vn -0.1266 -0.9252 0.3576
vn -0.0476 -0.9803 0.1917
vn -0.0647 -0.9803 0.1866
vn -0.1225 -0.9274 0.3535
vn -0.1503 -0.9275 0.3424
vn -0.2055 0.7905 0.5769
vn -0.2062 0.7953 0.5700
vn 0.4657 -0.8805 0.0890
vn 0.4600 -0.8798 0.1197
vn 0.4609 -0.8792 0.1208
vn 0.4539 -0.8785 0.1492
vn 0.4551 -0.8776 0.1508
vn 0.4470 -0.8768 0.1771
vn 0.4486 -0.8756 0.1794
vn 0.4396 -0.8748 0.2038
vn 0.4414 -0.8731 0.2068
vn 0.4316 -0.8723 0.2295
vn 0.4337 -0.8703 0.2333
vn 0.4231 -0.8696 0.2547
vn 0.4252 -0.8672 0.2592
vn 0.4138 -0.8664 0.2794
vn 0.4160 -0.8636 0.2847
vn 0.4037 -0.8629 0.3039
vn 0.4059 -0.8597 0.3100
vn 0.3926 -0.8591 0.3284
vn 0.3946 -0.8555 0.3352
vn 0.3801 -0.8549 0.3530
vn 0.3820 -0.8510 0.3605
vn 0.3660 -0.8504 0.3779
vn 0.3676 -0.8462 0.3858
vn 0.3499 -0.8457 0.4028
vn 0.3511 -0.8412 0.4112
vn 0.3314 -0.8408 0.4279
vn 0.3321 -0.8361 0.4366
vn 0.3096 -0.8359 0.4533
vn 0.3098 -0.8309 0.4622
vn 0.2838 -0.8307 0.4789
vn 0.2835 -0.8258 0.4875
vn 0.2538 -0.8258 0.5036
vn 0.2529 -0.8211 0.5118
vn 0.2192 -0.8211 0.5269
vn 0.2178 -0.8168 0.5342
vn 0.1794 -0.8170 0.5480
vn 0.1777 -0.8133 0.5541
vn 0.1343 -0.8136 0.5657
vn 0.1326 -0.8106 0.5703
vn 0.0839 -0.8110 0.5791
vn 0.0826 -0.8090 0.5819
vn 0.0289 -0.8093 0.5867
vn 0.0283 -0.8086 0.5877
vn -0.0320 -0.8085 0.5876
vn -0.0313 -0.8093 0.5865
vn -0.0930 -0.8090 0.5804
vn -0.0906 -0.8114 0.5774
vn -0.1483 -0.8110 0.5660
vn -0.1442 -0.8145 0.5619
vn -0.1973 -0.8142 0.5461
vn -0.1916 -0.8187 0.5414
vn -0.2347 -0.8186 0.5243
vn -0.2286 -0.8224 0.5209
vn -0.2450 0.7952 0.5547
vn -0.2458 0.7993 0.5483
vn -0.2635 -0.8223 0.5043
vn -0.0631 -0.9809 0.1840
vn -0.0767 -0.9809 0.1785
vn -0.1459 -0.9293 0.3394
vn -0.1683 -0.9294 0.3286
vn -0.2568 -0.8264 0.5011
vn -0.2888 -0.8264 0.4833
vn -0.2754 0.7992 0.5342
vn -0.2759 0.8036 0.5274
vn 0.6184 -0.7692 0.1610
vn 0.6086 -0.7682 0.1986
vn 0.6097 -0.7669 0.2004
vn 0.5985 -0.7658 0.2352
vn 0.5999 -0.7639 0.2377
vn 0.5875 -0.7629 0.2698
vn 0.5891 -0.7605 0.2731
vn 0.5757 -0.7595 0.3030
vn 0.5774 -0.7565 0.3071
vn 0.5629 -0.7555 0.3351
vn 0.5648 -0.7520 0.3400
vn 0.5492 -0.7511 0.3663
vn 0.5510 -0.7470 0.3720
vn 0.5344 -0.7462 0.3971
vn 0.5360 -0.7415 0.4035
vn 0.5181 -0.7408 0.4276
vn 0.5195 -0.7356 0.4347
vn 0.5001 -0.7350 0.4579
vn 0.5012 -0.7294 0.4655
vn 0.4800 -0.7289 0.4881
vn 0.4808 -0.7229 0.4963
vn 0.4574 -0.7225 0.5184
vn 0.4577 -0.7162 0.5268
vn 0.4318 -0.7160 0.5486
vn 0.4315 -0.7095 0.5571
vn 0.4020 -0.7094 0.5789
vn 0.4013 -0.7026 0.5876
vn 0.3673 -0.7028 0.6092
vn 0.3660 -0.6961 0.6176
vn 0.3276 -0.6964 0.6385
vn 0.3257 -0.6901 0.6463
vn 0.2821 -0.6906 0.6660
vn 0.2799 -0.6848 0.6728
vn 0.2304 -0.6855 0.6907
vn 0.2280 -0.6805 0.6964
vn 0.1721 -0.6812 0.7116
vn 0.1699 -0.6773 0.7158
vn 0.1075 -0.6780 0.7272
vn 0.1058 -0.6755 0.7297
vn 0.0370 -0.6759 0.7360
vn 0.0363 -0.6750 0.7369
vn -0.0410 -0.6749 0.7367
vn -0.0401 -0.6760 0.7358
vn -0.1189 -0.6755 0.7278
vn -0.1162 -0.6786 0.7253
vn -0.1897 -0.6777 0.7104
vn -0.1853 -0.6824 0.7071
vn -0.2527 -0.6815 0.6868
vn -0.2467 -0.6875 0.6830
vn -0.3014 -0.6870 0.6612
vn -0.2949 -0.6922 0.6587
vn -0.3391 -0.6917 0.6376
vn -0.3319 -0.6972 0.6354
vn -0.3726 -0.6969 0.6128
vn -0.3651 -0.7026 0.6108
vn -0.3024 0.8036 0.5126
vn -0.3024 0.8081 0.5054
vn -0.4024 -0.7025 0.5870
vn -0.0751 -0.9815 0.1764
vn -0.0859 -0.9815 0.1711
vn -0.1635 -0.9312 0.3257
vn -0.1842 -0.9314 0.3140
vn -0.2817 -0.8306 0.4804
vn -0.3111 -0.8308 0.4615
vn -0.3946 -0.7082 0.5854
vn -0.4270 -0.7083 0.5622
vn -0.3263 0.8083 0.4902
vn -0.3259 0.8128 0.4828
vn 0.7400 -0.6278 0.2415
vn 0.7259 -0.6267 0.2833
vn 0.7268 -0.6247 0.2855
vn 0.7113 -0.6237 0.3242
vn 0.7123 -0.6210 0.3271
vn 0.6955 -0.6201 0.3630
vn 0.6966 -0.6167 0.3666
vn 0.6786 -0.6159 0.4002
vn 0.6796 -0.6120 0.4045
vn 0.6604 -0.6112 0.4362
vn 0.6613 -0.6067 0.4411
vn 0.6408 -0.6061 0.4712
vn 0.6415 -0.6009 0.4767
vn 0.6196 -0.6004 0.5056
vn 0.6200 -0.5948 0.5117
vn 0.5963 -0.5945 0.5395
vn 0.5964 -0.5884 0.5460
vn 0.5706 -0.5882 0.5731
vn 0.5703 -0.5817 0.5800
vn 0.5421 -0.5817 0.6064
vn 0.5413 -0.5749 0.6135
vn 0.5102 -0.5751 0.6395
vn 0.5090 -0.5682 0.6466
vn 0.4736 -0.5686 0.6726
vn 0.4720 -0.5614 0.6797
vn 0.4316 -0.5620 0.7056
vn 0.4295 -0.5551 0.7123
vn 0.3839 -0.5559 0.7373
vn 0.3814 -0.5493 0.7435
vn 0.3299 -0.5503 0.7670
vn 0.3272 -0.5444 0.7724
vn 0.2689 -0.5455 0.7938
vn 0.2662 -0.5404 0.7982
vn 0.2007 -0.5415 0.8164
vn 0.1983 -0.5376 0.8196
vn 0.1252 -0.5386 0.8332
vn 0.1234 -0.5360 0.8351
vn 0.0430 -0.5366 0.8427
vn 0.0423 -0.5357 0.8433
vn -0.0477 -0.5356 0.8431
vn -0.0468 -0.5367 0.8425
vn -0.1383 -0.5359 0.8329
vn -0.1358 -0.5391 0.8312
vn -0.2208 -0.5378 0.8136
vn -0.2167 -0.5427 0.8115
vn -0.2944 -0.5413 0.7876
vn -0.2890 -0.5475 0.7853
vn -0.3518 -0.5464 0.7601
vn -0.3459 -0.5518 0.7588
vn -0.3964 -0.5509 0.7345
vn -0.3900 -0.5567 0.7335
vn -0.4364 -0.5559 0.7075
vn -0.4298 -0.5619 0.7068
vn -0.4724 -0.5613 0.6796
vn -0.4656 -0.5674 0.6792
vn -0.5025 -0.5670 0.6526
vn -0.4960 -0.5724 0.6530
vn -0.3457 0.8130 0.4685
vn -0.3455 0.8170 0.4618
vn -0.5281 -0.5721 0.6276
vn -0.0840 -0.9820 0.1691
vn -0.0939 -0.9821 0.1634
vn -0.1790 -0.9333 0.3113
vn -0.1979 -0.9335 0.2990
vn -0.3037 -0.8349 0.4590
vn -0.3292 -0.8352 0.4405
vn -0.4196 -0.7132 0.5615
vn -0.4477 -0.7134 0.5391
vn -0.5216 -0.5773 0.6282
vn -0.5515 -0.5772 0.6022
vn -0.3621 0.8172 0.4484
vn -0.3615 0.8210 0.4418
vn 0.8252 -0.4641 0.3221
vn 0.8071 -0.4634 0.3659
vn 0.8074 -0.4611 0.3680
vn 0.7879 -0.4605 0.4088
vn 0.7882 -0.4576 0.4114
vn 0.7674 -0.4571 0.4496
vn 0.7676 -0.4537 0.4527
vn 0.7454 -0.4534 0.4888
vn 0.7454 -0.4494 0.4923
vn 0.7218 -0.4492 0.5266
vn 0.7216 -0.4446 0.5306
vn 0.6963 -0.4446 0.5635
vn 0.6959 -0.4397 0.5678
vn 0.6686 -0.4397 0.5997
vn 0.6679 -0.4344 0.6043
vn 0.6384 -0.4346 0.6353
vn 0.6373 -0.4290 0.6401
vn 0.6051 -0.4294 0.6704
vn 0.6037 -0.4236 0.6753
vn 0.5682 -0.4242 0.7051
vn 0.5664 -0.4183 0.7100
vn 0.5263 -0.4191 0.7398
vn 0.5243 -0.4130 0.7447
vn 0.4787 -0.4140 0.7742
vn 0.4764 -0.4081 0.7788
vn 0.4251 -0.4093 0.8073
vn 0.4225 -0.4037 0.8115
vn 0.3647 -0.4051 0.8384
vn 0.3621 -0.4000 0.8419
vn 0.2970 -0.4014 0.8664
vn 0.2945 -0.3972 0.8692
vn 0.2214 -0.3985 0.8900
vn 0.2193 -0.3952 0.8920
vn 0.1380 -0.3964 0.9077
vn 0.1365 -0.3942 0.9088
vn 0.0474 -0.3949 0.9175
vn 0.0469 -0.3941 0.9179
vn -0.0525 -0.3940 0.9176
vn -0.0518 -0.3950 0.9172
vn -0.1524 -0.3941 0.9064
vn -0.1504 -0.3967 0.9055
vn -0.2432 -0.3953 0.8858
vn -0.2401 -0.3994 0.8848
vn -0.3245 -0.3978 0.8582
vn -0.3204 -0.4030 0.8573
vn -0.3882 -0.4016 0.8295
vn -0.3838 -0.4062 0.8293
vn -0.4379 -0.4049 0.8026
vn -0.4332 -0.4099 0.8027
vn -0.4829 -0.4087 0.7745
vn -0.4779 -0.4139 0.7748
vn -0.5235 -0.4129 0.7453
vn -0.5185 -0.4182 0.7458
vn -0.5579 -0.4174 0.7173
vn -0.5531 -0.4220 0.7183
vn -0.5872 -0.4214 0.6911
vn -0.5825 -0.4260 0.6923
vn -0.6143 -0.4255 0.6645
vn -0.6097 -0.4300 0.6659
vn -0.3767 0.8213 0.4283
vn -0.3759 0.8250 0.4219
vn -0.6393 -0.4296 0.6377
vn -0.0919 -0.9826 0.1614
vn -0.1009 -0.9827 0.1554
vn -0.1925 -0.9354 0.2966
vn -0.2088 -0.9356 0.2846
vn -0.3222 -0.8387 0.4390
vn -0.3442 -0.8391 0.4212
vn -0.4403 -0.7182 0.5388
vn -0.4664 -0.7185 0.5160
vn -0.5452 -0.5823 0.6031
vn -0.5729 -0.5824 0.5767
vn -0.6349 -0.4339 0.6392
vn -0.6626 -0.4337 0.6107
vn -0.3900 0.8254 0.4082
vn -0.3889 0.8289 0.4020
vn 0.8731 -0.2844 0.3959
vn 0.8516 -0.2843 0.4404
vn 0.8515 -0.2825 0.4418
vn 0.8285 -0.2824 0.4836
vn 0.8282 -0.2802 0.4853
vn 0.8037 -0.2802 0.5249
vn 0.8034 -0.2777 0.5268
vn 0.7772 -0.2778 0.5646
vn 0.7767 -0.2749 0.5667
vn 0.7487 -0.2752 0.6031
vn 0.7480 -0.2720 0.6054
vn 0.7179 -0.2723 0.6406
vn 0.7170 -0.2689 0.6431
vn 0.6844 -0.2694 0.6775
vn 0.6833 -0.2657 0.6800
vn 0.6478 -0.2663 0.7137
vn 0.6465 -0.2626 0.7163
vn 0.6075 -0.2633 0.7494
vn 0.6059 -0.2595 0.7520
vn 0.5620 -0.2603 0.7851
vn 0.5603 -0.2564 0.7876
vn 0.5105 -0.2575 0.8204
vn 0.5087 -0.2536 0.8227
vn 0.4528 -0.2548 0.8544
vn 0.4509 -0.2512 0.8565
vn 0.3882 -0.2525 0.8863
vn 0.3863 -0.2492 0.8881
vn 0.3159 -0.2505 0.9151
vn 0.3141 -0.2477 0.9165
vn 0.2354 -0.2489 0.9395
vn 0.2339 -0.2468 0.9404
vn 0.1467 -0.2478 0.9576
vn 0.1457 -0.2464 0.9582
vn 0.0504 -0.2470 0.9677
vn 0.0500 -0.2465 0.9679
vn -0.0558 -0.2464 0.9676
vn -0.0554 -0.2470 0.9674
vn -0.1618 -0.2463 0.9556
vn -0.1606 -0.2480 0.9554
vn -0.2583 -0.2468 0.9340
vn -0.2564 -0.2494 0.9338
vn -0.3447 -0.2480 0.9054
vn -0.3423 -0.2514 0.9053
vn -0.4128 -0.2501 0.8758
vn -0.4101 -0.2531 0.8762
vn -0.4659 -0.2519 0.8482
vn -0.4631 -0.2551 0.8488
vn -0.5141 -0.2540 0.8193
vn -0.5113 -0.2574 0.8200
vn -0.5579 -0.2564 0.7893
vn -0.5551 -0.2598 0.7902
vn -0.5952 -0.2590 0.7607
vn -0.5925 -0.2620 0.7618
vn -0.6272 -0.2613 0.7337
vn -0.6245 -0.2643 0.7349
vn -0.6568 -0.2637 0.7065
vn -0.6542 -0.2666 0.7077
vn -0.6843 -0.2661 0.6789
vn -0.6819 -0.2689 0.6802
vn -0.7100 -0.2685 0.6510
vn -0.7078 -0.2712 0.6523
vn -0.4020 0.8293 0.3881
vn -0.4007 0.8327 0.3822
vn -0.7341 -0.2708 0.6227
vn -0.0987 -0.9832 0.1535
vn -0.1064 -0.9833 0.1477
vn -0.2038 -0.9372 0.2830
vn -0.2179 -0.9375 0.2714
vn -0.3373 -0.8425 0.4201
vn -0.3577 -0.8429 0.4019
vn -0.4592 -0.7232 0.5159
vn -0.4834 -0.7236 0.4927
vn -0.5668 -0.5873 0.5778
vn -0.5927 -0.5874 0.5511
vn -0.6584 -0.4378 0.6122
vn -0.6843 -0.4377 0.5833
vn -0.7321 -0.2734 0.6240
vn -0.7568 -0.2731 0.5939
vn -0.4128 0.8331 0.3680
vn -0.4114 0.8363 0.3625
vn 0.8841 -0.0965 0.4572
vn 0.8598 -0.0966 0.5014
vn 0.8596 -0.0959 0.5018
vn 0.8337 -0.0960 0.5438
vn 0.8335 -0.0952 0.5443
vn 0.8058 -0.0953 0.5845
vn 0.8055 -0.0944 0.5851
vn 0.7758 -0.0946 0.6239
vn 0.7754 -0.0934 0.6245
vn 0.7434 -0.0937 0.6623
vn 0.7429 -0.0925 0.6629
vn 0.7083 -0.0928 0.6998
vn 0.7077 -0.0916 0.7005
vn 0.6699 -0.0919 0.7367
vn 0.6693 -0.0906 0.7374
vn 0.6278 -0.0911 0.7730
vn 0.6272 -0.0897 0.7737
vn 0.5805 -0.0902 0.8092
vn 0.5798 -0.0888 0.8099
vn 0.5270 -0.0894 0.8451
vn 0.5263 -0.0880 0.8457
vn 0.4673 -0.0886 0.8797
vn 0.4665 -0.0873 0.8802
vn 0.4004 -0.0879 0.9121
vn 0.3997 -0.0868 0.9125
vn 0.3257 -0.0874 0.9414
vn 0.3251 -0.0864 0.9417
vn 0.2427 -0.0869 0.9662
vn 0.2422 -0.0862 0.9664
vn 0.1512 -0.0866 0.9847
vn 0.1509 -0.0861 0.9848
vn 0.0519 -0.0864 0.9949
vn 0.0518 -0.0862 0.9949
vn -0.0575 -0.0862 0.9946
vn -0.0574 -0.0864 0.9946
vn -0.1667 -0.0861 0.9822
vn -0.1663 -0.0867 0.9823
vn -0.2662 -0.0862 0.9601
vn -0.2656 -0.0871 0.9602
vn -0.3552 -0.0865 0.9308
vn -0.3545 -0.0876 0.9310
vn -0.4255 -0.0870 0.9008
vn -0.4246 -0.0881 0.9011
vn -0.4803 -0.0875 0.8727
vn -0.4795 -0.0886 0.8731
vn -0.5303 -0.0882 0.8432
vn -0.5294 -0.0893 0.8437
vn -0.5757 -0.0888 0.8128
vn -0.5749 -0.0900 0.8133
vn -0.6145 -0.0896 0.7838
vn -0.6137 -0.0907 0.7843
vn -0.6478 -0.0903 0.7564
vn -0.6470 -0.0913 0.7570
vn -0.6787 -0.0910 0.7288
vn -0.6780 -0.0920 0.7293
vn -0.7075 -0.0917 0.7007
vn -0.7069 -0.0927 0.7013
vn -0.7345 -0.0924 0.6723
vn -0.7339 -0.0934 0.6728
vn -0.7598 -0.0931 0.6434
vn -0.7593 -0.0940 0.6440
vn -0.7837 -0.0938 0.6140
vn -0.7832 -0.0946 0.6146
vn -0.4228 0.8368 0.3480
vn -0.4212 0.8397 0.3428
vn -0.8062 -0.0945 0.5840
vn -0.1044 -0.9837 0.1463
vn -0.1110 -0.9838 0.1407
vn -0.2129 -0.9390 0.2701
vn -0.2259 -0.9393 0.2582
vn -0.3509 -0.8462 0.4011
vn -0.3698 -0.8467 0.3826
vn -0.4764 -0.7280 0.4930
vn -0.4989 -0.7285 0.4695
vn -0.5869 -0.5921 0.5523
vn -0.6110 -0.5923 0.5252
vn -0.6804 -0.4416 0.5849
vn -0.7046 -0.4416 0.5555
vn -0.7549 -0.2755 0.5952
vn -0.7782 -0.2753 0.5645
vn -0.8058 -0.0952 0.5845
vn -0.8276 -0.0951 0.5533
vn -0.4319 0.8402 0.3279
vn -0.4303 0.8429 0.3232
vn 0.8623 0.0594 0.5028
vn 0.8360 0.0594 0.5455
vn 0.8361 0.0590 0.5453
vn 0.8079 0.0590 0.5863
vn 0.8081 0.0585 0.5862
vn 0.7778 0.0586 0.6258
vn 0.7780 0.0580 0.6256
vn 0.7452 0.0582 0.6643
vn 0.7454 0.0574 0.6641
vn 0.7099 0.0577 0.7019
vn 0.7102 0.0569 0.7017
vn 0.6714 0.0571 0.7389
vn 0.6717 0.0563 0.7387
vn 0.6292 0.0567 0.7752
vn 0.6295 0.0558 0.7750
vn 0.5817 0.0562 0.8115
vn 0.5820 0.0553 0.8113
vn 0.5280 0.0557 0.8474
vn 0.5283 0.0549 0.8473
vn 0.4681 0.0552 0.8820
vn 0.4684 0.0545 0.8818
vn 0.4011 0.0549 0.9144
vn 0.4014 0.0542 0.9143
vn 0.3262 0.0545 0.9437
vn 0.3265 0.0540 0.9437
vn 0.2430 0.0543 0.9685
vn 0.2433 0.0539 0.9685
vn 0.1514 0.0541 0.9870
vn 0.1516 0.0539 0.9870
vn 0.0520 0.0540 0.9972
vn 0.0521 0.0539 0.9972
vn -0.0576 0.0539 0.9969
vn -0.0576 0.0540 0.9969
vn -0.1670 0.0538 0.9845
vn -0.1671 0.0542 0.9844
vn -0.2666 0.0538 0.9623
vn -0.2668 0.0544 0.9622
vn -0.3558 0.0540 0.9330
vn -0.3560 0.0547 0.9329
vn -0.4261 0.0543 0.9030
vn -0.4264 0.0550 0.9028
vn -0.4812 0.0546 0.8749
vn -0.4815 0.0553 0.8747
vn -0.5312 0.0550 0.8454
vn -0.5315 0.0556 0.8452
vn -0.5768 0.0553 0.8150
vn -0.5771 0.0560 0.8148
vn -0.6158 0.0558 0.7860
vn -0.6160 0.0564 0.7857
vn -0.6492 0.0562 0.7586
vn -0.6494 0.0568 0.7583
vn -0.6802 0.0566 0.7308
vn -0.6804 0.0571 0.7306
vn -0.7091 0.0570 0.7028
vn -0.7093 0.0575 0.7025
vn -0.7362 0.0574 0.6743
vn -0.7364 0.0579 0.6740
vn -0.7617 0.0578 0.6454
vn -0.7618 0.0583 0.6451
vn -0.7856 0.0582 0.6159
vn -0.7858 0.0587 0.6157
vn -0.8083 0.0586 0.5858
vn -0.8084 0.0590 0.5856
vn -0.8298 0.0589 0.5550
vn -0.8299 0.0593 0.5548
vn -0.4403 0.8434 0.3078
vn -0.4387 0.8458 0.3035
vn -0.8501 0.0592 0.5232
vn -0.1089 -0.9842 0.1394
vn -0.1150 -0.9843 0.1338
vn -0.2211 -0.9407 0.2572
vn -0.2330 -0.9411 0.2452
vn -0.3632 -0.8497 0.3821
vn -0.3806 -0.8503 0.3634
vn -0.4922 -0.7327 0.4700
vn -0.5131 -0.7333 0.4462
vn -0.6055 -0.5968 0.5266
vn -0.6280 -0.5971 0.4991
vn -0.7010 -0.4452 0.5571
vn -0.7236 -0.4453 0.5273
vn -0.7764 -0.2775 0.5658
vn -0.7984 -0.2774 0.5344
vn -0.8272 -0.0958 0.5537
vn -0.8478 -0.0957 0.5216
vn -0.8502 0.0596 0.5230
vn -0.8695 0.0595 0.4903
vn -0.4482 0.8464 0.2876
vn -0.4465 0.8486 0.2837
vn 0.8247 0.1739 0.5381
vn 0.7965 0.1742 0.5790
vn 0.7972 0.1723 0.5786
vn 0.7669 0.1726 0.6182
vn 0.7677 0.1707 0.6177
vn 0.7349 0.1712 0.6563
vn 0.7357 0.1689 0.6558
vn 0.7001 0.1694 0.6936
vn 0.7011 0.1671 0.6932
vn 0.6622 0.1677 0.7303
vn 0.6633 0.1653 0.7299
vn 0.6206 0.1660 0.7664
vn 0.6217 0.1635 0.7660
vn 0.5738 0.1643 0.8023
vn 0.5749 0.1618 0.8021
vn 0.5209 0.1627 0.8380
vn 0.5220 0.1602 0.8378
vn 0.4618 0.1612 0.8722
vn 0.4628 0.1589 0.8721
vn 0.3957 0.1599 0.9044
vn 0.3966 0.1579 0.9043
vn 0.3218 0.1589 0.9334
vn 0.3227 0.1571 0.9334
vn 0.2397 0.1580 0.9579
vn 0.2404 0.1567 0.9580
vn 0.1494 0.1574 0.9762
vn 0.1498 0.1565 0.9762
vn 0.0513 0.1570 0.9863
vn 0.0514 0.1566 0.9863
vn -0.0568 0.1566 0.9860
vn -0.0569 0.1570 0.9860
vn -0.1647 0.1564 0.9739
vn -0.1651 0.1575 0.9736
vn -0.2630 0.1566 0.9520
vn -0.2636 0.1583 0.9516
vn -0.3511 0.1572 0.9231
vn -0.3517 0.1593 0.9224
vn -0.4205 0.1584 0.8933
vn -0.4213 0.1602 0.8927
vn -0.4748 0.1594 0.8655
vn -0.4756 0.1614 0.8647
vn -0.5242 0.1606 0.8363
vn -0.5250 0.1626 0.8355
vn -0.5692 0.1619 0.8061
vn -0.5699 0.1640 0.8052
vn -0.6076 0.1634 0.7773
vn -0.6082 0.1652 0.7764
vn -0.6405 0.1647 0.7501
vn -0.6411 0.1665 0.7492
vn -0.6711 0.1660 0.7226
vn -0.6716 0.1678 0.7216
vn -0.6996 0.1674 0.6947
vn -0.7001 0.1691 0.6938
vn -0.7262 0.1688 0.6664
vn -0.7267 0.1705 0.6655
vn -0.7513 0.1701 0.6377
vn -0.7516 0.1717 0.6369
vn -0.7748 0.1714 0.6085
vn -0.7751 0.1729 0.6077
vn -0.7971 0.1727 0.5787
vn -0.7973 0.1740 0.5779
vn -0.8182 0.1738 0.5481
vn -0.8184 0.1751 0.5474
vn -0.8382 0.1750 0.5166
vn -0.8383 0.1760 0.5160
vn -0.8572 0.1759 0.4840
vn -0.8573 0.1769 0.4835
vn -0.4555 0.8492 0.2671
vn -0.4539 0.8511 0.2637
vn -0.8752 0.1769 0.4502
vn -0.1129 -0.9847 0.1326
vn -0.1185 -0.9848 0.1269
vn -0.2283 -0.9424 0.2444
vn -0.2394 -0.9427 0.2323
vn -0.3743 -0.8532 0.3632
vn -0.3904 -0.8538 0.3443
vn -0.5067 -0.7372 0.4469
vn -0.5261 -0.7379 0.4228
vn -0.6228 -0.6012 0.5006
vn -0.6438 -0.6017 0.4727
vn -0.7203 -0.4487 0.5290
vn -0.7416 -0.4489 0.4985
vn -0.7969 -0.2794 0.5357
vn -0.8176 -0.2794 0.5035
vn -0.8475 -0.0962 0.5220
vn -0.8671 -0.0962 0.4888
vn -0.8696 0.0598 0.4902
vn -0.8879 0.0598 0.4562
vn -0.8753 0.1776 0.4497
vn -0.8924 0.1776 0.4149
vn -0.4624 0.8518 0.2464
vn -0.4609 0.8534 0.2434
vn 0.7760 0.2823 0.5641
vn 0.7459 0.2825 0.6031
vn 0.7476 0.2792 0.6026
vn 0.7151 0.2796 0.6407
vn 0.7169 0.2760 0.6402
vn 0.6815 0.2765 0.6775
vn 0.6835 0.2728 0.6771
vn 0.6449 0.2735 0.7137
vn 0.6469 0.2695 0.7134
vn 0.6045 0.2703 0.7493
vn 0.6066 0.2663 0.7491
vn 0.5591 0.2673 0.7848
vn 0.5612 0.2632 0.7847
vn 0.5076 0.2643 0.8200
vn 0.5097 0.2603 0.8200
vn 0.4501 0.2616 0.8538
vn 0.4521 0.2578 0.8539
vn 0.3857 0.2592 0.8855
vn 0.3875 0.2557 0.8857
vn 0.3137 0.2571 0.9140
vn 0.3152 0.2542 0.9143
vn 0.2337 0.2555 0.9381
vn 0.2349 0.2532 0.9385
vn 0.1456 0.2543 0.9561
vn 0.1463 0.2528 0.9564
vn 0.0500 0.2535 0.9661
vn 0.0503 0.2529 0.9662
vn -0.0554 0.2529 0.9659
vn -0.0556 0.2535 0.9657
vn -0.1606 0.2528 0.9541
vn -0.1613 0.2545 0.9535
vn -0.2565 0.2533 0.9328
vn -0.2574 0.2560 0.9318
vn -0.3424 0.2546 0.9044
vn -0.3434 0.2580 0.9030
vn -0.4102 0.2568 0.8751
vn -0.4113 0.2597 0.8737
vn -0.4631 0.2586 0.8477
vn -0.4642 0.2619 0.8461
vn -0.5112 0.2608 0.8189
vn -0.5122 0.2642 0.8172
vn -0.5550 0.2632 0.7891
vn -0.5559 0.2667 0.7873
vn -0.5923 0.2660 0.7606
vn -0.5932 0.2690 0.7588
vn -0.6242 0.2683 0.7337
vn -0.6250 0.2713 0.7319
vn -0.6538 0.2708 0.7065
vn -0.6545 0.2737 0.7047
vn -0.6814 0.2732 0.6790
vn -0.6820 0.2761 0.6772
vn -0.7072 0.2757 0.6511
vn -0.7077 0.2785 0.6494
vn -0.7313 0.2781 0.6227
vn -0.7317 0.2807 0.6211
vn -0.7540 0.2805 0.5939
vn -0.7543 0.2829 0.5924
vn -0.7755 0.2827 0.5645
vn -0.7757 0.2849 0.5631
vn -0.7957 0.2849 0.5345
vn -0.7959 0.2870 0.5331
vn -0.8150 0.2869 0.5035
vn -0.8151 0.2887 0.5023
vn -0.8332 0.2888 0.4715
vn -0.8333 0.2904 0.4705
vn -0.8506 0.2905 0.4384
vn -0.8506 0.2918 0.4375
vn -0.8670 0.2920 0.4038
vn -0.8669 0.2932 0.4031
vn -0.4689 0.8541 0.2252
vn -0.4675 0.8555 0.2227
vn -0.8825 0.2933 0.3677
vn -0.1165 -0.9852 0.1258
vn -0.1217 -0.9853 0.1201
vn -0.2349 -0.9440 0.2317
vn -0.2450 -0.9443 0.2195
vn -0.3845 -0.8565 0.3444
vn -0.3994 -0.8571 0.3253
vn -0.5202 -0.7415 0.4237
vn -0.5381 -0.7423 0.3994
vn -0.6391 -0.6055 0.4743
vn -0.6586 -0.6061 0.4460
vn -0.7386 -0.4519 0.5002
vn -0.7586 -0.4523 0.4690
vn -0.8162 -0.2812 0.5047
vn -0.8358 -0.2812 0.4716
vn -0.8668 -0.0967 0.4892
vn -0.8854 -0.0967 0.4547
vn -0.8879 0.0600 0.4560
vn -0.9053 0.0601 0.4205
vn -0.8924 0.1783 0.4145
vn -0.9085 0.1784 0.3779
vn -0.8824 0.2942 0.3671
vn -0.8970 0.2945 0.3296
vn -0.4750 0.8562 0.2035
vn -0.4737 0.8573 0.2014
vn 0.7181 0.3836 0.5806
vn 0.6863 0.3838 0.6178
vn 0.6892 0.3790 0.6175
vn 0.6546 0.3793 0.6539
vn 0.6576 0.3743 0.6538
vn 0.6198 0.3748 0.6895
vn 0.6229 0.3696 0.6895
vn 0.5813 0.3704 0.7245
vn 0.5846 0.3650 0.7246
vn 0.5380 0.3659 0.7594
vn 0.5412 0.3603 0.7598
vn 0.4887 0.3615 0.7940
vn 0.4918 0.3562 0.7945
vn 0.4335 0.3575 0.8272
vn 0.4364 0.3524 0.8278
vn 0.3716 0.3539 0.8583
vn 0.3742 0.3493 0.8591
vn 0.3023 0.3509 0.8863
vn 0.3045 0.3469 0.8871
vn 0.2252 0.3484 0.9099
vn 0.2269 0.3454 0.9106
vn 0.1403 0.3465 0.9275
vn 0.1413 0.3446 0.9281
vn 0.0482 0.3453 0.9373
vn 0.0485 0.3446 0.9375
vn -0.0534 0.3445 0.9373
vn -0.0537 0.3454 0.9369
vn -0.1549 0.3445 0.9259
vn -0.1557 0.3469 0.9249
vn -0.2473 0.3455 0.9052
vn -0.2485 0.3491 0.9035
vn -0.3302 0.3476 0.8776
vn -0.3314 0.3521 0.8753
vn -0.3955 0.3508 0.8488
vn -0.3968 0.3548 0.8466
vn -0.4464 0.3537 0.8220
vn -0.4477 0.3580 0.8194
vn -0.4926 0.3569 0.7937
vn -0.4938 0.3614 0.7909
vn -0.5346 0.3605 0.7644
vn -0.5356 0.3651 0.7615
vn -0.5702 0.3644 0.7362
vn -0.5712 0.3684 0.7335
vn -0.6007 0.3678 0.7098
vn -0.6015 0.3718 0.7071
vn -0.6289 0.3713 0.6831
vn -0.6296 0.3753 0.6803
vn -0.6551 0.3749 0.6559
vn -0.6556 0.3787 0.6533
vn -0.6795 0.3784 0.6285
vn -0.6799 0.3821 0.6259
vn -0.7023 0.3819 0.6007
vn -0.7026 0.3854 0.5983
vn -0.7237 0.3853 0.5725
vn -0.7238 0.3886 0.5702
vn -0.7439 0.3886 0.5438
vn -0.7439 0.3916 0.5416
vn -0.7629 0.3916 0.5144
vn -0.7628 0.3944 0.5124
vn -0.7809 0.3946 0.4842
vn -0.7808 0.3970 0.4824
vn -0.7980 0.3973 0.4531
vn -0.7978 0.3995 0.4515
vn -0.8142 0.3998 0.4210
vn -0.8140 0.4017 0.4196
vn -0.8296 0.4020 0.3875
vn -0.8294 0.4036 0.3863
vn -0.8441 0.4040 0.3525
vn -0.8439 0.4053 0.3516
vn -0.8577 0.4057 0.3159
vn -0.8575 0.4068 0.3151
vn -0.4807 0.8580 0.1811
vn -0.4796 0.8589 0.1795
vn -0.8703 0.4072 0.2772
vn -0.1197 -0.9856 0.1191
vn -0.1245 -0.9857 0.1133
vn -0.2408 -0.9455 0.2192
vn -0.2501 -0.9459 0.2068
vn -0.3938 -0.8596 0.3256
vn -0.4075 -0.8603 0.3064
vn -0.5326 -0.7456 0.4004
vn -0.5493 -0.7464 0.3757
vn -0.6543 -0.6095 0.4476
vn -0.6726 -0.6102 0.4187
vn -0.7560 -0.4550 0.4706
vn -0.7747 -0.4553 0.4387
vn -0.8346 -0.2828 0.4727
vn -0.8531 -0.2828 0.4385
vn -0.8852 -0.0971 0.4550
vn -0.9027 -0.0970 0.4192
vn -0.9053 0.0602 0.4204
vn -0.9218 0.0602 0.3831
vn -0.9085 0.1789 0.3776
vn -0.9236 0.1789 0.3390
vn -0.8969 0.2952 0.3292
vn -0.9104 0.2955 0.2895
vn -0.8701 0.4080 0.2766
vn -0.8835 0.4085 0.2294
vn -0.4860 0.8596 0.1579
vn -0.4851 0.8603 0.1567
vn 0.6531 0.4774 0.5879
vn 0.6196 0.4776 0.6229
vn 0.6239 0.4716 0.6232
vn 0.5872 0.4720 0.6576
vn 0.5916 0.4657 0.6581
vn 0.5514 0.4662 0.6918
vn 0.5558 0.4599 0.6926
vn 0.5107 0.4607 0.7260
vn 0.5150 0.4541 0.7270
vn 0.4643 0.4551 0.7598
vn 0.4685 0.4487 0.7611
vn 0.4121 0.4499 0.7923
vn 0.4160 0.4439 0.7937
vn 0.3534 0.4453 0.8227
vn 0.3568 0.4398 0.8242
vn 0.2876 0.4412 0.8500
vn 0.2904 0.4366 0.8515
vn 0.2144 0.4380 0.8730
vn 0.2164 0.4344 0.8743
vn 0.1336 0.4356 0.8902
vn 0.1348 0.4333 0.8911
vn 0.0459 0.4340 0.8997
vn 0.0463 0.4332 0.9001
vn -0.0508 0.4331 0.8999
vn -0.0512 0.4341 0.8994
vn -0.1475 0.4333 0.8891
vn -0.1484 0.4361 0.8876
vn -0.2356 0.4347 0.8692
vn -0.2368 0.4390 0.8667
vn -0.3145 0.4375 0.8424
vn -0.3157 0.4429 0.8391
vn -0.3765 0.4417 0.8143
vn -0.3779 0.4465 0.8111
vn -0.4248 0.4454 0.7881
vn -0.4261 0.4505 0.7845
vn -0.4686 0.4496 0.7604
vn -0.4696 0.4549 0.7566
vn -0.5082 0.4542 0.7318
vn -0.5090 0.4597 0.7278
vn -0.5417 0.4591 0.7042
vn -0.5425 0.4639 0.7004
vn -0.5702 0.4634 0.6783
vn -0.5708 0.4682 0.6745
vn -0.5966 0.4678 0.6521
vn -0.5970 0.4725 0.6484
vn -0.6209 0.4723 0.6256
vn -0.6211 0.4768 0.6219
vn -0.6435 0.4767 0.5989
vn -0.6436 0.4811 0.5953
vn -0.6646 0.4810 0.5718
vn -0.6645 0.4851 0.5684
vn -0.6843 0.4852 0.5443
vn -0.6841 0.4891 0.5412
vn -0.7028 0.4892 0.5165
vn -0.7024 0.4929 0.5135
vn -0.7202 0.4931 0.4880
vn -0.7198 0.4964 0.4853
vn -0.7367 0.4967 0.4589
vn -0.7362 0.4997 0.4565
vn -0.7522 0.5001 0.4290
vn -0.7517 0.5027 0.4269
vn -0.7670 0.5032 0.3981
vn -0.7665 0.5054 0.3963
vn -0.7810 0.5060 0.3661
vn -0.7805 0.5079 0.3645
vn -0.7941 0.5086 0.3328
vn -0.7937 0.5101 0.3315
vn -0.8065 0.5108 0.2979
vn -0.8061 0.5120 0.2968
vn -0.8179 0.5127 0.2612
vn -0.8175 0.5137 0.2604
vn -0.8300 0.5143 0.2159
vn -0.8296 0.5151 0.2154
vn -0.4918 0.8610 0.1298
vn -0.4908 0.8617 0.1289
vn -0.1449 -0.9890 0.0282
vn -0.8415 0.5159 0.1603
vn -0.1226 -0.9861 0.1126
vn -0.1270 -0.9862 0.1067
vn -0.2461 -0.9469 0.2067
vn -0.2547 -0.9473 0.1943
vn -0.4024 -0.8625 0.3069
vn -0.4150 -0.8632 0.2874
vn -0.5443 -0.7494 0.3769
vn -0.5598 -0.7503 0.3518
vn -0.6688 -0.6132 0.4203
vn -0.6858 -0.6140 0.3909
vn -0.7724 -0.4578 0.4402
vn -0.7899 -0.4583 0.4074
vn -0.8521 -0.2842 0.4395
vn -0.8694 -0.2844 0.4040
vn -0.9025 -0.0974 0.4194
vn -0.9191 -0.0974 0.3819
vn -0.9218 0.0603 0.3830
vn -0.9371 0.0603 0.3437
vn -0.9236 0.1793 0.3387
vn -0.9376 0.1794 0.2978
vn -0.9104 0.2959 0.2892
vn -0.9245 0.2962 0.2398
vn -0.8833 0.4091 0.2291
vn -0.8961 0.4097 0.1705
vn -0.8413 0.5163 0.1601
vn -0.8501 0.5170 0.0999
vn -0.4971 0.8624 0.0958
vn -0.5012 0.8633 0.0593
vn -0.4965 0.8628 0.0952
vn -0.2890 -0.9567 0.0344
vn -0.1461 -0.9891 0.0174
vn -0.1460 -0.9891 0.0174
vn 0.5817 0.5653 0.5848
vn 0.5470 0.5654 0.6173
vn 0.5525 0.5586 0.6187
vn 0.5143 0.5589 0.6505
vn 0.5197 0.5520 0.6521
vn 0.4769 0.5525 0.6836
vn 0.4823 0.5453 0.6856
vn 0.4341 0.5460 0.7165
vn 0.4392 0.5390 0.7187
vn 0.3857 0.5400 0.7481
vn 0.3903 0.5334 0.7504
vn 0.3310 0.5346 0.7776
vn 0.3351 0.5285 0.7800
vn 0.2696 0.5298 0.8041
vn 0.2729 0.5247 0.8064
vn 0.2010 0.5260 0.8264
vn 0.2034 0.5220 0.8284
vn 0.1253 0.5231 0.8430
vn 0.1267 0.5205 0.8444
vn 0.0430 0.5212 0.8524
vn 0.0435 0.5203 0.8529
vn -0.0477 0.5202 0.8527
vn -0.0481 0.5212 0.8520
vn -0.1384 0.5205 0.8426
vn -0.1394 0.5236 0.8405
vn -0.2211 0.5224 0.8235
vn -0.2223 0.5271 0.8202
vn -0.2951 0.5258 0.7978
vn -0.2962 0.5318 0.7934
vn -0.3530 0.5308 0.7705
vn -0.3543 0.5360 0.7663
vn -0.3981 0.5351 0.7451
vn -0.3991 0.5408 0.7404
vn -0.4388 0.5401 0.7182
vn -0.4395 0.5459 0.7133
vn -0.4754 0.5453 0.6903
vn -0.4759 0.5514 0.6852
vn -0.5062 0.5510 0.6634
vn -0.5067 0.5562 0.6587
vn -0.5324 0.5560 0.6383
vn -0.5326 0.5611 0.6336
vn -0.5564 0.5610 0.6129
vn -0.5564 0.5661 0.6082
vn -0.5785 0.5661 0.5873
vn -0.5783 0.5710 0.5827
vn -0.5989 0.5711 0.5614
vn -0.5985 0.5758 0.5570
vn -0.6179 0.5759 0.5353
vn -0.6173 0.5804 0.5311
vn -0.6355 0.5806 0.5089
vn -0.6348 0.5848 0.5050
vn -0.6520 0.5852 0.4822
vn -0.6512 0.5891 0.4785
vn -0.6674 0.5895 0.4550
vn -0.6666 0.5930 0.4517
vn -0.6820 0.5935 0.4273
vn -0.6811 0.5967 0.4243
vn -0.6957 0.5973 0.3989
vn -0.6948 0.6001 0.3963
vn -0.7088 0.6008 0.3698
vn -0.7079 0.6033 0.3674
vn -0.7211 0.6039 0.3396
vn -0.7202 0.6060 0.3377
vn -0.7327 0.6068 0.3083
vn -0.7319 0.6085 0.3067
vn -0.7435 0.6093 0.2756
vn -0.7428 0.6107 0.2744
vn -0.7536 0.6114 0.2414
vn -0.7530 0.6125 0.2404
vn -0.7642 0.6134 0.1993
vn -0.7637 0.6143 0.1987
vn -0.7744 0.6152 0.1478
vn -0.7741 0.6157 0.1475
vn -0.7820 0.6165 0.0920
vn -0.7819 0.6166 0.0919
vn 0.5053 0.6478 0.5702
vn 0.4698 0.6478 0.5998
vn 0.4761 0.6408 0.6022
vn 0.4363 0.6410 0.6315
vn 0.4425 0.6338 0.6344
vn 0.3977 0.6342 0.6630
vn 0.4036 0.6271 0.6662
vn 0.3538 0.6278 0.6933
vn 0.3592 0.6210 0.6967
vn 0.3040 0.6219 0.7217
vn 0.3086 0.6158 0.7250
vn 0.2478 0.6168 0.7471
vn 0.2515 0.6115 0.7502
vn 0.1849 0.6126 0.7685
vn 0.1875 0.6085 0.7711
vn 0.1153 0.6094 0.7844
vn 0.1168 0.6068 0.7862
vn 0.0396 0.6073 0.7935
vn 0.0401 0.6064 0.7941
vn -0.0439 0.6063 0.7940
vn -0.0443 0.6074 0.7931
vn -0.1274 0.6068 0.7846
vn -0.1284 0.6100 0.7820
vn -0.2036 0.6090 0.7666
vn -0.2047 0.6138 0.7624
vn -0.2716 0.6128 0.7421
vn -0.2725 0.6189 0.7367
vn -0.3246 0.6182 0.7159
vn -0.3256 0.6235 0.7108
vn -0.3658 0.6229 0.6915
vn -0.3665 0.6286 0.6859
vn -0.4027 0.6282 0.6657
vn -0.4031 0.6341 0.6598
vn -0.4359 0.6338 0.6390
vn -0.4359 0.6399 0.6329
vn -0.4634 0.6398 0.6131
vn -0.4635 0.6450 0.6076
vn -0.4868 0.6450 0.5891
vn -0.4866 0.6502 0.5835
vn -0.5082 0.6502 0.5648
vn -0.5077 0.6553 0.5593
vn -0.5277 0.6555 0.5403
vn -0.5270 0.6603 0.5350
vn -0.5456 0.6606 0.5157
vn -0.5447 0.6653 0.5106
vn -0.5621 0.6656 0.4909
vn -0.5611 0.6700 0.4861
vn -0.5774 0.6704 0.4660
vn -0.5762 0.6746 0.4614
vn -0.5916 0.6751 0.4408
vn -0.5904 0.6788 0.4366
vn -0.6049 0.6794 0.4153
vn -0.6036 0.6829 0.4115
vn -0.6174 0.6835 0.3894
vn -0.6161 0.6866 0.3860
vn -0.6291 0.6874 0.3630
vn -0.6278 0.6901 0.3600
vn -0.6402 0.6908 0.3359
vn -0.6389 0.6933 0.3333
vn -0.6507 0.6941 0.3081
vn -0.6495 0.6961 0.3059
vn -0.6605 0.6970 0.2793
vn -0.6594 0.6987 0.2775
vn -0.6697 0.6995 0.2494
vn -0.6688 0.7009 0.2479
vn -0.6783 0.7017 0.2181
vn -0.6775 0.7028 0.2170
vn -0.6874 0.7037 0.1799
vn -0.6867 0.7046 0.1791
vn -0.6960 0.7056 0.1331
vn -0.6956 0.7060 0.1328
vn -0.7025 0.7069 0.0827
vn -0.7024 0.7070 0.0826
vn 0.3660 0.9296 0.0431
vn 0.3663 0.9295 0.0430
vn 0.3630 0.9292 0.0696
vn 0.3637 0.9289 0.0694
vn 0.3592 0.9285 0.0945
vn 0.3602 0.9281 0.0942
vn 0.3545 0.9276 0.1180
vn 0.3561 0.9270 0.1177
vn 0.3493 0.9264 0.1403
vn 0.3514 0.9257 0.1401
vn 0.3437 0.9250 0.1618
vn 0.3464 0.9241 0.1617
vn 0.3376 0.9234 0.1827
vn 0.3409 0.9222 0.1827
vn 0.3310 0.9215 0.2030
vn 0.3349 0.9200 0.2034
vn 0.3239 0.9194 0.2232
vn 0.3284 0.9176 0.2238
vn 0.3162 0.9170 0.2432
vn 0.3212 0.9150 0.2442
vn 0.3076 0.9144 0.2632
vn 0.3131 0.9121 0.2647
vn 0.2981 0.9115 0.2835
vn 0.3039 0.9090 0.2854
vn 0.2872 0.9084 0.3038
vn 0.2933 0.9057 0.3062
vn 0.2747 0.9052 0.3244
vn 0.2810 0.9022 0.3273
vn 0.2603 0.9017 0.3451
vn 0.2666 0.8986 0.3485
vn 0.2432 0.8982 0.3661
vn 0.2495 0.8949 0.3701
vn 0.2231 0.8946 0.3872
vn 0.2290 0.8912 0.3915
vn 0.1996 0.8911 0.4076
vn 0.2049 0.8878 0.4122
vn 0.1724 0.8877 0.4269
vn 0.1769 0.8847 0.4313
vn 0.1411 0.8847 0.4442
vn 0.1447 0.8821 0.4483
vn 0.1056 0.8822 0.4588
vn 0.1081 0.8801 0.4622
vn 0.0660 0.8803 0.4698
vn 0.0674 0.8789 0.4721
vn 0.0227 0.8791 0.4761
vn 0.0231 0.8786 0.4770
vn -0.0252 0.8786 0.4770
vn -0.0255 0.8792 0.4759
vn -0.0731 0.8790 0.4711
vn -0.0739 0.8807 0.4679
vn -0.1167 0.8805 0.4595
vn -0.1174 0.8830 0.4545
vn -0.1554 0.8829 0.4432
vn -0.1556 0.8860 0.4368
vn -0.1848 0.8861 0.4251
vn -0.1852 0.8887 0.4193
vn -0.2075 0.8888 0.4087
vn -0.2075 0.8916 0.4025
vn -0.2274 0.8917 0.3913
vn -0.2270 0.8946 0.3848
vn -0.2448 0.8948 0.3733
vn -0.2441 0.8977 0.3668
vn -0.2589 0.8979 0.3559
vn -0.2583 0.9004 0.3500
vn -0.2707 0.9006 0.3400
vn -0.2698 0.9031 0.3342
vn -0.2811 0.9033 0.3240
vn -0.2801 0.9056 0.3184
vn -0.2905 0.9059 0.3081
vn -0.2892 0.9081 0.3027
vn -0.2989 0.9084 0.2923
vn -0.2975 0.9105 0.2872
vn -0.3064 0.9108 0.2765
vn -0.3049 0.9128 0.2718
vn -0.3132 0.9131 0.2609
vn -0.3117 0.9149 0.2566
vn -0.3195 0.9153 0.2454
vn -0.3179 0.9169 0.2414
vn -0.3252 0.9173 0.2298
vn -0.3236 0.9187 0.2262
vn -0.3305 0.9191 0.2143
vn -0.3290 0.9204 0.2111
vn -0.3355 0.9209 0.1987
vn -0.3340 0.9220 0.1959
vn -0.3401 0.9224 0.1829
vn -0.3387 0.9234 0.1805
vn -0.3445 0.9238 0.1669
vn -0.3432 0.9247 0.1648
vn -0.3486 0.9251 0.1505
vn -0.3474 0.9258 0.1488
vn -0.3524 0.9262 0.1337
vn -0.3514 0.9268 0.1324
vn -0.3560 0.9272 0.1164
vn -0.3551 0.9277 0.1154
vn -0.3599 0.9281 0.0956
vn -0.3591 0.9285 0.0948
vn -0.3635 0.9289 0.0703
vn -0.3630 0.9292 0.0699
vn -0.3663 0.9295 0.0435
vn -0.3660 0.9296 0.0433
vn -0.5009 0.8635 0.0591
vn 0.2230 0.9745 0.0263
vn 0.2232 0.9744 0.0263
vn 0.2213 0.9743 0.0426
vn 0.2217 0.9742 0.0425
vn 0.2190 0.9740 0.0579
vn 0.2197 0.9739 0.0578
vn 0.2163 0.9736 0.0725
vn 0.2174 0.9734 0.0723
vn 0.2133 0.9732 0.0864
vn 0.2147 0.9729 0.0863
vn 0.2100 0.9726 0.0998
vn 0.2118 0.9722 0.0998
vn 0.2065 0.9719 0.1128
vn 0.2087 0.9714 0.1129
vn 0.2027 0.9711 0.1256
vn 0.2053 0.9706 0.1259
vn 0.1986 0.9703 0.1383
vn 0.2016 0.9696 0.1388
vn 0.1941 0.9693 0.1510
vn 0.1974 0.9685 0.1518
vn 0.1891 0.9682 0.1638
vn 0.1927 0.9673 0.1649
vn 0.1835 0.9670 0.1767
vn 0.1874 0.9660 0.1782
vn 0.1771 0.9657 0.1898
vn 0.1811 0.9646 0.1917
vn 0.1696 0.9643 0.2031
vn 0.1738 0.9631 0.2053
vn 0.1610 0.9629 0.2166
vn 0.1652 0.9616 0.2191
vn 0.1507 0.9614 0.2302
vn 0.1549 0.9600 0.2332
vn 0.1385 0.9598 0.2440
vn 0.1425 0.9584 0.2473
vn 0.1241 0.9583 0.2574
vn 0.1277 0.9569 0.2608
vn 0.1073 0.9568 0.2701
vn 0.1104 0.9555 0.2734
vn 0.0879 0.9555 0.2815
vn 0.0904 0.9544 0.2846
vn 0.0659 0.9544 0.2911
vn 0.0676 0.9535 0.2937
vn 0.0412 0.9536 0.2984
vn 0.0421 0.9530 0.3001
vn 0.0142 0.9530 0.3026
vn 0.0145 0.9528 0.3033
vn -0.0157 0.9528 0.3033
vn -0.0160 0.9530 0.3024
vn -0.0457 0.9530 0.2995
vn -0.0461 0.9537 0.2972
vn -0.0729 0.9537 0.2919
vn -0.0732 0.9547 0.2883
vn -0.0970 0.9547 0.2812
vn -0.0970 0.9561 0.2766
vn -0.1152 0.9561 0.2693
vn -0.1153 0.9573 0.2651
vn -0.1292 0.9573 0.2585
vn -0.1290 0.9586 0.2541
vn -0.1414 0.9586 0.2470
vn -0.1409 0.9599 0.2425
vn -0.1520 0.9600 0.2352
vn -0.1513 0.9612 0.2307
vn -0.1605 0.9613 0.2238
vn -0.1599 0.9623 0.2198
vn -0.1676 0.9625 0.2134
vn -0.1668 0.9635 0.2095
vn -0.1738 0.9636 0.2031
vn -0.1729 0.9646 0.1993
vn -0.1794 0.9647 0.1928
vn -0.1784 0.9656 0.1892
vn -0.1843 0.9658 0.1826
vn -0.1832 0.9666 0.1792
vn -0.1887 0.9668 0.1725
vn -0.1876 0.9675 0.1693
vn -0.1927 0.9677 0.1625
vn -0.1915 0.9684 0.1596
vn -0.1963 0.9686 0.1525
vn -0.1952 0.9693 0.1499
vn -0.1996 0.9694 0.1427
vn -0.1985 0.9700 0.1403
vn -0.2027 0.9702 0.1328
vn -0.2016 0.9707 0.1307
vn -0.2055 0.9709 0.1229
vn -0.2045 0.9714 0.1211
vn -0.2082 0.9715 0.1130
vn -0.2072 0.9719 0.1114
vn -0.2107 0.9721 0.1030
vn -0.2098 0.9725 0.1016
vn -0.2130 0.9726 0.0927
vn -0.2122 0.9729 0.0917
vn -0.2152 0.9731 0.0823
vn -0.2145 0.9733 0.0814
vn -0.2173 0.9735 0.0716
vn -0.2167 0.9737 0.0709
vn -0.2196 0.9738 0.0586
vn -0.2190 0.9740 0.0581
vn -0.2216 0.9742 0.0431
vn -0.2213 0.9743 0.0428
vn -0.2232 0.9744 0.0266
vn -0.2230 0.9745 0.0265
vn -0.2245 0.9745 0.0010
vn -0.2902 0.9566 0.0278
vn -0.3683 0.9297 0.0056
vn -0.4711 0.8814 0.0332
vn -0.5036 0.8638 0.0170
vn -0.9562 -0.2901 0.0387
vn -0.7726 -0.6341 0.0312
vn -0.2904 -0.9568 0.0117
vn -0.2903 -0.9569 0.0118
vn -0.1467 -0.9892 0.0060
vn -0.0980 -0.9952 0.0030
vn -0.0665 -0.9974 0.0283
vn -0.0498 -0.9987 0.0045
vn -0.0475 -0.9989 0.0057
vn -0.0496 -0.9987 0.0074
vn -0.0475 -0.9988 0.0092
vn -0.0486 -0.9988 0.0099
vn -0.0481 -0.9988 0.0125
vn -0.4713 -0.8818 0.0190
vn -0.4714 -0.8817 0.0191
vn -0.4690 -0.8814 0.0556
vn -0.2892 -0.9567 0.0343
vn -0.2866 -0.9564 0.0556
vn -0.1452 -0.9890 0.0282
vn -0.1434 -0.9889 0.0384
vn -0.0472 -0.9988 0.0126
vn -0.0484 -0.9987 0.0152
vn -0.6342 -0.7728 0.0256
vn -0.6308 -0.7724 0.0745
vn -0.4693 -0.8813 0.0554
vn -0.4650 -0.8808 0.0897
vn -0.2872 -0.9563 0.0554
vn -0.2836 -0.9560 0.0756
vn -0.1438 -0.9889 0.0383
vn -0.1419 -0.9888 0.0468
vn -0.0470 -0.9988 0.0155
vn -0.0479 -0.9987 0.0176
vn -0.7728 -0.6339 0.0311
vn -0.7685 -0.6335 0.0905
vn -0.6311 -0.7722 0.0743
vn -0.6249 -0.7714 0.1199
vn -0.4657 -0.8804 0.0894
vn -0.4596 -0.8798 0.1216
vn -0.2845 -0.9557 0.0753
vn -0.2805 -0.9554 0.0922
vn -0.1424 -0.9887 0.0468
vn -0.1405 -0.9886 0.0539
vn -0.0466 -0.9988 0.0179
vn -0.0474 -0.9987 0.0200
vn -0.8814 -0.4711 0.0356
vn -0.8813 -0.4713 0.0355
vn -0.8761 -0.4709 0.1029
vn -0.7686 -0.6333 0.0903
vn -0.7608 -0.6325 0.1453
vn -0.6256 -0.7709 0.1195
vn -0.6171 -0.7700 0.1622
vn -0.4609 -0.8792 0.1211
vn -0.4542 -0.8785 0.1480
vn -0.2815 -0.9552 0.0917
vn -0.2776 -0.9549 0.1059
vn -0.1411 -0.9885 0.0538
vn -0.1389 -0.9884 0.0607
vn -0.0461 -0.9987 0.0201
vn -0.0469 -0.9987 0.0223
vn -0.9944 -0.0979 0.0400
vn -0.9563 -0.2898 0.0384
vn -0.9506 -0.2896 0.1116
vn -0.8762 -0.4709 0.1029
vn -0.8670 -0.4702 0.1651
vn -0.7613 -0.6320 0.1450
vn -0.7505 -0.6311 0.1961
vn -0.6183 -0.7691 0.1615
vn -0.6091 -0.7682 0.1969
vn -0.4556 -0.8779 0.1472
vn -0.4490 -0.8773 0.1697
vn -0.2789 -0.9545 0.1054
vn -0.2744 -0.9542 0.1192
vn -0.1397 -0.9883 0.0607
vn -0.1373 -0.9882 0.0673
vn -0.0457 -0.9987 0.0224
vn -0.0463 -0.9986 0.0245
vn -0.9943 -0.0983 0.0403
vn -0.9884 -0.0982 0.1161
vn -0.9506 -0.2896 0.1117
vn -0.9404 -0.2893 0.1788
vn -0.8672 -0.4699 0.1649
vn -0.8547 -0.4692 0.2223
vn -0.7515 -0.6301 0.1955
vn -0.7400 -0.6293 0.2375
vn -0.6106 -0.7673 0.1959
vn -0.6015 -0.7664 0.2252
vn -0.4509 -0.8765 0.1688
vn -0.4435 -0.8758 0.1906
vn -0.2761 -0.9538 0.1186
vn -0.2711 -0.9535 0.1321
vn -0.1383 -0.9881 0.0674
vn -0.1356 -0.9880 0.0739
vn -0.0451 -0.9987 0.0246
vn -0.0457 -0.9986 0.0268
vn -0.9935 0.0979 0.0581
vn -0.9973 0.0606 0.0404
vn -0.9913 0.0606 0.1165
vn -0.9884 -0.0983 0.1161
vn -0.9777 -0.0983 0.1858
vn -0.9404 -0.2892 0.1787
vn -0.9267 -0.2888 0.2404
vn -0.8552 -0.4685 0.2218
vn -0.8420 -0.4678 0.2687
vn -0.7412 -0.6282 0.2366
vn -0.7300 -0.6274 0.2712
vn -0.6034 -0.7653 0.2241
vn -0.5933 -0.7643 0.2524
vn -0.4458 -0.8748 0.1897
vn -0.4376 -0.8741 0.2109
vn -0.2731 -0.9530 0.1316
vn -0.2675 -0.9526 0.1448
vn -0.1367 -0.9878 0.0740
vn -0.1338 -0.9877 0.0803
vn -0.0446 -0.9986 0.0268
vn -0.0451 -0.9986 0.0290
vn -0.9556 0.2899 0.0521
vn -0.9831 0.1803 0.0330
vn -0.9769 0.1802 0.1148
vn -0.9806 0.0606 0.1864
vn -0.9777 -0.0982 0.1858
vn -0.9634 -0.0981 0.2496
vn -0.9269 -0.2885 0.2402
vn -0.9125 -0.2881 0.2902
vn -0.8427 -0.4670 0.2680
vn -0.8299 -0.4663 0.3064
vn -0.7315 -0.6261 0.2701
vn -0.7191 -0.6252 0.3033
vn -0.5957 -0.7629 0.2513
vn -0.5846 -0.7619 0.2787
vn -0.4404 -0.8729 0.2099
vn -0.4314 -0.8722 0.2307
vn -0.2698 -0.9520 0.1443
vn -0.2638 -0.9517 0.1573
vn -0.1350 -0.9876 0.0805
vn -0.1319 -0.9875 0.0867
vn -0.0440 -0.9986 0.0289
vn -0.0444 -0.9985 0.0312
vn -0.9535 0.2977 0.0472
vn -0.9482 0.2974 0.1114
vn -0.9769 0.1803 0.1147
vn -0.9663 0.1801 0.1837
vn -0.9663 0.0606 0.2503
vn -0.9485 -0.0980 0.3012
vn -0.9128 -0.2877 0.2899
vn -0.8990 -0.2874 0.3305
vn -0.8308 -0.4652 0.3054
vn -0.8168 -0.4646 0.3421
vn -0.7211 -0.6235 0.3020
vn -0.7076 -0.6227 0.3341
vn -0.5875 -0.7602 0.2774
vn -0.5754 -0.7593 0.3041
vn -0.4346 -0.8708 0.2297
vn -0.4247 -0.8701 0.2500
vn -0.2665 -0.9510 0.1569
vn -0.2598 -0.9506 0.1697
vn -0.1332 -0.9873 0.0870
vn -0.1298 -0.9872 0.0931
vn -0.0433 -0.9986 0.0311
vn -0.0437 -0.9985 0.0334
vn -0.8807 0.4707 0.0538
vn -0.9112 0.4108 0.0315
vn -0.9056 0.4105 0.1064
vn -0.9482 0.2975 0.1114
vn -0.9381 0.2971 0.1783
vn -0.9664 0.1800 0.1837
vn -0.9522 0.1799 0.2467
vn -0.9663 0.0605 0.2503
vn -0.9514 0.0605 0.3020
vn -0.9486 -0.0979 0.3011
vn -0.9343 -0.0979 0.3428
vn -0.8994 -0.2868 0.3300
vn -0.8843 -0.2865 0.3686
vn -0.8181 -0.4631 0.3410
vn -0.8028 -0.4626 0.3762
vn -0.7100 -0.6207 0.3327
vn -0.6953 -0.6199 0.3637
vn -0.5788 -0.7572 0.3028
vn -0.5656 -0.7563 0.3289
vn -0.4285 -0.8685 0.2492
vn -0.4178 -0.8678 0.2692
vn -0.2628 -0.9499 0.1693
vn -0.2556 -0.9495 0.1820
vn -0.1313 -0.9869 0.0935
vn -0.1276 -0.9868 0.0996
vn -0.0426 -0.9985 0.0333
vn -0.0429 -0.9984 0.0357
vn 0.2903 -0.9569 0.0116
vn 0.4691 -0.8814 0.0549
vn 0.4714 -0.8817 0.0189
vn 0.4713 -0.8818 0.0188
vn 0.6252 -0.7715 0.1183
vn 0.6311 -0.7722 0.0738
vn 0.6309 -0.7724 0.0736
vn 0.6342 -0.7728 0.0254
vn 0.7511 -0.6311 0.1935
vn 0.7614 -0.6321 0.1440
vn 0.7611 -0.6326 0.1435
vn 0.7687 -0.6333 0.0896
vn 0.7686 -0.6335 0.0895
vn 0.7728 -0.6339 0.0309
vn 0.7726 -0.6341 0.0308
vn 0.8410 -0.4677 0.2720
vn 0.8555 -0.4685 0.2204
vn 0.8553 -0.4692 0.2198
vn 0.8674 -0.4700 0.1636
vn 0.8673 -0.4703 0.1633
vn 0.8763 -0.4709 0.1020
vn 0.8762 -0.4710 0.1020
vn 0.8813 -0.4713 0.0351
vn 0.8814 -0.4711 0.0353
vn 0.8931 -0.2871 0.3463
vn 0.9113 -0.2875 0.2947
vn 0.9113 -0.2881 0.2942
vn 0.9273 -0.2885 0.2383
vn 0.9273 -0.2888 0.2380
vn 0.9407 -0.2892 0.1771
vn 0.9407 -0.2893 0.1771
vn 0.9507 -0.2896 0.1106
vn 0.9507 -0.2896 0.1107
vn 0.9563 -0.2898 0.0383
vn 0.9562 -0.2901 0.0381
vn 0.9070 -0.0975 0.4098
vn 0.9279 -0.0975 0.3598
vn 0.9280 -0.0978 0.3596
vn 0.9471 -0.0979 0.3058
vn 0.9471 -0.0980 0.3057
vn 0.9639 -0.0981 0.2474
vn 0.9639 -0.0982 0.2474
vn 0.9780 -0.0983 0.1841
vn 0.9780 -0.0982 0.1841
vn 0.9885 -0.0984 0.1151
vn 0.9885 -0.0983 0.1151
vn 0.9944 -0.0983 0.0396
vn 0.9944 -0.0979 0.0399
vn 0.8868 0.0600 0.4583
vn 0.9097 0.0600 0.4110
vn 0.9096 0.0603 0.4111
vn 0.9308 0.0603 0.3606
vn 0.9307 0.0604 0.3607
vn 0.9499 0.0604 0.3066
vn 0.9499 0.0605 0.3066
vn 0.9668 0.0605 0.2481
vn 0.9668 0.0606 0.2481
vn 0.9809 0.0606 0.1846
vn 0.9915 0.0606 0.1155
vn 0.9915 0.0606 0.1154
vn 0.9974 0.0606 0.0400
vn 0.9935 0.0978 0.0579
vn 0.8499 0.1767 0.4964
vn 0.8744 0.1767 0.4519
vn 0.8740 0.1777 0.4522
vn 0.8968 0.1776 0.4053
vn 0.8965 0.1785 0.4055
vn 0.9174 0.1786 0.3556
vn 0.9172 0.1791 0.3558
vn 0.9362 0.1793 0.3022
vn 0.9361 0.1796 0.3023
vn 0.9528 0.1798 0.2445
vn 0.9528 0.1799 0.2446
vn 0.9667 0.1801 0.1819
vn 0.9770 0.1803 0.1138
vn 0.9770 0.1802 0.1137
vn 0.9831 0.1803 0.0325
vn 0.9557 0.2899 0.0518
vn 0.8011 0.2877 0.5249
vn 0.8270 0.2878 0.4830
vn 0.8259 0.2899 0.4835
vn 0.8500 0.2901 0.4398
vn 0.8491 0.2919 0.4403
vn 0.8714 0.2921 0.3942
vn 0.8707 0.2935 0.3946
vn 0.8912 0.2939 0.3456
vn 0.8907 0.2948 0.3460
vn 0.9092 0.2952 0.2936
vn 0.9089 0.2959 0.2938
vn 0.9251 0.2963 0.2375
vn 0.9249 0.2967 0.2376
vn 0.9384 0.2970 0.1766
vn 0.9384 0.2971 0.1767
vn 0.9483 0.2975 0.1104
vn 0.9483 0.2974 0.1104
vn 0.9535 0.2977 0.0469
vn 0.9112 0.4108 0.0312
vn 0.8807 0.4707 0.0537
vn 0.8551 0.5175 0.0310
vn 0.6030 0.5780 0.5499
vn 0.6319 0.5783 0.5160
vn 0.6271 0.5839 0.5156
vn 0.6536 0.5844 0.4809
vn 0.6492 0.5894 0.4807
vn 0.6735 0.5901 0.4451
vn 0.6696 0.5945 0.4452
vn 0.6920 0.5954 0.4083
vn 0.6885 0.5992 0.4086
vn 0.7090 0.6001 0.3703
vn 0.7062 0.6033 0.3706
vn 0.7249 0.6043 0.3306
vn 0.7226 0.6068 0.3310
vn 0.7396 0.6079 0.2888
vn 0.7378 0.6099 0.2892
vn 0.7530 0.6110 0.2445
vn 0.7517 0.6124 0.2449
vn 0.7647 0.6135 0.1971
vn 0.7640 0.6143 0.1974
vn 0.7746 0.6153 0.1461
vn 0.7743 0.6157 0.1463
vn 0.7821 0.6165 0.0911
vn 0.7820 0.6166 0.0911
vn 0.7861 0.6171 0.0356
vn 0.7722 0.6337 0.0461
vn 0.5249 0.6611 0.5361
vn 0.5541 0.6615 0.5053
vn 0.5481 0.6675 0.5040
vn 0.5748 0.6681 0.4726
vn 0.5691 0.6736 0.4716
vn 0.5934 0.6743 0.4395
vn 0.5883 0.6792 0.4389
vn 0.6105 0.6801 0.4059
vn 0.6059 0.6844 0.4056
vn 0.6262 0.6854 0.3716
vn 0.6221 0.6892 0.3715
vn 0.6407 0.6902 0.3363
vn 0.6373 0.6933 0.3364
vn 0.6542 0.6945 0.2997
vn 0.6513 0.6970 0.2999
vn 0.6666 0.6981 0.2613
vn 0.6644 0.7001 0.2617
vn 0.6779 0.7012 0.2208
vn 0.6763 0.7026 0.2212
vn 0.6879 0.7037 0.1777
vn 0.6869 0.7046 0.1780
vn 0.6963 0.7056 0.1316
vn 0.6958 0.7061 0.1318
vn 0.7026 0.7069 0.0819
vn 0.7024 0.7071 0.0820
vn 0.7065 0.7074 0.0215
vn 0.6339 0.7724 0.0406
vn 0.4989 0.6545 0.5681
vn 0.5311 0.6547 0.5379
vn 0.5764 0.5718 0.5838
vn 0.6080 0.5720 0.5506
vn 0.6491 0.4830 0.5877
vn 0.6797 0.4831 0.5519
vn 0.7155 0.3880 0.5810
vn 0.7448 0.3880 0.5429
vn 0.7745 0.2853 0.5646
vn 0.8024 0.2852 0.5243
vn 0.8241 0.1755 0.5385
vn 0.8504 0.1753 0.4961
vn 0.8622 0.0598 0.5030
vn 0.8868 0.0597 0.4582
vn 0.8842 -0.0971 0.4569
vn 0.9069 -0.0971 0.4101
vn 0.8732 -0.2858 0.3948
vn 0.8931 -0.2861 0.3471
vn 0.8248 -0.4658 0.3205
vn 0.8413 -0.4666 0.2731
vn 0.7393 -0.6292 0.2400
vn 0.7516 -0.6302 0.1945
vn 0.6176 -0.7701 0.1598
vn 0.6257 -0.7710 0.1189
vn 0.4651 -0.8808 0.0884
vn 0.4693 -0.8813 0.0551
vn 0.2890 -0.9567 0.0339
vn 0.2904 -0.9568 0.0117
vn 0.1467 -0.9892 0.0059
vn 0.0980 -0.9950 0.0197
vn 0.0477 -0.9989 0.0015
vn 0.0498 -0.9988 0.0045
vn 0.0475 -0.9989 0.0056
vn 0.0496 -0.9987 0.0074
vn 0.0475 -0.9988 0.0092
vn 0.0487 -0.9988 0.0100
vn 0.0480 -0.9988 0.0125
vn 0.0473 -0.9988 0.0125
vn 0.0483 -0.9987 0.0152
vn 0.0464 -0.9988 0.0156
vn 0.0480 -0.9987 0.0177
vn 0.0459 -0.9988 0.0186
vn 0.0472 -0.9987 0.0199
vn 0.0459 -0.9987 0.0218
vn 0.0458 -0.9987 0.0218
vn 0.0462 -0.9986 0.0245
vn 0.0446 -0.9987 0.0244
vn 0.0459 -0.9986 0.0269
vn 0.0438 -0.9987 0.0272
vn 0.0450 -0.9986 0.0289
vn 0.0433 -0.9986 0.0304
vn 0.0437 -0.9986 0.0305
vn 0.0435 -0.9985 0.0332
vn 0.0422 -0.9986 0.0329
vn 0.0431 -0.9984 0.0358
vn 0.0410 -0.9985 0.0357
vn 0.0421 -0.9984 0.0380
vn 0.0401 -0.9984 0.0388
vn 0.0406 -0.9984 0.0397
vn 0.0398 -0.9983 0.0422
vn 0.0386 -0.9984 0.0416
vn 0.0391 -0.9982 0.0450
vn 0.0368 -0.9983 0.0443
vn 0.0378 -0.9982 0.0474
vn 0.0352 -0.9982 0.0476
vn 0.0358 -0.9982 0.0491
vn 0.0341 -0.9981 0.0514
vn 0.0329 -0.9982 0.0505
vn 0.0328 -0.9980 0.0547
vn 0.0300 -0.9981 0.0531
vn 0.0305 -0.9979 0.0569
vn 0.0270 -0.9980 0.0568
vn 0.0276 -0.9980 0.0575
vn 0.0252 -0.9978 0.0609
vn 0.0232 -0.9980 0.0588
vn 0.0225 -0.9977 0.0638
vn 0.0190 -0.9979 0.0612
vn 0.0189 -0.9977 0.0649
vn 0.0148 -0.9978 0.0648
vn 0.0144 -0.9978 0.0641
vn 0.0113 -0.9976 0.0682
vn 0.0088 -0.9979 0.0642
vn 0.0070 -0.9976 0.0695
vn 0.0031 -0.9978 0.0655
vn 0.0023 -0.9977 0.0683
vn -0.0035 -0.9977 0.0683
vn -0.0021 -0.9980 0.0628
vn -0.0070 -0.9975 0.0696
vn -0.0097 -0.9979 0.0639
vn -0.0110 -0.9977 0.0666
vn -0.0151 -0.9977 0.0661
vn -0.0154 -0.9980 0.0620
vn -0.0191 -0.9977 0.0656
vn -0.0206 -0.9980 0.0602
vn -0.0218 -0.9979 0.0617
vn -0.0252 -0.9978 0.0609
vn -0.0250 -0.9980 0.0588
vn -0.0281 -0.9978 0.0592
vn -0.0279 -0.9980 0.0561
vn -0.0307 -0.9979 0.0571
vn -0.0304 -0.9981 0.0535
vn -0.0328 -0.9980 0.0547
vn -0.0328 -0.9982 0.0510
vn -0.0345 -0.9980 0.0521
vn -0.0350 -0.9982 0.0490
vn -0.0362 -0.9981 0.0497
vn -0.0365 -0.9982 0.0467
vn -0.0377 -0.9982 0.0473
vn -0.0378 -0.9983 0.0444
vn -0.0390 -0.9982 0.0449
vn -0.0390 -0.9984 0.0421
vn -0.0401 -0.9983 0.0425
vn -0.0401 -0.9984 0.0399
vn -0.0412 -0.9983 0.0402
vn -0.0410 -0.9984 0.0376
vn -0.0421 -0.9984 0.0379
vn -0.0419 -0.9985 0.0354
vn -0.1252 -0.9864 0.1060
vn -0.1293 -0.9865 0.1001
vn -0.2510 -0.9483 0.1944
vn -0.2589 -0.9486 0.1818
vn -0.4103 -0.8652 0.2881
vn -0.4220 -0.8660 0.2684
vn -0.5553 -0.7530 0.3531
vn -0.5696 -0.7539 0.3275
vn -0.6824 -0.6167 0.3924
vn -0.6982 -0.6175 0.3622
vn -0.7880 -0.4603 0.4088
vn -0.8044 -0.4608 0.3749
vn -0.8687 -0.2854 0.4049
vn -0.8849 -0.2857 0.3679
vn -0.9189 -0.0977 0.3821
vn -0.9344 -0.0977 0.3426
vn -0.9372 0.0604 0.3436
vn -0.9376 0.1797 0.2976
vn -0.9523 0.1798 0.2468
vn -0.9244 0.2967 0.2395
vn -0.8961 0.4100 0.1703
vn -0.8552 0.5174 0.0314
vn -0.7860 0.6172 0.0358
vn -0.7722 0.6337 0.0463
vn -0.7065 0.7074 0.0218
vn -0.6339 0.7724 0.0407
vn -0.6154 0.7877 0.0282
vn -0.6123 0.7873 0.0721
vn -0.6126 0.7871 0.0723
vn -0.6067 0.7864 0.1161
vn -0.6073 0.7859 0.1165
vn -0.5993 0.7850 0.1568
vn -0.6002 0.7842 0.1576
vn -0.5918 0.7833 0.1903
vn -0.5927 0.7823 0.1914
vn -0.5846 0.7816 0.2177
vn -0.5857 0.7804 0.2192
vn -0.5769 0.7795 0.2439
vn -0.5782 0.7780 0.2458
vn -0.5687 0.7772 0.2693
vn -0.5701 0.7754 0.2716
vn -0.5600 0.7746 0.2939
vn -0.5616 0.7725 0.2966
vn -0.5509 0.7717 0.3178
vn -0.5525 0.7692 0.3210
vn -0.5412 0.7685 0.3413
vn -0.5429 0.7657 0.3449
vn -0.5309 0.7650 0.3645
vn -0.5326 0.7620 0.3685
vn -0.5200 0.7613 0.3874
vn -0.5216 0.7579 0.3918
vn -0.5082 0.7573 0.4101
vn -0.5098 0.7536 0.4149
vn -0.4955 0.7531 0.4327
vn -0.4970 0.7491 0.4379
vn -0.4818 0.7487 0.4553
vn -0.4831 0.7445 0.4608
vn -0.4668 0.7441 0.4779
vn -0.4680 0.7396 0.4837
vn -0.4504 0.7393 0.5005
vn -0.4513 0.7347 0.5065
vn -0.4323 0.7345 0.5231
vn -0.4330 0.7297 0.5292
vn -0.4124 0.7296 0.5456
vn -0.4128 0.7247 0.5517
vn -0.3883 0.7246 0.5693
vn -0.3888 0.7190 0.5761
vn -0.3597 0.7191 0.5946
vn -0.3598 0.7135 0.6012
vn -0.3275 0.7137 0.6191
vn -0.3272 0.7084 0.6254
vn -0.2913 0.7087 0.6425
vn -0.2907 0.7037 0.6483
vn -0.2441 0.7041 0.6668
vn -0.2435 0.6983 0.6731
vn -0.1835 0.6991 0.6911
vn -0.1826 0.6945 0.6959
vn -0.1152 0.6952 0.7095
vn -0.1144 0.6922 0.7126
vn -0.0398 0.6927 0.7201
vn -0.0394 0.6916 0.7212
vn 0.0360 0.6917 0.7213
vn 0.0355 0.6926 0.7204
vn 0.1049 0.6922 0.7141
vn 0.1033 0.6946 0.7119
vn 0.1684 0.6940 0.7000
vn 0.1656 0.6978 0.6969
vn 0.2257 0.6971 0.6805
vn 0.2218 0.7020 0.6767
vn 0.2767 0.7013 0.6569
vn 0.2719 0.7071 0.6528
vn 0.3217 0.7066 0.6303
vn 0.3160 0.7129 0.6261
vn 0.3609 0.7126 0.6017
vn 0.3546 0.7191 0.5976
vn 0.3951 0.7190 0.5718
vn 0.3883 0.7256 0.5680
vn 0.4242 0.7258 0.5416
vn 0.4174 0.7321 0.5383
vn 0.4493 0.7324 0.5116
vn 0.4425 0.7385 0.5087
vn 0.4713 0.7390 0.4814
vn 0.4646 0.7447 0.4791
vn 0.4907 0.7454 0.4512
vn 0.4843 0.7507 0.4493
vn 0.5080 0.7515 0.4209
vn 0.5020 0.7563 0.4195
vn 0.5235 0.7573 0.3905
vn 0.5179 0.7616 0.3895
vn 0.5376 0.7626 0.3599
vn 0.5325 0.7664 0.3592
vn 0.5504 0.7675 0.3287
vn 0.5460 0.7708 0.3284
vn 0.5622 0.7719 0.2968
vn 0.5585 0.7746 0.2968
vn 0.5732 0.7758 0.2639
vn 0.5701 0.7780 0.2641
vn 0.5833 0.7791 0.2297
vn 0.5809 0.7808 0.2300
vn 0.5924 0.7820 0.1938
vn 0.5907 0.7832 0.1941
vn 0.6006 0.7842 0.1557
vn 0.5995 0.7850 0.1560
vn 0.6075 0.7859 0.1151
vn 0.6068 0.7864 0.1153
vn 0.6127 0.7871 0.0715
vn 0.6124 0.7873 0.0716
vn 0.6153 0.7878 0.0280
vn 0.5036 0.8638 0.0167
vn 0.4711 0.8814 0.0331
vn 0.3683 0.9297 0.0053
vn 0.2902 0.9566 0.0278
vn 0.2245 0.9745 0.0009
vn 0.0980 0.9952 0.0030
vn 0.0806 0.9966 0.0170
vn 0.0762 0.9971 0.0069
vn 0.0739 0.9972 0.0087
vn 0.0759 0.9970 0.0113
vn 0.0737 0.9972 0.0142
vn 0.0749 0.9971 0.0153
vn 0.0740 0.9971 0.0192
vn 0.0733 0.9971 0.0194
vn 0.0741 0.9970 0.0233
vn 0.0721 0.9971 0.0242
vn 0.0736 0.9969 0.0271
vn 0.0713 0.9970 0.0289
vn 0.0725 0.9969 0.0305
vn 0.0709 0.9969 0.0337
vn 0.0708 0.9968 0.0375
vn 0.0692 0.9969 0.0378
vn 0.0703 0.9967 0.0411
vn 0.0680 0.9968 0.0421
vn 0.0692 0.9966 0.0445
vn 0.0669 0.9967 0.0470
vn 0.0676 0.9966 0.0471
vn 0.0667 0.9965 0.0510
vn 0.0655 0.9965 0.0510
vn 0.0660 0.9963 0.0548
vn 0.0637 0.9964 0.0552
vn 0.0647 0.9962 0.0583
vn 0.0622 0.9963 0.0599
vn 0.0627 0.9961 0.0613
vn 0.0611 0.9960 0.0647
vn 0.0601 0.9961 0.0645
vn 0.0598 0.9958 0.0689
vn 0.0574 0.9960 0.0687
vn 0.0579 0.9957 0.0726
vn 0.0547 0.9958 0.0736
vn 0.0552 0.9956 0.0757
vn 0.0523 0.9955 0.0789
vn 0.0513 0.9956 0.0784
vn 0.0501 0.9952 0.0835
vn 0.0469 0.9955 0.0826
vn 0.0468 0.9951 0.0871
vn 0.0417 0.9953 0.0879
vn 0.0428 0.9951 0.0888
vn 0.0386 0.9949 0.0932
vn 0.0364 0.9951 0.0916
vn 0.0343 0.9947 0.0973
vn 0.0297 0.9950 0.0952
vn 0.0289 0.9946 0.0994
vn 0.0228 0.9947 0.0999
vn 0.0225 0.9948 0.0995
vn 0.0172 0.9944 0.1041
vn 0.0139 0.9949 0.1004
vn 0.0106 0.9943 0.1059
vn 0.0048 0.9948 0.1021
vn 0.0036 0.9945 0.1049
vn -0.0036 0.9945 0.1049
vn -0.0052 0.9949 0.1010
vn -0.0106 0.9943 0.1060
vn -0.0153 0.9949 0.1000
vn -0.0169 0.9946 0.1024
vn -0.0232 0.9946 0.1015
vn -0.0242 0.9950 0.0969
vn -0.0291 0.9946 0.1001
vn -0.0324 0.9951 0.0939
vn -0.0335 0.9949 0.0951
vn -0.0387 0.9949 0.0935
vn -0.0389 0.9951 0.0908
vn -0.0431 0.9950 0.0906
vn -0.0434 0.9953 0.0868
vn -0.0469 0.9951 0.0873
vn -0.0474 0.9954 0.0828
vn -0.0501 0.9952 0.0836
vn -0.0511 0.9956 0.0790
vn -0.0528 0.9954 0.0796
vn -0.0542 0.9957 0.0756
vn -0.0554 0.9956 0.0760
vn -0.0566 0.9958 0.0721
vn -0.0577 0.9957 0.0723
vn -0.0586 0.9959 0.0685
vn -0.0597 0.9959 0.0687
vn -0.0605 0.9961 0.0650
vn -0.0615 0.9960 0.0651
vn -0.0621 0.9962 0.0615
vn -0.0630 0.9961 0.0616
vn -0.0635 0.9963 0.0580
vn -0.0645 0.9962 0.0581
vn -0.0648 0.9964 0.0546
vn -0.0658 0.9963 0.0546
vn -0.0660 0.9965 0.0513
vn -0.0670 0.9964 0.0512
vn -0.0671 0.9966 0.0479
vn -0.0681 0.9965 0.0478
vn -0.0681 0.9967 0.0446
vn -0.0691 0.9966 0.0444
vn -0.0690 0.9968 0.0413
vn -0.0701 0.9967 0.0410
vn -0.0698 0.9968 0.0379
vn -0.0710 0.9968 0.0376
vn -0.0706 0.9969 0.0345
vn -0.0719 0.9968 0.0341
vn -0.0714 0.9970 0.0311
vn -0.0727 0.9969 0.0306
vn -0.0721 0.9970 0.0276
vn -0.0734 0.9969 0.0270
vn -0.0728 0.9971 0.0240
vn -0.0742 0.9970 0.0233
vn -0.0732 0.9971 0.0195
vn -0.0741 0.9971 0.0192
vn -0.0748 0.9971 0.0153
vn -0.0737 0.9972 0.0143
vn -0.0759 0.9971 0.0113
vn -0.0739 0.9972 0.0088
vn -0.0763 0.9971 0.0069
vn -0.0742 0.9972 0.0023
vn -0.0980 0.9951 0.0150
vn 0.8954 -0.3590 -0.2634
vn 0.6496 0.6178 -0.4431
vn 0.5802 0.7119 -0.3958
vn 0.8231 0.0291 -0.5672
vn 0.8132 0.1573 -0.5604
vn 0.8023 -0.2264 -0.5523
vn 0.7720 -0.3488 -0.5314
vn 0.7729 -0.3471 -0.5312
vn 0.7300 0.5166 -0.4475
vn 0.6693 0.6195 -0.4103
vn 0.8508 0.0292 -0.5246
vn 0.7905 0.2803 -0.5445
vn 0.8132 0.1579 -0.5601
vn 0.8405 0.1582 -0.5182
vn 0.8508 0.0293 -0.5246
vn 0.8770 0.0293 -0.4795
vn 0.7979 -0.3498 -0.4908
vn 0.8193 -0.1009 -0.5645
vn 0.8019 -0.2274 -0.5525
vn 0.8290 -0.2280 -0.5107
vn 0.7972 -0.3512 -0.4911
vn 0.8216 -0.3522 -0.4483
vn 0.5198 0.8073 -0.2795
vn 0.4217 0.8779 -0.2267
vn 0.8024 0.4060 -0.4375
vn 0.7510 0.5181 -0.4095
vn 0.8468 -0.1018 -0.5221
vn 0.8729 -0.1020 -0.4772
vn 0.8728 -0.1023 -0.4772
vn 0.7316 -0.4616 -0.5016
vn 0.7301 -0.4638 -0.5018
vn 0.7544 -0.4652 -0.4631
vn 0.7531 -0.4672 -0.4633
vn 0.7758 -0.4686 -0.4225
vn 0.7748 -0.4701 -0.4227
vn 0.6219 0.7255 -0.2947
vn 0.5317 0.8086 -0.2519
vn 0.8643 0.2864 -0.4134
vn 0.8239 0.4072 -0.3941
vn 0.8972 -0.1024 -0.4296
vn 0.7556 0.3986 -0.5198
vn 0.7905 0.2816 -0.5438
vn 0.8167 0.2823 -0.5033
vn 0.8405 0.1588 -0.5180
vn 0.8662 0.1591 -0.4736
vn 0.8770 0.0294 -0.4795
vn 0.9015 0.0294 -0.4317
vn 0.8972 -0.1026 -0.4296
vn 0.9197 -0.1028 -0.3790
vn 0.7959 -0.4715 -0.3798
vn 0.4548 -0.8562 -0.2450
vn 0.4658 -0.8574 -0.2189
vn 0.4635 -0.8586 -0.2191
vn 0.4734 -0.8597 -0.1920
vn 0.4716 -0.8606 -0.1922
vn 0.5471 -0.7677 -0.3335
vn 0.5624 -0.7693 -0.3031
vn 0.5599 -0.7711 -0.3030
vn 0.5739 -0.7727 -0.2713
vn 0.5719 -0.7741 -0.2714
vn 0.5845 -0.7756 -0.2383
vn 0.5829 -0.7768 -0.2384
vn 0.8825 -0.3578 -0.3052
vn 0.8823 -0.3582 -0.3053
vn 0.9191 -0.2324 -0.3180
vn 0.8432 -0.3553 -0.4035
vn 0.8640 -0.3563 -0.3557
vn 0.8637 -0.3569 -0.3558
vn 0.8539 -0.2299 -0.4668
vn 0.8777 -0.2306 -0.4200
vn 0.8776 -0.2310 -0.4202
vn 0.8995 -0.2316 -0.3706
vn 0.8994 -0.2319 -0.3706
vn 0.9327 0.1610 -0.3228
vn 0.9446 0.0296 -0.3269
vn 0.9126 0.1607 -0.3760
vn 0.8856 0.2872 -0.3649
vn 0.7317 0.6331 -0.2526
vn 0.8031 0.5275 -0.2772
vn 0.7174 0.6316 -0.2940
vn 0.6354 0.7270 -0.2603
vn 0.9500 -0.2336 -0.2072
vn 0.9419 -0.2334 -0.2414
vn 0.9351 0.2899 -0.2039
vn 0.9272 0.2896 -0.2376
vn 0.8738 0.4129 -0.2569
vn 0.8144 0.5286 -0.2395
vn 0.4200 0.8793 -0.2246
vn 0.4291 0.8803 -0.2025
vn 0.5303 0.8100 -0.2502
vn 0.5412 0.8113 -0.2211
vn 0.6344 0.7283 -0.2591
vn 0.6464 0.7297 -0.2227
vn 0.7311 0.6341 -0.2519
vn 0.7410 0.6353 -0.2176
vn 0.8143 0.5289 -0.2392
vn 0.8217 0.5296 -0.2105
vn 0.8894 0.4140 -0.1940
vn 0.8820 0.4135 -0.2259
vn 0.8820 0.4134 -0.2260
vn 0.9542 -0.1032 -0.2808
vn 0.9589 0.0296 -0.2822
vn 0.5787 0.7147 -0.3929
vn 0.5955 0.7163 -0.3638
vn 0.6683 0.6219 -0.4083
vn 0.6868 0.6235 -0.3736
vn 0.7504 0.5199 -0.4082
vn 0.7700 0.5214 -0.3678
vn 0.8237 0.4082 -0.3935
vn 0.8436 0.4094 -0.3474
vn 0.8856 0.2876 -0.3647
vn 0.9049 0.2883 -0.3132
vn 0.9327 0.1611 -0.3228
vn 0.9468 0.1614 -0.2786
vn 0.9683 0.0297 -0.2481
vn 0.9718 -0.1034 -0.2119
vn 0.9635 -0.1033 -0.2469
vn 0.9635 -0.1034 -0.2469
vn 0.8137 -0.4751 -0.3349
vn 0.8310 -0.4764 -0.2871
vn 0.8306 -0.4771 -0.2872
vn 0.8427 -0.4781 -0.2476
vn 0.8425 -0.4783 -0.2478
vn 0.7089 0.5104 -0.4867
vn 0.7554 0.4006 -0.5186
vn 0.7798 0.4017 -0.4801
vn 0.8166 0.2834 -0.5028
vn 0.8413 0.2841 -0.4598
vn 0.8663 0.1595 -0.4734
vn 0.8903 0.1599 -0.4263
vn 0.9015 0.0295 -0.4317
vn 0.9241 0.0295 -0.3809
vn 0.9196 -0.1029 -0.3790
vn 0.9400 -0.1031 -0.3253
vn 0.9191 -0.2326 -0.3181
vn 0.9329 -0.2330 -0.2745
vn 0.8953 -0.3592 -0.2634
vn 0.9039 -0.3596 -0.2316
vn 0.7645 -0.5880 -0.2641
vn 0.7753 -0.5892 -0.2275
vn 0.7750 -0.5896 -0.2277
vn 0.8573 -0.4797 -0.1869
vn 0.8503 -0.4792 -0.2178
vn 0.8504 -0.4790 -0.2177
vn 0.7933 -0.5919 -0.1424
vn 0.7879 -0.5914 -0.1717
vn 0.7881 -0.5912 -0.1716
vn 0.7818 -0.5905 -0.2002
vn 0.7820 -0.5903 -0.2000
vn 0.6006 -0.7801 -0.1754
vn 0.4843 -0.8634 -0.1415
vn 0.4849 -0.8631 -0.1411
vn 0.6179 -0.7838 -0.0625
vn 0.5630 0.8174 -0.1220
vn 0.5664 0.8179 -0.1015
vn 0.5662 0.8180 -0.1012
vn 0.5690 0.8184 -0.0799
vn 0.5689 0.8185 -0.0798
vn 0.6677 0.7348 -0.1196
vn 0.6712 0.7352 -0.0944
vn 0.6711 0.7353 -0.0943
vn 0.7619 0.6388 -0.1072
vn 0.9419 0.2902 -0.1692
vn 0.4277 0.8814 -0.2007
vn 0.4360 0.8823 -0.1774
vn 0.5400 0.8125 -0.2197
vn 0.5498 0.8137 -0.1889
vn 0.6457 0.7307 -0.2219
vn 0.6540 0.7318 -0.1918
vn 0.7408 0.6356 -0.2172
vn 0.7473 0.6363 -0.1913
vn 0.8217 0.5298 -0.2103
vn 0.8283 0.5304 -0.1806
vn 0.8893 0.4141 -0.1939
vn 0.8957 0.4145 -0.1609
vn 0.9476 0.2904 -0.1333
vn 0.9642 0.1616 -0.2103
vn 0.9713 0.1618 -0.1744
vn 0.9713 0.1617 -0.1744
vn 0.9772 0.1619 -0.1375
vn 0.9772 0.1618 -0.1375
vn 0.9570 -0.2338 -0.1719
vn 0.5103 0.8020 -0.3104
vn 0.5941 0.7187 -0.3614
vn 0.6098 0.7202 -0.3307
vn 0.6858 0.6255 -0.3719
vn 0.7031 0.6272 -0.3352
vn 0.7695 0.5227 -0.3669
vn 0.7875 0.5243 -0.3240
vn 0.8434 0.4101 -0.3470
vn 0.8614 0.4113 -0.2980
vn 0.9048 0.2885 -0.3130
vn 0.9183 0.2892 -0.2702
vn 0.9467 0.1614 -0.2786
vn 0.9560 0.1616 -0.2450
vn 0.9766 0.0297 -0.2130
vn 0.9790 -0.1035 -0.1758
vn 0.9628 -0.2339 -0.1355
vn 0.9115 -0.3602 -0.1988
vn 0.9181 -0.3605 -0.1649
vn 0.9235 -0.3609 -0.1300
vn 0.9235 -0.3608 -0.1300
vn 0.8632 -0.4804 -0.1551
vn 0.8683 -0.4808 -0.1222
vn 0.6937 -0.6909 -0.2036
vn 0.6998 -0.6916 -0.1787
vn 0.6995 -0.6919 -0.1789
vn 0.7049 -0.6925 -0.1533
vn 0.7046 -0.6928 -0.1535
vn 0.7093 -0.6933 -0.1271
vn 0.7091 -0.6935 -0.1273
vn 0.7976 -0.5926 -0.1123
vn 0.6046 -0.7814 -0.1544
vn 0.6091 -0.7820 -0.1322
vn 0.6088 -0.7822 -0.1324
vn 0.6126 -0.7828 -0.1096
vn 0.6124 -0.7829 -0.1098
vn 0.4908 -0.8648 -0.1065
vn 0.4937 -0.8651 -0.0881
vn 0.4935 -0.8653 -0.0883
vn 0.7130 -0.6940 -0.1002
vn 0.6154 -0.7834 -0.0865
vn 0.6156 -0.7833 -0.0864
vn 0.4959 -0.8656 -0.0696
vn 0.9818 0.1619 -0.0994
vn 0.4348 0.8831 -0.1761
vn 0.4423 0.8840 -0.1515
vn 0.5488 0.8145 -0.1880
vn 0.5555 0.8154 -0.1625
vn 0.6537 0.7322 -0.1912
vn 0.6592 0.7329 -0.1685
vn 0.7472 0.6366 -0.1910
vn 0.7529 0.6373 -0.1641
vn 0.8282 0.5305 -0.1805
vn 0.8340 0.5311 -0.1498
vn 0.8957 0.4146 -0.1609
vn 0.9010 0.4149 -0.1268
vn 0.9476 0.2904 -0.1334
vn 0.9520 0.2906 -0.0964
vn 0.9818 0.1619 -0.0995
vn 0.9850 0.1619 -0.0604
vn 0.9278 -0.3611 -0.0940
vn 0.8722 -0.4811 -0.0884
vn 0.8011 -0.5930 -0.0812
vn 0.7158 -0.6945 -0.0726
vn 0.5726 0.8191 -0.0351
vn 0.6757 0.7360 -0.0415
vn 0.9838 0.0297 -0.1767
vn 0.9898 0.0297 -0.1392
vn 0.9898 0.0296 -0.1392
vn 0.9945 0.0297 -0.1007
vn 0.9977 0.0297 -0.0611
vn 0.9849 -0.1034 -0.1385
vn 0.9896 -0.1035 -0.1002
vn 0.9928 -0.1035 -0.0608
vn 0.8749 -0.4814 -0.0537
vn 0.8035 -0.5933 -0.0493
vn 0.7179 -0.6948 -0.0441
vn 0.6195 -0.7841 -0.0380
vn 0.8820 -0.4712 -0.0004
vn 0.9308 -0.3611 -0.0571
vn 0.9320 -0.3613 -0.0298
vn 0.9570 -0.2901 0.0059
vn 0.9673 -0.2340 -0.0980
vn 0.9704 -0.2341 -0.0595
vn 0.9704 -0.2340 -0.0595
vn 0.9718 -0.2341 -0.0276
vn 0.9946 -0.1035 -0.0095
vn 0.9952 -0.0979 -0.0048
vn 0.9991 0.0297 -0.0301
vn 0.9080 0.4153 -0.0557
vn 0.9092 0.4154 -0.0273
vn 0.8820 0.4711 0.0078
vn 0.8450 0.5322 -0.0519
vn 0.8460 0.5324 -0.0277
vn 0.7732 0.6341 0.0008
vn 0.7674 0.6395 -0.0471
vn 0.7674 0.6394 -0.0471
vn 0.7688 0.6395 -0.0052
vn 0.6764 0.7362 -0.0214
vn 0.6347 0.7726 0.0138
vn 0.5730 0.8192 -0.0234
vn 0.8424 0.5320 -0.0854
vn 0.7652 0.6392 -0.0776
vn 0.7651 0.6392 -0.0775
vn 0.6739 0.7357 -0.0683
vn 0.6738 0.7358 -0.0682
vn 0.5711 0.8188 -0.0578
vn 0.5711 0.8189 -0.0578
vn 0.4811 0.8753 -0.0487
vn 0.5112 0.8589 -0.0313
vn 0.2554 0.9640 0.0746
vn 0.4520 0.8866 -0.0980
vn 0.4518 0.8868 -0.0977
vn 0.4544 0.8871 -0.0812
vn 0.4529 0.8880 -0.0795
vn 0.4705 0.8800 -0.0660
vn 0.4654 0.8837 -0.0499
vn 0.4490 0.8862 -0.1139
vn 0.3591 0.9288 -0.0911
vn 0.3436 0.9362 -0.0743
vn 0.2552 0.9665 -0.0272
vn 0.9570 0.2901 -0.0058
vn 0.9568 0.2906 -0.0062
vn 0.9551 0.2906 -0.0586
vn 0.9080 0.4154 -0.0557
vn 0.9051 0.4151 -0.0918
vn 0.8387 0.5316 -0.1180
vn 0.7620 0.6387 -0.1072
vn 0.7578 0.6382 -0.1359
vn 0.6678 0.7346 -0.1198
vn 0.6636 0.7341 -0.1442
vn 0.5632 0.8172 -0.1224
vn 0.5593 0.8167 -0.1423
vn 0.4494 0.8860 -0.1143
vn 0.4460 0.8856 -0.1296
vn 0.3486 0.9318 -0.1013
vn 0.3174 0.9426 -0.1036
vn 0.9952 0.0980 0.0049
vn 0.9864 0.1620 -0.0294
vn 0.9550 0.2906 -0.0585
vn 0.9520 0.2905 -0.0965
vn 0.9051 0.4152 -0.0917
vn 0.8387 0.5316 -0.1181
vn 0.8340 0.5311 -0.1497
vn 0.7579 0.6381 -0.1361
vn 0.7528 0.6375 -0.1639
vn 0.6638 0.7338 -0.1445
vn 0.6589 0.7332 -0.1681
vn 0.5596 0.8164 -0.1427
vn 0.5552 0.8158 -0.1620
vn 0.4464 0.8853 -0.1302
vn 0.4413 0.8846 -0.1505
vn 0.3287 0.9378 -0.1121
vn 0.3326 0.9334 -0.1347
vn 0.3289 0.9347 -0.1351
vn 0.3333 0.9297 -0.1565
vn 0.3363 0.9287 -0.1565
vn 0.3463 0.9197 -0.1851
vn 0.3008 0.9375 -0.1751
vn 0.4170 0.8775 -0.2367
vn 0.6339 0.5968 -0.4919
vn 0.6571 0.5248 -0.5411
vn 0.6780 0.5058 -0.5333
vn 0.6906 0.4375 -0.5759
vn 0.7155 0.3947 -0.5763
vn 0.7182 0.3483 -0.6024
vn 0.7414 0.2777 -0.6109
vn 0.7403 0.2595 -0.6202
vn 0.7534 0.1736 -0.6342
vn 0.7587 0.1560 -0.6325
vn 0.7590 0.0950 -0.6442
vn 0.7663 0.0288 -0.6418
vn 0.7662 0.0282 -0.6420
vn 0.7607 -0.0450 -0.6476
vn 0.7639 -0.1002 -0.6375
vn 0.7568 -0.1309 -0.6404
vn 0.7490 -0.2121 -0.6277
vn 0.7500 -0.2244 -0.6222
vn 0.7312 -0.2951 -0.6150
vn 0.7280 -0.3437 -0.5932
vn 0.7120 -0.3761 -0.5930
vn 0.6931 -0.4528 -0.5609
vn 0.6951 -0.4572 -0.5548
vn 0.7507 -0.5845 -0.3079
vn 0.7333 -0.5829 -0.3500
vn 0.7346 -0.5814 -0.3497
vn 0.7156 -0.5798 -0.3897
vn 0.7172 -0.5779 -0.3895
vn 0.6966 -0.5762 -0.4275
vn 0.6985 -0.5739 -0.4274
vn 0.6764 -0.5723 -0.4637
vn 0.6786 -0.5697 -0.4637
vn 0.6586 -0.5683 -0.4932
vn 0.6340 -0.6042 -0.4826
vn 0.6724 -0.6868 -0.2758
vn 0.6738 -0.6856 -0.2756
vn 0.6587 -0.6839 -0.3136
vn 0.6604 -0.6824 -0.3134
vn 0.6438 -0.6806 -0.3497
vn 0.6459 -0.6787 -0.3496
vn 0.6278 -0.6769 -0.3842
vn 0.6303 -0.6746 -0.3842
vn 0.6108 -0.6729 -0.4174
vn 0.6136 -0.6702 -0.4176
vn 0.6009 -0.6692 -0.4371
vn 0.5945 -0.6754 -0.4363
vn 0.5500 -0.7656 -0.3337
vn 0.5378 -0.7645 -0.3555
vn 0.5530 -0.7433 -0.3763
vn 0.5390 -0.7463 -0.3905
vn 0.4575 -0.8548 -0.2449
vn 0.4492 -0.8541 -0.2623
vn 0.4707 -0.8348 -0.2856
vn 0.4613 -0.8265 -0.3226
vn 0.3964 -0.8848 -0.2449
vn 0.3617 -0.9122 -0.1923
vn 0.3588 -0.9134 -0.1921
vn 0.3516 -0.9219 -0.1626
vn 0.3474 -0.9234 -0.1633
vn 0.6859 -0.6884 -0.2360
vn 0.5929 -0.7790 -0.2040
vn 0.5941 -0.7782 -0.2038
vn 0.4790 -0.8623 -0.1643
vn 0.4803 -0.8616 -0.1640
vn 0.3413 -0.9327 -0.1165
vn 0.3472 -0.9271 -0.1408
vn 0.3429 -0.9286 -0.1420
vn 0.4882 -0.8639 -0.1239
vn 0.3710 -0.9239 -0.0941
vn 0.3651 -0.9249 -0.1062
vn 0.3378 -0.9343 -0.1136
vn 0.8230 0.0290 -0.5672
vn 0.8191 -0.1014 -0.5646
vn 0.8469 -0.1015 -0.5221
vn 0.8287 -0.2288 -0.5108
vn 0.8542 -0.2293 -0.4667
vn 0.8210 -0.3534 -0.4485
vn 0.8437 -0.3544 -0.4033
vn 0.7950 -0.4728 -0.3800
vn 0.8143 -0.4742 -0.3347
vn 0.7497 -0.5857 -0.3082
vn 0.7652 -0.5872 -0.2639
vn 0.6849 -0.6893 -0.2362
vn 0.6942 -0.6905 -0.2033
vn 0.6000 -0.7805 -0.1757
vn 0.6051 -0.7811 -0.1541
vn 0.4877 -0.8641 -0.1242
vn 0.4911 -0.8646 -0.1063
vn 0.3582 -0.9304 -0.0775
vn 0.3298 -0.9422 -0.0589
vn 0.3426 -0.9372 -0.0650
vn 0.4892 -0.8701 -0.0604
vn 0.4911 -0.8686 -0.0664
vn 0.5187 -0.8534 -0.0525
vn 0.6506 0.6150 -0.4455
vn 0.7083 0.5129 -0.4850
vn 0.7306 0.5144 -0.4490
vn 0.7796 0.4034 -0.4791
vn 0.8026 0.4046 -0.4383
vn 0.8413 0.2850 -0.4594
vn 0.8644 0.2858 -0.4138
vn 0.8903 0.1602 -0.4262
vn 0.9126 0.1605 -0.3761
vn 0.9542 -0.1033 -0.2808
vn 0.9329 -0.2331 -0.2745
vn 0.9039 -0.3597 -0.2316
vn 0.9115 -0.3601 -0.1988
vn 0.8572 -0.4798 -0.1869
vn 0.8633 -0.4803 -0.1550
vn 0.7932 -0.5921 -0.1424
vn 0.7977 -0.5925 -0.1122
vn 0.7129 -0.6941 -0.1003
vn 0.7159 -0.6945 -0.0725
vn 0.6179 -0.7838 -0.0626
vn 0.6195 -0.7840 -0.0380
vn 0.5236 -0.8514 -0.0321
vn 0.5145 -0.8572 -0.0238
vn 0.6468 -0.5446 -0.5339
vn 0.6668 -0.5458 -0.5075
vn 0.7075 -0.4577 -0.5385
vn 0.7058 -0.4602 -0.5386
vn 0.7464 -0.3442 -0.5696
vn 0.7453 -0.3461 -0.5698
vn 0.7741 -0.2248 -0.5918
vn 0.7736 -0.2259 -0.5920
vn 0.7902 -0.1003 -0.6046
vn 0.7900 -0.1008 -0.6047
vn 0.7937 0.0288 -0.6076
vn 0.7938 0.0290 -0.6075
vn 0.7844 0.1562 -0.6003
vn 0.7845 0.1569 -0.6000
vn 0.7630 0.2781 -0.5836
vn 0.7630 0.2796 -0.5828
vn 0.7300 0.3952 -0.5576
vn 0.7298 0.3975 -0.5563
vn 0.6859 0.5061 -0.5228
vn 0.6853 0.5090 -0.5208
vn 0.6421 0.5913 -0.4879
vn 0.6356 0.6140 -0.4681
vn 0.5901 0.6740 -0.4444
vn 0.5776 0.7117 -0.3998
vn 0.4849 0.7778 -0.3998
vn 0.5418 0.7557 -0.3679
vn 0.5161 0.7830 -0.3471
vn 0.5045 0.8015 -0.3209
vn 0.4501 0.8404 -0.3019
vn 0.4378 0.8630 -0.2521
vn 0.4157 0.8740 -0.2516
vn 0.5086 0.8041 -0.3078
vn 0.5214 0.8055 -0.2817
vn 0.6085 0.7223 -0.3287
vn 0.6231 0.7238 -0.2963
vn 0.7022 0.6288 -0.3339
vn 0.7181 0.6304 -0.2949
vn 0.7871 0.5253 -0.3233
vn 0.8034 0.5267 -0.2777
vn 0.8613 0.4118 -0.2977
vn 0.8738 0.4127 -0.2571
vn 0.9642 0.1617 -0.2102
vn 0.9790 -0.1034 -0.1758
vn 0.9849 -0.1035 -0.1386
vn 0.9628 -0.2339 -0.1354
vn 0.9278 -0.3610 -0.0940
vn 0.9307 -0.3612 -0.0571
vn 0.8749 -0.4813 -0.0537
vn 0.8765 -0.4814 -0.0099
vn 0.8046 -0.5934 -0.0228
vn 0.7732 -0.6341 0.0101
vn 0.7186 -0.6949 -0.0265
vn 0.6348 -0.7727 0.0075
vn 0.6205 -0.7842 -0.0073
vn 0.5715 -0.8206 -0.0110
vn -0.7169 -0.6946 -0.0599
vn -0.6188 -0.7839 -0.0517
vn -0.6157 -0.7834 -0.0846
vn -0.5719 0.8190 -0.0478
vn -0.5719 0.8189 -0.0478
vn -0.5691 0.8185 -0.0783
vn -0.5693 0.8184 -0.0782
vn -0.5653 0.8178 -0.1077
vn -0.5605 0.8169 -0.1359
vn -0.5656 0.8176 -0.1075
vn -0.8304 -0.4770 -0.2880
vn -0.8424 -0.4779 -0.2489
vn -0.8422 -0.4783 -0.2487
vn -0.8736 -0.4812 -0.0731
vn -0.8736 -0.4812 -0.0730
vn -0.8686 -0.4808 -0.1197
vn -0.8616 -0.4802 -0.1645
vn -0.8616 -0.4801 -0.1646
vn -0.8527 -0.4794 -0.2075
vn -0.8528 -0.4791 -0.2077
vn -0.6533 0.7322 -0.1925
vn -0.6748 0.7359 -0.0564
vn -0.6749 0.7358 -0.0564
vn -0.6713 0.7354 -0.0925
vn -0.6715 0.7352 -0.0924
vn -0.6665 0.7346 -0.1271
vn -0.6668 0.7343 -0.1270
vn -0.6605 0.7335 -0.1605
vn -0.6609 0.7331 -0.1603
vn -0.4465 0.8852 -0.1304
vn -0.5496 0.8138 -0.1890
vn -0.4411 0.8845 -0.1517
vn -0.8024 -0.5931 -0.0671
vn -0.7980 -0.5926 -0.1099
vn -0.7980 -0.5925 -0.1100
vn -0.7918 -0.5918 -0.1511
vn -0.7919 -0.5916 -0.1512
vn -0.7840 -0.5908 -0.1906
vn -0.7841 -0.5905 -0.1908
vn -0.7747 -0.5896 -0.2284
vn -0.7750 -0.5890 -0.2288
vn -0.7644 -0.5880 -0.2647
vn -0.7647 -0.5873 -0.2652
vn -0.8305 -0.4765 -0.2884
vn -0.7133 -0.6940 -0.0983
vn -0.7079 -0.6933 -0.1349
vn -0.7081 -0.6931 -0.1351
vn -0.7014 -0.6922 -0.1702
vn -0.7016 -0.6919 -0.1706
vn -0.6936 -0.6909 -0.2041
vn -0.6940 -0.6903 -0.2046
vn -0.6849 -0.6892 -0.2366
vn -0.6853 -0.6885 -0.2373
vn -0.6117 -0.7825 -0.1166
vn -0.6061 -0.7817 -0.1468
vn -0.6065 -0.7813 -0.1472
vn -0.5999 -0.7805 -0.1760
vn -0.6004 -0.7799 -0.1767
vn -0.5929 -0.7790 -0.2042
vn -0.5935 -0.7783 -0.2050
vn -0.4892 -0.8641 -0.1185
vn -0.4842 -0.8634 -0.1415
vn -0.4848 -0.8630 -0.1423
vn -0.4791 -0.8623 -0.1642
vn -0.4798 -0.8617 -0.1652
vn -0.5416 0.8128 -0.2145
vn -0.4421 0.8841 -0.1514
vn -0.4360 0.8834 -0.1720
vn -0.5430 0.8120 -0.2142
vn -0.5341 0.8109 -0.2389
vn -0.6376 0.7278 -0.2525
vn -0.6269 0.7266 -0.2814
vn -0.6283 0.7254 -0.2811
vn -0.9535 0.2905 -0.0797
vn -0.9535 0.2906 -0.0797
vn -0.9480 0.2903 -0.1306
vn -0.9479 0.2904 -0.1306
vn -0.9400 0.2901 -0.1795
vn -0.9400 0.2901 -0.1796
vn -0.9299 0.2897 -0.2265
vn -0.9180 0.2892 -0.2714
vn -0.9180 0.2891 -0.2713
vn -0.9044 0.2886 -0.3143
vn -0.9045 0.2884 -0.3142
vn -0.8894 0.2878 -0.3552
vn -0.8895 0.2874 -0.3551
vn -0.8731 0.2869 -0.3943
vn -0.8733 0.2865 -0.3942
vn -0.8556 0.2859 -0.4316
vn -0.8559 0.2853 -0.4314
vn -0.7271 -0.5817 -0.3647
vn -0.7408 -0.5829 -0.3337
vn -0.6544 -0.6812 -0.3282
vn -0.5176 0.8066 -0.2856
vn -0.4205 0.8777 -0.2296
vn -0.6077 0.7199 -0.3352
vn -0.6057 0.7215 -0.3355
vn -0.8370 0.2846 -0.4673
vn -0.8374 0.2840 -0.4671
vn -0.7135 -0.5775 -0.3968
vn -0.5595 -0.7689 -0.3093
vn -0.6418 -0.6800 -0.3547
vn -0.5485 -0.7678 -0.3312
vn -0.5943 0.7185 -0.3613
vn -0.4184 0.8788 -0.2297
vn -0.5198 0.8052 -0.2854
vn -0.5086 0.8040 -0.3079
vn -0.5965 0.7168 -0.3611
vn -0.5821 0.7154 -0.3864
vn -0.8175 0.2833 -0.5014
vn -0.8180 0.2825 -0.5011
vn -0.6980 -0.5762 -0.4251
vn -0.6986 -0.5744 -0.4267
vn -0.6826 0.6247 -0.3792
vn -0.6842 0.6231 -0.3789
vn -0.6686 0.6218 -0.4079
vn -0.6704 0.6200 -0.4076
vn -0.6539 0.6186 -0.4356
vn -0.6560 0.6166 -0.4354
vn -0.7971 0.2820 -0.5340
vn -0.7976 0.2810 -0.5337
vn -0.6824 -0.5732 -0.4537
vn -0.6829 -0.5711 -0.4555
vn -0.6427 0.6156 -0.4560
vn -0.5847 0.7134 -0.3863
vn -0.5731 0.7124 -0.4050
vn -0.6443 0.6145 -0.4553
vn -0.6349 0.6138 -0.4692
vn -0.7812 0.2806 -0.5576
vn -0.7817 0.2801 -0.5573
vn -0.6704 -0.5703 -0.4747
vn -0.6703 -0.5691 -0.4762
vn -0.6301 -0.6751 -0.3837
vn -0.6161 -0.6738 -0.4079
vn -0.6170 -0.6716 -0.4102
vn -0.6062 -0.6707 -0.4274
vn -0.6062 -0.6695 -0.4292
vn -0.5983 -0.6689 -0.4412
vn -0.6621 -0.5685 -0.4883
vn -0.7467 0.5192 -0.4158
vn -0.7479 0.5177 -0.4155
vn -0.7305 0.5165 -0.4468
vn -0.7318 0.5149 -0.4465
vn -0.7135 0.5136 -0.4766
vn -0.7150 0.5118 -0.4763
vn -0.7004 0.5110 -0.4983
vn -0.7016 0.5099 -0.4977
vn -0.6913 0.5093 -0.5125
vn -0.6925 0.5084 -0.5118
vn -0.6365 0.6127 -0.4686
vn -0.7704 0.2798 -0.5730
vn -0.7708 0.2792 -0.5726
vn -0.6535 -0.5668 -0.5017
vn -0.6619 -0.5673 -0.4899
vn -0.6820 0.5078 -0.5263
vn -0.7592 0.2789 -0.5880
vn -0.7598 0.2784 -0.5876
vn -0.7479 0.2781 -0.6027
vn -0.7364 0.2772 -0.6171
vn -0.7485 0.2775 -0.6023
vn -0.9834 0.1618 -0.0822
vn -0.9834 0.1619 -0.0822
vn -0.9776 0.1619 -0.1346
vn -0.9776 0.1619 -0.1347
vn -0.9693 0.1617 -0.1851
vn -0.9693 0.1618 -0.1851
vn -0.9588 0.1616 -0.2335
vn -0.9464 0.1614 -0.2798
vn -0.9322 0.1611 -0.3240
vn -0.9323 0.1611 -0.3240
vn -0.9166 0.1608 -0.3662
vn -0.9166 0.1607 -0.3661
vn -0.8995 0.1603 -0.4064
vn -0.8996 0.1602 -0.4063
vn -0.8813 0.1599 -0.4447
vn -0.8814 0.1597 -0.4446
vn -0.8619 0.1594 -0.4814
vn -0.8620 0.1591 -0.4812
vn -0.8415 0.1588 -0.5163
vn -0.8417 0.1584 -0.5162
vn -0.8202 0.1581 -0.5498
vn -0.8204 0.1576 -0.5496
vn -0.8036 0.1575 -0.5739
vn -0.8038 0.1572 -0.5738
vn -0.7923 0.1570 -0.5896
vn -0.7925 0.1568 -0.5894
vn -0.7807 0.1567 -0.6050
vn -0.7809 0.1564 -0.6048
vn -0.7689 0.1562 -0.6200
vn -0.7691 0.1559 -0.6198
vn -0.7569 0.1558 -0.6347
vn -0.7571 0.1555 -0.6345
vn -0.9961 0.0297 -0.0832
vn -0.9902 0.0297 -0.1364
vn -0.9818 0.0297 -0.1875
vn -0.9712 0.0296 -0.2365
vn -0.9712 0.0297 -0.2365
vn -0.9586 0.0297 -0.2834
vn -0.9586 0.0296 -0.2834
vn -0.9442 0.0295 -0.3281
vn -0.9442 0.0296 -0.3281
vn -0.9282 0.0295 -0.3708
vn -0.9109 0.0295 -0.4115
vn -0.8924 0.0294 -0.4504
vn -0.8924 0.0294 -0.4503
vn -0.8727 0.0294 -0.4874
vn -0.8727 0.0292 -0.4874
vn -0.8520 0.0293 -0.5228
vn -0.8520 0.0292 -0.5228
vn -0.8303 0.0291 -0.5566
vn -0.8134 0.0290 -0.5810
vn -0.8019 0.0290 -0.5968
vn -0.7901 0.0289 -0.6123
vn -0.7781 0.0288 -0.6275
vn -0.7659 0.0288 -0.6424
vn -0.7659 0.0288 -0.6423
vn -0.9912 -0.1035 -0.0828
vn -0.9853 -0.1035 -0.1357
vn -0.9853 -0.1034 -0.1357
vn -0.9770 -0.1034 -0.1866
vn -0.9664 -0.1034 -0.2354
vn -0.9664 -0.1033 -0.2353
vn -0.9538 -0.1032 -0.2820
vn -0.9396 -0.1031 -0.3265
vn -0.9237 -0.1029 -0.3690
vn -0.9065 -0.1027 -0.4095
vn -0.9065 -0.1026 -0.4095
vn -0.8881 -0.1025 -0.4481
vn -0.8881 -0.1024 -0.4482
vn -0.8685 -0.1022 -0.4850
vn -0.8685 -0.1020 -0.4851
vn -0.8480 -0.1018 -0.5202
vn -0.8479 -0.1016 -0.5203
vn -0.8264 -0.1015 -0.5538
vn -0.8264 -0.1012 -0.5540
vn -0.8097 -0.1011 -0.5781
vn -0.8096 -0.1009 -0.5783
vn -0.7982 -0.1009 -0.5939
vn -0.7981 -0.1007 -0.5940
vn -0.7865 -0.1006 -0.6093
vn -0.7864 -0.1004 -0.6095
vn -0.7746 -0.1004 -0.6244
vn -0.7745 -0.1002 -0.6246
vn -0.7625 -0.1001 -0.6392
vn -0.7623 -0.0999 -0.6394
vn -0.6265 0.5987 -0.4990
vn -0.4617 0.7883 -0.4066
vn -0.4688 0.8279 -0.3078
vn -0.4154 0.8741 -0.2519
vn -0.3280 0.9318 -0.1556
vn -0.4321 0.8813 -0.1915
vn -0.3355 0.9302 -0.1487
vn -0.3250 0.9360 -0.1353
vn -0.5357 0.8100 -0.2387
vn -0.4305 0.8820 -0.1918
vn -0.4373 0.8828 -0.1718
vn -0.3338 0.9335 -0.1311
vn -0.3239 0.9396 -0.1109
vn -0.3172 0.9424 -0.1057
vn -0.3526 0.9301 -0.1030
vn -0.6365 0.7287 -0.2528
vn -0.6462 0.7299 -0.2230
vn -0.5486 0.8144 -0.1893
vn -0.5557 0.8153 -0.1628
vn -0.4457 0.8856 -0.1306
vn -0.4505 0.8862 -0.1086
vn -0.3546 0.9311 -0.0855
vn -0.2925 0.9551 -0.0460
vn -0.6453 0.7306 -0.2232
vn -0.6540 0.7316 -0.1922
vn -0.5549 0.8158 -0.1631
vn -0.5610 0.8166 -0.1357
vn -0.4499 0.8864 -0.1088
vn -0.4538 0.8869 -0.0863
vn -0.4506 0.8888 -0.0834
vn -0.4695 0.8806 -0.0645
vn -0.4620 0.8851 -0.0555
vn -0.5100 0.8591 -0.0426
vn -0.4480 0.8941 0.0008
vn -0.5728 0.8192 -0.0276
vn -0.5893 0.8077 -0.0178
vn -0.6348 0.7727 0.0017
vn -0.6764 0.7361 -0.0245
vn -0.7094 0.6287 -0.3184
vn -0.7083 0.6299 -0.3187
vn -0.7209 0.6312 -0.2864
vn -0.7200 0.6320 -0.2867
vn -0.7314 0.6333 -0.2530
vn -0.7307 0.6340 -0.2533
vn -0.7410 0.6351 -0.2183
vn -0.7405 0.6356 -0.2185
vn -0.7494 0.6366 -0.1821
vn -0.7491 0.6370 -0.1822
vn -0.7566 0.6378 -0.1443
vn -0.7564 0.6380 -0.1444
vn -0.7623 0.6387 -0.1050
vn -0.7622 0.6387 -0.1050
vn -0.7663 0.6392 -0.0641
vn -0.7663 0.6393 -0.0641
vn -0.7687 0.6395 -0.0139
vn -0.7733 0.6340 -0.0096
vn -0.7774 0.5228 -0.3498
vn -0.7766 0.5238 -0.3501
vn -0.7908 0.5249 -0.3149
vn -0.7902 0.5257 -0.3151
vn -0.8031 0.5268 -0.2784
vn -0.8026 0.5274 -0.2786
vn -0.8143 0.5284 -0.2403
vn -0.8140 0.5288 -0.2404
vn -0.8241 0.5298 -0.2005
vn -0.8239 0.5300 -0.2006
vn -0.8324 0.5308 -0.1589
vn -0.8324 0.5309 -0.1590
vn -0.8391 0.5316 -0.1156
vn -0.8437 0.5321 -0.0706
vn -0.8438 0.5320 -0.0706
vn -0.8460 0.5323 -0.0314
vn -0.8820 0.4711 -0.0059
vn -0.7621 0.5216 -0.3837
vn -0.7631 0.5204 -0.3833
vn -0.6958 0.6275 -0.3495
vn -0.6972 0.6261 -0.3492
vn -0.6166 0.7241 -0.3089
vn -0.6183 0.7228 -0.3086
vn -0.5261 0.8089 -0.2626
vn -0.5280 0.8077 -0.2623
vn -0.4246 0.8804 -0.2110
vn -0.4265 0.8796 -0.2108
vn -0.3458 0.9226 -0.1709
vn -0.3407 0.9216 -0.1860
vn -0.2439 0.9561 -0.1626
vn -0.4193 0.8777 -0.2322
vn -0.4179 0.8730 -0.2517
vn -0.5111 0.8025 -0.3078
vn -0.5040 0.8019 -0.3210
vn -0.5175 0.7844 -0.3419
vn -0.5090 0.7855 -0.3520
vn -0.5357 0.7557 -0.3768
vn -0.5748 0.7114 -0.4043
vn -0.5770 0.7115 -0.4011
vn -0.5880 0.6833 -0.4329
vn -0.5689 0.6859 -0.4538
vn -0.6364 0.6127 -0.4686
vn -0.6359 0.5969 -0.4892
vn -0.6833 0.5066 -0.5257
vn -0.6756 0.5062 -0.5360
vn -0.6739 0.5030 -0.5411
vn -0.6860 0.4986 -0.5299
vn -0.6821 0.4402 -0.5840
vn -0.7165 0.3942 -0.5755
vn -0.7166 0.3943 -0.5754
vn -0.7157 0.3952 -0.5759
vn -0.7271 0.3957 -0.5611
vn -0.7262 0.3964 -0.5617
vn -0.7373 0.3970 -0.5466
vn -0.7365 0.3977 -0.5471
vn -0.7474 0.3982 -0.5318
vn -0.7466 0.3990 -0.5323
vn -0.7623 0.3997 -0.5091
vn -0.7613 0.4011 -0.5095
vn -0.7811 0.4021 -0.4777
vn -0.7802 0.4034 -0.4780
vn -0.7991 0.4044 -0.4450
vn -0.7984 0.4054 -0.4453
vn -0.8161 0.4064 -0.4108
vn -0.8155 0.4073 -0.4111
vn -0.8322 0.4082 -0.3752
vn -0.8317 0.4090 -0.3754
vn -0.8472 0.4099 -0.3379
vn -0.8469 0.4105 -0.3381
vn -0.8611 0.4113 -0.2989
vn -0.8608 0.4117 -0.2990
vn -0.8736 0.4125 -0.2581
vn -0.8735 0.4128 -0.2582
vn -0.8846 0.4136 -0.2154
vn -0.8846 0.4137 -0.2154
vn -0.8940 0.4143 -0.1708
vn -0.8939 0.4144 -0.1708
vn -0.9013 0.4149 -0.1242
vn -0.9014 0.4149 -0.1242
vn -0.9066 0.4152 -0.0758
vn -0.9091 0.4154 -0.0318
vn -0.9567 0.2906 -0.0171
vn -0.9569 0.2901 -0.0168
vn -0.9862 0.1619 -0.0344
vn -0.9951 0.0980 -0.0095
vn -0.9989 0.0297 -0.0351
vn -0.9951 -0.0979 -0.0166
vn -0.9944 -0.1034 -0.0200
vn -0.7469 -0.2236 -0.6262
vn -0.7472 -0.2241 -0.6258
vn -0.7587 -0.2243 -0.6116
vn -0.7589 -0.2248 -0.6112
vn -0.7703 -0.2250 -0.5967
vn -0.7705 -0.2254 -0.5963
vn -0.7816 -0.2256 -0.5815
vn -0.7818 -0.2260 -0.5811
vn -0.7927 -0.2263 -0.5660
vn -0.7929 -0.2267 -0.5656
vn -0.8090 -0.2269 -0.5422
vn -0.8091 -0.2277 -0.5418
vn -0.8299 -0.2281 -0.5091
vn -0.8300 -0.2288 -0.5088
vn -0.8499 -0.2292 -0.4746
vn -0.8499 -0.2298 -0.4743
vn -0.8688 -0.2302 -0.4384
vn -0.8688 -0.2306 -0.4382
vn -0.8867 -0.2310 -0.4005
vn -0.8867 -0.2314 -0.4003
vn -0.9034 -0.2318 -0.3609
vn -0.9033 -0.2321 -0.3607
vn -0.9187 -0.2325 -0.3193
vn -0.9187 -0.2326 -0.3192
vn -0.9326 -0.2330 -0.2757
vn -0.9326 -0.2331 -0.2757
vn -0.9448 -0.2334 -0.2301
vn -0.9550 -0.2338 -0.1824
vn -0.9551 -0.2336 -0.1824
vn -0.9632 -0.2339 -0.1327
vn -0.9689 -0.2340 -0.0809
vn -0.9689 -0.2339 -0.0810
vn -0.9717 -0.2341 -0.0329
vn -0.9570 -0.2901 -0.0083
vn -0.7733 -0.6340 -0.0028
vn -0.7186 -0.6949 -0.0288
vn -0.5217 -0.8530 -0.0174
vn -0.5275 -0.8463 -0.0738
vn -0.6348 -0.7727 -0.0029
vn -0.6205 -0.7841 -0.0135
vn -0.6187 -0.7839 -0.0517
vn -0.5308 -0.8463 -0.0443
vn -0.4830 -0.8731 -0.0664
vn -0.4966 -0.8656 -0.0646
vn -0.4927 -0.8651 -0.0935
vn -0.1942 -0.9803 -0.0368
vn -0.3425 -0.9376 -0.0606
vn -0.3407 -0.9298 -0.1397
vn -0.4673 -0.8594 -0.2074
vn -0.3478 -0.9248 -0.1544
vn -0.3431 -0.9259 -0.1581
vn -0.5768 -0.7752 -0.2575
vn -0.4683 -0.8585 -0.2090
vn -0.4608 -0.8577 -0.2281
vn -0.3585 -0.9165 -0.1774
vn -0.3507 -0.9176 -0.1869
vn -0.6648 -0.6851 -0.2978
vn -0.5777 -0.7741 -0.2588
vn -0.5679 -0.7730 -0.2828
vn -0.4619 -0.8566 -0.2300
vn -0.4540 -0.8558 -0.2482
vn -0.3758 -0.9036 -0.2054
vn -0.3761 -0.8956 -0.2375
vn -0.7404 -0.5840 -0.3327
vn -0.6654 -0.6839 -0.2990
vn -0.6536 -0.6827 -0.3268
vn -0.5689 -0.7717 -0.2844
vn -0.5585 -0.7705 -0.3073
vn -0.4551 -0.8545 -0.2504
vn -0.4460 -0.8536 -0.2693
vn -0.4662 -0.8434 -0.2670
vn -0.4650 -0.8261 -0.3183
vn -0.7276 -0.5803 -0.3659
vn -0.7129 -0.5791 -0.3955
vn -0.6426 -0.6783 -0.3564
vn -0.6293 -0.6770 -0.3817
vn -0.5496 -0.7660 -0.3334
vn -0.5373 -0.7647 -0.3557
vn -0.5427 -0.7609 -0.3556
vn -0.5433 -0.7470 -0.3830
vn -0.5397 -0.7483 -0.3857
vn -0.5927 -0.6724 -0.4434
vn -0.6082 -0.6680 -0.4289
vn -0.6135 -0.6338 -0.4710
vn -0.3375 -0.7742 -0.5354
vn -0.6548 -0.5762 -0.4891
vn -0.6594 -0.5542 -0.5081
vn -0.6541 -0.5452 -0.5243
vn -0.5989 -0.5822 -0.5499
vn -0.7181 -0.4360 -0.5425
vn -0.8030 -0.4738 -0.3617
vn -0.8032 -0.4728 -0.3623
vn -0.7877 -0.4717 -0.3961
vn -0.7880 -0.4707 -0.3970
vn -0.7716 -0.4696 -0.4292
vn -0.7718 -0.4683 -0.4301
vn -0.7546 -0.4672 -0.4609
vn -0.7548 -0.4656 -0.4620
vn -0.7367 -0.4646 -0.4914
vn -0.7369 -0.4628 -0.4927
vn -0.7230 -0.4621 -0.5136
vn -0.7228 -0.4611 -0.5148
vn -0.7134 -0.4606 -0.5280
vn -0.7132 -0.4596 -0.5292
vn -0.7037 -0.4591 -0.5422
vn -0.7034 -0.4581 -0.5435
vn -0.6938 -0.4576 -0.5561
vn -0.6935 -0.4565 -0.5574
vn -0.6944 -0.4565 -0.5562
vn -0.7038 -0.3848 -0.5972
vn -0.8174 -0.4748 -0.3262
vn -0.8172 -0.4755 -0.3256
vn -0.7533 -0.5852 -0.3002
vn -0.7528 -0.5862 -0.2994
vn -0.6758 -0.6863 -0.2688
vn -0.6752 -0.6873 -0.2678
vn -0.5859 -0.7763 -0.2324
vn -0.5852 -0.7772 -0.2313
vn -0.4742 -0.8602 -0.1875
vn -0.4734 -0.8609 -0.1862
vn -0.3470 -0.9279 -0.1365
vn -0.3427 -0.9321 -0.1175
vn -0.3353 -0.9356 -0.1104
vn -0.3654 -0.9247 -0.1068
vn -0.3750 -0.9226 -0.0905
vn -0.4888 -0.8644 -0.1180
vn -0.4931 -0.8649 -0.0938
vn -0.6114 -0.7827 -0.1163
vn -0.6158 -0.7833 -0.0848
vn -0.7132 -0.6941 -0.0982
vn -0.7170 -0.6945 -0.0600
vn -0.8045 -0.5933 -0.0272
vn -0.8763 -0.4814 -0.0188
vn -0.8820 -0.4711 -0.0118
vn -0.9318 -0.3613 -0.0340
vn -0.9293 -0.3611 -0.0777
vn -0.9239 -0.3608 -0.1273
vn -0.9162 -0.3604 -0.1750
vn -0.9065 -0.3599 -0.2207
vn -0.9066 -0.3597 -0.2208
vn -0.8950 -0.3592 -0.2645
vn -0.8951 -0.3589 -0.2646
vn -0.8820 -0.3582 -0.3063
vn -0.8820 -0.3579 -0.3065
vn -0.8675 -0.3572 -0.3462
vn -0.8676 -0.3567 -0.3465
vn -0.8519 -0.3559 -0.3843
vn -0.8519 -0.3553 -0.3847
vn -0.8351 -0.3545 -0.4207
vn -0.8351 -0.3537 -0.4212
vn -0.8173 -0.3529 -0.4555
vn -0.8174 -0.3520 -0.4561
vn -0.7986 -0.3512 -0.4888
vn -0.7986 -0.3501 -0.4895
vn -0.7790 -0.3493 -0.5208
vn -0.7790 -0.3480 -0.5216
vn -0.7638 -0.3475 -0.5440
vn -0.7636 -0.3468 -0.5447
vn -0.7533 -0.3465 -0.5590
vn -0.7531 -0.3457 -0.5598
vn -0.7427 -0.3454 -0.5738
vn -0.7424 -0.3446 -0.5746
vn -0.7318 -0.3443 -0.5882
vn -0.7315 -0.3434 -0.5891
vn -0.7278 -0.3433 -0.5936
vn -0.7270 -0.3176 -0.6088
vn -0.7117 -0.3099 -0.6305
vn -0.7488 -0.2236 -0.6239
vn -0.7431 -0.2171 -0.6329
vn -0.7439 -0.1367 -0.6541
vn -0.7611 -0.0999 -0.6409
vn -0.6774 0.3720 -0.6346
vn -0.7147 0.3625 -0.5981
vn -0.7304 0.3046 -0.6113
vn -0.7423 0.2705 -0.6130
vn -0.7315 0.2621 -0.6294
vn -0.7430 0.1764 -0.6457
vn -0.7559 0.1555 -0.6359
vn -0.7470 0.0972 -0.6577
vn -0.7620 0.0282 -0.6470
vn -0.7617 0.0287 -0.6473
vn -0.7476 -0.0471 -0.6624
s 0
usemtl Tit11
f 1//1 2//1 3//1
f 3//1 2//1 4//1
f 3//1 4//1 5//1
f 5//1 4//1 6//1
f 5//1 6//1 7//1
f 7//1 6//1 8//1
f 7//1 8//1 9//1
f 9//1 8//1 10//1
f 9//1 10//1 11//1
f 11//1 10//1 12//1
f 11//1 12//1 13//1
f 13//1 12//1 14//1
f 13//1 14//1 15//1
f 15//1 14//1 16//1
f 15//1 16//1 17//1
f 17//1 16//1 18//1
f 17//1 18//1 19//1
f 19//1 18//1 20//1
f 20//1 18//1 21//1
f 20//1 21//1 22//1
f 22//1 21//1 23//1
f 22//1 23//1 24//1
f 24//1 23//1 25//1
f 24//1 25//1 26//1
f 26//1 25//1 27//1
f 26//1 27//1 28//1
f 28//1 27//1 29//1
f 28//1 29//1 30//1
f 30//1 29//1 31//1
f 30//1 31//1 32//1
f 32//1 31//1 33//1
f 32//1 33//1 34//1
f 34//1 33//1 35//1
f 34//1 35//1 36//1
f 34//1 36//1 37//1
f 37//1 36//1 38//1
f 37//1 38//1 39//1
f 39//1 38//1 40//1
f 39//1 40//1 41//1
f 41//1 40//1 42//1
f 41//1 42//1 43//1
f 43//1 42//1 44//1
f 43//1 44//1 45//1
f 45//1 44//1 46//1
f 45//1 46//1 47//1
f 47//1 46//1 48//1
f 47//1 48//1 49//1
f 49//1 48//1 50//1
f 49//1 50//1 51//1
f 51//1 50//1 52//1
f 52//1 50//1 53//1
f 52//1 53//1 54//1
f 54//1 53//1 55//1
f 54//1 55//1 56//1
f 56//1 55//1 57//1
f 56//1 57//1 58//1
f 58//1 57//1 59//1
f 58//1 59//1 60//1
f 60//1 59//1 61//1
f 60//1 61//1 62//1
f 62//1 61//1 63//1
f 62//1 63//1 64//1
f 64//1 63//1 1//1
f 64//1 1//1 3//1
f 65//2 66//2 67//2
f 67//2 66//2 68//2
f 67//2 68//2 69//2
f 69//2 68//2 70//2
f 69//2 70//2 71//2
f 71//2 70//2 72//2
f 71//2 72//2 73//2
f 73//2 72//2 74//2
f 73//2 74//2 75//2
f 76//2 77//2 65//2
f 65//2 77//2 78//2
f 65//2 78//2 66//2
f 76//2 79//2 77//2
f 77//2 79//2 80//2
f 80//2 79//2 81//2
f 81//2 79//2 82//2
f 81//2 82//2 83//2
f 83//2 82//2 84//2
f 83//2 84//2 85//2
f 86//2 87//2 85//2
f 85//2 87//2 88//2
f 85//2 88//2 83//2
f 86//2 89//2 87//2
f 87//2 89//2 90//2
f 90//2 89//2 91//2
f 91//2 89//2 92//2
f 91//2 92//2 93//2
f 94//2 95//2 93//2
f 93//2 95//2 96//2
f 93//2 96//2 91//2
f 94//2 97//2 95//2
f 95//2 97//2 98//2
f 98//2 97//2 99//2
f 98//2 99//2 100//2
f 100//2 99//2 101//2
f 101//2 99//2 102//2
f 101//2 102//2 103//2
f 104//2 105//2 103//2
f 103//2 105//2 106//2
f 103//2 106//2 101//2
f 105//2 104//2 107//2
f 107//2 104//2 108//2
f 107//2 108//2 109//2
f 109//2 108//2 110//2
f 109//2 110//2 111//2
f 111//2 110//2 112//2
f 111//2 112//2 113//2
f 113//2 112//2 114//2
f 114//2 112//2 115//2
f 114//2 115//2 116//2
f 116//2 115//2 117//2
f 116//2 117//2 118//2
f 118//2 117//2 119//2
f 119//2 117//2 120//2
f 119//2 120//2 121//2
f 121//2 120//2 122//2
f 122//2 120//2 123//2
f 122//2 123//2 124//2
f 124//2 123//2 125//2
f 124//2 125//2 126//2
f 126//2 125//2 127//2
f 127//2 125//2 128//2
f 127//2 128//2 129//2
f 129//2 128//2 130//2
f 129//2 130//2 131//2
f 131//2 130//2 132//2
f 132//2 130//2 133//2
f 132//2 133//2 134//2
f 134//2 133//2 135//2
f 135//2 133//2 136//2
f 135//2 136//2 75//2
f 75//2 136//2 73//2
f 137//2 138//2 139//2
f 139//2 138//2 140//2
f 139//2 140//2 141//2
f 141//2 140//2 142//2
f 141//2 142//2 143//2
f 143//2 142//2 144//2
f 143//2 144//2 145//2
f 145//2 144//2 146//2
f 145//2 146//2 147//2
f 148//2 149//2 137//2
f 137//2 149//2 150//2
f 137//2 150//2 138//2
f 148//2 151//2 149//2
f 149//2 151//2 152//2
f 152//2 151//2 153//2
f 153//2 151//2 154//2
f 153//2 154//2 155//2
f 155//2 154//2 156//2
f 155//2 156//2 157//2
f 158//2 159//2 157//2
f 157//2 159//2 160//2
f 157//2 160//2 155//2
f 158//2 161//2 159//2
f 159//2 161//2 162//2
f 162//2 161//2 163//2
f 163//2 161//2 164//2
f 163//2 164//2 165//2
f 166//2 167//2 165//2
f 165//2 167//2 168//2
f 165//2 168//2 163//2
f 166//2 169//2 167//2
f 167//2 169//2 170//2
f 170//2 169//2 171//2
f 170//2 171//2 172//2
f 172//2 171//2 173//2
f 173//2 171//2 174//2
f 173//2 174//2 175//2
f 176//2 177//2 175//2
f 175//2 177//2 178//2
f 175//2 178//2 173//2
f 177//2 176//2 179//2
f 179//2 176//2 180//2
f 179//2 180//2 181//2
f 181//2 180//2 182//2
f 181//2 182//2 183//2
f 183//2 182//2 184//2
f 183//2 184//2 185//2
f 185//2 184//2 186//2
f 186//2 184//2 187//2
f 186//2 187//2 188//2
f 188//2 187//2 189//2
f 188//2 189//2 190//2
f 190//2 189//2 191//2
f 191//2 189//2 192//2
f 191//2 192//2 193//2
f 193//2 192//2 194//2
f 194//2 192//2 195//2
f 194//2 195//2 196//2
f 196//2 195//2 197//2
f 196//2 197//2 198//2
f 198//2 197//2 199//2
f 199//2 197//2 200//2
f 199//2 200//2 201//2
f 201//2 200//2 202//2
f 201//2 202//2 203//2
f 203//2 202//2 204//2
f 204//2 202//2 205//2
f 204//2 205//2 206//2
f 206//2 205//2 207//2
f 207//2 205//2 208//2
f 207//2 208//2 147//2
f 147//2 208//2 145//2
f 209//3 177//3 210//3
f 211//3 212//3 66//3
f 213//3 212//3 211//3
f 211//3 214//3 213//3
f 211//3 215//3 214//3
f 216//3 215//3 211//3
f 216//3 217//3 215//3
f 218//3 217//3 216//3
f 218//3 219//3 217//3
f 220//3 219//3 218//3
f 220//3 221//3 219//3
f 222//3 221//3 220//3
f 222//3 223//3 221//3
f 224//3 223//3 222//3
f 224//3 225//3 223//3
f 226//3 225//3 224//3
f 227//3 225//3 226//3
f 227//3 228//3 225//3
f 229//3 228//3 227//3
f 229//3 230//3 228//3
f 231//3 230//3 229//3
f 232//3 230//3 231//3
f 232//3 233//3 230//3
f 234//3 233//3 232//3
f 234//3 235//3 233//3
f 236//3 235//3 234//3
f 236//3 237//3 235//3
f 238//3 237//3 236//3
f 239//3 237//3 238//3
f 239//3 240//3 237//3
f 241//3 240//3 239//3
f 242//3 240//3 241//3
f 243//3 240//3 242//3
f 243//3 244//3 240//3
f 245//3 244//3 243//3
f 246//3 244//3 245//3
f 247//3 244//3 246//3
f 247//3 248//3 244//3
f 249//3 248//3 247//3
f 250//3 248//3 249//3
f 251//3 248//3 250//3
f 251//3 252//3 248//3
f 253//3 252//3 251//3
f 254//3 252//3 253//3
f 255//3 252//3 254//3
f 255//3 256//3 252//3
f 257//3 256//3 255//3
f 258//3 256//3 257//3
f 258//3 259//3 256//3
f 260//3 259//3 258//3
f 261//3 259//3 260//3
f 262//3 259//3 261//3
f 263//3 259//3 262//3
f 264//3 265//3 263//3
f 263//3 265//3 266//3
f 266//3 265//3 267//3
f 266//3 267//3 268//3
f 268//3 267//3 269//3
f 268//3 269//3 270//3
f 270//3 269//3 271//3
f 270//3 271//3 272//3
f 272//3 271//3 273//3
f 272//3 273//3 274//3
f 274//3 273//3 275//3
f 274//3 275//3 276//3
f 276//3 275//3 277//3
f 276//3 277//3 278//3
f 278//3 277//3 279//3
f 278//3 279//3 280//3
f 280//3 279//3 35//3
f 262//3 264//3 263//3
f 262//3 281//3 264//3
f 282//3 281//3 262//3
f 283//3 281//3 282//3
f 284//3 281//3 283//3
f 284//3 285//3 281//3
f 286//3 285//3 284//3
f 287//3 285//3 286//3
f 287//3 288//3 285//3
f 289//3 288//3 287//3
f 290//3 288//3 289//3
f 291//3 288//3 290//3
f 291//3 292//3 288//3
f 293//3 292//3 291//3
f 294//3 292//3 293//3
f 295//3 292//3 294//3
f 295//3 296//3 292//3
f 297//3 296//3 295//3
f 298//3 296//3 297//3
f 299//3 296//3 298//3
f 299//3 300//3 296//3
f 301//3 300//3 299//3
f 302//3 300//3 301//3
f 303//3 300//3 302//3
f 303//3 304//3 300//3
f 305//3 304//3 303//3
f 306//3 304//3 305//3
f 306//3 307//3 304//3
f 308//3 307//3 306//3
f 308//3 309//3 307//3
f 310//3 309//3 308//3
f 310//3 311//3 309//3
f 312//3 311//3 310//3
f 313//3 311//3 312//3
f 313//3 314//3 311//3
f 315//3 314//3 313//3
f 315//3 316//3 314//3
f 317//3 316//3 315//3
f 318//3 316//3 317//3
f 318//3 319//3 316//3
f 320//3 319//3 318//3
f 320//3 321//3 319//3
f 322//3 321//3 320//3
f 322//3 323//3 321//3
f 324//3 323//3 322//3
f 324//3 325//3 323//3
f 326//3 325//3 324//3
f 326//3 327//3 325//3
f 209//3 327//3 326//3
f 209//3 328//3 327//3
f 209//3 329//3 328//3
f 210//3 329//3 209//3
f 330//4 331//4 105//4
f 332//4 331//4 330//4
f 333//4 331//4 332//4
f 334//4 331//4 333//4
f 334//4 335//4 331//4
f 336//4 335//4 334//4
f 336//4 337//4 335//4
f 338//4 337//4 336//4
f 338//4 339//4 337//4
f 340//4 339//4 338//4
f 340//4 341//4 339//4
f 342//4 341//4 340//4
f 342//4 343//4 341//4
f 344//4 343//4 342//4
f 344//4 345//4 343//4
f 344//4 346//4 345//4
f 347//4 346//4 344//4
f 347//4 348//4 346//4
f 349//4 348//4 347//4
f 349//4 350//4 348//4
f 349//4 351//4 350//4
f 352//4 351//4 349//4
f 352//4 353//4 351//4
f 354//4 353//4 352//4
f 354//4 355//4 353//4
f 356//4 355//4 354//4
f 356//4 357//4 355//4
f 356//4 358//4 357//4
f 359//4 358//4 356//4
f 360//4 358//4 359//4
f 359//4 361//4 360//4
f 359//4 362//4 361//4
f 363//4 362//4 359//4
f 364//4 362//4 363//4
f 363//4 365//4 364//4
f 363//4 366//4 365//4
f 367//4 366//4 363//4
f 368//4 366//4 367//4
f 367//4 369//4 368//4
f 367//4 370//4 369//4
f 371//4 370//4 367//4
f 372//4 370//4 371//4
f 371//4 373//4 372//4
f 371//4 374//4 373//4
f 375//4 374//4 371//4
f 375//4 376//4 374//4
f 375//4 377//4 376//4
f 378//4 377//4 375//4
f 379//4 377//4 378//4
f 378//4 380//4 379//4
f 378//4 381//4 380//4
f 382//4 381//4 378//4
f 383//4 382//4 384//4
f 384//4 382//4 385//4
f 384//4 385//4 386//4
f 386//4 385//4 387//4
f 386//4 387//4 388//4
f 388//4 387//4 389//4
f 388//4 389//4 390//4
f 390//4 389//4 391//4
f 390//4 391//4 392//4
f 392//4 391//4 393//4
f 392//4 393//4 394//4
f 394//4 393//4 395//4
f 394//4 395//4 396//4
f 396//4 395//4 397//4
f 396//4 397//4 398//4
f 398//4 397//4 399//4
f 398//4 399//4 2//4
f 383//4 381//4 382//4
f 400//4 381//4 383//4
f 401//4 381//4 400//4
f 400//4 402//4 401//4
f 400//4 403//4 402//4
f 404//4 403//4 400//4
f 404//4 405//4 403//4
f 404//4 406//4 405//4
f 407//4 406//4 404//4
f 408//4 406//4 407//4
f 407//4 409//4 408//4
f 407//4 410//4 409//4
f 411//4 410//4 407//4
f 412//4 410//4 411//4
f 411//4 413//4 412//4
f 411//4 414//4 413//4
f 415//4 414//4 411//4
f 416//4 414//4 415//4
f 415//4 417//4 416//4
f 415//4 418//4 417//4
f 419//4 418//4 415//4
f 420//4 418//4 419//4
f 419//4 421//4 420//4
f 419//4 422//4 421//4
f 423//4 422//4 419//4
f 423//4 424//4 422//4
f 423//4 425//4 424//4
f 426//4 425//4 423//4
f 426//4 427//4 425//4
f 428//4 427//4 426//4
f 428//4 429//4 427//4
f 430//4 429//4 428//4
f 430//4 431//4 429//4
f 430//4 432//4 431//4
f 433//4 432//4 430//4
f 433//4 434//4 432//4
f 435//4 434//4 433//4
f 435//4 436//4 434//4
f 435//4 437//4 436//4
f 438//4 437//4 435//4
f 438//4 439//4 437//4
f 440//4 439//4 438//4
f 440//4 441//4 439//4
f 442//4 441//4 440//4
f 442//4 443//4 441//4
f 444//4 443//4 442//4
f 444//4 445//4 443//4
f 446//4 445//4 444//4
f 446//4 447//4 445//4
f 448//4 447//4 446//4
f 449//4 447//4 448//4
f 450//4 447//4 449//4
f 138//4 447//4 450//4
f 451//4 450//4 449//4
f 138//4 450//4 451//4
f 452//3 210//3 177//3
f 329//3 210//3 452//3
f 453//3 212//3 213//3
f 66//3 212//3 453//3
f 454//5 455//5 456//5
f 457//6 454//6 456//6
f 458//7 454//7 457//7
f 456//8 459//8 460//8
f 455//9 459//9 456//9
f 461//10 460//10 462//10
f 461//11 456//11 460//11
f 457//12 456//12 461//12
f 463//13 464//13 465//13
f 463//14 466//14 464//14
f 467//15 466//15 463//15
f 467//16 468//16 466//16
f 469//17 470//17 471//17
f 472//18 470//18 473//18
f 472//19 471//19 470//19
f 474//20 471//20 472//20
f 458//21 475//21 476//21
f 457//22 475//22 458//22
f 457//23 477//23 475//23
f 461//24 477//24 457//24
f 461//25 478//25 477//25
f 462//26 478//26 461//26
f 468//27 479//27 480//27
f 467//28 479//28 468//28
f 462//29 481//29 478//29
f 480//30 482//30 483//30
f 479//31 482//31 480//31
f 483//32 484//32 485//32
f 482//33 484//33 483//33
f 485//34 486//34 487//34
f 484//35 486//35 485//35
f 488//36 489//36 490//36
f 487//37 491//37 492//37
f 486//38 491//38 487//38
f 490//39 492//39 491//39
f 489//40 492//40 490//40
f 493//41 465//41 494//41
f 493//42 463//42 465//42
f 495//43 463//43 493//43
f 495//44 467//44 463//44
f 496//45 467//45 495//45
f 496//46 479//46 467//46
f 497//47 479//47 496//47
f 497//48 482//48 479//48
f 498//49 482//49 497//49
f 498//50 484//50 482//50
f 499//51 484//51 498//51
f 499//52 486//52 484//52
f 500//53 486//53 499//53
f 500//54 491//54 486//54
f 501//55 491//55 500//55
f 501//56 490//56 491//56
f 502//57 490//57 501//57
f 502//58 488//58 490//58
f 503//59 488//59 502//59
f 504//60 493//60 494//60
f 505//61 493//61 504//61
f 505//62 495//62 493//62
f 506//63 495//63 505//63
f 506//64 496//64 495//64
f 507//65 496//65 506//65
f 507//66 497//66 496//66
f 508//67 497//67 507//67
f 508//68 498//68 497//68
f 509//69 498//69 508//69
f 509//70 499//70 498//70
f 510//71 499//71 509//71
f 510//72 500//72 499//72
f 511//73 500//73 510//73
f 511//74 501//74 500//74
f 512//75 501//75 511//75
f 512//76 502//76 501//76
f 513//77 502//77 512//77
f 513//78 503//78 502//78
f 514//79 503//79 513//79
f 515//80 505//80 504//80
f 516//81 505//81 515//81
f 516//82 506//82 505//82
f 517//83 506//83 516//83
f 517//84 507//84 506//84
f 518//85 507//85 517//85
f 518//86 508//86 507//86
f 519//87 508//87 518//87
f 519//88 509//88 508//88
f 520//89 509//89 519//89
f 520//90 510//90 509//90
f 521//91 510//91 520//91
f 521//92 511//92 510//92
f 522//93 511//93 521//93
f 522//94 512//94 511//94
f 523//95 512//95 522//95
f 523//96 513//96 512//96
f 524//97 513//97 523//97
f 524//98 514//98 513//98
f 525//99 514//99 524//99
f 526//100 516//100 515//100
f 527//101 516//101 526//101
f 527//102 517//102 516//102
f 528//103 517//103 527//103
f 528//104 518//104 517//104
f 529//105 518//105 528//105
f 529//106 519//106 518//106
f 530//107 519//107 529//107
f 530//108 520//108 519//108
f 531//109 520//109 530//109
f 531//110 521//110 520//110
f 532//111 521//111 531//111
f 532//112 522//112 521//112
f 533//113 522//113 532//113
f 533//114 523//114 522//114
f 534//115 523//115 533//115
f 534//116 524//116 523//116
f 535//117 524//117 534//117
f 535//118 525//118 524//118
f 536//119 525//119 535//119
f 537//120 527//120 526//120
f 538//121 527//121 537//121
f 538//122 528//122 527//122
f 539//123 528//123 538//123
f 539//124 529//124 528//124
f 540//125 529//125 539//125
f 540//126 530//126 529//126
f 541//127 530//127 540//127
f 541//128 531//128 530//128
f 542//129 531//129 541//129
f 542//130 532//130 531//130
f 543//131 532//131 542//131
f 543//132 533//132 532//132
f 544//133 533//133 543//133
f 544//134 534//134 533//134
f 545//135 534//135 544//135
f 545//136 535//136 534//136
f 546//137 535//137 545//137
f 546//138 536//138 535//138
f 547//139 536//139 546//139
f 548//140 538//140 537//140
f 549//141 538//141 548//141
f 549//142 539//142 538//142
f 550//143 539//143 549//143
f 550//144 540//144 539//144
f 551//145 540//145 550//145
f 551//146 541//146 540//146
f 552//147 541//147 551//147
f 552//148 542//148 541//148
f 553//149 542//149 552//149
f 553//150 543//150 542//150
f 554//151 543//151 553//151
f 554//152 544//152 543//152
f 555//153 544//153 554//153
f 555//154 545//154 544//154
f 556//155 545//155 555//155
f 556//156 546//156 545//156
f 557//157 546//157 556//157
f 557//158 547//158 546//158
f 558//159 547//159 557//159
f 559//160 549//160 548//160
f 560//161 549//161 559//161
f 560//162 550//162 549//162
f 561//163 550//163 560//163
f 561//164 551//164 550//164
f 562//165 551//165 561//165
f 562//166 552//166 551//166
f 563//167 552//167 562//167
f 563//168 553//168 552//168
f 564//169 553//169 563//169
f 564//170 554//170 553//170
f 565//171 554//171 564//171
f 565//172 555//172 554//172
f 566//173 555//173 565//173
f 566//174 556//174 555//174
f 567//175 556//175 566//175
f 567//176 557//176 556//176
f 568//177 557//177 567//177
f 568//159 558//159 557//159
f 569//178 558//178 568//178
f 570//179 571//179 572//179
f 570//180 573//180 571//180
f 574//181 573//181 570//181
f 574//182 575//182 573//182
f 576//183 575//183 574//183
f 576//184 577//184 575//184
f 578//185 577//185 576//185
f 578//186 579//186 577//186
f 580//187 579//187 578//187
f 580//188 581//188 579//188
f 582//189 581//189 580//189
f 582//190 583//190 581//190
f 584//191 583//191 582//191
f 584//192 585//192 583//192
f 586//193 585//193 584//193
f 573//194 587//194 571//194
f 573//195 588//195 587//195
f 575//196 588//196 573//196
f 575//197 589//197 588//197
f 577//198 589//198 575//198
f 577//199 590//199 589//199
f 579//200 590//200 577//200
f 579//201 591//201 590//201
f 581//202 591//202 579//202
f 581//203 592//203 591//203
f 583//204 592//204 581//204
f 583//205 593//205 592//205
f 585//206 593//206 583//206
f 594//207 595//207 596//207
f 597//208 595//208 594//208
f 597//209 586//209 595//209
f 585//210 586//210 597//210
f 598//211 597//211 594//211
f 599//212 597//212 598//212
f 599//213 585//213 597//213
f 593//214 585//214 599//214
f 600//215 601//215 602//215
f 600//216 603//216 601//216
f 604//217 603//217 600//217
f 604//218 605//218 603//218
f 606//219 605//219 604//219
f 606//220 607//220 605//220
f 608//221 607//221 606//221
f 608//222 609//222 607//222
f 610//223 609//223 608//223
f 610//224 611//224 609//224
f 612//225 611//225 610//225
f 603//226 613//226 601//226
f 603//227 614//227 613//227
f 605//228 614//228 603//228
f 605//229 615//229 614//229
f 607//230 615//230 605//230
f 607//231 616//231 615//231
f 609//232 616//232 607//232
f 609//233 617//233 616//233
f 611//234 617//234 609//234
f 614//235 618//235 613//235
f 614//236 619//236 618//236
f 615//236 619//236 614//236
f 615//237 620//237 619//237
f 616//238 620//238 615//238
f 616//239 621//239 620//239
f 617//240 621//240 616//240
f 622//241 623//241 624//241
f 625//242 626//242 627//242
f 628//243 626//243 625//243
f 628//244 629//244 626//244
f 630//245 629//245 628//245
f 630//246 631//246 629//246
f 632//247 631//247 630//247
f 632//248 633//248 631//248
f 634//249 633//249 632//249
f 634//250 635//250 633//250
f 636//251 635//251 634//251
f 636//252 637//252 635//252
f 638//253 637//253 636//253
f 638//254 639//254 637//254
f 640//255 639//255 638//255
f 640//256 641//256 639//256
f 642//257 641//257 640//257
f 642//258 643//258 641//258
f 644//259 643//259 642//259
f 644//260 645//260 643//260
f 646//261 645//261 644//261
f 646//262 647//262 645//262
f 648//263 647//263 646//263
f 648//264 649//264 647//264
f 650//265 649//265 648//265
f 650//266 651//266 649//266
f 652//267 651//267 650//267
f 652//268 653//268 651//268
f 654//269 653//269 652//269
f 654//270 655//270 653//270
f 656//271 655//271 654//271
f 656//272 657//272 655//272
f 658//273 657//273 656//273
f 658//274 659//274 657//274
f 660//275 560//275 559//275
f 661//276 560//276 660//276
f 661//277 561//277 560//277
f 662//278 561//278 661//278
f 662//279 562//279 561//279
f 663//280 562//280 662//280
f 663//281 563//281 562//281
f 664//282 563//282 663//282
f 664//283 564//283 563//283
f 665//284 564//284 664//284
f 665//285 565//285 564//285
f 666//286 565//286 665//286
f 666//287 566//287 565//287
f 667//288 566//288 666//288
f 667//289 567//289 566//289
f 668//290 567//290 667//290
f 668//291 568//291 567//291
f 669//292 568//292 668//292
f 669//293 569//293 568//293
f 670//294 569//294 669//294
f 671//295 672//295 673//295
f 658//296 674//296 659//296
f 675//297 676//297 677//297
f 678//298 679//298 680//298
f 681//299 679//299 678//299
f 679//300 682//300 680//300
f 683//301 684//301 685//301
f 686//302 687//302 688//302
f 68//303 66//303 453//303
f 70//304 68//304 689//304
f 690//305 70//305 689//305
f 72//306 70//306 690//306
f 72//307 691//307 74//307
f 72//308 692//308 691//308
f 690//309 692//309 72//309
f 690//310 693//310 692//310
f 689//311 693//311 690//311
f 685//312 689//312 68//312
f 684//313 689//313 685//313
f 684//314 693//314 689//314
f 694//315 693//315 684//315
f 680//316 684//316 683//316
f 682//317 684//317 680//317
f 682//318 694//318 684//318
f 679//319 694//319 682//319
f 679//320 695//320 694//320
f 681//321 695//321 679//321
f 674//322 675//322 659//322
f 674//323 676//323 675//323
f 696//324 676//324 674//324
f 696//325 697//325 676//325
f 698//326 697//326 696//326
f 699//327 628//327 625//327
f 700//328 628//328 699//328
f 700//329 630//329 628//329
f 701//330 630//330 700//330
f 701//331 632//331 630//331
f 702//332 632//332 701//332
f 702//333 634//333 632//333
f 703//334 634//334 702//334
f 703//335 636//335 634//335
f 704//336 636//336 703//336
f 704//337 638//337 636//337
f 705//338 638//338 704//338
f 705//339 640//339 638//339
f 706//340 640//340 705//340
f 706//341 642//341 640//341
f 707//342 642//342 706//342
f 707//343 644//343 642//343
f 708//344 644//344 707//344
f 708//345 646//345 644//345
f 709//346 646//346 708//346
f 709//347 648//347 646//347
f 710//348 648//348 709//348
f 710//349 650//349 648//349
f 711//350 650//350 710//350
f 711//351 652//351 650//351
f 712//352 652//352 711//352
f 712//353 654//353 652//353
f 713//354 654//354 712//354
f 713//355 656//355 654//355
f 714//356 656//356 713//356
f 714//357 658//357 656//357
f 715//358 658//358 714//358
f 715//359 674//359 658//359
f 716//360 674//360 715//360
f 716//361 696//361 674//361
f 698//362 696//362 716//362
f 624//363 717//363 718//363
f 623//364 717//364 624//364
f 623//365 719//365 717//365
f 720//366 719//366 623//366
f 619//367 622//367 618//367
f 619//368 623//368 622//368
f 620//369 623//369 619//369
f 620//370 720//370 623//370
f 621//371 720//371 620//371
f 621//372 721//372 720//372
f 617//373 721//373 621//373
f 617//374 722//374 721//374
f 611//375 722//375 617//375
f 611//376 723//376 722//376
f 612//377 723//377 611//377
f 724//378 723//378 612//378
f 725//379 723//379 724//379
f 588//380 602//380 587//380
f 588//381 600//381 602//381
f 589//382 600//382 588//382
f 589//383 604//383 600//383
f 590//384 604//384 589//384
f 590//385 606//385 604//385
f 591//386 606//386 590//386
f 591//387 608//387 606//387
f 592//387 608//387 591//387
f 592//388 610//388 608//388
f 593//389 610//389 592//389
f 593//390 612//390 610//390
f 599//391 612//391 593//391
f 599//392 724//392 612//392
f 598//393 724//393 599//393
f 598//394 725//394 724//394
f 726//395 725//395 598//395
f 727//396 594//396 596//396
f 728//397 594//397 727//397
f 728//398 598//398 594//398
f 726//399 598//399 728//399
f 729//400 730//400 731//400
f 732//401 729//401 731//401
f 733//402 729//402 732//402
f 733//403 734//403 729//403
f 735//404 734//404 733//404
f 735//405 736//405 734//405
f 737//406 736//406 735//406
f 738//407 736//407 737//407
f 739//408 736//408 738//408
f 740//409 741//409 742//409
f 111//410 741//410 740//410
f 111//411 743//411 741//411
f 113//412 743//412 111//412
f 107//413 109//413 744//413
f 745//414 105//414 107//414
f 107//415 332//415 745//415
f 107//416 333//416 332//416
f 744//417 333//417 107//417
f 744//418 334//418 333//418
f 744//419 336//419 334//419
f 746//420 336//420 744//420
f 746//421 338//421 336//421
f 340//422 338//422 746//422
f 747//422 340//422 746//422
f 342//423 340//423 747//423
f 740//424 109//424 111//424
f 740//425 744//425 109//425
f 742//426 744//426 740//426
f 742//427 746//427 744//427
f 739//428 746//428 742//428
f 739//429 747//429 746//429
f 738//430 747//430 739//430
f 738//431 342//431 747//431
f 737//432 342//432 738//432
f 737//433 344//433 342//433
f 735//434 344//434 737//434
f 735//435 347//435 344//435
f 733//436 347//436 735//436
f 733//437 349//437 347//437
f 732//438 349//438 733//438
f 732//439 352//439 349//439
f 731//440 352//440 732//440
f 731//441 354//441 352//441
f 356//442 354//442 731//442
f 727//443 730//443 728//443
f 727//444 731//444 730//444
f 596//445 731//445 727//445
f 596//446 356//446 731//446
f 595//447 356//447 596//447
f 595//448 359//448 356//448
f 586//449 359//449 595//449
f 586//450 363//450 359//450
f 584//451 363//451 586//451
f 584//452 367//452 363//452
f 582//453 367//453 584//453
f 582//454 371//454 367//454
f 580//455 371//455 582//455
f 580//456 375//456 371//456
f 578//457 375//457 580//457
f 578//458 378//458 375//458
f 576//459 378//459 578//459
f 576//460 382//460 378//460
f 574//461 382//461 576//461
f 574//462 385//462 382//462
f 570//463 385//463 574//463
f 570//464 387//464 385//464
f 572//465 387//465 570//465
f 748//466 718//466 749//466
f 748//467 624//467 718//467
f 750//468 624//468 748//468
f 750//469 622//469 624//469
f 751//470 622//470 750//470
f 751//471 618//471 622//471
f 752//472 618//472 751//472
f 752//473 613//473 618//473
f 753//474 613//474 752//474
f 753//475 601//475 613//475
f 754//476 601//476 753//476
f 754//477 602//477 601//477
f 755//478 602//478 754//478
f 755//479 587//479 602//479
f 756//480 587//480 755//480
f 756//481 571//481 587//481
f 757//482 571//482 756//482
f 757//483 572//483 571//483
f 758//484 572//484 757//484
f 758//485 387//485 572//485
f 389//486 387//486 758//486
f 759//487 749//487 760//487
f 759//488 748//488 749//488
f 761//489 748//489 759//489
f 761//490 750//490 748//490
f 762//491 750//491 761//491
f 762//492 751//492 750//492
f 763//493 751//493 762//493
f 763//494 752//494 751//494
f 764//495 752//495 763//495
f 764//496 753//496 752//496
f 765//497 753//497 764//497
f 765//498 754//498 753//498
f 766//499 754//499 765//499
f 766//500 755//500 754//500
f 767//501 755//501 766//501
f 767//502 756//502 755//502
f 768//503 756//503 767//503
f 768//504 757//504 756//504
f 769//505 757//505 768//505
f 769//506 758//506 757//506
f 770//507 758//507 769//507
f 770//508 389//508 758//508
f 391//509 389//509 770//509
f 771//510 760//510 772//510
f 771//511 759//511 760//511
f 773//512 759//512 771//512
f 773//513 761//513 759//513
f 774//514 761//514 773//514
f 774//491 762//491 761//491
f 775//515 762//515 774//515
f 775//516 763//516 762//516
f 776//517 763//517 775//517
f 776//518 764//518 763//518
f 777//519 764//519 776//519
f 777//520 765//520 764//520
f 778//521 765//521 777//521
f 778//522 766//522 765//522
f 779//523 766//523 778//523
f 779//524 767//524 766//524
f 780//525 767//525 779//525
f 780//526 768//526 767//526
f 781//527 768//527 780//527
f 781//528 769//528 768//528
f 782//529 769//529 781//529
f 782//530 770//530 769//530
f 783//531 770//531 782//531
f 783//532 391//532 770//532
f 393//533 391//533 783//533
f 686//534 784//534 785//534
f 686//535 786//535 784//535
f 688//536 786//536 686//536
f 688//537 772//537 786//537
f 687//538 772//538 688//538
f 687//539 771//539 772//539
f 787//540 771//540 687//540
f 787//541 773//541 771//541
f 788//542 773//542 787//542
f 788//514 774//514 773//514
f 789//543 774//543 788//543
f 789//544 775//544 774//544
f 790//545 775//545 789//545
f 790//546 776//546 775//546
f 791//547 776//547 790//547
f 791//548 777//548 776//548
f 792//549 777//549 791//549
f 792//550 778//550 777//550
f 793//551 778//551 792//551
f 793//552 779//552 778//552
f 794//553 779//553 793//553
f 794//554 780//554 779//554
f 795//555 780//555 794//555
f 795//556 781//556 780//556
f 796//557 781//557 795//557
f 796//558 782//558 781//558
f 797//559 782//559 796//559
f 797//560 783//560 782//560
f 798//561 783//561 797//561
f 798//562 393//562 783//562
f 395//563 393//563 798//563
f 673//564 799//564 800//564
f 672//565 799//565 673//565
f 672//566 785//566 799//566
f 671//567 785//567 672//567
f 671//568 686//568 785//568
f 801//569 686//569 671//569
f 801//570 687//570 686//570
f 802//571 687//571 801//571
f 802//572 787//572 687//572
f 803//573 787//573 802//573
f 803//574 788//574 787//574
f 804//575 788//575 803//575
f 804//576 789//576 788//576
f 805//577 789//577 804//577
f 805//578 790//578 789//578
f 806//579 790//579 805//579
f 806//580 791//580 790//580
f 807//581 791//581 806//581
f 807//582 792//582 791//582
f 808//583 792//583 807//583
f 808//584 793//584 792//584
f 809//585 793//585 808//585
f 809//586 794//586 793//586
f 810//587 794//587 809//587
f 810//588 795//588 794//588
f 811//589 795//589 810//589
f 811//590 796//590 795//590
f 812//591 796//591 811//591
f 812//592 797//592 796//592
f 813//593 797//593 812//593
f 813//594 798//594 797//594
f 814//595 798//595 813//595
f 814//596 395//596 798//596
f 397//597 395//597 814//597
f 715//598 800//598 716//598
f 715//599 673//599 800//599
f 714//600 673//600 715//600
f 714//601 671//601 673//601
f 713//602 671//602 714//602
f 713//603 801//603 671//603
f 712//604 801//604 713//604
f 712//605 802//605 801//605
f 711//606 802//606 712//606
f 711//573 803//573 802//573
f 710//607 803//607 711//607
f 710//608 804//608 803//608
f 709//609 804//609 710//609
f 709//610 805//610 804//610
f 708//611 805//611 709//611
f 708//612 806//612 805//612
f 707//613 806//613 708//613
f 707//614 807//614 806//614
f 706//615 807//615 707//615
f 706//616 808//616 807//616
f 705//617 808//617 706//617
f 705//618 809//618 808//618
f 704//619 809//619 705//619
f 704//620 810//620 809//620
f 703//621 810//621 704//621
f 703//622 811//622 810//622
f 702//623 811//623 703//623
f 702//624 812//624 811//624
f 701//625 812//625 702//625
f 701//626 813//626 812//626
f 700//627 813//627 701//627
f 700//628 814//628 813//628
f 699//629 814//629 700//629
f 699//630 397//630 814//630
f 625//631 397//631 699//631
f 625//632 399//632 397//632
f 627//633 399//633 625//633
f 4//634 399//634 627//634
f 2//635 399//635 4//635
f 10//636 8//636 815//636
f 455//637 815//637 459//637
f 455//638 10//638 815//638
f 454//639 10//639 455//639
f 454//640 12//640 10//640
f 458//641 12//641 454//641
f 458//642 14//642 12//642
f 476//643 14//643 458//643
f 816//644 481//644 817//644
f 816//645 478//645 481//645
f 818//646 478//646 816//646
f 818//647 477//647 478//647
f 819//648 477//648 818//648
f 819//649 475//649 477//649
f 820//650 475//650 819//650
f 820//651 476//651 475//651
f 821//652 476//652 820//652
f 821//653 14//653 476//653
f 16//654 14//654 821//654
f 822//655 817//655 823//655
f 822//656 816//656 817//656
f 824//657 816//657 822//657
f 824//658 818//658 816//658
f 825//659 818//659 824//659
f 825//660 819//660 818//660
f 826//661 819//661 825//661
f 826//662 820//662 819//662
f 827//663 820//663 826//663
f 827//664 821//664 820//664
f 828//665 821//665 827//665
f 828//666 16//666 821//666
f 18//667 16//667 828//667
f 559//668 823//668 660//668
f 559//669 822//669 823//669
f 548//670 822//670 559//670
f 548//671 824//671 822//671
f 537//672 824//672 548//672
f 537//673 825//673 824//673
f 526//674 825//674 537//674
f 526//675 826//675 825//675
f 515//676 826//676 526//676
f 515//677 827//677 826//677
f 504//678 827//678 515//678
f 504//679 828//679 827//679
f 494//680 828//680 504//680
f 494//681 18//681 828//681
f 465//682 18//682 494//682
f 465//683 21//683 18//683
f 464//684 21//684 465//684
f 473//685 31//685 29//685
f 470//686 31//686 473//686
f 470//687 33//687 31//687
f 469//688 33//688 470//688
f 469//689 35//689 33//689
f 469//690 280//690 35//690
f 471//691 280//691 469//691
f 471//692 278//692 280//692
f 474//693 278//693 471//693
f 829//694 473//694 29//694
f 830//695 473//695 829//695
f 830//696 472//696 473//696
f 831//697 472//697 830//697
f 831//698 474//698 472//698
f 832//699 474//699 831//699
f 832//700 278//700 474//700
f 276//701 278//701 832//701
f 833//702 29//702 27//702
f 833//703 829//703 29//703
f 834//704 829//704 833//704
f 834//705 830//705 829//705
f 835//706 830//706 834//706
f 835//707 831//707 830//707
f 836//708 831//708 835//708
f 836//709 832//709 831//709
f 837//710 832//710 836//710
f 837//711 276//711 832//711
f 274//712 276//712 837//712
f 838//713 27//713 25//713
f 838//714 833//714 27//714
f 839//715 833//715 838//715
f 839//716 834//716 833//716
f 840//717 834//717 839//717
f 840//718 835//718 834//718
f 841//719 835//719 840//719
f 841//720 836//720 835//720
f 842//721 836//721 841//721
f 842//722 837//722 836//722
f 843//723 837//723 842//723
f 843//724 274//724 837//724
f 272//725 274//725 843//725
f 844//726 838//726 25//726
f 845//727 838//727 844//727
f 845//728 839//728 838//728
f 846//729 839//729 845//729
f 846//730 840//730 839//730
f 847//731 840//731 846//731
f 847//732 841//732 840//732
f 848//733 841//733 847//733
f 848//734 842//734 841//734
f 849//735 842//735 848//735
f 849//736 843//736 842//736
f 850//737 843//737 849//737
f 850//738 272//738 843//738
f 270//739 272//739 850//739
f 851//740 25//740 23//740
f 851//741 844//741 25//741
f 852//742 844//742 851//742
f 852//743 845//743 844//743
f 853//744 845//744 852//744
f 853//745 846//745 845//745
f 854//746 846//746 853//746
f 854//747 847//747 846//747
f 855//748 847//748 854//748
f 855//749 848//749 847//749
f 856//750 848//750 855//750
f 856//751 849//751 848//751
f 857//752 849//752 856//752
f 857//753 850//753 849//753
f 858//754 850//754 857//754
f 858//755 270//755 850//755
f 268//756 270//756 858//756
f 464//757 23//757 21//757
f 464//758 851//758 23//758
f 466//759 851//759 464//759
f 466//760 852//760 851//760
f 468//761 852//761 466//761
f 468//762 853//762 852//762
f 480//763 853//763 468//763
f 480//764 854//764 853//764
f 483//765 854//765 480//765
f 483//766 855//766 854//766
f 485//767 855//767 483//767
f 485//768 856//768 855//768
f 487//769 856//769 485//769
f 487//770 857//770 856//770
f 492//771 857//771 487//771
f 492//772 858//772 857//772
f 489//773 858//773 492//773
f 489//774 268//774 858//774
f 488//775 268//775 489//775
f 488//776 266//776 268//776
f 503//777 266//777 488//777
f 503//778 263//778 266//778
f 514//779 263//779 503//779
f 514//780 259//780 263//780
f 525//781 259//781 514//781
f 525//782 256//782 259//782
f 536//783 256//783 525//783
f 536//784 252//784 256//784
f 547//785 252//785 536//785
f 547//786 248//786 252//786
f 558//787 248//787 547//787
f 558//788 244//788 248//788
f 569//789 244//789 558//789
f 569//790 240//790 244//790
f 670//791 240//791 569//791
f 859//792 8//792 6//792
f 859//793 815//793 8//793
f 860//794 815//794 859//794
f 860//795 459//795 815//795
f 861//796 459//796 860//796
f 861//797 460//797 459//797
f 862//798 460//798 861//798
f 862//799 462//799 460//799
f 863//800 462//800 862//800
f 863//801 481//801 462//801
f 864//802 481//802 863//802
f 864//803 817//803 481//803
f 865//804 817//804 864//804
f 865//805 823//805 817//805
f 866//806 823//806 865//806
f 866//807 660//807 823//807
f 867//808 660//808 866//808
f 867//809 661//809 660//809
f 868//810 661//810 867//810
f 868//811 662//811 661//811
f 869//812 662//812 868//812
f 869//813 663//813 662//813
f 870//814 663//814 869//814
f 870//815 664//815 663//815
f 871//816 664//816 870//816
f 871//817 665//817 664//817
f 872//818 665//818 871//818
f 872//819 666//819 665//819
f 873//820 666//820 872//820
f 873//821 667//821 666//821
f 874//822 667//822 873//822
f 874//823 668//823 667//823
f 875//824 668//824 874//824
f 875//825 669//825 668//825
f 876//826 669//826 875//826
f 876//827 670//827 669//827
f 877//828 670//828 876//828
f 877//829 240//829 670//829
f 237//830 240//830 877//830
f 627//831 6//831 4//831
f 627//832 859//832 6//832
f 626//833 859//833 627//833
f 626//834 860//834 859//834
f 629//835 860//835 626//835
f 629//836 861//836 860//836
f 631//837 861//837 629//837
f 631//838 862//838 861//838
f 633//839 862//839 631//839
f 633//840 863//840 862//840
f 635//841 863//841 633//841
f 635//842 864//842 863//842
f 637//843 864//843 635//843
f 637//844 865//844 864//844
f 639//845 865//845 637//845
f 639//846 866//846 865//846
f 641//847 866//847 639//847
f 641//848 867//848 866//848
f 643//849 867//849 641//849
f 643//850 868//850 867//850
f 645//851 868//851 643//851
f 645//852 869//852 868//852
f 647//853 869//853 645//853
f 647//854 870//854 869//854
f 649//855 870//855 647//855
f 649//856 871//856 870//856
f 651//857 871//857 649//857
f 651//858 872//858 871//858
f 653//859 872//859 651//859
f 653//860 873//860 872//860
f 655//861 873//861 653//861
f 655//822 874//822 873//822
f 657//862 874//862 655//862
f 657//863 875//863 874//863
f 659//864 875//864 657//864
f 659//865 876//865 875//865
f 675//866 876//866 659//866
f 675//867 877//867 876//867
f 677//868 877//868 675//868
f 677//869 237//869 877//869
f 235//870 237//870 677//870
f 230//871 233//871 878//871
f 879//872 878//872 880//872
f 879//873 230//873 878//873
f 228//874 230//874 879//874
f 881//875 879//875 880//875
f 882//876 879//876 881//876
f 882//877 228//877 879//877
f 225//878 228//878 882//878
f 883//879 882//879 881//879
f 884//880 882//880 883//880
f 884//881 225//881 882//881
f 223//882 225//882 884//882
f 677//883 233//883 235//883
f 677//884 878//884 233//884
f 676//885 878//885 677//885
f 676//886 880//886 878//886
f 697//887 880//887 676//887
f 697//888 881//888 880//888
f 885//889 881//889 697//889
f 885//890 883//890 881//890
f 695//891 883//891 885//891
f 681//892 883//892 695//892
f 681//893 884//893 883//893
f 678//894 884//894 681//894
f 678//895 223//895 884//895
f 680//896 223//896 678//896
f 680//897 221//897 223//897
f 683//898 221//898 680//898
f 683//899 219//899 221//899
f 683//900 217//900 219//900
f 685//901 217//901 683//901
f 685//902 215//902 217//902
f 685//903 214//903 215//903
f 68//904 214//904 685//904
f 68//905 213//905 214//905
f 453//906 213//906 68//906
f 886//907 887//907 888//907
f 889//908 887//908 886//908
f 890//909 891//909 892//909
f 893//910 894//910 895//910
f 896//911 897//911 898//911
f 899//912 896//912 898//912
f 900//913 896//913 899//913
f 898//914 901//914 899//914
f 902//915 897//915 903//915
f 902//916 898//916 897//916
f 904//917 898//917 902//917
f 904//918 901//918 898//918
f 905//919 901//919 904//919
f 900//920 906//920 907//920
f 899//921 906//921 900//921
f 899//922 908//922 906//922
f 901//923 908//923 899//923
f 901//924 909//924 908//924
f 905//924 909//924 901//924
f 905//925 910//925 909//925
f 911//926 903//926 912//926
f 911//927 902//927 903//927
f 913//928 902//928 911//928
f 913//929 904//929 902//929
f 914//930 904//930 913//930
f 914//919 905//919 904//919
f 915//931 905//931 914//931
f 915//932 910//932 905//932
f 916//933 910//933 915//933
f 907//934 917//934 918//934
f 906//935 917//935 907//935
f 906//936 919//936 917//936
f 908//937 919//937 906//937
f 908//938 920//938 919//938
f 909//938 920//938 908//938
f 909//939 921//939 920//939
f 910//940 921//940 909//940
f 910//941 922//941 921//941
f 916//942 922//942 910//942
f 916//943 923//943 922//943
f 924//944 912//944 925//944
f 924//945 911//945 912//945
f 926//946 911//946 924//946
f 926//947 913//947 911//947
f 927//948 913//948 926//948
f 927//949 914//949 913//949
f 928//950 914//950 927//950
f 928//951 915//951 914//951
f 929//952 915//952 928//952
f 929//953 916//953 915//953
f 930//954 916//954 929//954
f 930//955 923//955 916//955
f 931//956 923//956 930//956
f 932//957 933//957 934//957
f 932//958 935//958 933//958
f 936//959 935//959 932//959
f 936//960 937//960 935//960
f 938//961 937//961 936//961
f 938//962 939//962 937//962
f 940//963 939//963 938//963
f 940//964 941//964 939//964
f 942//965 941//965 940//965
f 942//966 943//966 941//966
f 944//967 943//967 942//967
f 944//968 945//968 943//968
f 946//969 945//969 944//969
f 946//970 947//970 945//970
f 948//971 947//971 946//971
f 917//972 949//972 918//972
f 917//973 950//973 949//973
f 919//974 950//974 917//974
f 919//975 951//975 950//975
f 920//975 951//975 919//975
f 920//976 952//976 951//976
f 921//977 952//977 920//977
f 921//978 953//978 952//978
f 922//979 953//979 921//979
f 922//980 954//980 953//980
f 923//981 954//981 922//981
f 923//982 955//982 954//982
f 931//983 955//983 923//983
f 956//984 926//984 924//984
f 957//985 926//985 956//985
f 957//986 927//986 926//986
f 958//987 927//987 957//987
f 958//988 928//988 927//988
f 959//989 928//989 958//989
f 959//990 929//990 928//990
f 960//991 929//991 959//991
f 960//992 930//992 929//992
f 961//993 930//993 960//993
f 961//994 931//994 930//994
f 962//995 931//995 961//995
f 963//996 962//996 964//996
f 963//997 931//997 962//997
f 955//998 931//998 963//998
f 948//999 965//999 947//999
f 948//1000 966//1000 965//1000
f 966//1001 967//1001 965//1001
f 968//1002 969//1002 970//1002
f 968//1003 971//1003 969//1003
f 972//1004 971//1004 968//1004
f 972//1005 973//1005 971//1005
f 974//1006 973//1006 972//1006
f 974//1007 975//1007 973//1007
f 976//1008 975//1008 974//1008
f 976//1009 977//1009 975//1009
f 978//1010 977//1010 976//1010
f 978//1011 979//1011 977//1011
f 980//1012 979//1012 978//1012
f 980//1013 981//1013 979//1013
f 982//1014 981//1014 980//1014
f 982//1015 983//1015 981//1015
f 984//1016 983//1016 982//1016
f 984//1017 985//1017 983//1017
f 986//1018 985//1018 984//1018
f 986//1019 987//1019 985//1019
f 988//1020 987//1020 986//1020
f 988//1021 989//1021 987//1021
f 990//1022 989//1022 988//1022
f 990//1023 991//1023 989//1023
f 992//1024 991//1024 990//1024
f 992//1025 993//1025 991//1025
f 994//1026 993//1026 992//1026
f 994//1027 995//1027 993//1027
f 996//1028 995//1028 994//1028
f 997//1029 998//1029 999//1029
f 997//1030 1000//1030 998//1030
f 1001//1031 1000//1031 997//1031
f 1001//1032 1002//1032 1000//1032
f 1003//1033 1002//1033 1001//1033
f 1003//1034 1004//1034 1002//1034
f 1005//1035 1004//1035 1003//1035
f 1005//1036 1006//1036 1004//1036
f 1007//1037 1006//1037 1005//1037
f 1007//1038 1008//1038 1006//1038
f 1009//1039 1008//1039 1007//1039
f 1009//1040 1010//1040 1008//1040
f 1011//1041 1010//1041 1009//1041
f 1011//1042 1012//1042 1010//1042
f 1013//1043 1012//1043 1011//1043
f 1014//1044 1015//1044 1016//1044
f 996//1045 1017//1045 995//1045
f 996//1046 1018//1046 1017//1046
f 1013//1047 1019//1047 1012//1047
f 1013//1048 1020//1048 1019//1048
f 1014//1049 1021//1049 1015//1049
f 1014//1050 1022//1050 1021//1050
f 1023//1051 1024//1051 1025//1051
f 1018//1052 1026//1052 1017//1052
f 1026//1053 1027//1053 1028//1053
f 1018//1054 1027//1054 1026//1054
f 1020//1055 1029//1055 1019//1055
f 1029//1056 1030//1056 1031//1056
f 1020//1057 1030//1057 1029//1057
f 1022//1058 1032//1058 1021//1058
f 1032//1059 1033//1059 1034//1059
f 1022//1060 1033//1060 1032//1060
f 1024//1061 1035//1061 1025//1061
f 1024//1062 1036//1062 1035//1062
f 971//1063 1037//1063 969//1063
f 971//1064 1038//1064 1037//1064
f 973//1064 1038//1064 971//1064
f 973//1065 1039//1065 1038//1065
f 975//1066 1039//1066 973//1066
f 975//1067 1040//1067 1039//1067
f 977//1068 1040//1068 975//1068
f 977//1069 1041//1069 1040//1069
f 979//1070 1041//1070 977//1070
f 979//1071 1042//1071 1041//1071
f 981//1072 1042//1072 979//1072
f 981//1073 1043//1073 1042//1073
f 983//1074 1043//1074 981//1074
f 983//1075 1044//1075 1043//1075
f 985//1076 1044//1076 983//1076
f 985//1077 1045//1077 1044//1077
f 987//1078 1045//1078 985//1078
f 987//1079 1046//1079 1045//1079
f 989//1080 1046//1080 987//1080
f 989//1081 1047//1081 1046//1081
f 991//1082 1047//1082 989//1082
f 991//1083 1048//1083 1047//1083
f 993//1084 1048//1084 991//1084
f 993//1085 1049//1085 1048//1085
f 995//1086 1049//1086 993//1086
f 995//1087 1050//1087 1049//1087
f 1017//1088 1050//1088 995//1088
f 1017//1089 1051//1089 1050//1089
f 1026//1090 1051//1090 1017//1090
f 1026//1091 1052//1091 1051//1091
f 1028//1092 1052//1092 1026//1092
f 1027//1093 1053//1093 1028//1093
f 1038//1094 1054//1094 1037//1094
f 1038//1095 1055//1095 1054//1095
f 1039//1096 1055//1096 1038//1096
f 1039//1097 1056//1097 1055//1097
f 1040//1098 1056//1098 1039//1098
f 1040//1099 1057//1099 1056//1099
f 1041//1100 1057//1100 1040//1100
f 1041//1101 1058//1101 1057//1101
f 1042//1102 1058//1102 1041//1102
f 1042//1103 1059//1103 1058//1103
f 1043//1104 1059//1104 1042//1104
f 1043//1105 1060//1105 1059//1105
f 1044//1106 1060//1106 1043//1106
f 1044//1107 1061//1107 1060//1107
f 1045//1108 1061//1108 1044//1108
f 1045//1109 1062//1109 1061//1109
f 1046//1110 1062//1110 1045//1110
f 1046//1111 1063//1111 1062//1111
f 1047//1112 1063//1112 1046//1112
f 1047//1113 1064//1113 1063//1113
f 1048//1114 1064//1114 1047//1114
f 1048//1115 1065//1115 1064//1115
f 1049//1116 1065//1116 1048//1116
f 1049//1117 1066//1117 1065//1117
f 1050//1118 1066//1118 1049//1118
f 1050//1119 1067//1119 1066//1119
f 1051//1120 1067//1120 1050//1120
f 1051//1121 1068//1121 1067//1121
f 1052//1122 1068//1122 1051//1122
f 1000//1123 1069//1123 998//1123
f 1000//1124 1070//1124 1069//1124
f 1002//1125 1070//1125 1000//1125
f 1002//1126 1071//1126 1070//1126
f 1004//1127 1071//1127 1002//1127
f 1004//1128 1072//1128 1071//1128
f 1006//1129 1072//1129 1004//1129
f 1006//1130 1073//1130 1072//1130
f 1008//1131 1073//1131 1006//1131
f 1008//1132 1074//1132 1073//1132
f 1010//1133 1074//1133 1008//1133
f 1010//1134 1075//1134 1074//1134
f 1012//1135 1075//1135 1010//1135
f 1012//1136 1076//1136 1075//1136
f 1019//1137 1076//1137 1012//1137
f 1019//1138 1077//1138 1076//1138
f 1029//1139 1077//1139 1019//1139
f 1029//1140 1078//1140 1077//1140
f 1031//1141 1078//1141 1029//1141
f 1030//1142 1079//1142 1031//1142
f 1070//1143 1080//1143 1069//1143
f 1070//1144 1081//1144 1080//1144
f 1071//1145 1081//1145 1070//1145
f 1071//1146 1082//1146 1081//1146
f 1072//1147 1082//1147 1071//1147
f 1072//1148 1083//1148 1082//1148
f 1073//1149 1083//1149 1072//1149
f 1073//1150 1084//1150 1083//1150
f 1074//1151 1084//1151 1073//1151
f 1074//1152 1085//1152 1084//1152
f 1075//1153 1085//1153 1074//1153
f 1075//1154 1086//1154 1085//1154
f 1076//1155 1086//1155 1075//1155
f 1076//1156 1087//1156 1086//1156
f 1077//1157 1087//1157 1076//1157
f 1077//1158 1088//1158 1087//1158
f 1078//1159 1088//1159 1077//1159
f 1081//1160 1089//1160 1080//1160
f 1081//1161 1090//1161 1089//1161
f 1082//1162 1090//1162 1081//1162
f 1082//1163 1091//1163 1090//1163
f 1083//1164 1091//1164 1082//1164
f 1083//1165 1092//1165 1091//1165
f 1084//1166 1092//1166 1083//1166
f 1084//1167 1093//1167 1092//1167
f 1085//1168 1093//1168 1084//1168
f 1085//1169 1094//1169 1093//1169
f 1086//1170 1094//1170 1085//1170
f 1086//1171 1095//1171 1094//1171
f 1087//1172 1095//1172 1086//1172
f 1087//1173 1096//1173 1095//1173
f 1088//1174 1096//1174 1087//1174
f 1021//1175 1097//1175 1015//1175
f 1021//1176 1098//1176 1097//1176
f 1032//1177 1098//1177 1021//1177
f 1032//1178 1099//1178 1098//1178
f 1034//1179 1099//1179 1032//1179
f 1033//1180 1100//1180 1034//1180
f 1098//1181 1101//1181 1097//1181
f 1098//1182 1102//1182 1101//1182
f 1099//1183 1102//1183 1098//1183
f 1099//1184 36//1184 1102//1184
f 1099//1185 38//1185 36//1185
f 1034//1186 38//1186 1099//1186
f 1034//1187 40//1187 38//1187
f 1100//1188 40//1188 1034//1188
f 1103//1189 1016//1189 1104//1189
f 1103//1190 1014//1190 1016//1190
f 1105//1191 1014//1191 1103//1191
f 1105//1192 1022//1192 1014//1192
f 1106//1193 1022//1193 1105//1193
f 1106//1194 1033//1194 1022//1194
f 1107//1195 1033//1195 1106//1195
f 1107//1196 1100//1196 1033//1196
f 1108//1197 1100//1197 1107//1197
f 1108//1198 40//1198 1100//1198
f 42//1199 40//1199 1108//1199
f 1109//1200 1104//1200 1110//1200
f 1109//1201 1103//1201 1104//1201
f 1111//1202 1103//1202 1109//1202
f 1111//1203 1105//1203 1103//1203
f 1112//1204 1105//1204 1111//1204
f 1112//1205 1106//1205 1105//1205
f 1113//1206 1106//1206 1112//1206
f 1113//1207 1107//1207 1106//1207
f 1114//1208 1107//1208 1113//1208
f 1114//1209 1108//1209 1107//1209
f 1115//1210 1108//1210 1114//1210
f 1115//1211 42//1211 1108//1211
f 44//1212 42//1212 1115//1212
f 1090//1213 1110//1213 1089//1213
f 1090//1214 1109//1214 1110//1214
f 1091//1215 1109//1215 1090//1215
f 1091//1216 1111//1216 1109//1216
f 1092//1217 1111//1217 1091//1217
f 1092//1218 1112//1218 1111//1218
f 1093//1219 1112//1219 1092//1219
f 1093//1220 1113//1220 1112//1220
f 1094//1221 1113//1221 1093//1221
f 1094//1222 1114//1222 1113//1222
f 1095//1223 1114//1223 1094//1223
f 1095//1224 1115//1224 1114//1224
f 1096//1225 1115//1225 1095//1225
f 1096//1226 44//1226 1115//1226
f 1088//1227 44//1227 1096//1227
f 1088//1228 46//1228 44//1228
f 1078//1229 46//1229 1088//1229
f 1078//1230 48//1230 46//1230
f 1031//1231 48//1231 1078//1231
f 1031//1232 50//1232 48//1232
f 1079//1233 50//1233 1031//1233
f 1116//1234 999//1234 1117//1234
f 1116//1235 997//1235 999//1235
f 1118//1236 997//1236 1116//1236
f 1118//1237 1001//1237 997//1237
f 1119//1238 1001//1238 1118//1238
f 1119//1239 1003//1239 1001//1239
f 1120//1240 1003//1240 1119//1240
f 1120//1241 1005//1241 1003//1241
f 1121//1242 1005//1242 1120//1242
f 1121//1243 1007//1243 1005//1243
f 1122//1244 1007//1244 1121//1244
f 1122//1245 1009//1245 1007//1245
f 1123//1246 1009//1246 1122//1246
f 1123//1247 1011//1247 1009//1247
f 1124//1248 1011//1248 1123//1248
f 1124//1249 1013//1249 1011//1249
f 1125//1250 1013//1250 1124//1250
f 1125//1251 1020//1251 1013//1251
f 1126//1252 1020//1252 1125//1252
f 1126//1253 1030//1253 1020//1253
f 1127//1253 1030//1253 1126//1253
f 1127//1254 1079//1254 1030//1254
f 1128//1254 1079//1254 1127//1254
f 1128//1255 50//1255 1079//1255
f 53//1256 50//1256 1128//1256
f 1129//1257 1117//1257 1130//1257
f 1129//1258 1116//1258 1117//1258
f 1131//1259 1116//1259 1129//1259
f 1131//1260 1118//1260 1116//1260
f 1132//1261 1118//1261 1131//1261
f 1132//1262 1119//1262 1118//1262
f 1133//1263 1119//1263 1132//1263
f 1133//1264 1120//1264 1119//1264
f 1134//1265 1120//1265 1133//1265
f 1134//1266 1121//1266 1120//1266
f 1135//1267 1121//1267 1134//1267
f 1135//1268 1122//1268 1121//1268
f 1136//1269 1122//1269 1135//1269
f 1136//1270 1123//1270 1122//1270
f 1137//1271 1123//1271 1136//1271
f 1137//1272 1124//1272 1123//1272
f 1138//1273 1124//1273 1137//1273
f 1138//1274 1125//1274 1124//1274
f 1139//1275 1125//1275 1138//1275
f 1139//1276 1126//1276 1125//1276
f 1140//1277 1126//1277 1139//1277
f 1140//1278 1127//1278 1126//1278
f 1141//1279 1127//1279 1140//1279
f 1141//1280 1128//1280 1127//1280
f 1142//1281 1128//1281 1141//1281
f 1142//1282 53//1282 1128//1282
f 55//1283 53//1283 1142//1283
f 1055//1284 1130//1284 1054//1284
f 1055//1285 1129//1285 1130//1285
f 1056//1286 1129//1286 1055//1286
f 1056//1287 1131//1287 1129//1287
f 1057//1288 1131//1288 1056//1288
f 1057//1289 1132//1289 1131//1289
f 1058//1290 1132//1290 1057//1290
f 1058//1291 1133//1291 1132//1291
f 1059//1292 1133//1292 1058//1292
f 1059//1293 1134//1293 1133//1293
f 1060//1294 1134//1294 1059//1294
f 1060//1295 1135//1295 1134//1295
f 1061//1296 1135//1296 1060//1296
f 1061//1297 1136//1297 1135//1297
f 1062//1298 1136//1298 1061//1298
f 1062//1299 1137//1299 1136//1299
f 1063//1300 1137//1300 1062//1300
f 1063//1301 1138//1301 1137//1301
f 1064//1302 1138//1302 1063//1302
f 1064//1303 1139//1303 1138//1303
f 1065//1304 1139//1304 1064//1304
f 1065//1305 1140//1305 1139//1305
f 1066//1306 1140//1306 1065//1306
f 1066//1307 1141//1307 1140//1307
f 1067//1308 1141//1308 1066//1308
f 1067//1309 1142//1309 1141//1309
f 1068//1310 1142//1310 1067//1310
f 1068//1311 55//1311 1142//1311
f 1052//1312 55//1312 1068//1312
f 1052//1313 57//1313 55//1313
f 1028//1314 57//1314 1052//1314
f 1028//1315 59//1315 57//1315
f 1053//1316 59//1316 1028//1316
f 1024//1317 398//1317 1036//1317
f 1024//1318 396//1318 398//1318
f 1023//1319 396//1319 1024//1319
f 1143//1320 1023//1320 1025//1320
f 1144//1321 1023//1321 1143//1321
f 1144//1322 396//1322 1023//1322
f 394//1323 396//1323 1144//1323
f 1145//1324 1144//1324 1143//1324
f 1146//1325 1144//1325 1145//1325
f 1146//1326 394//1326 1144//1326
f 392//1327 394//1327 1146//1327
f 1147//1328 1146//1328 1145//1328
f 1148//1329 1146//1329 1147//1329
f 1148//1330 392//1330 1146//1330
f 390//1331 392//1331 1148//1331
f 1149//1332 1148//1332 1147//1332
f 1150//1333 1148//1333 1149//1333
f 1150//1334 390//1334 1148//1334
f 388//1335 390//1335 1150//1335
f 1151//1336 1150//1336 1149//1336
f 1152//1337 1150//1337 1151//1337
f 1152//1338 388//1338 1150//1338
f 386//1339 388//1339 1152//1339
f 967//1340 1152//1340 1151//1340
f 966//1341 1152//1341 967//1341
f 966//1342 386//1342 1152//1342
f 948//1343 386//1343 966//1343
f 948//1344 384//1344 386//1344
f 946//1345 384//1345 948//1345
f 946//1346 383//1346 384//1346
f 944//1347 383//1347 946//1347
f 944//1348 400//1348 383//1348
f 942//1349 400//1349 944//1349
f 942//1350 404//1350 400//1350
f 940//1351 404//1351 942//1351
f 940//1352 407//1352 404//1352
f 938//1353 407//1353 940//1353
f 938//1354 411//1354 407//1354
f 936//1355 411//1355 938//1355
f 936//1356 415//1356 411//1356
f 932//1357 415//1357 936//1357
f 932//1358 419//1358 415//1358
f 934//1359 419//1359 932//1359
f 1153//1360 934//1360 933//1360
f 1154//1361 934//1361 1153//1361
f 1154//1362 419//1362 934//1362
f 423//1363 419//1363 1154//1363
f 888//1364 1154//1364 1153//1364
f 887//1365 1154//1365 888//1365
f 887//1366 423//1366 1154//1366
f 426//1367 423//1367 887//1367
f 430//1368 428//1368 1155//1368
f 1156//1369 430//1369 1155//1369
f 433//1370 430//1370 1156//1370
f 1157//1371 433//1371 1156//1371
f 435//1372 433//1372 1157//1372
f 1158//1373 435//1373 1157//1373
f 438//1374 435//1374 1158//1374
f 142//1375 140//1375 1159//1375
f 1160//1376 146//1376 144//1376
f 1161//1377 1162//1377 1163//1377
f 144//1378 1162//1378 1160//1378
f 144//1379 1163//1379 1162//1379
f 142//1380 1163//1380 144//1380
f 1159//1381 1163//1381 142//1381
f 1159//1382 1161//1382 1163//1382
f 1164//1383 1161//1383 1159//1383
f 1164//1384 1165//1384 1161//1384
f 1166//1385 1165//1385 1164//1385
f 1167//1386 1165//1386 1166//1386
f 1168//1387 1165//1387 1167//1387
f 451//1388 140//1388 138//1388
f 449//1389 140//1389 451//1389
f 448//1390 140//1390 449//1390
f 448//1391 1159//1391 140//1391
f 446//1392 1159//1392 448//1392
f 444//1393 1159//1393 446//1393
f 444//1394 1164//1394 1159//1394
f 442//1395 1164//1395 444//1395
f 440//1396 1164//1396 442//1396
f 440//1396 1166//1396 1164//1396
f 438//1397 1166//1397 440//1397
f 438//1398 1167//1398 1166//1398
f 1158//1399 1167//1399 438//1399
f 1158//1400 1168//1400 1167//1400
f 1157//1401 1168//1401 1158//1401
f 1157//1402 1169//1402 1168//1402
f 1156//1403 1169//1403 1157//1403
f 887//1404 428//1404 426//1404
f 887//1405 1155//1405 428//1405
f 889//1406 1155//1406 887//1406
f 889//1407 1156//1407 1155//1407
f 1169//1408 1156//1408 889//1408
f 886//1409 1170//1409 889//1409
f 886//1410 1171//1410 1170//1410
f 888//1411 1171//1411 886//1411
f 1172//1412 1025//1412 1035//1412
f 1173//1413 1025//1413 1172//1413
f 1173//1414 1143//1414 1025//1414
f 1174//1415 1143//1415 1173//1415
f 1174//1416 1145//1416 1143//1416
f 1175//1417 1145//1417 1174//1417
f 1175//1418 1147//1418 1145//1418
f 1176//1419 1147//1419 1175//1419
f 1176//1420 1149//1420 1147//1420
f 1177//1421 1149//1421 1176//1421
f 1177//1422 1151//1422 1149//1422
f 1178//1423 1151//1423 1177//1423
f 1178//1424 967//1424 1151//1424
f 1179//1425 967//1425 1178//1425
f 1179//1426 965//1426 967//1426
f 1180//1427 965//1427 1179//1427
f 1180//1428 947//1428 965//1428
f 1181//1429 947//1429 1180//1429
f 1181//1430 945//1430 947//1430
f 1182//1431 945//1431 1181//1431
f 1182//1432 943//1432 945//1432
f 1183//1433 943//1433 1182//1433
f 1183//1434 941//1434 943//1434
f 1184//1435 941//1435 1183//1435
f 1184//1436 939//1436 941//1436
f 1185//1437 939//1437 1184//1437
f 1185//1438 937//1438 939//1438
f 1186//1439 937//1439 1185//1439
f 1186//1440 935//1440 937//1440
f 1187//1441 935//1441 1186//1441
f 1187//1442 933//1442 935//1442
f 1188//1443 933//1443 1187//1443
f 1188//1444 1153//1444 933//1444
f 1189//1445 1153//1445 1188//1445
f 1189//1446 888//1446 1153//1446
f 1190//1447 888//1447 1189//1447
f 1190//1448 1171//1448 888//1448
f 1191//1449 1171//1449 1190//1449
f 1//1450 398//1450 2//1450
f 1//1451 1036//1451 398//1451
f 63//1452 1036//1452 1//1452
f 63//1453 1035//1453 1036//1453
f 61//1454 1035//1454 63//1454
f 61//1455 1172//1455 1035//1455
f 59//1456 1172//1456 61//1456
f 1053//1457 1172//1457 59//1457
f 1053//1458 1173//1458 1172//1458
f 1027//1459 1173//1459 1053//1459
f 1027//1460 1174//1460 1173//1460
f 1018//1461 1174//1461 1027//1461
f 1018//1462 1175//1462 1174//1462
f 996//1463 1175//1463 1018//1463
f 996//1464 1176//1464 1175//1464
f 994//1465 1176//1465 996//1465
f 994//1466 1177//1466 1176//1466
f 992//1467 1177//1467 994//1467
f 992//1468 1178//1468 1177//1468
f 990//1469 1178//1469 992//1469
f 990//1470 1179//1470 1178//1470
f 988//1471 1179//1471 990//1471
f 988//1472 1180//1472 1179//1472
f 986//1473 1180//1473 988//1473
f 986//1474 1181//1474 1180//1474
f 984//1475 1181//1475 986//1475
f 984//1476 1182//1476 1181//1476
f 982//1477 1182//1477 984//1477
f 982//1478 1183//1478 1182//1478
f 980//1479 1183//1479 982//1479
f 980//1480 1184//1480 1183//1480
f 978//1481 1184//1481 980//1481
f 978//1482 1185//1482 1184//1482
f 976//1483 1185//1483 978//1483
f 976//1484 1186//1484 1185//1484
f 974//1485 1186//1485 976//1485
f 974//1486 1187//1486 1186//1486
f 972//1487 1187//1487 974//1487
f 972//1488 1188//1488 1187//1488
f 968//1489 1188//1489 972//1489
f 968//1490 1189//1490 1188//1490
f 970//1491 1189//1491 968//1491
f 970//1492 1190//1492 1189//1492
f 1192//1493 1190//1493 970//1493
f 1192//1494 1191//1494 1190//1494
f 1193//1495 1191//1495 1192//1495
f 1194//1496 1097//1496 1101//1496
f 1195//1497 1097//1497 1194//1497
f 1195//1498 1015//1498 1097//1498
f 1196//1499 1015//1499 1195//1499
f 1196//1500 1016//1500 1015//1500
f 1197//1501 1016//1501 1196//1501
f 1197//1502 1104//1502 1016//1502
f 1198//1503 1104//1503 1197//1503
f 1198//1504 1110//1504 1104//1504
f 1199//1505 1110//1505 1198//1505
f 1199//1506 1089//1506 1110//1506
f 1200//1507 1089//1507 1199//1507
f 1200//1508 1080//1508 1089//1508
f 1201//1509 1080//1509 1200//1509
f 1201//1510 1069//1510 1080//1510
f 1202//1511 1069//1511 1201//1511
f 1202//1512 998//1512 1069//1512
f 1203//1513 998//1513 1202//1513
f 1203//1514 999//1514 998//1514
f 1204//1515 999//1515 1203//1515
f 1204//1516 1117//1516 999//1516
f 1205//1517 1117//1517 1204//1517
f 1205//1518 1130//1518 1117//1518
f 1206//1519 1130//1519 1205//1519
f 1206//1520 1054//1520 1130//1520
f 1207//1521 1054//1521 1206//1521
f 1207//1522 1037//1522 1054//1522
f 1208//1523 1037//1523 1207//1523
f 1208//1524 969//1524 1037//1524
f 1209//1525 969//1525 1208//1525
f 1209//1526 970//1526 969//1526
f 1210//1527 970//1527 1209//1527
f 1210//1528 1192//1528 970//1528
f 1193//1529 1192//1529 1210//1529
f 1211//1530 1212//1530 1213//1530
f 1214//1531 1215//1531 1216//1531
f 924//1532 1216//1532 956//1532
f 924//1533 1214//1533 1216//1533
f 925//1534 1214//1534 924//1534
f 925//1535 1217//1535 1214//1535
f 912//1536 1217//1536 925//1536
f 912//1537 1218//1537 1217//1537
f 912//1538 1219//1538 1218//1538
f 903//1539 1219//1539 912//1539
f 1220//1540 1221//1540 1222//1540
f 1223//1541 1221//1541 1220//1541
f 1223//1542 1224//1542 1221//1542
f 1225//1543 1224//1543 1223//1543
f 1225//1544 1226//1544 1224//1544
f 1227//1545 1226//1545 1225//1545
f 1228//1546 1226//1546 1227//1546
f 1229//1547 1226//1547 1228//1547
f 1230//1548 1229//1548 1228//1548
f 1231//1549 1229//1549 1230//1549
f 1231//1550 1232//1550 1229//1550
f 1233//1551 1232//1551 1231//1551
f 181//1552 183//1552 1234//1552
f 1235//1553 183//1553 185//1553
f 1236//1554 183//1554 1235//1554
f 1236//1555 1234//1555 183//1555
f 1232//1556 1234//1556 1236//1556
f 1233//1557 1234//1557 1232//1557
f 1233//1558 181//1558 1234//1558
f 179//1559 181//1559 1233//1559
f 179//1560 452//1560 177//1560
f 329//1561 452//1561 179//1561
f 1237//1562 327//1562 328//1562
f 1237//1563 325//1563 327//1563
f 1238//1564 325//1564 1237//1564
f 1238//1565 323//1565 325//1565
f 321//1566 323//1566 1238//1566
f 1239//1567 321//1567 1238//1567
f 319//1568 321//1568 1239//1568
f 1240//1569 319//1569 1239//1569
f 1241//1570 319//1570 1240//1570
f 1241//1571 316//1571 319//1571
f 1242//1572 316//1572 1241//1572
f 1242//1573 314//1573 316//1573
f 1243//1574 314//1574 1242//1574
f 1243//1575 311//1575 314//1575
f 890//1576 311//1576 1243//1576
f 890//1577 309//1577 311//1577
f 892//1578 309//1578 890//1578
f 892//1579 307//1579 309//1579
f 304//1580 307//1580 892//1580
f 1244//1581 1245//1581 1246//1581
f 1244//1582 891//1582 1245//1582
f 1247//1583 891//1583 1244//1583
f 1247//1584 892//1584 891//1584
f 1248//1585 892//1585 1247//1585
f 1248//1586 304//1586 892//1586
f 300//1587 304//1587 1248//1587
f 179//1588 328//1588 329//1588
f 179//1589 1237//1589 328//1589
f 1233//1590 1237//1590 179//1590
f 1233//1591 1238//1591 1237//1591
f 1231//1592 1238//1592 1233//1592
f 1231//1593 1239//1593 1238//1593
f 1230//1594 1239//1594 1231//1594
f 1230//1595 1240//1595 1239//1595
f 1228//1596 1240//1596 1230//1596
f 1228//1597 1241//1597 1240//1597
f 1227//1598 1241//1598 1228//1598
f 1227//1599 1242//1599 1241//1599
f 1225//1600 1242//1600 1227//1600
f 1225//1601 1243//1601 1242//1601
f 1223//1602 1243//1602 1225//1602
f 1223//1603 890//1603 1243//1603
f 1220//1604 890//1604 1223//1604
f 1220//1605 891//1605 890//1605
f 1222//1606 891//1606 1220//1606
f 1222//1607 1245//1607 891//1607
f 1249//1608 1245//1608 1222//1608
f 1249//1609 1246//1609 1245//1609
f 1250//1610 1246//1610 1249//1610
f 1250//1611 1251//1611 1246//1611
f 1252//1612 1251//1612 1250//1612
f 1252//1613 1253//1613 1251//1613
f 1219//1614 1253//1614 1252//1614
f 903//1615 1253//1615 1219//1615
f 903//1616 1251//1616 1253//1616
f 897//1617 1251//1617 903//1617
f 897//1618 1246//1618 1251//1618
f 896//1619 1246//1619 897//1619
f 896//1620 1244//1620 1246//1620
f 900//1621 1244//1621 896//1621
f 900//1622 1247//1622 1244//1622
f 907//1623 1247//1623 900//1623
f 907//1624 1248//1624 1247//1624
f 918//1625 1248//1625 907//1625
f 918//1626 300//1626 1248//1626
f 949//1627 300//1627 918//1627
f 949//1628 296//1628 300//1628
f 950//1629 296//1629 949//1629
f 950//1630 292//1630 296//1630
f 951//1631 292//1631 950//1631
f 951//1632 288//1632 292//1632
f 952//1633 288//1633 951//1633
f 952//1634 285//1634 288//1634
f 953//1635 285//1635 952//1635
f 953//1636 281//1636 285//1636
f 954//1637 281//1637 953//1637
f 954//1638 264//1638 281//1638
f 955//1639 264//1639 954//1639
f 955//1640 265//1640 264//1640
f 963//1641 265//1641 955//1641
f 963//1642 267//1642 265//1642
f 964//1643 267//1643 963//1643
f 1254//1644 1215//1644 1255//1644
f 1254//1645 1216//1645 1215//1645
f 1256//1646 1216//1646 1254//1646
f 1256//1647 956//1647 1216//1647
f 1257//1648 956//1648 1256//1648
f 1257//1649 957//1649 956//1649
f 1258//1650 957//1650 1257//1650
f 1258//1651 958//1651 957//1651
f 1259//1652 958//1652 1258//1652
f 1259//1653 959//1653 958//1653
f 1260//1654 959//1654 1259//1654
f 1260//1655 960//1655 959//1655
f 1261//1656 960//1656 1260//1656
f 1261//1657 961//1657 960//1657
f 1262//1658 961//1658 1261//1658
f 1262//1659 962//1659 961//1659
f 1263//1660 962//1660 1262//1660
f 1263//1661 964//1661 962//1661
f 1264//1662 964//1662 1263//1662
f 1264//1663 267//1663 964//1663
f 269//1664 267//1664 1264//1664
f 1265//1665 1255//1665 1266//1665
f 1265//1666 1254//1666 1255//1666
f 1267//1667 1254//1667 1265//1667
f 1267//1668 1256//1668 1254//1668
f 1268//1669 1256//1669 1267//1669
f 1268//1648 1257//1648 1256//1648
f 1269//1670 1257//1670 1268//1670
f 1269//1671 1258//1671 1257//1671
f 1270//1672 1258//1672 1269//1672
f 1270//1673 1259//1673 1258//1673
f 1271//1674 1259//1674 1270//1674
f 1271//1675 1260//1675 1259//1675
f 1272//1676 1260//1676 1271//1676
f 1272//1677 1261//1677 1260//1677
f 1273//1678 1261//1678 1272//1678
f 1273//1679 1262//1679 1261//1679
f 1274//1680 1262//1680 1273//1680
f 1274//1681 1263//1681 1262//1681
f 1275//1682 1263//1682 1274//1682
f 1275//1683 1264//1683 1263//1683
f 1276//1684 1264//1684 1275//1684
f 1276//1685 269//1685 1264//1685
f 271//1686 269//1686 1276//1686
f 1213//1687 1266//1687 1211//1687
f 1213//1688 1265//1688 1266//1688
f 1277//1689 1265//1689 1213//1689
f 1277//1690 1267//1690 1265//1690
f 1278//1691 1267//1691 1277//1691
f 1278//1669 1268//1669 1267//1669
f 1279//1692 1268//1692 1278//1692
f 1279//1693 1269//1693 1268//1693
f 1280//1694 1269//1694 1279//1694
f 1280//1695 1270//1695 1269//1695
f 1281//1696 1270//1696 1280//1696
f 1281//1697 1271//1697 1270//1697
f 1282//1698 1271//1698 1281//1698
f 1282//1699 1272//1699 1271//1699
f 1283//1700 1272//1700 1282//1700
f 1283//1701 1273//1701 1272//1701
f 1284//1702 1273//1702 1283//1702
f 1284//1703 1274//1703 1273//1703
f 1285//1704 1274//1704 1284//1704
f 1285//1705 1275//1705 1274//1705
f 1286//1706 1275//1706 1285//1706
f 1286//1707 1276//1707 1275//1707
f 1287//1708 1276//1708 1286//1708
f 1287//1709 271//1709 1276//1709
f 273//1710 271//1710 1287//1710
f 1288//1711 1212//1711 1289//1711
f 1288//1712 1213//1712 1212//1712
f 1290//1713 1213//1713 1288//1713
f 1290//1714 1277//1714 1213//1714
f 1291//1715 1277//1715 1290//1715
f 1291//1691 1278//1691 1277//1691
f 1292//1716 1278//1716 1291//1716
f 1292//1717 1279//1717 1278//1717
f 1293//1718 1279//1718 1292//1718
f 1293//1719 1280//1719 1279//1719
f 1294//1720 1280//1720 1293//1720
f 1294//1721 1281//1721 1280//1721
f 1295//1722 1281//1722 1294//1722
f 1295//1723 1282//1723 1281//1723
f 1296//1724 1282//1724 1295//1724
f 1296//1725 1283//1725 1282//1725
f 1297//1726 1283//1726 1296//1726
f 1297//1727 1284//1727 1283//1727
f 1298//1728 1284//1728 1297//1728
f 1298//1729 1285//1729 1284//1729
f 1299//1730 1285//1730 1298//1730
f 1299//1731 1286//1731 1285//1731
f 1300//1732 1286//1732 1299//1732
f 1300//1733 1287//1733 1286//1733
f 1301//1734 1287//1734 1300//1734
f 1301//1735 273//1735 1287//1735
f 275//1736 273//1736 1301//1736
f 894//1737 1302//1737 1303//1737
f 893//1738 1302//1738 894//1738
f 893//1739 1289//1739 1302//1739
f 895//1740 1289//1740 893//1740
f 895//1741 1288//1741 1289//1741
f 1304//1742 1288//1742 895//1742
f 1304//1743 1290//1743 1288//1743
f 1305//1744 1290//1744 1304//1744
f 1305//1745 1291//1745 1290//1745
f 1306//1746 1291//1746 1305//1746
f 1306//1747 1292//1747 1291//1747
f 1307//1748 1292//1748 1306//1748
f 1307//1749 1293//1749 1292//1749
f 1308//1750 1293//1750 1307//1750
f 1308//1751 1294//1751 1293//1751
f 1309//1752 1294//1752 1308//1752
f 1309//1753 1295//1753 1294//1753
f 1310//1754 1295//1754 1309//1754
f 1310//1755 1296//1755 1295//1755
f 1311//1756 1296//1756 1310//1756
f 1311//1757 1297//1757 1296//1757
f 1312//1758 1297//1758 1311//1758
f 1312//1759 1298//1759 1297//1759
f 1313//1760 1298//1760 1312//1760
f 1313//1761 1299//1761 1298//1761
f 1314//1762 1299//1762 1313//1762
f 1314//1763 1300//1763 1299//1763
f 1315//1764 1300//1764 1314//1764
f 1315//1765 1301//1765 1300//1765
f 1316//1766 1301//1766 1315//1766
f 1316//1767 275//1767 1301//1767
f 277//1768 275//1768 1316//1768
f 1209//1769 1303//1769 1210//1769
f 1209//1770 894//1770 1303//1770
f 1208//1771 894//1771 1209//1771
f 1208//1772 895//1772 894//1772
f 1207//1773 895//1773 1208//1773
f 1207//1774 1304//1774 895//1774
f 1206//1775 1304//1775 1207//1775
f 1206//1744 1305//1744 1304//1744
f 1205//1776 1305//1776 1206//1776
f 1205//1777 1306//1777 1305//1777
f 1204//1778 1306//1778 1205//1778
f 1204//1779 1307//1779 1306//1779
f 1203//1780 1307//1780 1204//1780
f 1203//1781 1308//1781 1307//1781
f 1202//1782 1308//1782 1203//1782
f 1202//1783 1309//1783 1308//1783
f 1201//1784 1309//1784 1202//1784
f 1201//1785 1310//1785 1309//1785
f 1200//1786 1310//1786 1201//1786
f 1200//1787 1311//1787 1310//1787
f 1199//1788 1311//1788 1200//1788
f 1199//1789 1312//1789 1311//1789
f 1198//1790 1312//1790 1199//1790
f 1198//1791 1313//1791 1312//1791
f 1197//1792 1313//1792 1198//1792
f 1197//1793 1314//1793 1313//1793
f 1196//1794 1314//1794 1197//1794
f 1196//1795 1315//1795 1314//1795
f 1195//1796 1315//1796 1196//1796
f 1195//1797 1316//1797 1315//1797
f 1194//1798 1316//1798 1195//1798
f 1194//1799 277//1799 1316//1799
f 1101//1800 277//1800 1194//1800
f 1101//1801 279//1801 277//1801
f 1102//1802 279//1802 1101//1802
f 1102//1803 35//1803 279//1803
f 36//1804 35//1804 1102//1804
f 1317//1805 1318//1805 1319//1805
f 1317//1806 1320//1806 1318//1806
f 1321//1807 1322//1807 1323//1807
f 1321//1808 1324//1808 1322//1808
f 1320//1809 1325//1809 1318//1809
f 1320//1810 1326//1810 1325//1810
f 1324//1811 1327//1811 1322//1811
f 1324//1812 1328//1812 1327//1812
f 1326//1813 1329//1813 1325//1813
f 1326//1814 1330//1814 1329//1814
f 1328//1815 1331//1815 1327//1815
f 1328//1816 1332//1816 1331//1816
f 1330//1817 1333//1817 1329//1817
f 1330//1818 1334//1818 1333//1818
f 1332//1819 1335//1819 1331//1819
f 1332//1820 1336//1820 1335//1820
f 1334//1821 1337//1821 1333//1821
f 1334//1822 1338//1822 1337//1822
f 1336//1823 1339//1823 1335//1823
f 1336//1824 1340//1824 1339//1824
f 1338//1825 1341//1825 1337//1825
f 1338//1826 1342//1826 1341//1826
f 1340//1827 1343//1827 1339//1827
f 1340//1828 1344//1828 1343//1828
f 1342//1829 1345//1829 1341//1829
f 1342//1830 1346//1830 1345//1830
f 1344//1831 1347//1831 1343//1831
f 1344//1832 1348//1832 1347//1832
f 1346//1833 1349//1833 1345//1833
f 1346//1834 1350//1834 1349//1834
f 1348//1835 1351//1835 1347//1835
f 1348//1836 1352//1836 1351//1836
f 1350//1837 1353//1837 1349//1837
f 1350//1838 1354//1838 1353//1838
f 1352//1839 1355//1839 1351//1839
f 1352//1840 1356//1840 1355//1840
f 1354//1841 1357//1841 1353//1841
f 1354//1842 1358//1842 1357//1842
f 1356//1843 1359//1843 1355//1843
f 1356//1844 1360//1844 1359//1844
f 1358//1845 1361//1845 1357//1845
f 1358//1846 1362//1846 1361//1846
f 1360//1847 1363//1847 1359//1847
f 1360//1848 1364//1848 1363//1848
f 1362//1849 1365//1849 1361//1849
f 1362//1850 1366//1850 1365//1850
f 1364//1851 1367//1851 1363//1851
f 1364//1852 1368//1852 1367//1852
f 1366//1853 1369//1853 1365//1853
f 1366//1854 1370//1854 1369//1854
f 1368//1855 1371//1855 1367//1855
f 1368//1856 1372//1856 1371//1856
f 1370//1857 1373//1857 1369//1857
f 1370//1858 1374//1858 1373//1858
f 1372//1859 1375//1859 1371//1859
f 1372//1860 1376//1860 1375//1860
f 1374//1861 1377//1861 1373//1861
f 1374//1862 1378//1862 1377//1862
f 1376//1863 1379//1863 1375//1863
f 1376//1864 1380//1864 1379//1864
f 1378//1865 1381//1865 1377//1865
f 1378//1866 1382//1866 1381//1866
f 1380//1867 1383//1867 1379//1867
f 1380//1868 1384//1868 1383//1868
f 1382//1869 1385//1869 1381//1869
f 1382//1870 1386//1870 1385//1870
f 1384//1871 1387//1871 1383//1871
f 1384//1872 1388//1872 1387//1872
f 1386//1873 1389//1873 1385//1873
f 1386//1874 1390//1874 1389//1874
f 1388//1875 1391//1875 1387//1875
f 1388//1876 1392//1876 1391//1876
f 1390//1877 1393//1877 1389//1877
f 1390//1878 1394//1878 1393//1878
f 1392//1879 1395//1879 1391//1879
f 1392//1880 1396//1880 1395//1880
f 1394//1881 1397//1881 1393//1881
f 1394//1882 1398//1882 1397//1882
f 1396//1883 1399//1883 1395//1883
f 1396//1884 1400//1884 1399//1884
f 1398//1885 1401//1885 1397//1885
f 1398//1886 1402//1886 1401//1886
f 1400//1887 1403//1887 1399//1887
f 1400//1888 1404//1888 1403//1888
f 1402//1889 1405//1889 1401//1889
f 1402//1890 1406//1890 1405//1890
f 1404//1891 1407//1891 1403//1891
f 1404//1892 1408//1892 1407//1892
f 1406//1893 1409//1893 1405//1893
f 1406//1894 1410//1894 1409//1894
f 1408//1895 1411//1895 1407//1895
f 1408//1896 1412//1896 1411//1896
f 1410//1897 1413//1897 1409//1897
f 1410//1898 1414//1898 1413//1898
f 1412//1899 1415//1899 1411//1899
f 1412//1900 1416//1900 1415//1900
f 1414//1901 1417//1901 1413//1901
f 1414//1902 1418//1902 1417//1902
f 1416//1903 1419//1903 1415//1903
f 1416//1904 1420//1904 1419//1904
f 1418//1905 1421//1905 1417//1905
f 1418//1906 1422//1906 1421//1906
f 1420//1907 1423//1907 1419//1907
f 1420//1908 1424//1908 1423//1908
f 1422//1909 1425//1909 1421//1909
f 1422//1910 1426//1910 1425//1910
f 1424//1911 1427//1911 1423//1911
f 1424//1912 1428//1912 1427//1912
f 1426//1913 1429//1913 1425//1913
f 1426//1914 1430//1914 1429//1914
f 1428//1915 1431//1915 1427//1915
f 1428//1916 1432//1916 1431//1916
f 1430//1917 1433//1917 1429//1917
f 1430//1918 1434//1918 1433//1918
f 1432//1919 1435//1919 1431//1919
f 1432//1920 1436//1920 1435//1920
f 1434//1921 1437//1921 1433//1921
f 1434//1922 1438//1922 1437//1922
f 1436//1923 1439//1923 1435//1923
f 1436//1924 1440//1924 1439//1924
f 1438//1925 1441//1925 1437//1925
f 1438//1926 1442//1926 1441//1926
f 1440//1927 1443//1927 1439//1927
f 1440//1928 1444//1928 1443//1928
f 1442//1929 1445//1929 1441//1929
f 1442//1930 1446//1930 1445//1930
f 1444//1931 1447//1931 1443//1931
f 1444//1932 1448//1932 1447//1932
f 1446//1933 1449//1933 1445//1933
f 1446//1934 1450//1934 1449//1934
f 1448//1935 1451//1935 1447//1935
f 1448//1936 1452//1936 1451//1936
f 1450//1937 1453//1937 1449//1937
f 1450//1938 1454//1938 1453//1938
f 1452//1939 1455//1939 1451//1939
f 1452//1940 1456//1940 1455//1940
f 1454//1941 1457//1941 1453//1941
f 1454//1942 1458//1942 1457//1942
f 1456//1943 1459//1943 1455//1943
f 1456//1944 1460//1944 1459//1944
f 1458//1945 1461//1945 1457//1945
f 1458//1946 1462//1946 1461//1946
f 1460//1947 1463//1947 1459//1947
f 1460//1948 1464//1948 1463//1948
f 1462//1949 1465//1949 1461//1949
f 1462//1950 1466//1950 1465//1950
f 1464//1951 1467//1951 1463//1951
f 1464//1952 1468//1952 1467//1952
f 1466//1953 1469//1953 1465//1953
f 1466//1954 1470//1954 1469//1954
f 1468//1955 1471//1955 1467//1955
f 1468//1956 1472//1956 1471//1956
f 1470//1957 1473//1957 1469//1957
f 1473//1958 1474//1958 1475//1958
f 1470//1959 1474//1959 1473//1959
f 1472//1960 1476//1960 1471//1960
f 1472//1961 1477//1961 1476//1961
f 1319//1962 1478//1962 1479//1962
f 1318//1963 1478//1963 1319//1963
f 1318//1964 1480//1964 1478//1964
f 1325//1965 1480//1965 1318//1965
f 1325//1966 1481//1966 1480//1966
f 1329//1967 1481//1967 1325//1967
f 1329//1968 1482//1968 1481//1968
f 1333//1969 1482//1969 1329//1969
f 1333//1970 1483//1970 1482//1970
f 1337//1971 1483//1971 1333//1971
f 1337//1972 1484//1972 1483//1972
f 1341//1973 1484//1973 1337//1973
f 1341//1974 1485//1974 1484//1974
f 1345//1975 1485//1975 1341//1975
f 1345//1976 1486//1976 1485//1976
f 1349//1977 1486//1977 1345//1977
f 1349//1978 1487//1978 1486//1978
f 1353//1979 1487//1979 1349//1979
f 1353//1980 1488//1980 1487//1980
f 1357//1981 1488//1981 1353//1981
f 1357//1982 1489//1982 1488//1982
f 1361//1983 1489//1983 1357//1983
f 1361//1984 1490//1984 1489//1984
f 1365//1985 1490//1985 1361//1985
f 1365//1986 1491//1986 1490//1986
f 1369//1987 1491//1987 1365//1987
f 1369//1988 1492//1988 1491//1988
f 1373//1989 1492//1989 1369//1989
f 1373//1990 1493//1990 1492//1990
f 1377//1991 1493//1991 1373//1991
f 1377//1992 1494//1992 1493//1992
f 1381//1993 1494//1993 1377//1993
f 1381//1994 1495//1994 1494//1994
f 1385//1995 1495//1995 1381//1995
f 1385//1996 1496//1996 1495//1996
f 1389//1997 1496//1997 1385//1997
f 1389//1998 1497//1998 1496//1998
f 1393//1999 1497//1999 1389//1999
f 1393//2000 1498//2000 1497//2000
f 1397//2001 1498//2001 1393//2001
f 1397//2002 1499//2002 1498//2002
f 1401//2003 1499//2003 1397//2003
f 1401//2004 1500//2004 1499//2004
f 1405//2005 1500//2005 1401//2005
f 1405//2006 1501//2006 1500//2006
f 1409//2007 1501//2007 1405//2007
f 1409//2008 1502//2008 1501//2008
f 1413//2009 1502//2009 1409//2009
f 1413//2010 1503//2010 1502//2010
f 1417//2011 1503//2011 1413//2011
f 1417//2012 1504//2012 1503//2012
f 1421//2013 1504//2013 1417//2013
f 1421//2014 1505//2014 1504//2014
f 1425//2015 1505//2015 1421//2015
f 1425//2016 1506//2016 1505//2016
f 1429//2017 1506//2017 1425//2017
f 1429//2018 1507//2018 1506//2018
f 1433//2019 1507//2019 1429//2019
f 1433//2020 1508//2020 1507//2020
f 1437//2021 1508//2021 1433//2021
f 1437//2022 1509//2022 1508//2022
f 1441//2023 1509//2023 1437//2023
f 1441//2024 1510//2024 1509//2024
f 1445//2025 1510//2025 1441//2025
f 1445//2026 1511//2026 1510//2026
f 1449//2027 1511//2027 1445//2027
f 1449//2028 1512//2028 1511//2028
f 1453//2029 1512//2029 1449//2029
f 1453//2030 1513//2030 1512//2030
f 1457//2031 1513//2031 1453//2031
f 1457//2032 1514//2032 1513//2032
f 1461//2033 1514//2033 1457//2033
f 1461//2034 1515//2034 1514//2034
f 1465//2035 1515//2035 1461//2035
f 1465//2036 1516//2036 1515//2036
f 1469//2037 1516//2037 1465//2037
f 1469//2038 1517//2038 1516//2038
f 1473//2039 1517//2039 1469//2039
f 1473//2040 1518//2040 1517//2040
f 1475//2041 1518//2041 1473//2041
f 1477//2042 1519//2042 1476//2042
f 1477//2043 1520//2043 1519//2043
f 1475//2044 1521//2044 1518//2044
f 1522//2045 1475//2045 1474//2045
f 1523//2046 1475//2046 1522//2046
f 1523//2047 1521//2047 1475//2047
f 1524//2048 1521//2048 1523//2048
f 1520//2049 1525//2049 1519//2049
f 1525//2050 1526//2050 1527//2050
f 1520//2051 1526//2051 1525//2051
f 1528//2052 1529//2052 1530//2052
f 1478//2053 1531//2053 1479//2053
f 1478//2054 1532//2054 1531//2054
f 1480//2055 1532//2055 1478//2055
f 1480//2056 1533//2056 1532//2056
f 1481//2057 1533//2057 1480//2057
f 1481//2058 1534//2058 1533//2058
f 1482//2059 1534//2059 1481//2059
f 1482//2060 1535//2060 1534//2060
f 1483//2061 1535//2061 1482//2061
f 1483//2062 1536//2062 1535//2062
f 1484//2063 1536//2063 1483//2063
f 1484//2064 1537//2064 1536//2064
f 1485//2065 1537//2065 1484//2065
f 1485//2066 1538//2066 1537//2066
f 1486//2067 1538//2067 1485//2067
f 1486//2068 1539//2068 1538//2068
f 1487//2069 1539//2069 1486//2069
f 1487//2070 1540//2070 1539//2070
f 1488//2071 1540//2071 1487//2071
f 1488//2072 1541//2072 1540//2072
f 1489//2073 1541//2073 1488//2073
f 1489//2074 1542//2074 1541//2074
f 1490//2075 1542//2075 1489//2075
f 1490//2076 1543//2076 1542//2076
f 1491//2077 1543//2077 1490//2077
f 1491//2078 1544//2078 1543//2078
f 1492//2079 1544//2079 1491//2079
f 1492//2080 1545//2080 1544//2080
f 1493//2081 1545//2081 1492//2081
f 1493//2082 1546//2082 1545//2082
f 1494//2083 1546//2083 1493//2083
f 1494//2084 1547//2084 1546//2084
f 1495//2085 1547//2085 1494//2085
f 1495//2086 1548//2086 1547//2086
f 1496//2087 1548//2087 1495//2087
f 1496//2088 1549//2088 1548//2088
f 1497//2089 1549//2089 1496//2089
f 1497//2090 1550//2090 1549//2090
f 1498//2091 1550//2091 1497//2091
f 1498//2092 1551//2092 1550//2092
f 1499//2093 1551//2093 1498//2093
f 1499//2094 1552//2094 1551//2094
f 1500//2095 1552//2095 1499//2095
f 1500//2096 1553//2096 1552//2096
f 1501//2097 1553//2097 1500//2097
f 1501//2098 1554//2098 1553//2098
f 1502//2099 1554//2099 1501//2099
f 1502//2100 1555//2100 1554//2100
f 1503//2101 1555//2101 1502//2101
f 1503//2102 1556//2102 1555//2102
f 1504//2103 1556//2103 1503//2103
f 1504//2104 1557//2104 1556//2104
f 1505//2105 1557//2105 1504//2105
f 1505//2106 1558//2106 1557//2106
f 1506//2107 1558//2107 1505//2107
f 1506//2108 1559//2108 1558//2108
f 1507//2109 1559//2109 1506//2109
f 1507//2110 1560//2110 1559//2110
f 1508//2111 1560//2111 1507//2111
f 1508//2112 1561//2112 1560//2112
f 1509//2113 1561//2113 1508//2113
f 1509//2114 1562//2114 1561//2114
f 1510//2115 1562//2115 1509//2115
f 1510//2116 1563//2116 1562//2116
f 1511//2117 1563//2117 1510//2117
f 1511//2118 1564//2118 1563//2118
f 1512//2119 1564//2119 1511//2119
f 1512//2120 1565//2120 1564//2120
f 1513//2121 1565//2121 1512//2121
f 1513//2122 1566//2122 1565//2122
f 1514//2123 1566//2123 1513//2123
f 1514//2124 1567//2124 1566//2124
f 1515//2125 1567//2125 1514//2125
f 1515//2126 1568//2126 1567//2126
f 1516//2127 1568//2127 1515//2127
f 1516//2128 1569//2128 1568//2128
f 1517//2129 1569//2129 1516//2129
f 1517//2130 1570//2130 1569//2130
f 1518//2131 1570//2131 1517//2131
f 1518//2132 1571//2132 1570//2132
f 1521//2133 1571//2133 1518//2133
f 1521//2134 1572//2134 1571//2134
f 1524//2135 1572//2135 1521//2135
f 1323//2136 1573//2136 1574//2136
f 1322//2137 1573//2137 1323//2137
f 1322//2138 1575//2138 1573//2138
f 1327//2139 1575//2139 1322//2139
f 1327//2140 1576//2140 1575//2140
f 1331//2141 1576//2141 1327//2141
f 1331//2142 1577//2142 1576//2142
f 1335//2143 1577//2143 1331//2143
f 1335//2144 1578//2144 1577//2144
f 1339//2145 1578//2145 1335//2145
f 1339//2146 1579//2146 1578//2146
f 1343//2147 1579//2147 1339//2147
f 1343//2148 1580//2148 1579//2148
f 1347//2149 1580//2149 1343//2149
f 1347//2150 1581//2150 1580//2150
f 1351//2151 1581//2151 1347//2151
f 1351//2152 1582//2152 1581//2152
f 1355//2153 1582//2153 1351//2153
f 1355//2154 1583//2154 1582//2154
f 1359//2155 1583//2155 1355//2155
f 1359//2156 1584//2156 1583//2156
f 1363//2157 1584//2157 1359//2157
f 1363//2158 1585//2158 1584//2158
f 1367//2159 1585//2159 1363//2159
f 1367//2160 1586//2160 1585//2160
f 1371//2161 1586//2161 1367//2161
f 1371//2162 1587//2162 1586//2162
f 1375//2163 1587//2163 1371//2163
f 1375//2164 1588//2164 1587//2164
f 1379//2165 1588//2165 1375//2165
f 1379//2166 1589//2166 1588//2166
f 1383//2167 1589//2167 1379//2167
f 1383//2168 1590//2168 1589//2168
f 1387//2169 1590//2169 1383//2169
f 1387//2170 1591//2170 1590//2170
f 1391//2171 1591//2171 1387//2171
f 1391//2172 1592//2172 1591//2172
f 1395//2173 1592//2173 1391//2173
f 1395//2174 1593//2174 1592//2174
f 1399//2175 1593//2175 1395//2175
f 1399//2176 1594//2176 1593//2176
f 1403//2177 1594//2177 1399//2177
f 1403//2178 1595//2178 1594//2178
f 1407//2179 1595//2179 1403//2179
f 1407//2180 1596//2180 1595//2180
f 1411//2181 1596//2181 1407//2181
f 1411//2182 1597//2182 1596//2182
f 1415//2183 1597//2183 1411//2183
f 1415//2184 1598//2184 1597//2184
f 1419//2185 1598//2185 1415//2185
f 1419//2186 1599//2186 1598//2186
f 1423//2187 1599//2187 1419//2187
f 1423//2188 1600//2188 1599//2188
f 1427//2189 1600//2189 1423//2189
f 1427//2190 1601//2190 1600//2190
f 1431//2191 1601//2191 1427//2191
f 1431//2192 1602//2192 1601//2192
f 1435//2193 1602//2193 1431//2193
f 1435//2194 1603//2194 1602//2194
f 1439//2195 1603//2195 1435//2195
f 1439//2196 1604//2196 1603//2196
f 1443//2197 1604//2197 1439//2197
f 1443//2198 1605//2198 1604//2198
f 1447//2199 1605//2199 1443//2199
f 1447//2200 1606//2200 1605//2200
f 1451//2201 1606//2201 1447//2201
f 1451//2202 1607//2202 1606//2202
f 1455//2203 1607//2203 1451//2203
f 1455//2204 1608//2204 1607//2204
f 1459//2205 1608//2205 1455//2205
f 1459//2206 1609//2206 1608//2206
f 1463//2207 1609//2207 1459//2207
f 1463//2208 1610//2208 1609//2208
f 1467//2209 1610//2209 1463//2209
f 1467//2210 1611//2210 1610//2210
f 1471//2211 1611//2211 1467//2211
f 1471//2212 1612//2212 1611//2212
f 1476//2213 1612//2213 1471//2213
f 1476//2214 1613//2214 1612//2214
f 1519//2215 1613//2215 1476//2215
f 1519//2216 1614//2216 1613//2216
f 1525//2217 1614//2217 1519//2217
f 1525//2218 1615//2218 1614//2218
f 1527//2219 1615//2219 1525//2219
f 1526//2220 1616//2220 1527//2220
f 1574//2221 1617//2221 1618//2221
f 1573//2221 1617//2221 1574//2221
f 1573//2222 1619//2222 1617//2222
f 1575//2223 1619//2223 1573//2223
f 1575//2224 1620//2224 1619//2224
f 1576//2225 1620//2225 1575//2225
f 1576//2226 1621//2226 1620//2226
f 1577//2227 1621//2227 1576//2227
f 1577//2228 1622//2228 1621//2228
f 1578//2229 1622//2229 1577//2229
f 1578//2230 1623//2230 1622//2230
f 1579//2231 1623//2231 1578//2231
f 1579//2232 1624//2232 1623//2232
f 1580//2233 1624//2233 1579//2233
f 1580//2234 1625//2234 1624//2234
f 1581//2235 1625//2235 1580//2235
f 1581//2236 1626//2236 1625//2236
f 1582//2237 1626//2237 1581//2237
f 1582//2238 1627//2238 1626//2238
f 1583//2239 1627//2239 1582//2239
f 1583//2240 1628//2240 1627//2240
f 1584//2241 1628//2241 1583//2241
f 1584//2242 1629//2242 1628//2242
f 1585//2243 1629//2243 1584//2243
f 1585//2244 1630//2244 1629//2244
f 1586//2245 1630//2245 1585//2245
f 1586//2246 1631//2246 1630//2246
f 1587//2247 1631//2247 1586//2247
f 1587//2248 1632//2248 1631//2248
f 1588//2249 1632//2249 1587//2249
f 1588//2250 1633//2250 1632//2250
f 1589//2251 1633//2251 1588//2251
f 1589//2252 1634//2252 1633//2252
f 1590//2253 1634//2253 1589//2253
f 1590//2254 1635//2254 1634//2254
f 1591//2255 1635//2255 1590//2255
f 1591//2256 1636//2256 1635//2256
f 1592//2257 1636//2257 1591//2257
f 1592//2258 1637//2258 1636//2258
f 1593//2259 1637//2259 1592//2259
f 1593//2260 1638//2260 1637//2260
f 1594//2261 1638//2261 1593//2261
f 1594//2262 1639//2262 1638//2262
f 1595//2263 1639//2263 1594//2263
f 1595//2264 1640//2264 1639//2264
f 1596//2265 1640//2265 1595//2265
f 1596//2266 1641//2266 1640//2266
f 1597//2267 1641//2267 1596//2267
f 1597//2268 1642//2268 1641//2268
f 1598//2269 1642//2269 1597//2269
f 1598//2270 1643//2270 1642//2270
f 1599//2271 1643//2271 1598//2271
f 1599//2272 1644//2272 1643//2272
f 1600//2273 1644//2273 1599//2273
f 1600//2274 1645//2274 1644//2274
f 1601//2275 1645//2275 1600//2275
f 1601//2276 1646//2276 1645//2276
f 1602//2277 1646//2277 1601//2277
f 1602//2278 1647//2278 1646//2278
f 1603//2279 1647//2279 1602//2279
f 1603//2280 1648//2280 1647//2280
f 1604//2281 1648//2281 1603//2281
f 1604//2282 1649//2282 1648//2282
f 1605//2283 1649//2283 1604//2283
f 1605//2284 1650//2284 1649//2284
f 1606//2285 1650//2285 1605//2285
f 1606//2286 1651//2286 1650//2286
f 1607//2287 1651//2287 1606//2287
f 1607//2288 1652//2288 1651//2288
f 1608//2289 1652//2289 1607//2289
f 1608//2290 1653//2290 1652//2290
f 1609//2291 1653//2291 1608//2291
f 1609//2292 1654//2292 1653//2292
f 1610//2293 1654//2293 1609//2293
f 1610//2294 1655//2294 1654//2294
f 1611//2295 1655//2295 1610//2295
f 1611//2296 1656//2296 1655//2296
f 1612//2297 1656//2297 1611//2297
f 1612//2298 1657//2298 1656//2298
f 1613//2299 1657//2299 1612//2299
f 1613//2300 1658//2300 1657//2300
f 1614//2301 1658//2301 1613//2301
f 1614//2302 1659//2302 1658//2302
f 1615//2303 1659//2303 1614//2303
f 1618//2304 1660//2304 1661//2304
f 1617//2305 1660//2305 1618//2305
f 1617//2306 1662//2306 1660//2306
f 1619//2307 1662//2307 1617//2307
f 1619//2308 1663//2308 1662//2308
f 1620//2309 1663//2309 1619//2309
f 1620//2310 1664//2310 1663//2310
f 1621//2311 1664//2311 1620//2311
f 1621//2312 1665//2312 1664//2312
f 1622//2313 1665//2313 1621//2313
f 1622//2314 1666//2314 1665//2314
f 1623//2315 1666//2315 1622//2315
f 1623//2316 1667//2316 1666//2316
f 1624//2317 1667//2317 1623//2317
f 1624//2318 1668//2318 1667//2318
f 1625//2319 1668//2319 1624//2319
f 1625//2320 1669//2320 1668//2320
f 1626//2321 1669//2321 1625//2321
f 1626//2322 1670//2322 1669//2322
f 1627//2323 1670//2323 1626//2323
f 1627//2324 1671//2324 1670//2324
f 1628//2325 1671//2325 1627//2325
f 1628//2326 1672//2326 1671//2326
f 1629//2327 1672//2327 1628//2327
f 1629//2328 1673//2328 1672//2328
f 1630//2329 1673//2329 1629//2329
f 1630//2330 1674//2330 1673//2330
f 1631//2331 1674//2331 1630//2331
f 1631//2332 1675//2332 1674//2332
f 1632//2333 1675//2333 1631//2333
f 1632//2334 1676//2334 1675//2334
f 1633//2335 1676//2335 1632//2335
f 1633//2336 1677//2336 1676//2336
f 1634//2337 1677//2337 1633//2337
f 1634//2338 1678//2338 1677//2338
f 1635//2339 1678//2339 1634//2339
f 1635//2340 1679//2340 1678//2340
f 1636//2341 1679//2341 1635//2341
f 1636//2342 1680//2342 1679//2342
f 1637//2343 1680//2343 1636//2343
f 1637//2344 1681//2344 1680//2344
f 1638//2345 1681//2345 1637//2345
f 1638//2346 1682//2346 1681//2346
f 1639//2347 1682//2347 1638//2347
f 1639//2348 1683//2348 1682//2348
f 1640//2349 1683//2349 1639//2349
f 1640//2350 1684//2350 1683//2350
f 1641//2351 1684//2351 1640//2351
f 1641//2352 1685//2352 1684//2352
f 1642//2353 1685//2353 1641//2353
f 1642//2354 1686//2354 1685//2354
f 1643//2355 1686//2355 1642//2355
f 1643//2356 1687//2356 1686//2356
f 1644//2357 1687//2357 1643//2357
f 1644//2358 1688//2358 1687//2358
f 1645//2359 1688//2359 1644//2359
f 1645//2360 1689//2360 1688//2360
f 1646//2361 1689//2361 1645//2361
f 1646//2362 1690//2362 1689//2362
f 1647//2363 1690//2363 1646//2363
f 1647//2364 1691//2364 1690//2364
f 1648//2365 1691//2365 1647//2365
f 1648//2366 1692//2366 1691//2366
f 1649//2367 1692//2367 1648//2367
f 1649//2368 1693//2368 1692//2368
f 1650//2369 1693//2369 1649//2369
f 1650//2370 1694//2370 1693//2370
f 1651//2371 1694//2371 1650//2371
f 1651//2372 1695//2372 1694//2372
f 1652//2373 1695//2373 1651//2373
f 1652//2374 1696//2374 1695//2374
f 1653//2375 1696//2375 1652//2375
f 1653//2376 1697//2376 1696//2376
f 1654//2377 1697//2377 1653//2377
f 1654//2378 1698//2378 1697//2378
f 1655//2379 1698//2379 1654//2379
f 1655//2380 1699//2380 1698//2380
f 1656//2381 1699//2381 1655//2381
f 1656//2382 1700//2382 1699//2382
f 1657//2383 1700//2383 1656//2383
f 1657//2384 1701//2384 1700//2384
f 1658//2385 1701//2385 1657//2385
f 1658//2386 1702//2386 1701//2386
f 1659//2387 1702//2387 1658//2387
f 1661//2388 1703//2388 1704//2388
f 1660//2389 1703//2389 1661//2389
f 1660//2390 1705//2390 1703//2390
f 1662//2391 1705//2391 1660//2391
f 1662//2392 1706//2392 1705//2392
f 1663//2393 1706//2393 1662//2393
f 1663//2394 1707//2394 1706//2394
f 1664//2395 1707//2395 1663//2395
f 1664//2396 1708//2396 1707//2396
f 1665//2397 1708//2397 1664//2397
f 1665//2398 1709//2398 1708//2398
f 1666//2399 1709//2399 1665//2399
f 1666//2400 1710//2400 1709//2400
f 1667//2401 1710//2401 1666//2401
f 1667//2402 1711//2402 1710//2402
f 1668//2403 1711//2403 1667//2403
f 1668//2404 1712//2404 1711//2404
f 1669//2405 1712//2405 1668//2405
f 1669//2406 1713//2406 1712//2406
f 1670//2407 1713//2407 1669//2407
f 1670//2408 1714//2408 1713//2408
f 1671//2409 1714//2409 1670//2409
f 1671//2410 1715//2410 1714//2410
f 1672//2411 1715//2411 1671//2411
f 1672//2412 1716//2412 1715//2412
f 1673//2413 1716//2413 1672//2413
f 1673//2414 1717//2414 1716//2414
f 1674//2415 1717//2415 1673//2415
f 1674//2416 1718//2416 1717//2416
f 1675//2417 1718//2417 1674//2417
f 1675//2418 1719//2418 1718//2418
f 1676//2419 1719//2419 1675//2419
f 1676//2420 1720//2420 1719//2420
f 1677//2421 1720//2421 1676//2421
f 1677//2422 1721//2422 1720//2422
f 1678//2423 1721//2423 1677//2423
f 1678//2424 1722//2424 1721//2424
f 1679//2425 1722//2425 1678//2425
f 1679//2426 1723//2426 1722//2426
f 1680//2427 1723//2427 1679//2427
f 1680//2428 1724//2428 1723//2428
f 1681//2429 1724//2429 1680//2429
f 1681//2430 1725//2430 1724//2430
f 1682//2431 1725//2431 1681//2431
f 1682//2432 1726//2432 1725//2432
f 1683//2433 1726//2433 1682//2433
f 1683//2434 1727//2434 1726//2434
f 1684//2435 1727//2435 1683//2435
f 1684//2436 1728//2436 1727//2436
f 1685//2437 1728//2437 1684//2437
f 1685//2438 1729//2438 1728//2438
f 1686//2439 1729//2439 1685//2439
f 1686//2440 1730//2440 1729//2440
f 1687//2441 1730//2441 1686//2441
f 1687//2442 1731//2442 1730//2442
f 1688//2443 1731//2443 1687//2443
f 1688//2444 1732//2444 1731//2444
f 1689//2445 1732//2445 1688//2445
f 1689//2446 1733//2446 1732//2446
f 1690//2447 1733//2447 1689//2447
f 1690//2448 1734//2448 1733//2448
f 1691//2449 1734//2449 1690//2449
f 1691//2450 1735//2450 1734//2450
f 1692//2451 1735//2451 1691//2451
f 1692//2452 1736//2452 1735//2452
f 1693//2453 1736//2453 1692//2453
f 1693//2454 1737//2454 1736//2454
f 1694//2455 1737//2455 1693//2455
f 1694//2456 1738//2456 1737//2456
f 1695//2457 1738//2457 1694//2457
f 1695//2458 1739//2458 1738//2458
f 1696//2459 1739//2459 1695//2459
f 1696//2460 1740//2460 1739//2460
f 1697//2461 1740//2461 1696//2461
f 1697//2462 1741//2462 1740//2462
f 1698//2463 1741//2463 1697//2463
f 1698//2464 1742//2464 1741//2464
f 1699//2465 1742//2465 1698//2465
f 1699//2466 1743//2466 1742//2466
f 1700//2467 1743//2467 1699//2467
f 1700//2468 1744//2468 1743//2468
f 1701//2469 1744//2469 1700//2469
f 1701//2470 1745//2470 1744//2470
f 1702//2471 1745//2471 1701//2471
f 1704//2472 1746//2472 1747//2472
f 1703//2473 1746//2473 1704//2473
f 1703//2474 1748//2474 1746//2474
f 1705//2475 1748//2475 1703//2475
f 1705//2476 1749//2476 1748//2476
f 1706//2476 1749//2476 1705//2476
f 1706//2477 1750//2477 1749//2477
f 1707//2478 1750//2478 1706//2478
f 1707//2479 1751//2479 1750//2479
f 1708//2480 1751//2480 1707//2480
f 1708//2481 1752//2481 1751//2481
f 1709//2482 1752//2482 1708//2482
f 1709//2483 1753//2483 1752//2483
f 1710//2484 1753//2484 1709//2484
f 1710//2485 1754//2485 1753//2485
f 1711//2486 1754//2486 1710//2486
f 1711//2487 1755//2487 1754//2487
f 1712//2488 1755//2488 1711//2488
f 1712//2489 1756//2489 1755//2489
f 1713//2490 1756//2490 1712//2490
f 1713//2491 1757//2491 1756//2491
f 1714//2492 1757//2492 1713//2492
f 1714//2493 1758//2493 1757//2493
f 1715//2494 1758//2494 1714//2494
f 1715//2495 1759//2495 1758//2495
f 1716//2496 1759//2496 1715//2496
f 1716//2497 1760//2497 1759//2497
f 1717//2498 1760//2498 1716//2498
f 1717//2499 1761//2499 1760//2499
f 1718//2500 1761//2500 1717//2500
f 1718//2501 1762//2501 1761//2501
f 1719//2502 1762//2502 1718//2502
f 1719//2503 1763//2503 1762//2503
f 1720//2504 1763//2504 1719//2504
f 1720//2505 1764//2505 1763//2505
f 1721//2506 1764//2506 1720//2506
f 1721//2507 1765//2507 1764//2507
f 1722//2508 1765//2508 1721//2508
f 1722//2509 1766//2509 1765//2509
f 1723//2510 1766//2510 1722//2510
f 1723//2511 1767//2511 1766//2511
f 1724//2512 1767//2512 1723//2512
f 1724//2513 1768//2513 1767//2513
f 1725//2514 1768//2514 1724//2514
f 1725//2515 1769//2515 1768//2515
f 1726//2516 1769//2516 1725//2516
f 1726//2517 1770//2517 1769//2517
f 1727//2518 1770//2518 1726//2518
f 1727//2519 1771//2519 1770//2519
f 1728//2520 1771//2520 1727//2520
f 1728//2521 1772//2521 1771//2521
f 1729//2522 1772//2522 1728//2522
f 1729//2523 1773//2523 1772//2523
f 1730//2524 1773//2524 1729//2524
f 1730//2525 1774//2525 1773//2525
f 1731//2526 1774//2526 1730//2526
f 1731//2527 1775//2527 1774//2527
f 1732//2528 1775//2528 1731//2528
f 1732//2529 1776//2529 1775//2529
f 1733//2530 1776//2530 1732//2530
f 1733//2531 1777//2531 1776//2531
f 1734//2532 1777//2532 1733//2532
f 1734//2533 1778//2533 1777//2533
f 1735//2534 1778//2534 1734//2534
f 1735//2535 1779//2535 1778//2535
f 1736//2536 1779//2536 1735//2536
f 1736//2537 1780//2537 1779//2537
f 1737//2538 1780//2538 1736//2538
f 1737//2539 1781//2539 1780//2539
f 1738//2540 1781//2540 1737//2540
f 1738//2541 1782//2541 1781//2541
f 1739//2542 1782//2542 1738//2542
f 1739//2543 1783//2543 1782//2543
f 1740//2544 1783//2544 1739//2544
f 1740//2545 1784//2545 1783//2545
f 1741//2546 1784//2546 1740//2546
f 1741//2547 1785//2547 1784//2547
f 1742//2548 1785//2548 1741//2548
f 1742//2549 1786//2549 1785//2549
f 1743//2550 1786//2550 1742//2550
f 1743//2551 1787//2551 1786//2551
f 1744//2551 1787//2551 1743//2551
f 1744//2552 1788//2552 1787//2552
f 1745//2552 1788//2552 1744//2552
f 1747//2553 1789//2553 1790//2553
f 1746//2554 1789//2554 1747//2554
f 1746//2555 1791//2555 1789//2555
f 1748//2555 1791//2555 1746//2555
f 1748//2556 1792//2556 1791//2556
f 1749//2557 1792//2557 1748//2557
f 1749//2558 1793//2558 1792//2558
f 1750//2559 1793//2559 1749//2559
f 1750//2560 1794//2560 1793//2560
f 1751//2561 1794//2561 1750//2561
f 1751//2562 1795//2562 1794//2562
f 1752//2563 1795//2563 1751//2563
f 1752//2564 1796//2564 1795//2564
f 1753//2565 1796//2565 1752//2565
f 1753//2566 1797//2566 1796//2566
f 1754//2567 1797//2567 1753//2567
f 1754//2568 1798//2568 1797//2568
f 1755//2569 1798//2569 1754//2569
f 1755//2570 1799//2570 1798//2570
f 1756//2571 1799//2571 1755//2571
f 1756//2572 1800//2572 1799//2572
f 1757//2573 1800//2573 1756//2573
f 1757//2574 1801//2574 1800//2574
f 1758//2575 1801//2575 1757//2575
f 1758//2576 1802//2576 1801//2576
f 1759//2577 1802//2577 1758//2577
f 1759//2578 1803//2578 1802//2578
f 1760//2579 1803//2579 1759//2579
f 1760//2580 1804//2580 1803//2580
f 1761//2581 1804//2581 1760//2581
f 1761//2582 1805//2582 1804//2582
f 1762//2583 1805//2583 1761//2583
f 1762//2584 1806//2584 1805//2584
f 1763//2585 1806//2585 1762//2585
f 1763//2586 1807//2586 1806//2586
f 1764//2587 1807//2587 1763//2587
f 1764//2588 1808//2588 1807//2588
f 1765//2589 1808//2589 1764//2589
f 1765//2590 1809//2590 1808//2590
f 1766//2591 1809//2591 1765//2591
f 1766//2592 1810//2592 1809//2592
f 1767//2593 1810//2593 1766//2593
f 1767//2594 1811//2594 1810//2594
f 1768//2595 1811//2595 1767//2595
f 1768//2596 1812//2596 1811//2596
f 1769//2597 1812//2597 1768//2597
f 1769//2598 1813//2598 1812//2598
f 1770//2599 1813//2599 1769//2599
f 1770//2600 1814//2600 1813//2600
f 1771//2601 1814//2601 1770//2601
f 1771//2602 1815//2602 1814//2602
f 1772//2603 1815//2603 1771//2603
f 1772//2604 1816//2604 1815//2604
f 1773//2605 1816//2605 1772//2605
f 1773//2606 1817//2606 1816//2606
f 1774//2607 1817//2607 1773//2607
f 1774//2608 1818//2608 1817//2608
f 1775//2609 1818//2609 1774//2609
f 1775//2610 1819//2610 1818//2610
f 1776//2611 1819//2611 1775//2611
f 1776//2612 1820//2612 1819//2612
f 1777//2613 1820//2613 1776//2613
f 1777//2614 1821//2614 1820//2614
f 1778//2615 1821//2615 1777//2615
f 1778//2616 1822//2616 1821//2616
f 1779//2617 1822//2617 1778//2617
f 1779//2618 1823//2618 1822//2618
f 1780//2619 1823//2619 1779//2619
f 1780//2620 1824//2620 1823//2620
f 1781//2621 1824//2621 1780//2621
f 1781//2622 1825//2622 1824//2622
f 1782//2623 1825//2623 1781//2623
f 1782//2624 1826//2624 1825//2624
f 1783//2625 1826//2625 1782//2625
f 1783//2626 1827//2626 1826//2626
f 1784//2627 1827//2627 1783//2627
f 1784//2628 1828//2628 1827//2628
f 1785//2629 1828//2629 1784//2629
f 1785//2630 1829//2630 1828//2630
f 1786//2631 1829//2631 1785//2631
f 1786//2632 1830//2632 1829//2632
f 1787//2633 1830//2633 1786//2633
f 1787//2634 1831//2634 1830//2634
f 1788//2634 1831//2634 1787//2634
f 1832//2635 1833//2635 1834//2635
f 1835//2636 1833//2636 1832//2636
f 1835//2637 1836//2637 1833//2637
f 1837//2638 1836//2638 1835//2638
f 1837//2639 1838//2639 1836//2639
f 1839//2640 1838//2640 1837//2640
f 1839//2641 1840//2641 1838//2641
f 1841//2642 1840//2642 1839//2642
f 1841//2643 1842//2643 1840//2643
f 1843//2644 1842//2644 1841//2644
f 1843//2645 1844//2645 1842//2645
f 1845//2646 1844//2646 1843//2646
f 1845//2647 1846//2647 1844//2647
f 1847//2648 1846//2648 1845//2648
f 1847//2649 1848//2649 1846//2649
f 1849//2650 1848//2650 1847//2650
f 1849//2651 1850//2651 1848//2651
f 1851//2652 1850//2652 1849//2652
f 1851//2653 1852//2653 1850//2653
f 1853//2654 1852//2654 1851//2654
f 1853//2655 1854//2655 1852//2655
f 1855//2656 1854//2656 1853//2656
f 1855//2657 1856//2657 1854//2657
f 1857//2658 1856//2658 1855//2658
f 1857//2659 1858//2659 1856//2659
f 1859//2660 1858//2660 1857//2660
f 1859//2661 1860//2661 1858//2661
f 1861//2662 1860//2662 1859//2662
f 1861//2663 1862//2663 1860//2663
f 1863//2664 1862//2664 1861//2664
f 1863//2665 1864//2665 1862//2665
f 1865//2666 1864//2666 1863//2666
f 1865//2667 1866//2667 1864//2667
f 1867//2668 1866//2668 1865//2668
f 1867//2669 1868//2669 1866//2669
f 1869//2670 1868//2670 1867//2670
f 1869//2671 1870//2671 1868//2671
f 1871//2672 1870//2672 1869//2672
f 1871//2673 1872//2673 1870//2673
f 1873//2674 1872//2674 1871//2674
f 1873//2675 1874//2675 1872//2675
f 1875//2676 1874//2676 1873//2676
f 1875//2677 1876//2677 1874//2677
f 1877//2678 1876//2678 1875//2678
f 1877//2679 1878//2679 1876//2679
f 1879//2680 1878//2680 1877//2680
f 1879//2681 1880//2681 1878//2681
f 1881//2682 1880//2682 1879//2682
f 1881//2683 1882//2683 1880//2683
f 1883//2684 1882//2684 1881//2684
f 1883//2685 1884//2685 1882//2685
f 1885//2686 1884//2686 1883//2686
f 1885//2687 1886//2687 1884//2687
f 1887//2688 1886//2688 1885//2688
f 1887//2689 1888//2689 1886//2689
f 1889//2690 1888//2690 1887//2690
f 1889//2691 1890//2691 1888//2691
f 1891//2692 1890//2692 1889//2692
f 1891//2693 1892//2693 1890//2693
f 1893//2694 1892//2694 1891//2694
f 1893//2695 1894//2695 1892//2695
f 1895//2696 1894//2696 1893//2696
f 1895//2697 1896//2697 1894//2697
f 1897//2698 1896//2698 1895//2698
f 1897//2699 1898//2699 1896//2699
f 1899//2700 1898//2700 1897//2700
f 1899//2701 1900//2701 1898//2701
f 1901//2702 1900//2702 1899//2702
f 1901//2703 1902//2703 1900//2703
f 1903//2704 1902//2704 1901//2704
f 1903//2705 1904//2705 1902//2705
f 1905//2706 1904//2706 1903//2706
f 1905//2707 1906//2707 1904//2707
f 1907//2708 1906//2708 1905//2708
f 1907//2709 1908//2709 1906//2709
f 1909//2710 1908//2710 1907//2710
f 1909//2711 1910//2711 1908//2711
f 1911//2712 1910//2712 1909//2712
f 1911//2713 1912//2713 1910//2713
f 1913//2714 1912//2714 1911//2714
f 1913//2715 1914//2715 1912//2715
f 1915//2716 1914//2716 1913//2716
f 1915//2717 1916//2717 1914//2717
f 1917//2718 1916//2718 1915//2718
f 1917//2719 178//2719 1916//2719
f 173//2720 178//2720 1917//2720
f 1918//2721 1835//2721 1832//2721
f 1919//2722 1835//2722 1918//2722
f 1919//2723 1837//2723 1835//2723
f 1920//2724 1837//2724 1919//2724
f 1920//2725 1839//2725 1837//2725
f 1921//2726 1839//2726 1920//2726
f 1921//2727 1841//2727 1839//2727
f 1922//2728 1841//2728 1921//2728
f 1922//2729 1843//2729 1841//2729
f 1923//2730 1843//2730 1922//2730
f 1923//2731 1845//2731 1843//2731
f 1924//2732 1845//2732 1923//2732
f 1924//2733 1847//2733 1845//2733
f 1925//2734 1847//2734 1924//2734
f 1925//2735 1849//2735 1847//2735
f 1926//2736 1849//2736 1925//2736
f 1926//2737 1851//2737 1849//2737
f 1927//2738 1851//2738 1926//2738
f 1927//2739 1853//2739 1851//2739
f 1928//2740 1853//2740 1927//2740
f 1928//2741 1855//2741 1853//2741
f 1929//2742 1855//2742 1928//2742
f 1929//2743 1857//2743 1855//2743
f 1930//2744 1857//2744 1929//2744
f 1930//2745 1859//2745 1857//2745
f 1931//2746 1859//2746 1930//2746
f 1931//2747 1861//2747 1859//2747
f 1932//2748 1861//2748 1931//2748
f 1932//2749 1863//2749 1861//2749
f 1933//2750 1863//2750 1932//2750
f 1933//2751 1865//2751 1863//2751
f 1934//2752 1865//2752 1933//2752
f 1934//2753 1867//2753 1865//2753
f 1935//2754 1867//2754 1934//2754
f 1935//2755 1869//2755 1867//2755
f 1936//2756 1869//2756 1935//2756
f 1936//2757 1871//2757 1869//2757
f 1937//2758 1871//2758 1936//2758
f 1937//2759 1873//2759 1871//2759
f 1938//2760 1873//2760 1937//2760
f 1938//2761 1875//2761 1873//2761
f 1939//2762 1875//2762 1938//2762
f 1939//2763 1877//2763 1875//2763
f 1940//2764 1877//2764 1939//2764
f 1940//2765 1879//2765 1877//2765
f 1941//2766 1879//2766 1940//2766
f 1941//2767 1881//2767 1879//2767
f 1942//2768 1881//2768 1941//2768
f 1942//2769 1883//2769 1881//2769
f 1943//2770 1883//2770 1942//2770
f 1943//2771 1885//2771 1883//2771
f 1944//2772 1885//2772 1943//2772
f 1944//2773 1887//2773 1885//2773
f 1945//2774 1887//2774 1944//2774
f 1945//2775 1889//2775 1887//2775
f 1946//2776 1889//2776 1945//2776
f 1946//2777 1891//2777 1889//2777
f 1947//2778 1891//2778 1946//2778
f 1947//2779 1893//2779 1891//2779
f 1948//2780 1893//2780 1947//2780
f 1948//2781 1895//2781 1893//2781
f 1949//2782 1895//2782 1948//2782
f 1949//2783 1897//2783 1895//2783
f 1950//2784 1897//2784 1949//2784
f 1950//2785 1899//2785 1897//2785
f 1951//2786 1899//2786 1950//2786
f 1951//2787 1901//2787 1899//2787
f 1952//2788 1901//2788 1951//2788
f 1952//2789 1903//2789 1901//2789
f 1953//2790 1903//2790 1952//2790
f 1953//2791 1905//2791 1903//2791
f 1954//2792 1905//2792 1953//2792
f 1954//2793 1907//2793 1905//2793
f 1955//2794 1907//2794 1954//2794
f 1955//2795 1909//2795 1907//2795
f 1956//2796 1909//2796 1955//2796
f 1956//2797 1911//2797 1909//2797
f 1957//2798 1911//2798 1956//2798
f 1957//2799 1913//2799 1911//2799
f 1958//2800 1913//2800 1957//2800
f 1958//2801 1915//2801 1913//2801
f 1959//2802 1915//2802 1958//2802
f 1959//2803 1917//2803 1915//2803
f 1960//2804 1917//2804 1959//2804
f 1960//2805 173//2805 1917//2805
f 172//2806 173//2806 1960//2806
f 1961//2807 1919//2807 1918//2807
f 1962//2808 1919//2808 1961//2808
f 1962//2809 1920//2809 1919//2809
f 1963//2810 1920//2810 1962//2810
f 1963//2811 1921//2811 1920//2811
f 1964//2812 1921//2812 1963//2812
f 1964//2813 1922//2813 1921//2813
f 1965//2814 1922//2814 1964//2814
f 1965//2815 1923//2815 1922//2815
f 1966//2816 1923//2816 1965//2816
f 1966//2817 1924//2817 1923//2817
f 1967//2818 1924//2818 1966//2818
f 1967//2819 1925//2819 1924//2819
f 1968//2820 1925//2820 1967//2820
f 1968//2821 1926//2821 1925//2821
f 1969//2822 1926//2822 1968//2822
f 1969//2823 1927//2823 1926//2823
f 1970//2824 1927//2824 1969//2824
f 1970//2825 1928//2825 1927//2825
f 1971//2826 1928//2826 1970//2826
f 1971//2827 1929//2827 1928//2827
f 1972//2828 1929//2828 1971//2828
f 1972//2829 1930//2829 1929//2829
f 1973//2830 1930//2830 1972//2830
f 1973//2831 1931//2831 1930//2831
f 1974//2832 1931//2832 1973//2832
f 1974//2833 1932//2833 1931//2833
f 1975//2834 1932//2834 1974//2834
f 1975//2835 1933//2835 1932//2835
f 1976//2836 1933//2836 1975//2836
f 1976//2837 1934//2837 1933//2837
f 1977//2838 1934//2838 1976//2838
f 1977//2839 1935//2839 1934//2839
f 1978//2840 1935//2840 1977//2840
f 1978//2841 1936//2841 1935//2841
f 1979//2842 1936//2842 1978//2842
f 1979//2843 1937//2843 1936//2843
f 1980//2844 1937//2844 1979//2844
f 1980//2845 1938//2845 1937//2845
f 1981//2846 1938//2846 1980//2846
f 1981//2847 1939//2847 1938//2847
f 1982//2848 1939//2848 1981//2848
f 1982//2849 1940//2849 1939//2849
f 1983//2850 1940//2850 1982//2850
f 1983//2851 1941//2851 1940//2851
f 1984//2852 1941//2852 1983//2852
f 1984//2853 1942//2853 1941//2853
f 1985//2854 1942//2854 1984//2854
f 1985//2855 1943//2855 1942//2855
f 1986//2856 1943//2856 1985//2856
f 1986//2857 1944//2857 1943//2857
f 1987//2858 1944//2858 1986//2858
f 1987//2859 1945//2859 1944//2859
f 1988//2860 1945//2860 1987//2860
f 1988//2861 1946//2861 1945//2861
f 1989//2862 1946//2862 1988//2862
f 1989//2863 1947//2863 1946//2863
f 1990//2864 1947//2864 1989//2864
f 1990//2865 1948//2865 1947//2865
f 1991//2866 1948//2866 1990//2866
f 1991//2867 1949//2867 1948//2867
f 1992//2868 1949//2868 1991//2868
f 1992//2869 1950//2869 1949//2869
f 1993//2870 1950//2870 1992//2870
f 1993//2871 1951//2871 1950//2871
f 1994//2872 1951//2872 1993//2872
f 1994//2873 1952//2873 1951//2873
f 1995//2874 1952//2874 1994//2874
f 1995//2875 1953//2875 1952//2875
f 1996//2876 1953//2876 1995//2876
f 1996//2877 1954//2877 1953//2877
f 1997//2878 1954//2878 1996//2878
f 1997//2879 1955//2879 1954//2879
f 1998//2880 1955//2880 1997//2880
f 1998//2881 1956//2881 1955//2881
f 1999//2882 1956//2882 1998//2882
f 1999//2883 1957//2883 1956//2883
f 2000//2884 1957//2884 1999//2884
f 2000//2885 1958//2885 1957//2885
f 2001//2886 1958//2886 2000//2886
f 2001//2887 1959//2887 1958//2887
f 2002//2888 1959//2888 2001//2888
f 2002//2889 1960//2889 1959//2889
f 2003//2890 1960//2890 2002//2890
f 2003//2891 172//2891 1960//2891
f 170//2892 172//2892 2003//2892
f 2004//2893 1962//2893 1961//2893
f 2005//2894 1962//2894 2004//2894
f 2005//2895 1963//2895 1962//2895
f 2006//2896 1963//2896 2005//2896
f 2006//2897 1964//2897 1963//2897
f 2007//2898 1964//2898 2006//2898
f 2007//2899 1965//2899 1964//2899
f 2008//2900 1965//2900 2007//2900
f 2008//2901 1966//2901 1965//2901
f 2009//2902 1966//2902 2008//2902
f 2009//2903 1967//2903 1966//2903
f 2010//2904 1967//2904 2009//2904
f 2010//2905 1968//2905 1967//2905
f 2011//2906 1968//2906 2010//2906
f 2011//2907 1969//2907 1968//2907
f 2012//2908 1969//2908 2011//2908
f 2012//2909 1970//2909 1969//2909
f 2013//2910 1970//2910 2012//2910
f 2013//2911 1971//2911 1970//2911
f 2014//2912 1971//2912 2013//2912
f 2014//2913 1972//2913 1971//2913
f 2015//2914 1972//2914 2014//2914
f 2015//2915 1973//2915 1972//2915
f 2016//2916 1973//2916 2015//2916
f 2016//2917 1974//2917 1973//2917
f 2017//2918 1974//2918 2016//2918
f 2017//2919 1975//2919 1974//2919
f 2018//2920 1975//2920 2017//2920
f 2018//2921 1976//2921 1975//2921
f 2019//2922 1976//2922 2018//2922
f 2019//2923 1977//2923 1976//2923
f 2020//2924 1977//2924 2019//2924
f 2020//2925 1978//2925 1977//2925
f 2021//2926 1978//2926 2020//2926
f 2021//2927 1979//2927 1978//2927
f 2022//2928 1979//2928 2021//2928
f 2022//2929 1980//2929 1979//2929
f 2023//2930 1980//2930 2022//2930
f 2023//2931 1981//2931 1980//2931
f 2024//2932 1981//2932 2023//2932
f 2024//2933 1982//2933 1981//2933
f 2025//2934 1982//2934 2024//2934
f 2025//2935 1983//2935 1982//2935
f 2026//2936 1983//2936 2025//2936
f 2026//2937 1984//2937 1983//2937
f 2027//2938 1984//2938 2026//2938
f 2027//2939 1985//2939 1984//2939
f 2028//2940 1985//2940 2027//2940
f 2028//2941 1986//2941 1985//2941
f 2029//2942 1986//2942 2028//2942
f 2029//2943 1987//2943 1986//2943
f 2030//2944 1987//2944 2029//2944
f 2030//2945 1988//2945 1987//2945
f 2031//2946 1988//2946 2030//2946
f 2031//2947 1989//2947 1988//2947
f 2032//2948 1989//2948 2031//2948
f 2032//2949 1990//2949 1989//2949
f 2033//2950 1990//2950 2032//2950
f 2033//2951 1991//2951 1990//2951
f 2034//2952 1991//2952 2033//2952
f 2034//2953 1992//2953 1991//2953
f 2035//2954 1992//2954 2034//2954
f 2035//2955 1993//2955 1992//2955
f 2036//2956 1993//2956 2035//2956
f 2036//2957 1994//2957 1993//2957
f 2037//2958 1994//2958 2036//2958
f 2037//2959 1995//2959 1994//2959
f 2038//2960 1995//2960 2037//2960
f 2038//2961 1996//2961 1995//2961
f 2039//2962 1996//2962 2038//2962
f 2039//2963 1997//2963 1996//2963
f 2040//2964 1997//2964 2039//2964
f 2040//2965 1998//2965 1997//2965
f 2041//2966 1998//2966 2040//2966
f 2041//2967 1999//2967 1998//2967
f 2042//2968 1999//2968 2041//2968
f 2042//2969 2000//2969 1999//2969
f 2043//2970 2000//2970 2042//2970
f 2043//2971 2001//2971 2000//2971
f 2044//2972 2001//2972 2043//2972
f 2044//2973 2002//2973 2001//2973
f 2045//2974 2002//2974 2044//2974
f 2045//2975 2003//2975 2002//2975
f 2046//2976 2003//2976 2045//2976
f 2046//2977 170//2977 2003//2977
f 167//2978 170//2978 2046//2978
f 2047//2979 2005//2979 2004//2979
f 2048//2979 2005//2979 2047//2979
f 2048//2980 2006//2980 2005//2980
f 2049//2981 2006//2981 2048//2981
f 2049//2982 2007//2982 2006//2982
f 2050//2983 2007//2983 2049//2983
f 2050//2984 2008//2984 2007//2984
f 2051//2985 2008//2985 2050//2985
f 2051//2986 2009//2986 2008//2986
f 2052//2987 2009//2987 2051//2987
f 2052//2988 2010//2988 2009//2988
f 2053//2989 2010//2989 2052//2989
f 2053//2990 2011//2990 2010//2990
f 2054//2991 2011//2991 2053//2991
f 2054//2992 2012//2992 2011//2992
f 2055//2993 2012//2993 2054//2993
f 2055//2994 2013//2994 2012//2994
f 2056//2995 2013//2995 2055//2995
f 2056//2996 2014//2996 2013//2996
f 2057//2997 2014//2997 2056//2997
f 2057//2998 2015//2998 2014//2998
f 2058//2999 2015//2999 2057//2999
f 2058//3000 2016//3000 2015//3000
f 2059//3001 2016//3001 2058//3001
f 2059//3002 2017//3002 2016//3002
f 2060//3003 2017//3003 2059//3003
f 2060//3004 2018//3004 2017//3004
f 2061//3005 2018//3005 2060//3005
f 2061//3006 2019//3006 2018//3006
f 2062//3007 2019//3007 2061//3007
f 2062//3008 2020//3008 2019//3008
f 2063//3009 2020//3009 2062//3009
f 2063//3010 2021//3010 2020//3010
f 2064//3011 2021//3011 2063//3011
f 2064//3012 2022//3012 2021//3012
f 2065//3013 2022//3013 2064//3013
f 2065//3014 2023//3014 2022//3014
f 2066//3015 2023//3015 2065//3015
f 2066//3016 2024//3016 2023//3016
f 2067//3017 2024//3017 2066//3017
f 2067//3018 2025//3018 2024//3018
f 2068//3019 2025//3019 2067//3019
f 2068//3020 2026//3020 2025//3020
f 2069//3021 2026//3021 2068//3021
f 2069//3022 2027//3022 2026//3022
f 2070//3023 2027//3023 2069//3023
f 2070//3024 2028//3024 2027//3024
f 2071//3025 2028//3025 2070//3025
f 2071//3026 2029//3026 2028//3026
f 2072//3027 2029//3027 2071//3027
f 2072//3028 2030//3028 2029//3028
f 2073//3029 2030//3029 2072//3029
f 2073//3030 2031//3030 2030//3030
f 2074//3031 2031//3031 2073//3031
f 2074//3032 2032//3032 2031//3032
f 2075//3033 2032//3033 2074//3033
f 2075//3034 2033//3034 2032//3034
f 2076//3035 2033//3035 2075//3035
f 2076//3036 2034//3036 2033//3036
f 2077//3037 2034//3037 2076//3037
f 2077//3038 2035//3038 2034//3038
f 2078//3039 2035//3039 2077//3039
f 2078//3040 2036//3040 2035//3040
f 2079//3041 2036//3041 2078//3041
f 2079//3042 2037//3042 2036//3042
f 2080//3043 2037//3043 2079//3043
f 2080//3044 2038//3044 2037//3044
f 2081//3045 2038//3045 2080//3045
f 2081//3046 2039//3046 2038//3046
f 2082//3047 2039//3047 2081//3047
f 2082//3048 2040//3048 2039//3048
f 2083//3049 2040//3049 2082//3049
f 2083//3050 2041//3050 2040//3050
f 2084//3051 2041//3051 2083//3051
f 2084//3052 2042//3052 2041//3052
f 2085//3053 2042//3053 2084//3053
f 2085//3054 2043//3054 2042//3054
f 2086//3055 2043//3055 2085//3055
f 2086//3056 2044//3056 2043//3056
f 2087//3057 2044//3057 2086//3057
f 2087//3058 2045//3058 2044//3058
f 2088//3059 2045//3059 2087//3059
f 2088//3060 2046//3060 2045//3060
f 2089//3061 2046//3061 2088//3061
f 2089//3062 167//3062 2046//3062
f 168//3063 167//3063 2089//3063
f 1790//3064 2048//3064 2047//3064
f 1789//3064 2048//3064 1790//3064
f 1789//3065 2049//3065 2048//3065
f 1791//3066 2049//3066 1789//3066
f 1791//3067 2050//3067 2049//3067
f 1792//3068 2050//3068 1791//3068
f 1792//3069 2051//3069 2050//3069
f 1793//3070 2051//3070 1792//3070
f 1793//3071 2052//3071 2051//3071
f 1794//3072 2052//3072 1793//3072
f 1794//3073 2053//3073 2052//3073
f 1795//3074 2053//3074 1794//3074
f 1795//3075 2054//3075 2053//3075
f 1796//3076 2054//3076 1795//3076
f 1796//3077 2055//3077 2054//3077
f 1797//3078 2055//3078 1796//3078
f 1797//3079 2056//3079 2055//3079
f 1798//3080 2056//3080 1797//3080
f 1798//3081 2057//3081 2056//3081
f 1799//3082 2057//3082 1798//3082
f 1799//3083 2058//3083 2057//3083
f 1800//3084 2058//3084 1799//3084
f 1800//3085 2059//3085 2058//3085
f 1801//3086 2059//3086 1800//3086
f 1801//3087 2060//3087 2059//3087
f 1802//3088 2060//3088 1801//3088
f 1802//3089 2061//3089 2060//3089
f 1803//3090 2061//3090 1802//3090
f 1803//3091 2062//3091 2061//3091
f 1804//3092 2062//3092 1803//3092
f 1804//3093 2063//3093 2062//3093
f 1805//3094 2063//3094 1804//3094
f 1805//3095 2064//3095 2063//3095
f 1806//3096 2064//3096 1805//3096
f 1806//3097 2065//3097 2064//3097
f 1807//3098 2065//3098 1806//3098
f 1807//3099 2066//3099 2065//3099
f 1808//3100 2066//3100 1807//3100
f 1808//3101 2067//3101 2066//3101
f 1809//3102 2067//3102 1808//3102
f 1809//3103 2068//3103 2067//3103
f 1810//3104 2068//3104 1809//3104
f 1810//3105 2069//3105 2068//3105
f 1811//3106 2069//3106 1810//3106
f 1811//3107 2070//3107 2069//3107
f 1812//3108 2070//3108 1811//3108
f 1812//3109 2071//3109 2070//3109
f 1813//3110 2071//3110 1812//3110
f 1813//3111 2072//3111 2071//3111
f 1814//3112 2072//3112 1813//3112
f 1814//3113 2073//3113 2072//3113
f 1815//3114 2073//3114 1814//3114
f 1815//3115 2074//3115 2073//3115
f 1816//3116 2074//3116 1815//3116
f 1816//3117 2075//3117 2074//3117
f 1817//3118 2075//3118 1816//3118
f 1817//3119 2076//3119 2075//3119
f 1818//3120 2076//3120 1817//3120
f 1818//3121 2077//3121 2076//3121
f 1819//3122 2077//3122 1818//3122
f 1819//3123 2078//3123 2077//3123
f 1820//3124 2078//3124 1819//3124
f 1820//3125 2079//3125 2078//3125
f 1821//3126 2079//3126 1820//3126
f 1821//3127 2080//3127 2079//3127
f 1822//3128 2080//3128 1821//3128
f 1822//3129 2081//3129 2080//3129
f 1823//3130 2081//3130 1822//3130
f 1823//3131 2082//3131 2081//3131
f 1824//3132 2082//3132 1823//3132
f 1824//3133 2083//3133 2082//3133
f 1825//3134 2083//3134 1824//3134
f 1825//3135 2084//3135 2083//3135
f 1826//3136 2084//3136 1825//3136
f 1826//3137 2085//3137 2084//3137
f 1827//3138 2085//3138 1826//3138
f 1827//3139 2086//3139 2085//3139
f 1828//3140 2086//3140 1827//3140
f 1828//3141 2087//3141 2086//3141
f 1829//3142 2087//3142 1828//3142
f 1829//3143 2088//3143 2087//3143
f 1830//3144 2088//3144 1829//3144
f 1830//3145 2089//3145 2088//3145
f 1831//3146 2089//3146 1830//3146
f 1831//3147 168//3147 2089//3147
f 1788//3148 168//3148 1831//3148
f 1788//3149 163//3149 168//3149
f 1745//3150 163//3150 1788//3150
f 1745//3151 162//3151 163//3151
f 1702//3152 162//3152 1745//3152
f 1702//3153 159//3153 162//3153
f 1702//3154 160//3154 159//3154
f 1659//3155 160//3155 1702//3155
f 1659//3156 155//3156 160//3156
f 1615//3157 155//3157 1659//3157
f 1615//3158 153//3158 155//3158
f 1527//3159 153//3159 1615//3159
f 1527//3160 152//3160 153//3160
f 1616//3161 152//3161 1527//3161
f 1530//3162 150//3162 149//3162
f 1529//3163 150//3163 1530//3163
f 150//3164 447//3164 138//3164
f 1529//3165 447//3165 150//3165
f 1529//3166 445//3166 447//3166
f 1528//3167 445//3167 1529//3167
f 1528//3168 443//3168 445//3168
f 441//3169 443//3169 1528//3169
f 100//3170 101//3170 2090//3170
f 2090//3171 1479//3171 1531//3171
f 101//3172 1479//3172 2090//3172
f 101//3173 1319//3173 1479//3173
f 106//3174 1319//3174 101//3174
f 106//3175 1317//3175 1319//3175
f 105//3176 1317//3176 106//3176
f 331//3177 1317//3177 105//3177
f 335//3178 1317//3178 331//3178
f 335//3179 1320//3179 1317//3179
f 337//3180 1320//3180 335//3180
f 337//3181 1326//3181 1320//3181
f 339//3182 1326//3182 337//3182
f 341//3183 1326//3183 339//3183
f 341//3184 1330//3184 1326//3184
f 343//3185 1330//3185 341//3185
f 343//3186 1334//3186 1330//3186
f 345//3187 1334//3187 343//3187
f 346//3188 1334//3188 345//3188
f 346//3189 1338//3189 1334//3189
f 348//3190 1338//3190 346//3190
f 348//3191 1342//3191 1338//3191
f 350//3192 1342//3192 348//3192
f 350//3193 1346//3193 1342//3193
f 351//3194 1346//3194 350//3194
f 353//3195 1346//3195 351//3195
f 353//3196 1350//3196 1346//3196
f 355//3197 1350//3197 353//3197
f 355//3198 1354//3198 1350//3198
f 357//3199 1354//3199 355//3199
f 358//3200 1354//3200 357//3200
f 358//3201 1358//3201 1354//3201
f 360//3202 1358//3202 358//3202
f 360//3203 1362//3203 1358//3203
f 361//3204 1362//3204 360//3204
f 362//3205 1362//3205 361//3205
f 362//3206 1366//3206 1362//3206
f 364//3207 1366//3207 362//3207
f 364//3208 1370//3208 1366//3208
f 365//3209 1370//3209 364//3209
f 365//3210 1374//3210 1370//3210
f 366//3211 1374//3211 365//3211
f 368//3212 1374//3212 366//3212
f 368//3213 1378//3213 1374//3213
f 369//3214 1378//3214 368//3214
f 369//3215 1382//3215 1378//3215
f 370//3216 1382//3216 369//3216
f 372//3217 1382//3217 370//3217
f 372//3218 1386//3218 1382//3218
f 373//3219 1386//3219 372//3219
f 373//3220 1390//3220 1386//3220
f 374//3221 1390//3221 373//3221
f 374//3222 1394//3222 1390//3222
f 376//3223 1394//3223 374//3223
f 377//3224 1394//3224 376//3224
f 377//3225 1398//3225 1394//3225
f 379//3226 1398//3226 377//3226
f 379//3227 1402//3227 1398//3227
f 380//3228 1402//3228 379//3228
f 380//3229 1406//3229 1402//3229
f 381//3230 1406//3230 380//3230
f 381//3231 1410//3231 1406//3231
f 401//3232 1410//3232 381//3232
f 401//3233 1414//3233 1410//3233
f 402//3234 1414//3234 401//3234
f 403//3235 1414//3235 402//3235
f 403//3236 1418//3236 1414//3236
f 405//3237 1418//3237 403//3237
f 405//3238 1422//3238 1418//3238
f 406//3239 1422//3239 405//3239
f 406//3240 1426//3240 1422//3240
f 408//3241 1426//3241 406//3241
f 409//3242 1426//3242 408//3242
f 409//3243 1430//3243 1426//3243
f 410//3244 1430//3244 409//3244
f 410//3245 1434//3245 1430//3245
f 412//3246 1434//3246 410//3246
f 413//3247 1434//3247 412//3247
f 413//3248 1438//3248 1434//3248
f 414//3249 1438//3249 413//3249
f 416//3250 1438//3250 414//3250
f 416//3251 1442//3251 1438//3251
f 417//3252 1442//3252 416//3252
f 417//3253 1446//3253 1442//3253
f 418//3254 1446//3254 417//3254
f 420//3255 1446//3255 418//3255
f 420//3256 1450//3256 1446//3256
f 421//3257 1450//3257 420//3257
f 422//3258 1450//3258 421//3258
f 422//3259 1454//3259 1450//3259
f 424//3260 1454//3260 422//3260
f 424//3261 1458//3261 1454//3261
f 425//3262 1458//3262 424//3262
f 427//3263 1458//3263 425//3263
f 427//3264 1462//3264 1458//3264
f 429//3265 1462//3265 427//3265
f 431//3266 1462//3266 429//3266
f 431//3267 1466//3267 1462//3267
f 432//3268 1466//3268 431//3268
f 432//3269 1470//3269 1466//3269
f 434//3270 1470//3270 432//3270
f 436//3271 1470//3271 434//3271
f 436//3272 1474//3272 1470//3272
f 437//3273 1474//3273 436//3273
f 439//3274 1474//3274 437//3274
f 439//3275 1522//3275 1474//3275
f 441//3276 1522//3276 439//3276
f 1528//3277 1522//3277 441//3277
f 1528//3278 1523//3278 1522//3278
f 1530//3279 1523//3279 1528//3279
f 1530//3280 1524//3280 1523//3280
f 149//3281 1524//3281 1530//3281
f 149//3282 1572//3282 1524//3282
f 152//3283 1572//3283 149//3283
f 1616//3284 1572//3284 152//3284
f 1616//3285 1571//3285 1572//3285
f 1526//3286 1571//3286 1616//3286
f 1526//3287 1570//3287 1571//3287
f 1520//3288 1570//3288 1526//3288
f 1520//3289 1569//3289 1570//3289
f 1477//3290 1569//3290 1520//3290
f 1477//3291 1568//3291 1569//3291
f 1472//3292 1568//3292 1477//3292
f 1472//3293 1567//3293 1568//3293
f 1468//3294 1567//3294 1472//3294
f 1468//3295 1566//3295 1567//3295
f 1464//3296 1566//3296 1468//3296
f 1464//3297 1565//3297 1566//3297
f 1460//3298 1565//3298 1464//3298
f 1460//3299 1564//3299 1565//3299
f 1456//3300 1564//3300 1460//3300
f 1456//3301 1563//3301 1564//3301
f 1452//3302 1563//3302 1456//3302
f 1452//3303 1562//3303 1563//3303
f 1448//3304 1562//3304 1452//3304
f 1448//3305 1561//3305 1562//3305
f 1444//3306 1561//3306 1448//3306
f 1444//3307 1560//3307 1561//3307
f 1440//3308 1560//3308 1444//3308
f 1440//3309 1559//3309 1560//3309
f 1436//3310 1559//3310 1440//3310
f 1436//3311 1558//3311 1559//3311
f 1432//3312 1558//3312 1436//3312
f 1432//3313 1557//3313 1558//3313
f 1428//3314 1557//3314 1432//3314
f 1428//3315 1556//3315 1557//3315
f 1424//3316 1556//3316 1428//3316
f 1424//3317 1555//3317 1556//3317
f 1420//3318 1555//3318 1424//3318
f 1420//3319 1554//3319 1555//3319
f 1416//3320 1554//3320 1420//3320
f 1416//3321 1553//3321 1554//3321
f 1412//3322 1553//3322 1416//3322
f 1412//3323 1552//3323 1553//3323
f 1408//3324 1552//3324 1412//3324
f 1408//3325 1551//3325 1552//3325
f 1404//3326 1551//3326 1408//3326
f 1404//3327 1550//3327 1551//3327
f 1400//3328 1550//3328 1404//3328
f 1400//3329 1549//3329 1550//3329
f 1396//3330 1549//3330 1400//3330
f 1396//3331 1548//3331 1549//3331
f 1392//3332 1548//3332 1396//3332
f 1392//3333 1547//3333 1548//3333
f 1388//3334 1547//3334 1392//3334
f 1388//3335 1546//3335 1547//3335
f 1384//3336 1546//3336 1388//3336
f 1384//3337 1545//3337 1546//3337
f 1380//3338 1545//3338 1384//3338
f 1380//3339 1544//3339 1545//3339
f 1376//3340 1544//3340 1380//3340
f 1376//3341 1543//3341 1544//3341
f 1372//3342 1543//3342 1376//3342
f 1372//3343 1542//3343 1543//3343
f 1368//3344 1542//3344 1372//3344
f 1368//3345 1541//3345 1542//3345
f 1364//3346 1541//3346 1368//3346
f 1364//3347 1540//3347 1541//3347
f 1360//3348 1540//3348 1364//3348
f 1360//3349 1539//3349 1540//3349
f 1356//3350 1539//3350 1360//3350
f 1356//3351 1538//3351 1539//3351
f 1352//3352 1538//3352 1356//3352
f 1352//3353 1537//3353 1538//3353
f 1348//3354 1537//3354 1352//3354
f 1348//3355 1536//3355 1537//3355
f 1344//3356 1536//3356 1348//3356
f 1344//3357 1535//3357 1536//3357
f 1340//3358 1535//3358 1344//3358
f 1340//3359 1534//3359 1535//3359
f 1336//3360 1534//3360 1340//3360
f 1336//3361 1533//3361 1534//3361
f 1332//3362 1533//3362 1336//3362
f 1332//3363 1532//3363 1533//3363
f 1328//3364 1532//3364 1332//3364
f 1328//3365 1531//3365 1532//3365
f 1324//3366 1531//3366 1328//3366
f 1324//3367 2090//3367 1531//3367
f 1321//3368 2090//3368 1324//3368
f 1321//3369 100//3369 2090//3369
f 1323//3370 100//3370 1321//3370
f 1323//3371 98//3371 100//3371
f 1574//3372 98//3372 1323//3372
f 1574//3373 95//3373 98//3373
f 1618//3374 95//3374 1574//3374
f 1618//3375 96//3375 95//3375
f 1661//3376 96//3376 1618//3376
f 1661//3377 91//3377 96//3377
f 1704//3378 91//3378 1661//3378
f 1704//3379 90//3379 91//3379
f 1747//3380 90//3380 1704//3380
f 1747//3381 87//3381 90//3381
f 1790//3382 87//3382 1747//3382
f 1790//3383 88//3383 87//3383
f 2047//3384 88//3384 1790//3384
f 2047//3385 83//3385 88//3385
f 2004//3386 83//3386 2047//3386
f 2004//3387 81//3387 83//3387
f 1961//3388 81//3388 2004//3388
f 1961//3389 80//3389 81//3389
f 1918//3390 80//3390 1961//3390
f 1918//3391 77//3391 80//3391
f 1832//3392 77//3392 1918//3392
f 1832//3393 78//3393 77//3393
f 1834//3394 78//3394 1832//3394
f 78//3395 211//3395 66//3395
f 1834//3396 211//3396 78//3396
f 1834//3397 216//3397 211//3397
f 1833//3398 216//3398 1834//3398
f 1833//3399 218//3399 216//3399
f 1836//3400 218//3400 1833//3400
f 1836//3401 220//3401 218//3401
f 1836//3402 222//3402 220//3402
f 1838//3403 222//3403 1836//3403
f 1838//3404 224//3404 222//3404
f 1840//3405 224//3405 1838//3405
f 1840//3406 226//3406 224//3406
f 1840//3407 227//3407 226//3407
f 1842//3408 227//3408 1840//3408
f 1842//3409 229//3409 227//3409
f 1844//3410 229//3410 1842//3410
f 1844//3411 231//3411 229//3411
f 1846//3412 231//3412 1844//3412
f 1846//3413 232//3413 231//3413
f 1846//3414 234//3414 232//3414
f 1848//3415 234//3415 1846//3415
f 1848//3416 236//3416 234//3416
f 1850//3417 236//3417 1848//3417
f 1850//3418 238//3418 236//3418
f 1850//3419 239//3419 238//3419
f 1852//3420 239//3420 1850//3420
f 1852//3421 241//3421 239//3421
f 1854//3422 241//3422 1852//3422
f 1854//3423 242//3423 241//3423
f 1854//3424 243//3424 242//3424
f 1856//3425 243//3425 1854//3425
f 1856//3426 245//3426 243//3426
f 1858//3427 245//3427 1856//3427
f 1858//3428 246//3428 245//3428
f 1860//3429 246//3429 1858//3429
f 1860//3430 247//3430 246//3430
f 1860//3431 249//3431 247//3431
f 1862//3432 249//3432 1860//3432
f 1862//3433 250//3433 249//3433
f 1864//3434 250//3434 1862//3434
f 1864//3435 251//3435 250//3435
f 1864//3436 253//3436 251//3436
f 1866//3437 253//3437 1864//3437
f 1866//3438 254//3438 253//3438
f 1868//3439 254//3439 1866//3439
f 1868//3440 255//3440 254//3440
f 1870//3441 255//3441 1868//3441
f 1870//3442 257//3442 255//3442
f 1870//3443 258//3443 257//3443
f 1872//3444 258//3444 1870//3444
f 1872//3445 260//3445 258//3445
f 1874//3446 260//3446 1872//3446
f 1874//3447 261//3447 260//3447
f 1876//3448 261//3448 1874//3448
f 1876//3449 262//3449 261//3449
f 1878//3450 262//3450 1876//3450
f 1878//3451 282//3451 262//3451
f 1880//3452 282//3452 1878//3452
f 1880//3453 283//3453 282//3453
f 1880//3454 284//3454 283//3454
f 1882//3455 284//3455 1880//3455
f 1882//3456 286//3456 284//3456
f 1884//3457 286//3457 1882//3457
f 1884//3458 287//3458 286//3458
f 1886//3459 287//3459 1884//3459
f 1886//3460 289//3460 287//3460
f 1886//3461 290//3461 289//3461
f 1888//3462 290//3462 1886//3462
f 1888//3463 291//3463 290//3463
f 1890//3464 291//3464 1888//3464
f 1890//3465 293//3465 291//3465
f 1890//3466 294//3466 293//3466
f 1892//3467 294//3467 1890//3467
f 1892//3468 295//3468 294//3468
f 1892//3469 297//3469 295//3469
f 1894//3470 297//3470 1892//3470
f 1894//3471 298//3471 297//3471
f 1896//3472 298//3472 1894//3472
f 1896//3473 299//3473 298//3473
f 1896//3474 301//3474 299//3474
f 1898//3475 301//3475 1896//3475
f 1898//3476 302//3476 301//3476
f 1898//3477 303//3477 302//3477
f 1900//3478 303//3478 1898//3478
f 1900//3479 305//3479 303//3479
f 1902//3480 305//3480 1900//3480
f 1902//3481 306//3481 305//3481
f 1902//3482 308//3482 306//3482
f 1904//3483 308//3483 1902//3483
f 1904//3484 310//3484 308//3484
f 1904//3485 312//3485 310//3485
f 1906//3486 312//3486 1904//3486
f 1906//3487 313//3487 312//3487
f 1908//3488 313//3488 1906//3488
f 1908//3489 315//3489 313//3489
f 1908//3490 317//3490 315//3490
f 1910//3491 317//3491 1908//3491
f 1910//3492 318//3492 317//3492
f 1910//3493 320//3493 318//3493
f 1912//3494 320//3494 1910//3494
f 1912//3495 322//3495 320//3495
f 1914//3496 322//3496 1912//3496
f 1914//3497 324//3497 322//3497
f 1914//3498 326//3498 324//3498
f 1916//3499 326//3499 1914//3499
f 1916//3500 209//3500 326//3500
f 1916//3501 177//3501 209//3501
f 178//3502 177//3502 1916//3502
f 2091//3503 2092//3503 2093//3503
f 2091//3503 2094//3503 2092//3503
f 2095//3504 2094//3504 2091//3504
f 2095//3505 2096//3505 2094//3505
f 2097//3506 2096//3506 2095//3506
f 2097//3507 2098//3507 2096//3507
f 2099//3508 2098//3508 2097//3508
f 2099//3509 2100//3509 2098//3509
f 2101//3510 2100//3510 2099//3510
f 2101//3511 2102//3511 2100//3511
f 2103//3512 2102//3512 2101//3512
f 2103//3513 2104//3513 2102//3513
f 2105//3514 2104//3514 2103//3514
f 2105//3515 2106//3515 2104//3515
f 2107//3516 2106//3516 2105//3516
f 2107//3516 2108//3516 2106//3516
f 2109//3517 2108//3517 2107//3517
f 2109//3518 2110//3518 2108//3518
f 2111//3519 2110//3519 2109//3519
f 2111//3520 2112//3520 2110//3520
f 2113//3521 2112//3521 2111//3521
f 2113//3522 2114//3522 2112//3522
f 2115//3523 2114//3523 2113//3523
f 2115//3524 2116//3524 2114//3524
f 2117//3525 2116//3525 2115//3525
f 2117//3526 2118//3526 2116//3526
f 2119//3527 2118//3527 2117//3527
f 2119//3528 2120//3528 2118//3528
f 2121//3529 2120//3529 2119//3529
f 2122//3530 2123//3530 2124//3530
f 2125//3531 2123//3531 2122//3531
f 2124//3532 2126//3532 2127//3532
f 2123//3533 2126//3533 2124//3533
f 2127//3534 2128//3534 2129//3534
f 2126//3535 2128//3535 2127//3535
f 2129//3536 2130//3536 2131//3536
f 2128//3537 2130//3537 2129//3537
f 2131//3538 2132//3538 2133//3538
f 2130//3539 2132//3539 2131//3539
f 2133//3540 2134//3540 2135//3540
f 2132//3541 2134//3541 2133//3541
f 2135//3542 2136//3542 2137//3542
f 2134//3542 2136//3542 2135//3542
f 2137//3543 2138//3543 2139//3543
f 2136//3544 2138//3544 2137//3544
f 2139//3545 2140//3545 2141//3545
f 2138//3546 2140//3546 2139//3546
f 2141//3547 2142//3547 2143//3547
f 2140//3548 2142//3548 2141//3548
f 2143//3549 2144//3549 2145//3549
f 2142//3550 2144//3550 2143//3550
f 2145//3551 2146//3551 2147//3551
f 2144//3552 2146//3552 2145//3552
f 2147//3553 2148//3553 2149//3553
f 2146//3553 2148//3553 2147//3553
f 2149//3554 2150//3554 2151//3554
f 2148//3555 2150//3555 2149//3555
f 2151//3556 2152//3556 2153//3556
f 2150//3557 2152//3557 2151//3557
f 2153//3558 2154//3558 2155//3558
f 2152//3559 2154//3559 2153//3559
f 2155//3560 2156//3560 2157//3560
f 2154//3561 2156//3561 2155//3561
f 2158//3562 2123//3562 2125//3562
f 2159//3563 2123//3563 2158//3563
f 2159//3564 2126//3564 2123//3564
f 2160//3565 2126//3565 2159//3565
f 2160//3566 2128//3566 2126//3566
f 2161//3567 2128//3567 2160//3567
f 2161//3568 2130//3568 2128//3568
f 2162//3569 2130//3569 2161//3569
f 2162//3570 2132//3570 2130//3570
f 2163//3571 2132//3571 2162//3571
f 2163//3572 2134//3572 2132//3572
f 2164//3573 2134//3573 2163//3573
f 2164//3574 2136//3574 2134//3574
f 2165//3575 2136//3575 2164//3575
f 2165//3576 2138//3576 2136//3576
f 2166//3577 2138//3577 2165//3577
f 2166//3578 2140//3578 2138//3578
f 2167//3579 2140//3579 2166//3579
f 2167//3580 2142//3580 2140//3580
f 2168//3581 2142//3581 2167//3581
f 2168//3582 2144//3582 2142//3582
f 2169//3583 2144//3583 2168//3583
f 2169//3584 2146//3584 2144//3584
f 2170//3585 2146//3585 2169//3585
f 2170//3586 2148//3586 2146//3586
f 2171//3587 2148//3587 2170//3587
f 2171//3588 2150//3588 2148//3588
f 2172//3589 2150//3589 2171//3589
f 2172//3590 2152//3590 2150//3590
f 2173//3591 2152//3591 2172//3591
f 2173//3591 2154//3591 2152//3591
f 2174//3592 2154//3592 2173//3592
f 2174//3593 2156//3593 2154//3593
f 2175//3594 2156//3594 2174//3594
f 2175//3595 2157//3595 2156//3595
f 2176//3596 2157//3596 2175//3596
f 2177//3597 2178//3597 2179//3597
f 2180//3598 2177//3598 2179//3598
f 2181//3599 2177//3599 2180//3599
f 2182//3600 2183//3600 2184//3600
f 2184//3601 2185//3601 2186//3601
f 2183//3602 2185//3602 2184//3602
f 2179//3603 2187//3603 2180//3603
f 2188//3604 2178//3604 2189//3604
f 2188//3605 2179//3605 2178//3605
f 2190//3606 2179//3606 2188//3606
f 2190//3607 2187//3607 2179//3607
f 2191//3608 2187//3608 2190//3608
f 2186//3609 2192//3609 2193//3609
f 2185//3610 2192//3610 2186//3610
f 2181//3611 2194//3611 2195//3611
f 2180//3612 2194//3612 2181//3612
f 2180//3613 2196//3613 2194//3613
f 2187//3614 2196//3614 2180//3614
f 2187//3615 2197//3615 2196//3615
f 2191//3616 2197//3616 2187//3616
f 2192//3617 2198//3617 2193//3617
f 2199//3618 2200//3618 2201//3618
f 2191//3619 2202//3619 2197//3619
f 2203//3620 2188//3620 2189//3620
f 2204//3621 2188//3621 2203//3621
f 2204//3622 2190//3622 2188//3622
f 2205//3623 2190//3623 2204//3623
f 2205//3624 2191//3624 2190//3624
f 2206//3625 2191//3625 2205//3625
f 2206//3626 2202//3626 2191//3626
f 2207//3627 2202//3627 2206//3627
f 2195//3628 2208//3628 2209//3628
f 2194//3629 2208//3629 2195//3629
f 2194//3630 2210//3630 2208//3630
f 2196//3631 2210//3631 2194//3631
f 2196//3632 2211//3632 2210//3632
f 2197//3633 2211//3633 2196//3633
f 2197//3634 2212//3634 2211//3634
f 2202//3635 2212//3635 2197//3635
f 2202//3636 2213//3636 2212//3636
f 2207//3637 2213//3637 2202//3637
f 2209//3638 2214//3638 2215//3638
f 2208//3639 2214//3639 2209//3639
f 2208//3640 2216//3640 2214//3640
f 2210//3641 2216//3641 2208//3641
f 2210//3642 2217//3642 2216//3642
f 2211//3643 2217//3643 2210//3643
f 2211//3644 2218//3644 2217//3644
f 2212//3645 2218//3645 2211//3645
f 2212//3646 2219//3646 2218//3646
f 2213//3647 2219//3647 2212//3647
f 2215//3648 2220//3648 2221//3648
f 2214//3649 2220//3649 2215//3649
f 2214//3650 2222//3650 2220//3650
f 2216//3651 2222//3651 2214//3651
f 2216//3652 2223//3652 2222//3652
f 2217//3653 2223//3653 2216//3653
f 2217//3654 2224//3654 2223//3654
f 2218//3655 2224//3655 2217//3655
f 2218//3656 2225//3656 2224//3656
f 2219//3657 2225//3657 2218//3657
f 2221//3658 2226//3658 2227//3658
f 2220//3659 2226//3659 2221//3659
f 2220//3660 2228//3660 2226//3660
f 2222//3660 2228//3660 2220//3660
f 2222//3661 2229//3661 2228//3661
f 2223//3662 2229//3662 2222//3662
f 2223//3663 2230//3663 2229//3663
f 2224//3664 2230//3664 2223//3664
f 2224//3665 2231//3665 2230//3665
f 2225//3666 2231//3666 2224//3666
f 2227//3667 2232//3667 2233//3667
f 2226//3668 2232//3668 2227//3668
f 2226//3669 2234//3669 2232//3669
f 2228//3669 2234//3669 2226//3669
f 2228//3670 2235//3670 2234//3670
f 2229//3671 2235//3671 2228//3671
f 2229//3672 2236//3672 2235//3672
f 2230//3672 2236//3672 2229//3672
f 2230//3673 2237//3673 2236//3673
f 2231//3674 2237//3674 2230//3674
f 2233//3675 2238//3675 2239//3675
f 2232//3676 2238//3676 2233//3676
f 2232//3677 2240//3677 2238//3677
f 2234//3677 2240//3677 2232//3677
f 2234//3678 2241//3678 2240//3678
f 2235//3679 2241//3679 2234//3679
f 2235//3680 2242//3680 2241//3680
f 2236//3681 2242//3681 2235//3681
f 2236//3682 2243//3682 2242//3682
f 2237//3683 2243//3683 2236//3683
f 2239//3684 2244//3684 2245//3684
f 2238//3685 2244//3685 2239//3685
f 2238//3686 2246//3686 2244//3686
f 2240//3687 2246//3687 2238//3687
f 2240//3688 2247//3688 2246//3688
f 2241//3689 2247//3689 2240//3689
f 2241//3690 2248//3690 2247//3690
f 2242//3691 2248//3691 2241//3691
f 2242//3692 2249//3692 2248//3692
f 2243//3693 2249//3693 2242//3693
f 2245//3694 2250//3694 2251//3694
f 2244//3695 2250//3695 2245//3695
f 2244//3696 2252//3696 2250//3696
f 2246//3697 2252//3697 2244//3697
f 2246//3698 2253//3698 2252//3698
f 2247//3699 2253//3699 2246//3699
f 2247//3700 2254//3700 2253//3700
f 2248//3701 2254//3701 2247//3701
f 2248//3702 2255//3702 2254//3702
f 2249//3703 2255//3703 2248//3703
f 2251//3704 2256//3704 2257//3704
f 2250//3705 2256//3705 2251//3705
f 2250//3706 2258//3706 2256//3706
f 2252//3707 2258//3707 2250//3707
f 2252//3708 2259//3708 2258//3708
f 2253//3709 2259//3709 2252//3709
f 2253//3710 2260//3710 2259//3710
f 2254//3711 2260//3711 2253//3711
f 2254//3712 2261//3712 2260//3712
f 2255//3713 2261//3713 2254//3713
f 2257//3714 2262//3714 2263//3714
f 2256//3715 2262//3715 2257//3715
f 2256//3716 2264//3716 2262//3716
f 2258//3717 2264//3717 2256//3717
f 2258//3718 2265//3718 2264//3718
f 2259//3719 2265//3719 2258//3719
f 2259//3720 2266//3720 2265//3720
f 2260//3721 2266//3721 2259//3721
f 2260//3722 2267//3722 2266//3722
f 2261//3723 2267//3723 2260//3723
f 2263//3724 2268//3724 2269//3724
f 2262//3725 2268//3725 2263//3725
f 2262//3726 2270//3726 2268//3726
f 2264//3727 2270//3727 2262//3727
f 2264//3728 2271//3728 2270//3728
f 2265//3729 2271//3729 2264//3729
f 2265//3730 2272//3730 2271//3730
f 2266//3731 2272//3731 2265//3731
f 2266//3732 2273//3732 2272//3732
f 2267//3733 2273//3733 2266//3733
f 799//3734 785//3734 2274//3734
f 716//3735 800//3735 2275//3735
f 697//3736 698//3736 2276//3736
f 2274//3737 800//3737 799//3737
f 2274//3738 2275//3738 800//3738
f 2201//3739 2275//3739 2274//3739
f 2201//3740 716//3740 2275//3740
f 2200//3741 716//3741 2201//3741
f 2200//3742 698//3742 716//3742
f 2199//3743 698//3743 2200//3743
f 2199//3744 2276//3744 698//3744
f 2277//3745 2276//3745 2199//3745
f 2277//3746 697//3746 2276//3746
f 885//3747 697//3747 2277//3747
f 2176//3748 694//3748 695//3748
f 2175//3749 694//3749 2176//3749
f 2121//3750 2159//3750 2158//3750
f 2119//3751 2159//3751 2121//3751
f 2119//3752 2160//3752 2159//3752
f 2117//3753 2160//3753 2119//3753
f 2117//3753 2161//3753 2160//3753
f 2115//3754 2161//3754 2117//3754
f 2115//3755 2162//3755 2161//3755
f 2113//3756 2162//3756 2115//3756
f 2113//3757 2163//3757 2162//3757
f 2111//3758 2163//3758 2113//3758
f 2111//3759 2164//3759 2163//3759
f 2109//3760 2164//3760 2111//3760
f 2109//3760 2165//3760 2164//3760
f 2107//3761 2165//3761 2109//3761
f 2107//3762 2166//3762 2165//3762
f 2105//3763 2166//3763 2107//3763
f 2105//3763 2167//3763 2166//3763
f 2103//3764 2167//3764 2105//3764
f 2103//3765 2168//3765 2167//3765
f 2101//3766 2168//3766 2103//3766
f 2101//3767 2169//3767 2168//3767
f 2099//3768 2169//3768 2101//3768
f 2099//3769 2170//3769 2169//3769
f 2097//3770 2170//3770 2099//3770
f 2097//3771 2171//3771 2170//3771
f 2095//3772 2171//3772 2097//3772
f 2095//3773 2172//3773 2171//3773
f 2091//3774 2172//3774 2095//3774
f 2091//3775 2173//3775 2172//3775
f 2093//3776 2173//3776 2091//3776
f 2093//3777 2174//3777 2173//3777
f 693//3778 2174//3778 2093//3778
f 693//3779 2175//3779 2174//3779
f 694//3780 2175//3780 693//3780
f 2278//3781 2118//3781 2120//3781
f 2279//3782 2118//3782 2278//3782
f 2279//3783 2116//3783 2118//3783
f 2280//3784 2116//3784 2279//3784
f 2280//3785 2114//3785 2116//3785
f 2281//3786 2114//3786 2280//3786
f 2281//3787 2112//3787 2114//3787
f 2282//3788 2112//3788 2281//3788
f 2282//3789 2110//3789 2112//3789
f 2283//3790 2110//3790 2282//3790
f 2283//3790 2108//3790 2110//3790
f 2284//3791 2108//3791 2283//3791
f 2284//3791 2106//3791 2108//3791
f 2285//3792 2106//3792 2284//3792
f 2285//3793 2104//3793 2106//3793
f 2286//3794 2104//3794 2285//3794
f 2286//3794 2102//3794 2104//3794
f 2287//3795 2102//3795 2286//3795
f 2287//3795 2100//3795 2102//3795
f 2288//3796 2100//3796 2287//3796
f 2288//3797 2098//3797 2100//3797
f 2289//3798 2098//3798 2288//3798
f 2289//3799 2096//3799 2098//3799
f 2290//3800 2096//3800 2289//3800
f 2290//3801 2094//3801 2096//3801
f 2291//3802 2094//3802 2290//3802
f 2291//3803 2092//3803 2094//3803
f 692//3804 2092//3804 2291//3804
f 692//3805 2093//3805 2092//3805
f 693//3806 2093//3806 692//3806
f 2291//3807 691//3807 692//3807
f 2291//3808 74//3808 691//3808
f 2290//3809 74//3809 2291//3809
f 2290//3810 75//3810 74//3810
f 2289//3811 75//3811 2290//3811
f 2289//3812 135//3812 75//3812
f 2288//3813 135//3813 2289//3813
f 2288//3814 134//3814 135//3814
f 2288//3815 132//3815 134//3815
f 2287//3816 132//3816 2288//3816
f 2287//3817 131//3817 132//3817
f 2286//3818 131//3818 2287//3818
f 2286//3819 129//3819 131//3819
f 2285//3820 129//3820 2286//3820
f 2285//3821 127//3821 129//3821
f 2284//3822 127//3822 2285//3822
f 2284//3823 126//3823 127//3823
f 2283//3824 126//3824 2284//3824
f 2283//3825 124//3825 126//3825
f 2282//3826 124//3826 2283//3826
f 2282//3827 122//3827 124//3827
f 2281//3828 122//3828 2282//3828
f 2281//3829 121//3829 122//3829
f 2280//3830 121//3830 2281//3830
f 2280//3831 119//3831 121//3831
f 2279//3832 119//3832 2280//3832
f 2279//3833 118//3833 119//3833
f 2278//3834 118//3834 2279//3834
f 114//3835 116//3835 2292//3835
f 2293//3836 2292//3836 2294//3836
f 2293//3837 114//3837 2292//3837
f 113//3838 114//3838 2293//3838
f 2293//3839 743//3839 113//3839
f 2293//3840 741//3840 743//3840
f 2294//3841 741//3841 2293//3841
f 2294//3842 2295//3842 741//3842
f 2296//3843 2295//3843 2294//3843
f 2296//3844 741//3844 2295//3844
f 742//3845 741//3845 2296//3845
f 2278//3846 116//3846 118//3846
f 2278//3847 2292//3847 116//3847
f 2120//3848 2292//3848 2278//3848
f 2120//3849 2294//3849 2292//3849
f 2121//3529 2294//3529 2120//3529
f 2121//3843 2296//3843 2294//3843
f 2158//3750 2296//3750 2121//3750
f 2158//3850 742//3850 2296//3850
f 2125//3851 742//3851 2158//3851
f 2125//3852 739//3852 742//3852
f 2122//3853 739//3853 2125//3853
f 2184//3854 736//3854 2182//3854
f 2184//3855 734//3855 736//3855
f 2186//3856 734//3856 2184//3856
f 2186//3857 729//3857 734//3857
f 2193//3858 729//3858 2186//3858
f 2193//3859 730//3859 729//3859
f 2198//3860 730//3860 2193//3860
f 2297//3861 730//3861 2198//3861
f 728//3862 730//3862 2297//3862
f 2298//3863 2185//3863 2183//3863
f 2299//3864 2185//3864 2298//3864
f 2299//3865 2192//3865 2185//3865
f 2300//3866 2192//3866 2299//3866
f 2300//3867 2198//3867 2192//3867
f 2301//3868 2198//3868 2300//3868
f 2301//3869 2297//3869 2198//3869
f 2302//3870 2297//3870 2301//3870
f 2302//3871 728//3871 2297//3871
f 726//3872 728//3872 2302//3872
f 2269//3873 2299//3873 2298//3873
f 2268//3874 2299//3874 2269//3874
f 2268//3875 2300//3875 2299//3875
f 2270//3876 2300//3876 2268//3876
f 2270//3877 2301//3877 2300//3877
f 2271//3878 2301//3878 2270//3878
f 2271//3879 2302//3879 2301//3879
f 2272//3880 2302//3880 2271//3880
f 2272//3881 726//3881 2302//3881
f 2273//3882 726//3882 2272//3882
f 2273//3883 725//3883 726//3883
f 2267//3884 725//3884 2273//3884
f 2303//3885 2207//3885 2304//3885
f 2303//3886 2213//3886 2207//3886
f 2305//3887 2213//3887 2303//3887
f 2305//3888 2219//3888 2213//3888
f 2306//3889 2219//3889 2305//3889
f 2306//3890 2225//3890 2219//3890
f 2307//3891 2225//3891 2306//3891
f 2307//3892 2231//3892 2225//3892
f 2308//3893 2231//3893 2307//3893
f 2308//3894 2237//3894 2231//3894
f 2309//3895 2237//3895 2308//3895
f 2309//3896 2243//3896 2237//3896
f 2310//3897 2243//3897 2309//3897
f 2310//3898 2249//3898 2243//3898
f 2311//3899 2249//3899 2310//3899
f 2311//3900 2255//3900 2249//3900
f 2312//3901 2255//3901 2311//3901
f 2312//3902 2261//3902 2255//3902
f 723//3903 2261//3903 2312//3903
f 723//3904 2267//3904 2261//3904
f 725//3905 2267//3905 723//3905
f 2312//3906 722//3906 723//3906
f 2312//3907 721//3907 722//3907
f 2311//3908 721//3908 2312//3908
f 2311//3909 720//3909 721//3909
f 2310//3910 720//3910 2311//3910
f 2310//3911 719//3911 720//3911
f 2309//3912 719//3912 2310//3912
f 2309//3913 717//3913 719//3913
f 2308//3914 717//3914 2309//3914
f 2122//3915 736//3915 739//3915
f 2122//3916 2182//3916 736//3916
f 2124//3917 2182//3917 2122//3917
f 2124//3918 2183//3918 2182//3918
f 2127//3919 2183//3919 2124//3919
f 2127//3920 2298//3920 2183//3920
f 2129//3921 2298//3921 2127//3921
f 2129//3922 2269//3922 2298//3922
f 2131//3923 2269//3923 2129//3923
f 2131//3924 2263//3924 2269//3924
f 2133//3925 2263//3925 2131//3925
f 2133//3926 2257//3926 2263//3926
f 2135//3927 2257//3927 2133//3927
f 2135//3928 2251//3928 2257//3928
f 2137//3929 2251//3929 2135//3929
f 2137//3930 2245//3930 2251//3930
f 2139//3931 2245//3931 2137//3931
f 2139//3932 2239//3932 2245//3932
f 2141//3933 2239//3933 2139//3933
f 2141//3934 2233//3934 2239//3934
f 2143//3935 2233//3935 2141//3935
f 2143//3935 2227//3935 2233//3935
f 2145//3936 2227//3936 2143//3936
f 2145//3937 2221//3937 2227//3937
f 2147//3938 2221//3938 2145//3938
f 2147//3938 2215//3938 2221//3938
f 2149//3939 2215//3939 2147//3939
f 2149//3940 2209//3940 2215//3940
f 2151//3941 2209//3941 2149//3941
f 2151//3942 2195//3942 2209//3942
f 2153//3943 2195//3943 2151//3943
f 2153//3944 2181//3944 2195//3944
f 2155//3945 2181//3945 2153//3945
f 2155//3946 2177//3946 2181//3946
f 2157//3947 2177//3947 2155//3947
f 2157//3948 2178//3948 2177//3948
f 2176//3949 2178//3949 2157//3949
f 2176//3950 2189//3950 2178//3950
f 695//3951 2189//3951 2176//3951
f 695//3952 2203//3952 2189//3952
f 885//3953 2203//3953 695//3953
f 2277//3954 2203//3954 885//3954
f 2277//3955 2204//3955 2203//3955
f 2199//3956 2204//3956 2277//3956
f 2199//3957 2205//3957 2204//3957
f 2201//3958 2205//3958 2199//3958
f 2201//3959 2206//3959 2205//3959
f 2274//3960 2206//3960 2201//3960
f 2274//3961 2207//3961 2206//3961
f 785//3962 2207//3962 2274//3962
f 785//3963 2304//3963 2207//3963
f 784//3964 2304//3964 785//3964
f 784//3965 2303//3965 2304//3965
f 786//3966 2303//3966 784//3966
f 786//3967 2305//3967 2303//3967
f 772//3968 2305//3968 786//3968
f 772//3969 2306//3969 2305//3969
f 760//3970 2306//3970 772//3970
f 749//3971 2306//3971 760//3971
f 749//3972 2307//3972 2306//3972
f 718//3973 2307//3973 749//3973
f 718//3974 2308//3974 2307//3974
f 717//3975 2308//3975 718//3975
f 2313//3976 2314//3976 2315//3976
f 2316//3977 2314//3977 2313//3977
f 2316//3978 2317//3978 2314//3978
f 2318//3979 2317//3979 2316//3979
f 2318//3980 2319//3980 2317//3980
f 2320//3981 2319//3981 2318//3981
f 2320//3982 2321//3982 2319//3982
f 2322//3983 2321//3983 2320//3983
f 2323//3984 2313//3984 2324//3984
f 2323//3985 2316//3985 2313//3985
f 2325//3986 2316//3986 2323//3986
f 2325//3987 2318//3987 2316//3987
f 2326//3988 2318//3988 2325//3988
f 2326//3989 2320//3989 2318//3989
f 2327//3990 2320//3990 2326//3990
f 2327//3991 2322//3991 2320//3991
f 2328//3992 2322//3992 2327//3992
f 2329//3993 2324//3993 2330//3993
f 2331//3994 2324//3994 2329//3994
f 2331//3995 2323//3995 2324//3995
f 2332//3996 2323//3996 2331//3996
f 2332//3997 2325//3997 2323//3997
f 2333//3998 2325//3998 2332//3998
f 2333//3999 2326//3999 2325//3999
f 2334//4000 2326//4000 2333//4000
f 2334//4001 2327//4001 2326//4001
f 2335//4002 2327//4002 2334//4002
f 2335//4003 2328//4003 2327//4003
f 2336//4004 2328//4004 2335//4004
f 2337//4005 2329//4005 2338//4005
f 2337//4006 2331//4006 2329//4006
f 2339//4007 2331//4007 2337//4007
f 2339//4008 2332//4008 2331//4008
f 2340//4009 2332//4009 2339//4009
f 2340//4010 2333//4010 2332//4010
f 2341//4011 2333//4011 2340//4011
f 2341//4012 2334//4012 2333//4012
f 2342//4013 2334//4013 2341//4013
f 2342//4014 2335//4014 2334//4014
f 2343//4015 2335//4015 2342//4015
f 2343//4016 2336//4016 2335//4016
f 2344//4017 2336//4017 2343//4017
f 2345//4018 2338//4018 2346//4018
f 2347//4019 2338//4019 2345//4019
f 2347//4020 2337//4020 2338//4020
f 2348//4021 2337//4021 2347//4021
f 2348//4022 2339//4022 2337//4022
f 2349//4023 2339//4023 2348//4023
f 2349//4024 2340//4024 2339//4024
f 2350//4025 2340//4025 2349//4025
f 2350//4026 2341//4026 2340//4026
f 2351//4027 2341//4027 2350//4027
f 2351//4028 2342//4028 2341//4028
f 2352//4029 2342//4029 2351//4029
f 2352//4030 2343//4030 2342//4030
f 2353//4031 2343//4031 2352//4031
f 2353//4032 2344//4032 2343//4032
f 2354//4033 2344//4033 2353//4033
f 2355//4034 2347//4034 2345//4034
f 2356//4035 2347//4035 2355//4035
f 2356//4036 2348//4036 2347//4036
f 2357//4037 2348//4037 2356//4037
f 2357//4038 2349//4038 2348//4038
f 2358//4039 2349//4039 2357//4039
f 2358//4040 2350//4040 2349//4040
f 2359//4041 2350//4041 2358//4041
f 2359//4042 2351//4042 2350//4042
f 2360//4043 2351//4043 2359//4043
f 2360//4044 2352//4044 2351//4044
f 2361//4045 2352//4045 2360//4045
f 2361//4046 2353//4046 2352//4046
f 2362//4047 2353//4047 2361//4047
f 2362//4048 2354//4048 2353//4048
f 2363//4049 2354//4049 2362//4049
f 2364//4050 2356//4050 2355//4050
f 2365//4051 2356//4051 2364//4051
f 2365//4052 2357//4052 2356//4052
f 2366//4053 2357//4053 2365//4053
f 2366//4054 2358//4054 2357//4054
f 2367//4055 2358//4055 2366//4055
f 2367//4056 2359//4056 2358//4056
f 2368//4057 2359//4057 2367//4057
f 2368//4058 2360//4058 2359//4058
f 2369//4059 2360//4059 2368//4059
f 2369//4060 2361//4060 2360//4060
f 2370//4060 2361//4060 2369//4060
f 2370//4061 2362//4061 2361//4061
f 2371//4062 2362//4062 2370//4062
f 2371//4063 2363//4063 2362//4063
f 2372//4063 2363//4063 2371//4063
f 2373//4064 2365//4064 2364//4064
f 2374//4064 2365//4064 2373//4064
f 2374//4065 2366//4065 2365//4065
f 2375//4065 2366//4065 2374//4065
f 2375//4066 2367//4066 2366//4066
f 2376//4066 2367//4066 2375//4066
f 2376//4067 2368//4067 2367//4067
f 2377//4067 2368//4067 2376//4067
f 2377//4068 2369//4068 2368//4068
f 2378//4069 2369//4069 2377//4069
f 2378//4070 2370//4070 2369//4070
f 2379//4070 2370//4070 2378//4070
f 2379//4071 2371//4071 2370//4071
f 2380//4071 2371//4071 2379//4071
f 2380//4072 2372//4072 2371//4072
f 2381//4072 2372//4072 2380//4072
f 2382//4073 2374//4073 2373//4073
f 2383//4074 2374//4074 2382//4074
f 2383//4075 2375//4075 2374//4075
f 2384//4076 2375//4076 2383//4076
f 2384//4077 2376//4077 2375//4077
f 2385//4078 2376//4078 2384//4078
f 2385//4079 2377//4079 2376//4079
f 2386//4080 2377//4080 2385//4080
f 2386//4081 2378//4081 2377//4081
f 2387//4082 2378//4082 2386//4082
f 2387//4083 2379//4083 2378//4083
f 2388//4084 2379//4084 2387//4084
f 2388//4085 2380//4085 2379//4085
f 2389//4085 2380//4085 2388//4085
f 2389//4086 2381//4086 2380//4086
f 2390//4087 2381//4087 2389//4087
f 2391//4088 2383//4088 2382//4088
f 2392//4089 2383//4089 2391//4089
f 2392//4090 2384//4090 2383//4090
f 2393//4091 2384//4091 2392//4091
f 2393//4092 2385//4092 2384//4092
f 2394//4093 2385//4093 2393//4093
f 2394//4094 2386//4094 2385//4094
f 2395//4095 2386//4095 2394//4095
f 2395//4096 2387//4096 2386//4096
f 2396//4097 2387//4097 2395//4097
f 2396//4098 2388//4098 2387//4098
f 2397//4099 2388//4099 2396//4099
f 2397//4100 2389//4100 2388//4100
f 2398//4101 2389//4101 2397//4101
f 2398//4102 2390//4102 2389//4102
f 2399//4103 2390//4103 2398//4103
f 2400//4104 2401//4104 2402//4104
f 2403//4105 2401//4105 2400//4105
f 2403//4106 2404//4106 2401//4106
f 2405//4107 2404//4107 2403//4107
f 2405//4108 2406//4108 2404//4108
f 2407//4109 2406//4109 2405//4109
f 2408//4110 2403//4110 2400//4110
f 2409//4111 2403//4111 2408//4111
f 2409//4112 2405//4112 2403//4112
f 2410//4113 2405//4113 2409//4113
f 2410//4114 2407//4114 2405//4114
f 2411//4115 2407//4115 2410//4115
f 2412//4116 2409//4116 2408//4116
f 2413//4117 2409//4117 2412//4117
f 2413//4118 2410//4118 2409//4118
f 2414//4119 2410//4119 2413//4119
f 2414//4120 2411//4120 2410//4120
f 2415//4121 2411//4121 2414//4121
f 2416//4122 2413//4122 2412//4122
f 2417//4123 2413//4123 2416//4123
f 2417//4124 2414//4124 2413//4124
f 2418//4125 2414//4125 2417//4125
f 2418//4126 2415//4126 2414//4126
f 2419//4127 2415//4127 2418//4127
f 2420//4128 2421//4128 2422//4128
f 2420//4129 2423//4129 2424//4129
f 2422//4130 2423//4130 2420//4130
f 2422//4131 2425//4131 2423//4131
f 2426//4132 2422//4132 2421//4132
f 2427//4133 2422//4133 2426//4133
f 2427//4134 2425//4134 2422//4134
f 2428//4135 2425//4135 2427//4135
f 2424//4136 2429//4136 2430//4136
f 2423//4137 2429//4137 2424//4137
f 2423//4138 2431//4138 2429//4138
f 2425//4139 2431//4139 2423//4139
f 2425//4140 2432//4140 2431//4140
f 2428//4141 2432//4141 2425//4141
f 2427//4135 2433//4135 2428//4135
f 2430//4142 2434//4142 2435//4142
f 2429//4143 2434//4143 2430//4143
f 2429//4144 2436//4144 2434//4144
f 2431//4144 2436//4144 2429//4144
f 2431//4145 2437//4145 2436//4145
f 2432//4146 2437//4146 2431//4146
f 2435//4147 2438//4147 2439//4147
f 2434//4148 2438//4148 2435//4148
f 2434//4149 2440//4149 2438//4149
f 2436//4150 2440//4150 2434//4150
f 2436//4151 2441//4151 2440//4151
f 2437//4152 2441//4152 2436//4152
f 2439//4153 2442//4153 2443//4153
f 2438//4154 2442//4154 2439//4154
f 2438//4155 2444//4155 2442//4155
f 2440//4156 2444//4156 2438//4156
f 2440//4157 2445//4157 2444//4157
f 2441//4158 2445//4158 2440//4158
f 2443//4159 2446//4159 2447//4159
f 2442//4160 2446//4160 2443//4160
f 2442//4161 2448//4161 2446//4161
f 2444//4162 2448//4162 2442//4162
f 2444//4163 2449//4163 2448//4163
f 2445//4164 2449//4164 2444//4164
f 2447//4165 2450//4165 2451//4165
f 2446//4165 2450//4165 2447//4165
f 2446//4166 2452//4166 2450//4166
f 2448//4167 2452//4167 2446//4167
f 2448//4168 2453//4168 2452//4168
f 2449//4169 2453//4169 2448//4169
f 2451//4170 2454//4170 2455//4170
f 2450//4170 2454//4170 2451//4170
f 2450//4171 2456//4171 2454//4171
f 2452//4171 2456//4171 2450//4171
f 2452//4172 2457//4172 2456//4172
f 2453//4173 2457//4173 2452//4173
f 2455//4174 2458//4174 2459//4174
f 2454//4175 2458//4175 2455//4175
f 2454//4176 2460//4176 2458//4176
f 2456//4177 2460//4177 2454//4177
f 2456//4178 2461//4178 2460//4178
f 2457//4179 2461//4179 2456//4179
f 2459//4180 2462//4180 2463//4180
f 2458//4181 2462//4181 2459//4181
f 2458//4182 2464//4182 2462//4182
f 2460//4183 2464//4183 2458//4183
f 2460//4184 2465//4184 2464//4184
f 2461//4185 2465//4185 2460//4185
f 2463//4186 2466//4186 2467//4186
f 2462//4186 2466//4186 2463//4186
f 2462//4187 2468//4187 2466//4187
f 2464//4188 2468//4188 2462//4188
f 2464//4189 2469//4189 2468//4189
f 2465//4190 2469//4190 2464//4190
f 2467//4191 2470//4191 2471//4191
f 2466//4192 2470//4192 2467//4192
f 2466//4193 2472//4193 2470//4193
f 2468//4194 2472//4194 2466//4194
f 2468//4195 2473//4195 2472//4195
f 2469//4196 2473//4196 2468//4196
f 2471//4197 2474//4197 2475//4197
f 2470//4198 2474//4198 2471//4198
f 2470//4199 2476//4199 2474//4199
f 2472//4199 2476//4199 2470//4199
f 2472//4200 2477//4200 2476//4200
f 2473//4201 2477//4201 2472//4201
f 2475//4202 2478//4202 2479//4202
f 2474//4203 2478//4203 2475//4203
f 2474//4204 2480//4204 2478//4204
f 2476//4205 2480//4205 2474//4205
f 2476//4206 2481//4206 2480//4206
f 2477//4207 2481//4207 2476//4207
f 1235//4208 185//4208 186//4208
f 2419//4209 1226//4209 1229//4209
f 2418//4210 1226//4210 2419//4210
f 2418//4211 1224//4211 1226//4211
f 2417//4212 1224//4212 2418//4212
f 2417//4213 1221//4213 1224//4213
f 2416//4214 1221//4214 2417//4214
f 2482//4215 2402//4215 2483//4215
f 2482//4216 2400//4216 2402//4216
f 2484//4217 2400//4217 2482//4217
f 2484//4218 2408//4218 2400//4218
f 2485//4219 2408//4219 2484//4219
f 2485//4220 2412//4220 2408//4220
f 1222//4221 2412//4221 2485//4221
f 1222//4222 2416//4222 2412//4222
f 1221//4223 2416//4223 1222//4223
f 2486//4224 2483//4224 2487//4224
f 2486//4225 2482//4225 2483//4225
f 2488//4226 2482//4226 2486//4226
f 2488//4227 2484//4227 2482//4227
f 1249//4228 2484//4228 2488//4228
f 1249//4229 2485//4229 2484//4229
f 1222//4230 2485//4230 1249//4230
f 2489//4231 2487//4231 2490//4231
f 2489//4232 2486//4232 2487//4232
f 1250//4233 2486//4233 2489//4233
f 1250//4234 2488//4234 2486//4234
f 1249//4235 2488//4235 1250//4235
f 2489//4236 1252//4236 1250//4236
f 2489//4237 1219//4237 1252//4237
f 2490//4238 1219//4238 2489//4238
f 2491//4239 1219//4239 2490//4239
f 1218//4240 1219//4240 2491//4240
f 2492//4241 2404//4241 2406//4241
f 2493//4242 2404//4242 2492//4242
f 2493//4243 2401//4243 2404//4243
f 2494//4244 2401//4244 2493//4244
f 2494//4245 2402//4245 2401//4245
f 2495//4246 2402//4246 2494//4246
f 2495//4247 2483//4247 2402//4247
f 2496//4248 2483//4248 2495//4248
f 2496//4249 2487//4249 2483//4249
f 2497//4250 2487//4250 2496//4250
f 2497//4251 2490//4251 2487//4251
f 2498//4252 2490//4252 2497//4252
f 2498//4253 2491//4253 2490//4253
f 2499//4254 2491//4254 2498//4254
f 2499//4255 1218//4255 2491//4255
f 1217//4256 1218//4256 2499//4256
f 2399//4257 2493//4257 2492//4257
f 2398//4258 2493//4258 2399//4258
f 2398//4259 2494//4259 2493//4259
f 2397//4260 2494//4260 2398//4260
f 2397//4261 2495//4261 2494//4261
f 2396//4262 2495//4262 2397//4262
f 2396//4263 2496//4263 2495//4263
f 2395//4264 2496//4264 2396//4264
f 2395//4265 2497//4265 2496//4265
f 2394//4266 2497//4266 2395//4266
f 2394//4267 2498//4267 2497//4267
f 2393//4268 2498//4268 2394//4268
f 2393//4269 2499//4269 2498//4269
f 2392//4270 2499//4270 2393//4270
f 2392//4271 1217//4271 2499//4271
f 2391//4272 1217//4272 2392//4272
f 2391//4273 1214//4273 1217//4273
f 2382//4274 1214//4274 2391//4274
f 2500//4275 1303//4275 1302//4275
f 1210//4276 1303//4276 2500//4276
f 2501//4277 1191//4277 1193//4277
f 1171//4278 1191//4278 2501//4278
f 2502//4279 1165//4279 1168//4279
f 2503//4280 1165//4280 2502//4280
f 2503//4281 1161//4281 1165//4281
f 2504//4282 1161//4282 2503//4282
f 2505//4283 1161//4283 2504//4283
f 1162//4284 1161//4284 2505//4284
f 2479//4285 2503//4285 2502//4285
f 2478//4286 2503//4286 2479//4286
f 2478//4287 2504//4287 2503//4287
f 2480//4288 2504//4288 2478//4288
f 2480//4289 2505//4289 2504//4289
f 2481//4289 2505//4289 2480//4289
f 2481//4290 1162//4290 2505//4290
f 1160//4291 1162//4291 2481//4291
f 2382//4292 1215//4292 1214//4292
f 2382//4293 1255//4293 1215//4293
f 2373//4294 1255//4294 2382//4294
f 2373//4295 1266//4295 1255//4295
f 2364//4296 1266//4296 2373//4296
f 2364//4297 1211//4297 1266//4297
f 2355//4298 1211//4298 2364//4298
f 2355//4299 1212//4299 1211//4299
f 2345//4300 1212//4300 2355//4300
f 2345//4301 1289//4301 1212//4301
f 2346//4302 1289//4302 2345//4302
f 2346//4303 1302//4303 1289//4303
f 2338//4304 1302//4304 2346//4304
f 2338//4305 2500//4305 1302//4305
f 2329//4306 2500//4306 2338//4306
f 2329//4307 1210//4307 2500//4307
f 2330//4308 1210//4308 2329//4308
f 2330//4309 1193//4309 1210//4309
f 2324//4310 1193//4310 2330//4310
f 2324//4311 2501//4311 1193//4311
f 2313//4312 2501//4312 2324//4312
f 2313//4313 1171//4313 2501//4313
f 2315//4314 1171//4314 2313//4314
f 2315//4315 1170//4315 1171//4315
f 2314//4316 1170//4316 2315//4316
f 2314//4317 889//4317 1170//4317
f 2317//4318 889//4318 2314//4318
f 2317//4319 1169//4319 889//4319
f 2319//4320 1169//4320 2317//4320
f 2319//4321 1168//4321 1169//4321
f 2321//4322 1168//4322 2319//4322
f 2321//4323 2502//4323 1168//4323
f 2322//4324 2502//4324 2321//4324
f 2322//4325 2479//4325 2502//4325
f 2328//4326 2479//4326 2322//4326
f 2328//4327 2475//4327 2479//4327
f 2336//4328 2475//4328 2328//4328
f 2336//4329 2471//4329 2475//4329
f 2344//4330 2471//4330 2336//4330
f 2344//4331 2467//4331 2471//4331
f 2354//4332 2467//4332 2344//4332
f 2354//4333 2463//4333 2467//4333
f 2363//4334 2463//4334 2354//4334
f 2363//4334 2459//4334 2463//4334
f 2372//4335 2459//4335 2363//4335
f 2372//4336 2455//4336 2459//4336
f 2381//4337 2455//4337 2372//4337
f 2381//4338 2451//4338 2455//4338
f 2390//4339 2451//4339 2381//4339
f 2390//4340 2447//4340 2451//4340
f 2399//4341 2447//4341 2390//4341
f 2399//4342 2443//4342 2447//4342
f 2492//4343 2443//4343 2399//4343
f 2492//4344 2439//4344 2443//4344
f 2406//4345 2439//4345 2492//4345
f 2406//4346 2435//4346 2439//4346
f 2407//4347 2435//4347 2406//4347
f 2407//4348 2430//4348 2435//4348
f 2411//4349 2430//4349 2407//4349
f 2411//4350 2424//4350 2430//4350
f 2415//4351 2424//4351 2411//4351
f 2415//4352 2420//4352 2424//4352
f 2419//4353 2420//4353 2415//4353
f 2419//4354 2421//4354 2420//4354
f 1229//4355 2421//4355 2419//4355
f 1229//4356 2426//4356 2421//4356
f 1232//4357 2426//4357 1229//4357
f 1232//4358 2427//4358 2426//4358
f 1236//4359 2427//4359 1232//4359
f 1236//4360 2433//4360 2427//4360
f 1235//4361 2433//4361 1236//4361
f 1235//4362 2428//4362 2433//4362
f 186//4363 2428//4363 1235//4363
f 186//4364 2432//4364 2428//4364
f 188//4365 2432//4365 186//4365
f 188//4366 2437//4366 2432//4366
f 190//4367 2437//4367 188//4367
f 191//4368 2437//4368 190//4368
f 191//4369 2441//4369 2437//4369
f 193//4370 2441//4370 191//4370
f 193//4371 2445//4371 2441//4371
f 194//4372 2445//4372 193//4372
f 194//4373 2449//4373 2445//4373
f 196//4374 2449//4374 194//4374
f 196//4375 2453//4375 2449//4375
f 198//4376 2453//4376 196//4376
f 198//4377 2457//4377 2453//4377
f 199//4378 2457//4378 198//4378
f 199//4379 2461//4379 2457//4379
f 201//4380 2461//4380 199//4380
f 201//4381 2465//4381 2461//4381
f 203//4382 2465//4382 201//4382
f 203//4383 2469//4383 2465//4383
f 204//4384 2469//4384 203//4384
f 204//4385 2473//4385 2469//4385
f 206//4386 2473//4386 204//4386
f 206//4387 2477//4387 2473//4387
f 207//4388 2477//4388 206//4388
f 207//4389 2481//4389 2477//4389
f 147//4390 2481//4390 207//4390
f 147//4391 1160//4391 2481//4391
f 146//4392 1160//4392 147//4392
f 745//4 330//4 105//4
f 332//4 330//4 745//4
f 2506//4 2507//4 67//4
f 2508//4 2507//4 2506//4
f 2509//4 2507//4 2508//4
f 2510//4 2507//4 2509//4
f 2510//4 2511//4 2507//4
f 2512//4 2511//4 2510//4
f 2512//4 2513//4 2511//4
f 2514//4 2513//4 2512//4
f 2514//4 2515//4 2513//4
f 2516//4 2515//4 2514//4
f 2516//4 2517//4 2515//4
f 2518//4 2517//4 2516//4
f 2518//4 2519//4 2517//4
f 2520//4 2519//4 2518//4
f 2520//4 2521//4 2519//4
f 2520//4 2522//4 2521//4
f 2523//4 2522//4 2520//4
f 2523//4 2524//4 2522//4
f 2525//4 2524//4 2523//4
f 2525//4 2526//4 2524//4
f 2525//4 2527//4 2526//4
f 2528//4 2527//4 2525//4
f 2528//4 2529//4 2527//4
f 2530//4 2529//4 2528//4
f 2530//4 2531//4 2529//4
f 2532//4 2531//4 2530//4
f 2532//4 2533//4 2531//4
f 2532//4 2534//4 2533//4
f 2535//4 2534//4 2532//4
f 2536//4 2534//4 2535//4
f 2535//4 2537//4 2536//4
f 2535//4 2538//4 2537//4
f 2539//4 2538//4 2535//4
f 2540//4 2538//4 2539//4
f 2539//4 2541//4 2540//4
f 2539//4 2542//4 2541//4
f 2543//4 2542//4 2539//4
f 2544//4 2542//4 2543//4
f 2543//4 2545//4 2544//4
f 2543//4 2546//4 2545//4
f 2547//4 2546//4 2543//4
f 2548//4 2546//4 2547//4
f 2547//4 2549//4 2548//4
f 2547//4 2550//4 2549//4
f 2551//4 2550//4 2547//4
f 2551//4 2552//4 2550//4
f 2551//4 2553//4 2552//4
f 2554//4 2553//4 2551//4
f 2555//4 2553//4 2554//4
f 2554//4 2556//4 2555//4
f 2554//4 2557//4 2556//4
f 2558//4 2557//4 2554//4
f 2559//4 2560//4 176//4
f 2561//4 2560//4 2559//4
f 2559//4 2562//4 2561//4
f 2559//4 2563//4 2562//4
f 2564//4 2563//4 2559//4
f 2564//4 2565//4 2563//4
f 2566//4 2565//4 2564//4
f 2566//4 2567//4 2565//4
f 2568//4 2567//4 2566//4
f 2568//4 2569//4 2567//4
f 2570//4 2569//4 2568//4
f 2570//4 2571//4 2569//4
f 2572//4 2571//4 2570//4
f 2572//4 2573//4 2571//4
f 2574//4 2573//4 2572//4
f 2575//4 2573//4 2574//4
f 2575//4 2576//4 2573//4
f 2577//4 2576//4 2575//4
f 2577//4 2578//4 2576//4
f 2579//4 2578//4 2577//4
f 2580//4 2578//4 2579//4
f 2580//4 2581//4 2578//4
f 2582//4 2581//4 2580//4
f 2582//4 2583//4 2581//4
f 2584//4 2583//4 2582//4
f 2584//4 2585//4 2583//4
f 2586//4 2585//4 2584//4
f 2587//4 2585//4 2586//4
f 2587//4 2588//4 2585//4
f 2589//4 2588//4 2587//4
f 2590//4 2588//4 2589//4
f 2591//4 2588//4 2590//4
f 2591//4 2592//4 2588//4
f 2593//4 2592//4 2591//4
f 2594//4 2592//4 2593//4
f 2595//4 2592//4 2594//4
f 2595//4 2596//4 2592//4
f 2597//4 2596//4 2595//4
f 2598//4 2596//4 2597//4
f 2599//4 2596//4 2598//4
f 2599//4 2600//4 2596//4
f 2601//4 2600//4 2599//4
f 2602//4 2600//4 2601//4
f 2603//4 2600//4 2602//4
f 2603//4 2604//4 2600//4
f 2605//4 2604//4 2603//4
f 2606//4 2604//4 2605//4
f 2606//4 2607//4 2604//4
f 2608//4 2607//4 2606//4
f 2609//4 2607//4 2608//4
f 2557//4 2607//4 2609//4
f 2557//4 2610//4 2607//4
f 2558//4 2610//4 2557//4
f 34//4 2611//4 2612//4
f 2612//4 2611//4 2613//4
f 2613//4 2611//4 2614//4
f 2613//4 2614//4 2615//4
f 2615//4 2614//4 2616//4
f 2615//4 2616//4 2617//4
f 2617//4 2616//4 2618//4
f 2617//4 2618//4 2619//4
f 2619//4 2618//4 2620//4
f 2619//4 2620//4 2621//4
f 2621//4 2620//4 2622//4
f 2621//4 2622//4 2623//4
f 2623//4 2622//4 2624//4
f 2623//4 2624//4 2625//4
f 2625//4 2624//4 2626//4
f 2625//4 2626//4 2558//4
f 2558//4 2626//4 2610//4
f 2627//3 2628//3 139//3
f 2629//3 2628//3 2627//3
f 2630//3 2628//3 2629//3
f 2631//3 2628//3 2630//3
f 2631//3 2632//3 2628//3
f 2633//3 2632//3 2631//3
f 2633//3 2634//3 2632//3
f 2635//3 2634//3 2633//3
f 2635//3 2636//3 2634//3
f 2637//3 2636//3 2635//3
f 2637//3 2638//3 2636//3
f 2639//3 2638//3 2637//3
f 2639//3 2640//3 2638//3
f 2641//3 2640//3 2639//3
f 2641//3 2642//3 2640//3
f 2641//3 2643//3 2642//3
f 2644//3 2643//3 2641//3
f 2644//3 2645//3 2643//3
f 2646//3 2645//3 2644//3
f 2646//3 2647//3 2645//3
f 2646//3 2648//3 2647//3
f 2649//3 2648//3 2646//3
f 2649//3 2650//3 2648//3
f 2651//3 2650//3 2649//3
f 2651//3 2652//3 2650//3
f 2653//3 2652//3 2651//3
f 2653//3 2654//3 2652//3
f 2653//3 2655//3 2654//3
f 2656//3 2655//3 2653//3
f 2657//3 2655//3 2656//3
f 2656//3 2658//3 2657//3
f 2656//3 2659//3 2658//3
f 2660//3 2659//3 2656//3
f 2661//3 2659//3 2660//3
f 2660//3 2662//3 2661//3
f 2660//3 2663//3 2662//3
f 2664//3 2663//3 2660//3
f 2665//3 2663//3 2664//3
f 2664//3 2666//3 2665//3
f 2664//3 2667//3 2666//3
f 2668//3 2667//3 2664//3
f 2669//3 2667//3 2668//3
f 2668//3 2670//3 2669//3
f 2668//3 2671//3 2670//3
f 2672//3 2671//3 2668//3
f 2672//3 2673//3 2671//3
f 2672//3 2674//3 2673//3
f 2675//3 2674//3 2672//3
f 2676//3 2674//3 2675//3
f 2675//3 2677//3 2676//3
f 2675//3 2678//3 2677//3
f 2679//3 2678//3 2675//3
f 2679//3 2680//3 2681//3
f 2681//3 2680//3 2682//3
f 2682//3 2680//3 2683//3
f 2682//3 2683//3 2684//3
f 2684//3 2683//3 2685//3
f 2684//3 2685//3 2686//3
f 2686//3 2685//3 2687//3
f 2686//3 2687//3 2688//3
f 2688//3 2687//3 2689//3
f 2688//3 2689//3 2690//3
f 2690//3 2689//3 2691//3
f 2690//3 2691//3 2692//3
f 2692//3 2691//3 2693//3
f 2692//3 2693//3 2694//3
f 2694//3 2693//3 2695//3
f 2694//3 2695//3 2696//3
f 2696//3 2695//3 3//3
f 2681//3 2678//3 2679//3
f 2697//3 2678//3 2681//3
f 2698//3 2678//3 2697//3
f 2697//3 2699//3 2698//3
f 2697//3 2700//3 2699//3
f 2701//3 2700//3 2697//3
f 2701//3 2702//3 2700//3
f 2701//3 2703//3 2702//3
f 2704//3 2703//3 2701//3
f 2705//3 2703//3 2704//3
f 2704//3 2706//3 2705//3
f 2704//3 2707//3 2706//3
f 2708//3 2707//3 2704//3
f 2709//3 2707//3 2708//3
f 2708//3 2710//3 2709//3
f 2708//3 2711//3 2710//3
f 2712//3 2711//3 2708//3
f 2713//3 2711//3 2712//3
f 2712//3 2714//3 2713//3
f 2712//3 2715//3 2714//3
f 2716//3 2715//3 2712//3
f 2717//3 2715//3 2716//3
f 2716//3 2718//3 2717//3
f 2716//3 2719//3 2718//3
f 2720//3 2719//3 2716//3
f 2720//3 2721//3 2719//3
f 2720//3 2722//3 2721//3
f 2723//3 2722//3 2720//3
f 2723//3 2724//3 2722//3
f 2725//3 2724//3 2723//3
f 2725//3 2726//3 2724//3
f 2727//3 2726//3 2725//3
f 2727//3 2728//3 2726//3
f 2727//3 2729//3 2728//3
f 2730//3 2729//3 2727//3
f 2730//3 2731//3 2729//3
f 2732//3 2731//3 2730//3
f 2732//3 2733//3 2731//3
f 2732//3 2734//3 2733//3
f 2735//3 2734//3 2732//3
f 2735//3 2736//3 2734//3
f 2737//3 2736//3 2735//3
f 2737//3 2738//3 2736//3
f 2739//3 2738//3 2737//3
f 2739//3 2740//3 2738//3
f 2741//3 2740//3 2739//3
f 2741//3 2742//3 2740//3
f 2743//3 2742//3 2741//3
f 2743//3 2744//3 2742//3
f 2745//3 2744//3 2743//3
f 2746//3 2744//3 2745//3
f 2747//3 2744//3 2746//3
f 104//3 2744//3 2747//3
f 2748//4393 2627//4393 139//4393
f 2629//3 2627//3 2748//3
f 2749//4 2560//4 2561//4
f 176//4 2560//4 2749//4
f 2750//4 2506//4 67//4
f 2508//4394 2506//4394 2750//4394
f 2751//4395 2752//4395 2753//4395
f 2753//4395 2752//4395 2754//4395
f 2755//4396 2756//4396 2757//4396
f 2757//4397 2756//4397 2758//4397
f 2759//4398 2760//4398 2761//4398
f 2761//4398 2760//4398 2762//4398
f 2763//4399 2762//4399 2764//4399
f 2764//4399 2762//4399 2760//4399
f 2765//4400 2766//4400 2762//4400
f 2762//4400 2766//4400 2761//4400
f 2761//4401 2767//4401 2759//4401
f 2759//4401 2767//4401 2768//4401
f 2766//4402 2769//4402 2761//4402
f 2761//4403 2769//4403 2767//4403
f 2770//4404 2771//4404 2766//4404
f 2766//4405 2771//4405 2769//4405
f 2772//4406 2763//4406 2773//4406
f 2773//4407 2763//4407 2764//4407
f 2774//4408 2765//4408 2763//4408
f 2763//4408 2765//4408 2762//4408
f 2775//4409 2770//4409 2765//4409
f 2765//4409 2770//4409 2766//4409
f 2771//4410 2770//4410 2776//4410
f 2776//4410 2770//4410 2777//4410
f 2767//4411 2778//4411 2768//4411
f 2768//4411 2778//4411 2779//4411
f 2769//4412 2780//4412 2767//4412
f 2767//4412 2780//4412 2778//4412
f 2771//4413 2781//4413 2769//4413
f 2769//4413 2781//4413 2780//4413
f 2776//4414 2782//4414 2771//4414
f 2771//4414 2782//4414 2781//4414
f 2783//4415 2784//4415 2776//4415
f 2776//4416 2784//4416 2782//4416
f 2785//4417 2772//4417 2786//4417
f 2786//4417 2772//4417 2773//4417
f 2787//4418 2774//4418 2772//4418
f 2772//4418 2774//4418 2763//4418
f 2788//4419 2775//4419 2774//4419
f 2774//4420 2775//4420 2765//4420
f 2789//4421 2777//4421 2775//4421
f 2775//4421 2777//4421 2770//4421
f 2790//4422 2783//4422 2777//4422
f 2777//4422 2783//4422 2776//4422
f 2791//4423 2792//4423 2783//4423
f 2783//4423 2792//4423 2784//4423
f 2778//4424 2793//4424 2779//4424
f 2779//4424 2793//4424 2794//4424
f 2780//4425 2795//4425 2778//4425
f 2778//4425 2795//4425 2793//4425
f 2781//4426 2796//4426 2780//4426
f 2780//4427 2796//4427 2795//4427
f 2782//4428 2797//4428 2781//4428
f 2781//4428 2797//4428 2796//4428
f 2784//4429 2798//4429 2782//4429
f 2782//4429 2798//4429 2797//4429
f 2792//4430 2799//4430 2784//4430
f 2784//4430 2799//4430 2798//4430
f 2800//4431 2801//4431 2792//4431
f 2792//4431 2801//4431 2799//4431
f 2802//4432 2787//4432 2785//4432
f 2785//4432 2787//4432 2772//4432
f 2803//4433 2788//4433 2787//4433
f 2787//4433 2788//4433 2774//4433
f 2804//4434 2789//4434 2788//4434
f 2788//4434 2789//4434 2775//4434
f 2805//4435 2790//4435 2789//4435
f 2789//4435 2790//4435 2777//4435
f 2806//4436 2791//4436 2790//4436
f 2790//4436 2791//4436 2783//4436
f 2807//4437 2800//4437 2791//4437
f 2791//4437 2800//4437 2792//4437
f 2808//4438 2809//4438 2800//4438
f 2800//4438 2809//4438 2801//4438
f 2793//4439 2810//4439 2794//4439
f 2794//4439 2810//4439 2811//4439
f 2795//4440 2812//4440 2793//4440
f 2793//4440 2812//4440 2810//4440
f 2796//4441 2813//4441 2795//4441
f 2795//4442 2813//4442 2812//4442
f 2797//4443 2814//4443 2796//4443
f 2796//4443 2814//4443 2813//4443
f 2798//4444 2815//4444 2797//4444
f 2797//4444 2815//4444 2814//4444
f 2799//4445 2816//4445 2798//4445
f 2798//4445 2816//4445 2815//4445
f 2801//4446 2817//4446 2799//4446
f 2799//4446 2817//4446 2816//4446
f 2809//4447 2818//4447 2801//4447
f 2801//4447 2818//4447 2817//4447
f 2819//4448 2820//4448 2809//4448
f 2809//4448 2820//4448 2818//4448
f 2821//4449 2803//4449 2802//4449
f 2802//4449 2803//4449 2787//4449
f 2822//4450 2804//4450 2803//4450
f 2803//4450 2804//4450 2788//4450
f 2823//4451 2805//4451 2804//4451
f 2804//4452 2805//4452 2789//4452
f 2824//4453 2806//4453 2805//4453
f 2805//4453 2806//4453 2790//4453
f 2825//4454 2807//4454 2806//4454
f 2806//4455 2807//4455 2791//4455
f 2826//4456 2808//4456 2807//4456
f 2807//4457 2808//4457 2800//4457
f 2827//4458 2819//4458 2808//4458
f 2808//4458 2819//4458 2809//4458
f 2828//4459 2829//4459 2819//4459
f 2819//4459 2829//4459 2820//4459
f 2810//4460 2830//4460 2811//4460
f 2811//4460 2830//4460 2831//4460
f 2812//4461 2832//4461 2810//4461
f 2810//4461 2832//4461 2830//4461
f 2813//4462 2833//4462 2812//4462
f 2812//4463 2833//4463 2832//4463
f 2814//4464 2834//4464 2813//4464
f 2813//4464 2834//4464 2833//4464
f 2815//4465 2835//4465 2814//4465
f 2814//4465 2835//4465 2834//4465
f 2816//4466 2836//4466 2815//4466
f 2815//4467 2836//4467 2835//4467
f 2817//4468 2837//4468 2816//4468
f 2816//4468 2837//4468 2836//4468
f 2818//4469 2838//4469 2817//4469
f 2817//4469 2838//4469 2837//4469
f 2820//4470 2839//4470 2818//4470
f 2818//4470 2839//4470 2838//4470
f 2829//4471 2840//4471 2820//4471
f 2820//4471 2840//4471 2839//4471
f 2841//4472 2842//4472 2829//4472
f 2829//4472 2842//4472 2840//4472
f 2843//4473 2822//4473 2821//4473
f 2821//4473 2822//4473 2803//4473
f 2844//4474 2823//4474 2822//4474
f 2822//4474 2823//4474 2804//4474
f 2845//4475 2824//4475 2823//4475
f 2823//4476 2824//4476 2805//4476
f 2846//4477 2825//4477 2824//4477
f 2824//4477 2825//4477 2806//4477
f 2847//4478 2826//4478 2825//4478
f 2825//4478 2826//4478 2807//4478
f 2848//4479 2827//4479 2826//4479
f 2826//4479 2827//4479 2808//4479
f 2849//4480 2828//4480 2827//4480
f 2827//4480 2828//4480 2819//4480
f 2850//4481 2841//4481 2828//4481
f 2828//4482 2841//4482 2829//4482
f 2851//4483 2852//4483 2841//4483
f 2841//4483 2852//4483 2842//4483
f 2853//4484 2854//4484 2831//4484
f 2831//4484 2854//4484 2855//4484
f 2856//4485 2853//4485 2830//4485
f 2830//4485 2853//4485 2831//4485
f 2857//4486 2856//4486 2832//4486
f 2832//4486 2856//4486 2830//4486
f 2858//4487 2857//4487 2833//4487
f 2833//4487 2857//4487 2832//4487
f 2859//4488 2858//4488 2834//4488
f 2834//4489 2858//4489 2833//4489
f 2860//4490 2859//4490 2835//4490
f 2835//4490 2859//4490 2834//4490
f 2861//4491 2860//4491 2836//4491
f 2836//4491 2860//4491 2835//4491
f 2862//4492 2861//4492 2837//4492
f 2837//4492 2861//4492 2836//4492
f 2863//4493 2862//4493 2838//4493
f 2838//4493 2862//4493 2837//4493
f 2864//4494 2863//4494 2839//4494
f 2839//4495 2863//4495 2838//4495
f 2865//4496 2864//4496 2840//4496
f 2840//4497 2864//4497 2839//4497
f 2866//4498 2865//4498 2842//4498
f 2842//4499 2865//4499 2840//4499
f 2867//4500 2866//4500 2852//4500
f 2852//4501 2866//4501 2842//4501
f 2868//4502 2867//4502 2869//4502
f 2869//4502 2867//4502 2852//4502
f 2870//4503 2871//4503 2853//4503
f 2853//4503 2871//4503 2854//4503
f 2872//4504 2870//4504 2856//4504
f 2856//4505 2870//4505 2853//4505
f 2873//4506 2872//4506 2857//4506
f 2857//4507 2872//4507 2856//4507
f 2874//4508 2873//4508 2858//4508
f 2858//4508 2873//4508 2857//4508
f 2875//4509 2874//4509 2859//4509
f 2859//4509 2874//4509 2858//4509
f 2876//4510 2875//4510 2860//4510
f 2860//4510 2875//4510 2859//4510
f 2877//4511 2876//4511 2861//4511
f 2861//4511 2876//4511 2860//4511
f 2878//4512 2877//4512 2862//4512
f 2862//4512 2877//4512 2861//4512
f 2879//4513 2878//4513 2863//4513
f 2863//4513 2878//4513 2862//4513
f 2880//4514 2879//4514 2864//4514
f 2864//4515 2879//4515 2863//4515
f 2881//4516 2880//4516 2865//4516
f 2865//4516 2880//4516 2864//4516
f 2882//4517 2881//4517 2866//4517
f 2866//4517 2881//4517 2865//4517
f 2883//4518 2882//4518 2867//4518
f 2867//4518 2882//4518 2866//4518
f 2884//4519 2883//4519 2868//4519
f 2868//4520 2883//4520 2867//4520
f 2885//4521 2886//4521 2887//4521
f 2888//4522 2889//4522 2890//4522
f 2890//4522 2889//4522 2891//4522
f 2892//4523 2888//4523 2893//4523
f 2893//4523 2888//4523 2890//4523
f 2894//4524 2892//4524 2895//4524
f 2895//4524 2892//4524 2893//4524
f 2896//4525 2894//4525 2897//4525
f 2897//4525 2894//4525 2895//4525
f 2898//4526 2896//4526 2899//4526
f 2899//4526 2896//4526 2897//4526
f 2900//4527 2898//4527 2901//4527
f 2901//4527 2898//4527 2899//4527
f 2902//4528 2900//4528 2903//4528
f 2903//4528 2900//4528 2901//4528
f 2904//4529 2902//4529 2905//4529
f 2905//4529 2902//4529 2903//4529
f 2906//4530 2904//4530 2907//4530
f 2907//4530 2904//4530 2905//4530
f 2907//4531 32//4531 2906//4531
f 30//4532 32//4532 2907//4532
f 2891//4533 2908//4533 2909//4533
f 2909//4533 2908//4533 2910//4533
f 2890//4534 2891//4534 2911//4534
f 2911//4534 2891//4534 2909//4534
f 2893//4535 2890//4535 2912//4535
f 2912//4535 2890//4535 2911//4535
f 2895//4536 2893//4536 2913//4536
f 2913//4536 2893//4536 2912//4536
f 2897//4537 2895//4537 2914//4537
f 2914//4537 2895//4537 2913//4537
f 2899//4538 2897//4538 2915//4538
f 2915//4538 2897//4538 2914//4538
f 2901//4539 2899//4539 2916//4539
f 2916//4540 2899//4540 2915//4540
f 2903//4541 2901//4541 2917//4541
f 2917//4541 2901//4541 2916//4541
f 2905//4542 2903//4542 2918//4542
f 2918//4542 2903//4542 2917//4542
f 2907//4543 2905//4543 2919//4543
f 2919//4543 2905//4543 2918//4543
f 2919//4544 30//4544 2907//4544
f 28//4545 30//4545 2919//4545
f 2910//4546 2920//4546 2921//4546
f 2921//4546 2920//4546 2922//4546
f 2909//4547 2910//4547 2923//4547
f 2923//4547 2910//4547 2921//4547
f 2911//4548 2909//4548 2924//4548
f 2924//4548 2909//4548 2923//4548
f 2912//4549 2911//4549 2925//4549
f 2925//4549 2911//4549 2924//4549
f 2913//4550 2912//4550 2926//4550
f 2926//4550 2912//4550 2925//4550
f 2914//4551 2913//4551 2927//4551
f 2927//4551 2913//4551 2926//4551
f 2915//4552 2914//4552 2928//4552
f 2928//4552 2914//4552 2927//4552
f 2916//4553 2915//4553 2929//4553
f 2929//4553 2915//4553 2928//4553
f 2917//4554 2916//4554 2930//4554
f 2930//4555 2916//4555 2929//4555
f 2918//4556 2917//4556 2931//4556
f 2931//4557 2917//4557 2930//4557
f 2919//4558 2918//4558 2932//4558
f 2932//4558 2918//4558 2931//4558
f 2932//4559 28//4559 2919//4559
f 26//4560 28//4560 2932//4560
f 2922//4561 2933//4561 2934//4561
f 2934//4561 2933//4561 2935//4561
f 2921//4562 2922//4562 2936//4562
f 2936//4562 2922//4562 2934//4562
f 2923//4563 2921//4563 2937//4563
f 2937//4564 2921//4564 2936//4564
f 2924//4565 2923//4565 2938//4565
f 2938//4565 2923//4565 2937//4565
f 2925//4566 2924//4566 2939//4566
f 2939//4566 2924//4566 2938//4566
f 2926//4567 2925//4567 2940//4567
f 2940//4567 2925//4567 2939//4567
f 2927//4568 2926//4568 2941//4568
f 2941//4569 2926//4569 2940//4569
f 2928//4570 2927//4570 2942//4570
f 2942//4570 2927//4570 2941//4570
f 2929//4571 2928//4571 2943//4571
f 2943//4571 2928//4571 2942//4571
f 2930//4572 2929//4572 2944//4572
f 2944//4573 2929//4573 2943//4573
f 2931//4574 2930//4574 2945//4574
f 2945//4574 2930//4574 2944//4574
f 2932//4575 2931//4575 2946//4575
f 2946//4575 2931//4575 2945//4575
f 2946//4576 26//4576 2932//4576
f 24//4577 26//4577 2946//4577
f 2935//4578 2947//4578 2948//4578
f 2948//4578 2947//4578 2949//4578
f 2934//4579 2935//4579 2950//4579
f 2950//4580 2935//4580 2948//4580
f 2936//4581 2934//4581 2951//4581
f 2951//4581 2934//4581 2950//4581
f 2937//4582 2936//4582 2952//4582
f 2952//4582 2936//4582 2951//4582
f 2938//4583 2937//4583 2953//4583
f 2953//4583 2937//4583 2952//4583
f 2939//4584 2938//4584 2954//4584
f 2954//4585 2938//4585 2953//4585
f 2940//4586 2939//4586 2955//4586
f 2955//4587 2939//4587 2954//4587
f 2941//4588 2940//4588 2956//4588
f 2956//4588 2940//4588 2955//4588
f 2942//4589 2941//4589 2957//4589
f 2957//4590 2941//4590 2956//4590
f 2943//4591 2942//4591 2958//4591
f 2958//4591 2942//4591 2957//4591
f 2944//4592 2943//4592 2959//4592
f 2959//4593 2943//4593 2958//4593
f 2945//4594 2944//4594 2960//4594
f 2960//4594 2944//4594 2959//4594
f 2946//4595 2945//4595 2961//4595
f 2961//4596 2945//4596 2960//4596
f 2961//4597 24//4597 2946//4597
f 22//4598 24//4598 2961//4598
f 2696//4599 3//4599 5//4599
f 2962//4600 5//4600 7//4600
f 2962//4601 2696//4601 5//4601
f 2694//4602 2696//4602 2962//4602
f 2963//4603 2962//4603 7//4603
f 2964//4604 2694//4604 2962//4604
f 2692//4605 2694//4605 2964//4605
f 2965//4606 7//4606 9//4606
f 2965//4607 2963//4607 7//4607
f 2966//4608 2964//4608 2963//4608
f 2963//4608 2964//4608 2962//4608
f 2967//4609 2692//4609 2964//4609
f 2690//4610 2692//4610 2967//4610
f 2968//4611 2965//4611 9//4611
f 2969//4612 2966//4612 2965//4612
f 2965//4613 2966//4613 2963//4613
f 2970//4614 2967//4614 2966//4614
f 2966//4614 2967//4614 2964//4614
f 2971//4615 2690//4615 2967//4615
f 2688//4616 2690//4616 2971//4616
f 2972//4617 9//4617 11//4617
f 2972//4618 2968//4618 9//4618
f 2973//4619 2969//4619 2968//4619
f 2968//4619 2969//4619 2965//4619
f 2974//4620 2970//4620 2969//4620
f 2969//4621 2970//4621 2966//4621
f 2975//4622 2971//4622 2970//4622
f 2970//4622 2971//4622 2967//4622
f 2976//4623 2688//4623 2971//4623
f 2686//4624 2688//4624 2976//4624
f 2977//4625 11//4625 13//4625
f 2977//4626 2972//4626 11//4626
f 2978//4627 2973//4627 2972//4627
f 2972//4627 2973//4627 2968//4627
f 2979//4628 2974//4628 2973//4628
f 2973//4628 2974//4628 2969//4628
f 2980//4629 2975//4629 2974//4629
f 2974//4629 2975//4629 2970//4629
f 2981//4630 2976//4630 2975//4630
f 2975//4630 2976//4630 2971//4630
f 2982//4631 2686//4631 2976//4631
f 2684//4632 2686//4632 2982//4632
f 2983//4633 13//4633 15//4633
f 2983//4634 2977//4634 13//4634
f 2984//4635 2978//4635 2977//4635
f 2977//4636 2978//4636 2972//4636
f 2985//4637 2979//4637 2978//4637
f 2978//4637 2979//4637 2973//4637
f 2986//4638 2980//4638 2979//4638
f 2979//4638 2980//4638 2974//4638
f 2987//4639 2981//4639 2980//4639
f 2980//4640 2981//4640 2975//4640
f 2988//4641 2982//4641 2981//4641
f 2981//4641 2982//4641 2976//4641
f 2989//4642 2684//4642 2982//4642
f 2682//4643 2684//4643 2989//4643
f 2990//4644 15//4644 17//4644
f 2990//4645 2983//4645 15//4645
f 2991//4646 2984//4646 2983//4646
f 2983//4647 2984//4647 2977//4647
f 2992//4648 2985//4648 2984//4648
f 2984//4648 2985//4648 2978//4648
f 2993//4649 2986//4649 2985//4649
f 2985//4649 2986//4649 2979//4649
f 2994//4650 2987//4650 2986//4650
f 2986//4651 2987//4651 2980//4651
f 2995//4652 2988//4652 2987//4652
f 2987//4653 2988//4653 2981//4653
f 2996//4654 2989//4654 2988//4654
f 2988//4654 2989//4654 2982//4654
f 2997//4655 2682//4655 2989//4655
f 2681//4656 2682//4656 2997//4656
f 2998//4657 17//4657 19//4657
f 2998//4658 2990//4658 17//4658
f 2999//4659 2991//4659 2990//4659
f 2990//4659 2991//4659 2983//4659
f 3000//4660 2992//4660 2991//4660
f 2991//4660 2992//4660 2984//4660
f 3001//4661 2993//4661 2992//4661
f 2992//4661 2993//4661 2985//4661
f 3002//4662 2994//4662 2993//4662
f 2993//4662 2994//4662 2986//4662
f 3003//4663 2995//4663 2994//4663
f 2994//4663 2995//4663 2987//4663
f 3004//4664 2996//4664 2995//4664
f 2995//4665 2996//4665 2988//4665
f 3005//4666 2997//4666 2996//4666
f 2996//4666 2997//4666 2989//4666
f 3006//4667 2681//4667 2997//4667
f 2697//4668 2681//4668 3006//4668
f 2716//4669 2712//4669 3007//4669
f 3008//4670 2716//4670 3007//4670
f 2720//4671 2716//4671 3008//4671
f 3009//4672 3008//4672 3010//4672
f 3010//4672 3008//4672 3007//4672
f 3011//4673 2720//4673 3008//4673
f 2723//4674 2720//4674 3011//4674
f 3012//4675 3009//4675 3013//4675
f 3013//4675 3009//4675 3010//4675
f 3014//4676 3011//4676 3009//4676
f 3009//4676 3011//4676 3008//4676
f 3015//4677 2723//4677 3011//4677
f 2725//4678 2723//4678 3015//4678
f 3016//4679 3012//4679 3017//4679
f 3017//4679 3012//4679 3013//4679
f 3012//4680 3016//4680 3018//4680
f 3018//4680 3016//4680 3019//4680
f 3018//4681 3014//4681 3012//4681
f 3012//4681 3014//4681 3009//4681
f 3020//4682 3015//4682 3014//4682
f 3014//4682 3015//4682 3011//4682
f 3015//4683 3020//4683 3021//4683
f 3021//4683 3020//4683 3022//4683
f 3021//4684 2725//4684 3015//4684
f 2727//4685 2725//4685 3021//4685
f 3023//4686 2737//4686 2735//4686
f 3024//4687 2737//4687 3023//4687
f 3024//4688 2739//4688 2737//4688
f 3025//4689 2739//4689 3024//4689
f 3025//4690 2741//4690 2739//4690
f 2743//4691 2741//4691 3025//4691
f 3026//4692 108//4692 3027//4692
f 110//4693 108//4693 3026//4693
f 3028//4694 3029//4694 3030//4694
f 110//4695 3029//4695 112//4695
f 110//4696 3030//4696 3029//4696
f 3026//4697 3030//4697 110//4697
f 3026//4698 3028//4698 3030//4698
f 3031//4699 3028//4699 3026//4699
f 3031//4700 3032//4700 3028//4700
f 3033//4701 3032//4701 3031//4701
f 3034//4702 3035//4702 3033//4702
f 3036//4703 3035//4703 3034//4703
f 3037//4704 3035//4704 3036//4704
f 3038//4705 3035//4705 3037//4705
f 3039//4706 3038//4706 3037//4706
f 3040//4707 3038//4707 3039//4707
f 3041//4708 3042//4708 3043//4708
f 3044//4709 108//4709 104//4709
f 2746//4710 108//4710 3044//4710
f 2745//4711 108//4711 2746//4711
f 2745//4712 3027//4712 108//4712
f 2743//4713 3027//4713 2745//4713
f 3025//4714 3027//4714 2743//4714
f 3025//4715 3031//4715 3027//4715
f 3027//4715 3031//4715 3026//4715
f 3024//4716 3031//4716 3025//4716
f 3024//4717 3033//4717 3031//4717
f 3023//4718 3033//4718 3024//4718
f 3023//4719 3034//4719 3033//4719
f 2735//4720 3034//4720 3023//4720
f 2735//4721 3036//4721 3034//4721
f 2732//4722 3036//4722 2735//4722
f 2732//4723 3037//4723 3036//4723
f 2730//4724 3037//4724 2732//4724
f 2730//4725 3039//4725 3037//4725
f 2727//4726 3039//4726 2730//4726
f 3021//4727 3039//4727 2727//4727
f 3021//4728 3040//4728 3039//4728
f 3022//4729 3040//4729 3021//4729
f 3022//4730 3042//4730 3040//4730
f 3020//4731 3042//4731 3022//4731
f 3020//4732 3043//4732 3042//4732
f 3043//4733 3020//4733 3018//4733
f 3018//4733 3020//4733 3014//4733
f 3018//4734 3041//4734 3043//4734
f 3019//4735 3041//4735 3018//4735
f 3019//4736 3045//4736 3041//4736
f 3016//4737 3045//4737 3019//4737
f 3046//4738 3016//4738 3047//4738
f 3047//4738 3016//4738 3017//4738
f 3046//4739 3045//4739 3016//4739
f 3048//4740 3045//4740 3046//4740
f 3049//4741 3046//4741 3050//4741
f 3050//4741 3046//4741 3047//4741
f 3049//4742 3048//4742 3046//4742
f 3051//4743 3048//4743 3049//4743
f 3052//4744 3050//4744 3053//4744
f 3052//4745 3049//4745 3050//4745
f 3051//4746 3049//4746 3052//4746
f 3053//4747 3054//4747 3052//4747
f 3053//4748 3055//4748 3054//4748
f 3056//4749 3055//4749 3053//4749
f 3056//4750 3057//4750 3055//4750
f 3056//4751 3058//4751 3057//4751
f 3059//4752 3058//4752 3056//4752
f 3059//4753 3060//4753 3058//4753
f 3061//4754 3060//4754 3059//4754
f 3062//4755 2871//4755 3063//4755
f 3064//4756 2871//4756 3062//4756
f 3064//4757 2854//4757 2871//4757
f 3065//4758 2854//4758 3064//4758
f 3066//4759 2854//4759 3065//4759
f 3066//4760 2855//4760 2854//4760
f 3067//4761 2855//4761 3066//4761
f 3061//4762 2855//4762 3067//4762
f 3061//4763 2831//4763 2855//4763
f 3059//4764 2831//4764 3061//4764
f 3059//4765 2811//4765 2831//4765
f 2794//4766 2811//4766 3056//4766
f 3056//4766 2811//4766 3059//4766
f 2779//4767 2794//4767 3053//4767
f 3053//4767 2794//4767 3056//4767
f 2768//4768 2779//4768 3050//4768
f 3050//4768 2779//4768 3053//4768
f 2759//4769 2768//4769 3047//4769
f 3047//4769 2768//4769 3050//4769
f 2760//4770 2759//4770 3017//4770
f 3017//4770 2759//4770 3047//4770
f 2764//4771 2760//4771 3013//4771
f 3013//4771 2760//4771 3017//4771
f 2773//4772 2764//4772 3010//4772
f 3010//4772 2764//4772 3013//4772
f 2786//4773 2773//4773 3007//4773
f 3007//4773 2773//4773 3010//4773
f 2712//4774 2786//4774 3007//4774
f 2712//4775 2785//4775 2786//4775
f 2708//4776 2785//4776 2712//4776
f 2708//4777 2802//4777 2785//4777
f 2704//4778 2802//4778 2708//4778
f 2704//4779 2821//4779 2802//4779
f 2701//4780 2821//4780 2704//4780
f 2701//4781 2843//4781 2821//4781
f 2697//4782 2843//4782 2701//4782
f 3006//4783 2843//4783 2697//4783
f 3006//4784 2844//4784 2843//4784
f 2843//4784 2844//4784 2822//4784
f 2844//4785 3006//4785 3005//4785
f 3005//4785 3006//4785 2997//4785
f 3005//4786 2845//4786 2844//4786
f 2844//4787 2845//4787 2823//4787
f 2845//4788 3005//4788 3004//4788
f 3004//4789 3005//4789 2996//4789
f 3004//4790 2846//4790 2845//4790
f 2845//4791 2846//4791 2824//4791
f 2846//4792 3004//4792 3003//4792
f 3003//4793 3004//4793 2995//4793
f 3003//4794 2847//4794 2846//4794
f 2846//4794 2847//4794 2825//4794
f 2847//4795 3003//4795 3002//4795
f 3002//4795 3003//4795 2994//4795
f 3002//4796 2848//4796 2847//4796
f 2847//4796 2848//4796 2826//4796
f 2848//4797 3002//4797 3001//4797
f 3001//4797 3002//4797 2993//4797
f 3001//4798 2849//4798 2848//4798
f 2848//4798 2849//4798 2827//4798
f 2849//4799 3001//4799 3000//4799
f 3000//4799 3001//4799 2992//4799
f 3000//4800 2850//4800 2849//4800
f 2849//4800 2850//4800 2828//4800
f 2850//4801 3000//4801 2999//4801
f 2999//4801 3000//4801 2991//4801
f 2999//4802 2851//4802 2850//4802
f 2850//4803 2851//4803 2841//4803
f 2851//4804 2999//4804 2998//4804
f 2998//4805 2999//4805 2990//4805
f 2998//4806 2869//4806 2851//4806
f 2851//4806 2869//4806 2852//4806
f 19//4807 2869//4807 2998//4807
f 19//4808 2868//4808 2869//4808
f 20//4809 2868//4809 19//4809
f 20//4810 2884//4810 2868//4810
f 22//4811 2884//4811 20//4811
f 2961//4812 2884//4812 22//4812
f 2883//4813 2884//4813 2960//4813
f 2960//4813 2884//4813 2961//4813
f 2882//4814 2883//4814 2959//4814
f 2959//4814 2883//4814 2960//4814
f 2881//4815 2882//4815 2958//4815
f 2958//4815 2882//4815 2959//4815
f 2880//4816 2881//4816 2957//4816
f 2957//4817 2881//4817 2958//4817
f 2879//4818 2880//4818 2956//4818
f 2956//4818 2880//4818 2957//4818
f 2878//4819 2879//4819 2955//4819
f 2955//4819 2879//4819 2956//4819
f 2877//4820 2878//4820 2954//4820
f 2954//4820 2878//4820 2955//4820
f 2876//4821 2877//4821 2953//4821
f 2953//4821 2877//4821 2954//4821
f 2875//4822 2876//4822 2952//4822
f 2952//4822 2876//4822 2953//4822
f 2874//4823 2875//4823 2951//4823
f 2951//4824 2875//4824 2952//4824
f 2873//4825 2874//4825 2950//4825
f 2950//4826 2874//4826 2951//4826
f 2872//4827 2873//4827 2948//4827
f 2948//4828 2873//4828 2950//4828
f 2870//4829 2872//4829 2949//4829
f 2949//4829 2872//4829 2948//4829
f 2871//4830 2870//4830 3068//4830
f 3068//4831 2870//4831 2949//4831
f 3068//4832 3063//4832 2871//4832
f 3069//4833 3063//4833 3068//4833
f 3070//4834 3071//4834 3072//4834
f 3070//4835 3073//4835 3071//4835
f 2756//4836 3073//4836 3070//4836
f 2756//4837 3074//4837 3073//4837
f 2755//4838 3074//4838 2756//4838
f 2755//4839 3075//4839 3074//4839
f 2757//4840 3075//4840 2755//4840
f 2757//4841 2758//4841 3076//4841
f 3076//4841 2758//4841 3077//4841
f 3078//4842 3075//4842 2757//4842
f 3079//4843 3075//4843 3078//4843
f 3078//4844 2757//4844 3080//4844
f 3080//4844 2757//4844 3076//4844
f 3081//4845 3079//4845 3078//4845
f 3082//4846 3079//4846 3081//4846
f 3081//4847 3078//4847 3083//4847
f 3083//4847 3078//4847 3080//4847
f 3084//4848 3082//4848 3081//4848
f 3085//4849 3082//4849 3084//4849
f 3084//4850 3081//4850 3086//4850
f 3086//4850 3081//4850 3083//4850
f 2752//4851 3084//4851 2754//4851
f 2754//4851 3084//4851 3086//4851
f 2752//4852 3085//4852 3084//4852
f 2751//4853 3085//4853 2752//4853
f 2751//4854 3087//4854 3085//4854
f 3088//4855 3087//4855 2751//4855
f 71//4856 73//4856 3089//4856
f 2885//4857 3089//4857 2886//4857
f 2885//4858 71//4858 3089//4858
f 2887//4859 71//4859 2885//4859
f 2887//4860 69//4860 71//4860
f 3090//4861 69//4861 2887//4861
f 69//4862 2750//4862 67//4862
f 3090//4863 2750//4863 69//4863
f 3090//4864 2508//4864 2750//4864
f 2509//4865 2508//4865 3090//4865
f 3091//4866 2512//4866 2510//4866
f 2514//4867 2512//4867 3091//4867
f 3092//4868 3091//4868 3093//4868
f 3092//4869 2514//4869 3091//4869
f 2516//4870 2514//4870 3092//4870
f 3094//4871 3092//4871 3093//4871
f 3095//4872 2516//4872 3092//4872
f 2518//4873 2516//4873 3095//4873
f 3090//4874 2510//4874 2509//4874
f 3090//4875 3091//4875 2510//4875
f 2887//4876 3091//4876 3090//4876
f 2887//4876 3093//4876 3091//4876
f 2886//4877 3093//4877 2887//4877
f 2886//4878 3094//4878 3093//4878
f 3087//4879 3094//4879 2886//4879
f 3088//4880 3094//4880 3087//4880
f 3095//4881 3092//4881 3088//4881
f 3088//4881 3092//4881 3094//4881
f 2753//4882 3095//4882 2751//4882
f 2751//4882 3095//4882 3088//4882
f 2753//4883 2518//4883 3095//4883
f 2754//4884 2518//4884 2753//4884
f 2754//4885 2520//4885 2518//4885
f 3086//4886 2520//4886 2754//4886
f 3086//4887 2523//4887 2520//4887
f 3083//4888 2523//4888 3086//4888
f 3083//4889 2525//4889 2523//4889
f 3080//4890 2525//4890 3083//4890
f 3080//4891 2528//4891 2525//4891
f 3076//4892 2528//4892 3080//4892
f 3076//4893 2530//4893 2528//4893
f 3077//4894 2530//4894 3076//4894
f 3096//4895 2535//4895 2532//4895
f 3097//4896 2535//4896 3096//4896
f 3097//4897 3096//4897 3098//4897
f 3098//4897 3096//4897 3099//4897
f 3100//4898 2535//4898 3097//4898
f 2539//4899 2535//4899 3100//4899
f 3098//4900 3099//4900 3101//4900
f 3101//4900 3099//4900 3102//4900
f 3100//4901 3097//4901 3103//4901
f 3103//4901 3097//4901 3098//4901
f 3104//4902 2539//4902 3100//4902
f 2543//4903 2539//4903 3104//4903
f 3101//4904 3102//4904 3105//4904
f 3105//4904 3102//4904 3106//4904
f 3103//4905 3098//4905 3107//4905
f 3107//4905 3098//4905 3101//4905
f 3104//4906 3100//4906 3108//4906
f 3108//4906 3100//4906 3103//4906
f 3109//4907 2543//4907 3104//4907
f 2547//4908 2543//4908 3109//4908
f 3077//4909 2532//4909 2530//4909
f 3077//4910 3096//4910 2532//4910
f 2758//4911 3099//4911 3077//4911
f 3077//4911 3099//4911 3096//4911
f 2756//4912 3102//4912 2758//4912
f 2758//4912 3102//4912 3099//4912
f 3070//4913 3106//4913 2756//4913
f 2756//4913 3106//4913 3102//4913
f 3072//4914 3106//4914 3070//4914
f 3072//4915 3110//4915 3106//4915
f 3111//4916 3110//4916 3072//4916
f 3112//4917 3110//4917 3111//4917
f 3113//4918 3110//4918 3112//4918
f 3105//4919 3106//4919 3113//4919
f 3113//4919 3106//4919 3110//4919
f 3107//4920 3101//4920 3114//4920
f 3114//4920 3101//4920 3105//4920
f 3108//4921 3103//4921 3115//4921
f 3115//4921 3103//4921 3107//4921
f 3109//4922 3104//4922 3116//4922
f 3116//4923 3104//4923 3108//4923
f 3117//4924 2547//4924 3109//4924
f 2551//4925 2547//4925 3117//4925
f 3068//4926 3112//4926 3069//4926
f 3068//4927 3113//4927 3112//4927
f 2947//4928 3113//4928 2949//4928
f 2949//4928 3113//4928 3068//4928
f 3114//4929 3105//4929 2947//4929
f 2947//4929 3105//4929 3113//4929
f 2933//4930 3114//4930 2935//4930
f 2935//4930 3114//4930 2947//4930
f 3115//4931 3107//4931 2933//4931
f 2933//4932 3107//4932 3114//4932
f 2920//4933 3115//4933 2922//4933
f 2922//4934 3115//4934 2933//4934
f 3116//4935 3108//4935 2920//4935
f 2920//4935 3108//4935 3115//4935
f 2908//4936 3116//4936 2910//4936
f 2910//4936 3116//4936 2920//4936
f 3117//4937 3109//4937 2908//4937
f 2908//4937 3109//4937 3116//4937
f 2889//4938 3117//4938 2891//4938
f 2891//4938 3117//4938 2908//4938
f 2889//4939 2551//4939 3117//4939
f 2888//4940 2551//4940 2889//4940
f 2888//4941 2554//4941 2551//4941
f 2892//4942 2554//4942 2888//4942
f 2892//4943 2558//4943 2554//4943
f 2892//4944 2625//4944 2558//4944
f 2894//4945 2625//4945 2892//4945
f 2894//4946 2623//4946 2625//4946
f 2896//4947 2623//4947 2894//4947
f 2896//4948 2621//4948 2623//4948
f 2898//4949 2621//4949 2896//4949
f 2898//4950 2619//4950 2621//4950
f 2900//4951 2619//4951 2898//4951
f 2900//4952 2617//4952 2619//4952
f 2902//4953 2617//4953 2900//4953
f 2902//4954 2615//4954 2617//4954
f 2904//4955 2615//4955 2902//4955
f 2904//4956 2613//4956 2615//4956
f 2906//4957 2613//4957 2904//4957
f 2906//4958 2612//4958 2613//4958
f 2906//4959 34//4959 2612//4959
f 32//4960 34//4960 2906//4960
f 3118//4961 3119//4961 3120//4961
f 3119//4962 3121//4962 3120//4962
f 3122//4963 3119//4963 3123//4963
f 3122//4963 3121//4963 3119//4963
f 3124//4964 3125//4964 3126//4964
f 3126//4964 3125//4964 3127//4964
f 3128//4965 3129//4965 3124//4965
f 3124//4966 3129//4966 3130//4966
f 3131//4967 3132//4967 3129//4967
f 3129//4968 3132//4968 3133//4968
f 3134//4969 3135//4969 3132//4969
f 3132//4969 3135//4969 3136//4969
f 3137//4970 3138//4970 3135//4970
f 3135//4971 3138//4971 3139//4971
f 3140//4972 3141//4972 3138//4972
f 3138//4973 3141//4973 3142//4973
f 3143//4974 3144//4974 3141//4974
f 3141//4974 3144//4974 3145//4974
f 3146//4975 3147//4975 3144//4975
f 3144//4975 3147//4975 3148//4975
f 3149//4976 3150//4976 3147//4976
f 3147//4976 3150//4976 3151//4976
f 3126//4977 3127//4977 3152//4977
f 3152//4978 3127//4978 3153//4978
f 3128//4979 3124//4979 3154//4979
f 3154//4979 3124//4979 3126//4979
f 3155//4980 3131//4980 3128//4980
f 3128//4981 3131//4981 3129//4981
f 3156//4982 3134//4982 3131//4982
f 3131//4983 3134//4983 3132//4983
f 3157//4984 3137//4984 3134//4984
f 3134//4984 3137//4984 3135//4984
f 3158//4985 3140//4985 3137//4985
f 3137//4985 3140//4985 3138//4985
f 3159//4986 3143//4986 3140//4986
f 3140//4986 3143//4986 3141//4986
f 3160//4987 3146//4987 3143//4987
f 3143//4987 3146//4987 3144//4987
f 3161//4988 3149//4988 3146//4988
f 3146//4989 3149//4989 3147//4989
f 3162//4990 3163//4990 3149//4990
f 3149//4990 3163//4990 3150//4990
f 3152//4991 3153//4991 3164//4991
f 3164//4991 3153//4991 3165//4991
f 3154//4992 3126//4992 3166//4992
f 3166//4993 3126//4993 3152//4993
f 3155//4994 3128//4994 3167//4994
f 3167//4994 3128//4994 3154//4994
f 3168//4995 3156//4995 3155//4995
f 3155//4996 3156//4996 3131//4996
f 3169//4997 3157//4997 3156//4997
f 3156//4998 3157//4998 3134//4998
f 3170//4999 3158//4999 3157//4999
f 3157//4999 3158//4999 3137//4999
f 3171//5000 3159//5000 3158//5000
f 3158//5001 3159//5001 3140//5001
f 3172//5002 3160//5002 3159//5002
f 3159//5002 3160//5002 3143//5002
f 3173//5003 3161//5003 3160//5003
f 3160//5003 3161//5003 3146//5003
f 3174//5004 3162//5004 3161//5004
f 3161//5004 3162//5004 3149//5004
f 3175//5005 3176//5005 3162//5005
f 3162//5005 3176//5005 3163//5005
f 3164//5006 3165//5006 3177//5006
f 3177//5007 3165//5007 3178//5007
f 3166//5008 3152//5008 3179//5008
f 3179//5009 3152//5009 3164//5009
f 3167//5010 3154//5010 3180//5010
f 3180//5011 3154//5011 3166//5011
f 3168//5012 3155//5012 3181//5012
f 3181//5012 3155//5012 3167//5012
f 3182//5013 3169//5013 3168//5013
f 3168//5014 3169//5014 3156//5014
f 3183//5015 3170//5015 3169//5015
f 3169//5015 3170//5015 3157//5015
f 3184//5016 3171//5016 3170//5016
f 3170//5016 3171//5016 3158//5016
f 3185//5017 3172//5017 3171//5017
f 3171//5018 3172//5018 3159//5018
f 3186//5019 3173//5019 3172//5019
f 3172//5019 3173//5019 3160//5019
f 3187//5020 3174//5020 3173//5020
f 3173//5020 3174//5020 3161//5020
f 3188//5021 3175//5021 3174//5021
f 3174//5021 3175//5021 3162//5021
f 3189//5022 3190//5022 3175//5022
f 3175//5023 3190//5023 3176//5023
f 3121//5024 3191//5024 3120//5024
f 3192//5025 3191//5025 3193//5025
f 3193//5025 3191//5025 3121//5025
f 3122//5026 3194//5026 3121//5026
f 3121//5027 3194//5027 3193//5027
f 3195//5028 3196//5028 3197//5028
f 3197//5029 3196//5029 3198//5029
f 3199//5030 184//5030 182//5030
f 3200//5031 176//5031 2749//5031
f 3200//5032 180//5032 176//5032
f 3201//5033 180//5033 3200//5033
f 3201//5034 182//5034 180//5034
f 3202//5035 182//5035 3201//5035
f 3202//5036 3199//5036 182//5036
f 3203//5037 3199//5037 3202//5037
f 3204//5038 3201//5038 3205//5038
f 3204//5039 3202//5039 3201//5039
f 3203//5040 3202//5040 3204//5040
f 3206//5041 3205//5041 3200//5041
f 3200//5041 3205//5041 3201//5041
f 3207//5042 3204//5042 3205//5042
f 3208//5043 3204//5043 3207//5043
f 3209//5044 3207//5044 3206//5044
f 3206//5045 3207//5045 3205//5045
f 3207//5046 3209//5046 3195//5046
f 3195//5046 3209//5046 3196//5046
f 3195//5047 3208//5047 3207//5047
f 3197//5048 3208//5048 3195//5048
f 3197//5049 3210//5049 3208//5049
f 3211//5050 3210//5050 3197//5050
f 3212//5051 3213//5051 3214//5051
f 3215//5052 3216//5052 3217//5052
f 3218//5053 3219//5053 3220//5053
f 3221//5054 3222//5054 3223//5054
f 3224//5055 3225//5055 3226//5055
f 3224//5056 3227//5056 3225//5056
f 3228//5057 3227//5057 3224//5057
f 3229//5058 3230//5058 3231//5058
f 3232//5059 3230//5059 3229//5059
f 3233//5060 3232//5060 3229//5060
f 3234//5061 3232//5061 3233//5061
f 3235//5062 3233//5062 3236//5062
f 3235//5063 3234//5063 3233//5063
f 3237//5064 3234//5064 3235//5064
f 3238//5065 3239//5065 3240//5065
f 3235//5066 3236//5066 3122//5066
f 3122//5067 3236//5067 3194//5067
f 3122//5068 3237//5068 3235//5068
f 3123//5069 3237//5069 3122//5069
f 3123//5070 3239//5070 3237//5070
f 3119//5071 3239//5071 3123//5071
f 3119//5072 3240//5072 3239//5072
f 3118//4961 3240//4961 3119//4961
f 3118//5073 3238//5073 3240//5073
f 3241//5074 3238//5074 3118//5074
f 3241//5075 3242//5075 3238//5075
f 3243//5076 3242//5076 3241//5076
f 3243//5077 3244//5077 3242//5077
f 3245//5078 3244//5078 3243//5078
f 3246//5079 3244//5079 3245//5079
f 3247//5080 3244//5080 3246//5080
f 3248//5081 3247//5081 3249//5081
f 3250//5082 3247//5082 3248//5082
f 141//5083 2748//5083 139//5083
f 141//5084 2629//5084 2748//5084
f 2630//5085 2629//5085 141//5085
f 2630//5086 3251//5086 2631//5086
f 141//5087 3251//5087 2630//5087
f 141//5088 3252//5088 3251//5088
f 143//5089 3252//5089 141//5089
f 143//5090 3253//5090 3252//5090
f 145//5091 3253//5091 143//5091
f 3254//5092 3253//5092 145//5092
f 3250//5093 3253//5093 3254//5093
f 3250//5094 3252//5094 3253//5094
f 3248//5095 3252//5095 3250//5095
f 3248//5096 3251//5096 3252//5096
f 3249//5097 3251//5097 3248//5097
f 3249//5098 2631//5098 3251//5098
f 2633//5099 2631//5099 3249//5099
f 2637//5100 2635//5100 3255//5100
f 3256//5101 2637//5101 3255//5101
f 2639//5102 2637//5102 3256//5102
f 3249//5103 2635//5103 2633//5103
f 3249//5104 3255//5104 2635//5104
f 3247//5105 3255//5105 3249//5105
f 3247//5106 3256//5106 3255//5106
f 3246//5107 3256//5107 3247//5107
f 3246//5108 2639//5108 3256//5108
f 3245//5109 2639//5109 3246//5109
f 3245//5110 2641//5110 2639//5110
f 3243//5111 2641//5111 3245//5111
f 3243//5112 2644//5112 2641//5112
f 3241//5113 2644//5113 3243//5113
f 3241//5114 2646//5114 2644//5114
f 3118//5115 2646//5115 3241//5115
f 3118//5116 2649//5116 2646//5116
f 3120//5117 2649//5117 3118//5117
f 3120//5118 2651//5118 2649//5118
f 3191//5119 2651//5119 3120//5119
f 3191//5120 2653//5120 2651//5120
f 3192//5121 2653//5121 3191//5121
f 3257//5122 2656//5122 3258//5122
f 2660//5123 2656//5123 3257//5123
f 3257//5124 3258//5124 3259//5124
f 3259//5124 3258//5124 3260//5124
f 3261//5125 2660//5125 3257//5125
f 2664//5126 2660//5126 3261//5126
f 3259//5127 3260//5127 3262//5127
f 3262//5127 3260//5127 3263//5127
f 3261//5128 3257//5128 3264//5128
f 3264//5128 3257//5128 3259//5128
f 3265//5129 2664//5129 3261//5129
f 2668//5130 2664//5130 3265//5130
f 3262//5131 3263//5131 3266//5131
f 3266//5131 3263//5131 3267//5131
f 3264//5132 3259//5132 3268//5132
f 3268//5133 3259//5133 3262//5133
f 3265//5134 3261//5134 3269//5134
f 3269//5134 3261//5134 3264//5134
f 3270//5135 2668//5135 3265//5135
f 2672//5136 2668//5136 3270//5136
f 3266//5137 3267//5137 3271//5137
f 3271//5137 3267//5137 3272//5137
f 3268//5138 3262//5138 3273//5138
f 3273//5138 3262//5138 3266//5138
f 3269//5139 3264//5139 3274//5139
f 3274//5139 3264//5139 3268//5139
f 3270//5140 3265//5140 3275//5140
f 3275//5140 3265//5140 3269//5140
f 3276//5141 2672//5141 3270//5141
f 2675//5142 2672//5142 3276//5142
f 3271//5143 3272//5143 3277//5143
f 3277//5143 3272//5143 3278//5143
f 3273//5144 3266//5144 3279//5144
f 3279//5144 3266//5144 3271//5144
f 3274//5145 3268//5145 3280//5145
f 3280//5145 3268//5145 3273//5145
f 3275//5146 3269//5146 3281//5146
f 3281//5146 3269//5146 3274//5146
f 3276//5147 3270//5147 3282//5147
f 3282//5147 3270//5147 3275//5147
f 3283//5148 2675//5148 3276//5148
f 2679//5149 2675//5149 3283//5149
f 3277//5150 3278//5150 3284//5150
f 3284//5150 3278//5150 3285//5150
f 3279//5151 3271//5151 3286//5151
f 3286//5151 3271//5151 3277//5151
f 3280//5152 3273//5152 3287//5152
f 3287//5152 3273//5152 3279//5152
f 3281//5153 3274//5153 3288//5153
f 3288//5154 3274//5154 3280//5154
f 3282//5155 3275//5155 3289//5155
f 3289//5155 3275//5155 3281//5155
f 3283//5156 3276//5156 3290//5156
f 3290//5156 3276//5156 3282//5156
f 3291//5157 2679//5157 3283//5157
f 2680//5158 2679//5158 3291//5158
f 3284//5159 3285//5159 3292//5159
f 3292//5159 3285//5159 3293//5159
f 3286//5160 3277//5160 3294//5160
f 3294//5160 3277//5160 3284//5160
f 3287//5161 3279//5161 3295//5161
f 3295//5162 3279//5162 3286//5162
f 3288//5163 3280//5163 3296//5163
f 3296//5164 3280//5164 3287//5164
f 3289//5165 3281//5165 3297//5165
f 3297//5165 3281//5165 3288//5165
f 3290//5166 3282//5166 3298//5166
f 3298//5166 3282//5166 3289//5166
f 3291//5167 3283//5167 3299//5167
f 3299//5167 3283//5167 3290//5167
f 3300//5168 2680//5168 3291//5168
f 2683//5169 2680//5169 3300//5169
f 3192//5170 2656//5170 2653//5170
f 3192//5171 3258//5171 2656//5171
f 3193//5172 3260//5172 3192//5172
f 3192//5172 3260//5172 3258//5172
f 3194//5173 3263//5173 3193//5173
f 3193//5173 3263//5173 3260//5173
f 3236//5174 3267//5174 3194//5174
f 3194//5174 3267//5174 3263//5174
f 3233//5175 3272//5175 3236//5175
f 3236//5175 3272//5175 3267//5175
f 3229//5176 3278//5176 3233//5176
f 3233//5176 3278//5176 3272//5176
f 3231//5177 3278//5177 3229//5177
f 3231//5178 3285//5178 3278//5178
f 3301//5179 3285//5179 3231//5179
f 3302//5180 3285//5180 3301//5180
f 3302//5181 3293//5181 3285//5181
f 3303//5182 3293//5182 3302//5182
f 3304//5183 3293//5183 3303//5183
f 3304//5184 3305//5184 3293//5184
f 3306//5185 3305//5185 3304//5185
f 3227//5186 3305//5186 3306//5186
f 3228//5187 3305//5187 3227//5187
f 3292//5188 3293//5188 3228//5188
f 3228//5188 3293//5188 3305//5188
f 3294//5189 3284//5189 3307//5189
f 3307//5189 3284//5189 3292//5189
f 3295//5190 3286//5190 3308//5190
f 3308//5190 3286//5190 3294//5190
f 3296//5191 3287//5191 3309//5191
f 3309//5192 3287//5192 3295//5192
f 3297//5193 3288//5193 3310//5193
f 3310//5193 3288//5193 3296//5193
f 3298//5194 3289//5194 3311//5194
f 3311//5194 3289//5194 3297//5194
f 3299//5195 3290//5195 3312//5195
f 3312//5196 3290//5196 3298//5196
f 3300//5197 3291//5197 3313//5197
f 3313//5197 3291//5197 3299//5197
f 3314//5198 2683//5198 3300//5198
f 2685//5199 2683//5199 3314//5199
f 3223//5200 3226//5200 3221//5200
f 3223//5201 3224//5201 3226//5201
f 3315//5202 3228//5202 3224//5202
f 3307//5203 3292//5203 3316//5203
f 3316//5203 3292//5203 3228//5203
f 3308//5204 3294//5204 3317//5204
f 3317//5204 3294//5204 3307//5204
f 3309//5205 3295//5205 3318//5205
f 3318//5205 3295//5205 3308//5205
f 3310//5206 3296//5206 3319//5206
f 3319//5206 3296//5206 3309//5206
f 3311//5207 3297//5207 3320//5207
f 3320//5207 3297//5207 3310//5207
f 3312//5208 3298//5208 3321//5208
f 3321//5209 3298//5209 3311//5209
f 3313//5210 3299//5210 3322//5210
f 3322//5211 3299//5211 3312//5211
f 3314//5212 3300//5212 3323//5212
f 3323//5212 3300//5212 3313//5212
f 3324//5213 2685//5213 3314//5213
f 2687//5214 2685//5214 3324//5214
f 3220//5215 3222//5215 3218//5215
f 3220//5216 3223//5216 3222//5216
f 3325//5217 3315//5217 3223//5217
f 3223//5217 3315//5217 3224//5217
f 3316//5218 3228//5218 3326//5218
f 3326//5218 3228//5218 3315//5218
f 3317//5219 3307//5219 3327//5219
f 3327//5220 3307//5220 3316//5220
f 3318//5221 3308//5221 3328//5221
f 3328//5222 3308//5222 3317//5222
f 3319//5223 3309//5223 3329//5223
f 3329//5223 3309//5223 3318//5223
f 3320//5224 3310//5224 3330//5224
f 3330//5225 3310//5225 3319//5225
f 3321//5226 3311//5226 3331//5226
f 3331//5226 3311//5226 3320//5226
f 3322//5227 3312//5227 3332//5227
f 3332//5228 3312//5228 3321//5228
f 3323//5229 3313//5229 3333//5229
f 3333//5230 3313//5230 3322//5230
f 3324//5231 3314//5231 3334//5231
f 3334//5231 3314//5231 3323//5231
f 3335//5232 2687//5232 3324//5232
f 2689//5233 2687//5233 3335//5233
f 3217//5234 3219//5234 3215//5234
f 3217//5235 3220//5235 3219//5235
f 3336//5236 3325//5236 3220//5236
f 3220//5236 3325//5236 3223//5236
f 3337//5237 3326//5237 3325//5237
f 3325//5237 3326//5237 3315//5237
f 3327//5238 3316//5238 3338//5238
f 3338//5238 3316//5238 3326//5238
f 3328//5239 3317//5239 3339//5239
f 3339//5240 3317//5240 3327//5240
f 3329//5241 3318//5241 3340//5241
f 3340//5241 3318//5241 3328//5241
f 3330//5242 3319//5242 3341//5242
f 3341//5243 3319//5243 3329//5243
f 3331//5244 3320//5244 3342//5244
f 3342//5244 3320//5244 3330//5244
f 3332//5245 3321//5245 3343//5245
f 3343//5245 3321//5245 3331//5245
f 3333//5246 3322//5246 3344//5246
f 3344//5247 3322//5247 3332//5247
f 3334//5248 3323//5248 3345//5248
f 3345//5249 3323//5249 3333//5249
f 3335//5250 3324//5250 3346//5250
f 3346//5250 3324//5250 3334//5250
f 3347//5251 2689//5251 3335//5251
f 2691//5252 2689//5252 3347//5252
f 49//5253 51//5253 3348//5253
f 3349//5254 49//5254 3348//5254
f 47//5255 49//5255 3349//5255
f 3350//5256 3349//5256 3351//5256
f 3351//5256 3349//5256 3352//5256
f 3350//5257 47//5257 3349//5257
f 45//5258 47//5258 3350//5258
f 3353//5259 3351//5259 3354//5259
f 3354//5259 3351//5259 3355//5259
f 3356//5260 3350//5260 3353//5260
f 3353//5261 3350//5261 3351//5261
f 3356//5262 45//5262 3350//5262
f 43//5263 45//5263 3356//5263
f 3357//5264 3354//5264 3358//5264
f 3358//5265 3354//5265 3359//5265
f 3360//5266 3353//5266 3357//5266
f 3357//5266 3353//5266 3354//5266
f 3361//5267 3356//5267 3360//5267
f 3360//5267 3356//5267 3353//5267
f 3361//5268 43//5268 3356//5268
f 41//5269 43//5269 3361//5269
f 3362//5270 3358//5270 3363//5270
f 3363//5270 3358//5270 3364//5270
f 3365//5271 3357//5271 3362//5271
f 3362//5271 3357//5271 3358//5271
f 3366//5272 3360//5272 3365//5272
f 3365//5273 3360//5273 3357//5273
f 3367//5274 3361//5274 3366//5274
f 3366//5274 3361//5274 3360//5274
f 3367//5275 41//5275 3361//5275
f 39//5276 41//5276 3367//5276
f 3368//5277 3363//5277 3369//5277
f 3369//5277 3363//5277 3370//5277
f 3371//5278 3362//5278 3368//5278
f 3368//5278 3362//5278 3363//5278
f 3372//5279 3365//5279 3371//5279
f 3371//5279 3365//5279 3362//5279
f 3373//5280 3366//5280 3372//5280
f 3372//5280 3366//5280 3365//5280
f 3374//5281 3367//5281 3373//5281
f 3373//5281 3367//5281 3366//5281
f 3374//5282 39//5282 3367//5282
f 37//5283 39//5283 3374//5283
f 3375//5284 3369//5284 3376//5284
f 3376//5284 3369//5284 3377//5284
f 3378//5285 3368//5285 3375//5285
f 3375//5285 3368//5285 3369//5285
f 3379//5286 3371//5286 3378//5286
f 3378//5286 3371//5286 3368//5286
f 3380//5287 3372//5287 3379//5287
f 3379//5287 3372//5287 3371//5287
f 3381//5288 3373//5288 3380//5288
f 3380//5288 3373//5288 3372//5288
f 3382//5289 3374//5289 3381//5289
f 3381//5289 3374//5289 3373//5289
f 3382//5290 37//5290 3374//5290
f 34//5291 37//5291 3382//5291
f 3382//5292 2611//5292 34//5292
f 3382//5293 2614//5293 2611//5293
f 3381//5294 2614//5294 3382//5294
f 3381//5295 2616//5295 2614//5295
f 3380//5296 2616//5296 3381//5296
f 3380//5297 2618//5297 2616//5297
f 3379//5298 2618//5298 3380//5298
f 3379//5299 2620//5299 2618//5299
f 3378//5300 2620//5300 3379//5300
f 3378//5301 2622//5301 2620//5301
f 3375//5302 2622//5302 3378//5302
f 3375//5303 2624//5303 2622//5303
f 3376//5304 2624//5304 3375//5304
f 3376//5305 2626//5305 2624//5305
f 3383//5306 2626//5306 3376//5306
f 3383//5307 2610//5307 2626//5307
f 2607//5308 2610//5308 3383//5308
f 3384//5309 58//5309 60//5309
f 3178//5310 58//5310 3384//5310
f 3178//5311 56//5311 58//5311
f 3165//5312 56//5312 3178//5312
f 3165//5313 54//5313 56//5313
f 3153//5314 54//5314 3165//5314
f 3153//5315 52//5315 54//5315
f 3127//5316 52//5316 3153//5316
f 3127//5317 51//5317 52//5317
f 3125//5318 51//5318 3127//5318
f 3125//5319 3348//5319 51//5319
f 3348//5320 3125//5320 3130//5320
f 3130//5320 3125//5320 3124//5320
f 3130//5321 3352//5321 3348//5321
f 3348//5322 3352//5322 3349//5322
f 3352//5323 3130//5323 3133//5323
f 3133//5323 3130//5323 3129//5323
f 3133//5324 3355//5324 3352//5324
f 3352//5324 3355//5324 3351//5324
f 3355//5325 3133//5325 3136//5325
f 3136//5325 3133//5325 3132//5325
f 3136//5326 3359//5326 3355//5326
f 3355//5326 3359//5326 3354//5326
f 3359//5327 3136//5327 3139//5327
f 3139//5327 3136//5327 3135//5327
f 3139//5328 3364//5328 3359//5328
f 3359//5328 3364//5328 3358//5328
f 3364//5329 3139//5329 3142//5329
f 3142//5330 3139//5330 3138//5330
f 3142//5331 3370//5331 3364//5331
f 3364//5331 3370//5331 3363//5331
f 3370//5332 3142//5332 3145//5332
f 3145//5332 3142//5332 3141//5332
f 3145//5333 3377//5333 3370//5333
f 3370//5333 3377//5333 3369//5333
f 3377//5334 3145//5334 3148//5334
f 3148//5334 3145//5334 3144//5334
f 3148//5335 3383//5335 3377//5335
f 3377//5335 3383//5335 3376//5335
f 3383//5336 3148//5336 3151//5336
f 3151//5336 3148//5336 3147//5336
f 3151//5337 2607//5337 3383//5337
f 3150//5338 2607//5338 3151//5338
f 3150//5339 2604//5339 2607//5339
f 3163//5340 2604//5340 3150//5340
f 3163//5341 2600//5341 2604//5341
f 3176//5342 2600//5342 3163//5342
f 3176//5343 2596//5343 2600//5343
f 3190//5344 2596//5344 3176//5344
f 3190//5345 2592//5345 2596//5345
f 3385//5346 2592//5346 3190//5346
f 3386//5347 3384//5347 60//5347
f 3177//5348 3178//5348 3387//5348
f 3387//5349 3178//5349 3384//5349
f 3179//5350 3164//5350 3388//5350
f 3388//5350 3164//5350 3177//5350
f 3180//5351 3166//5351 3389//5351
f 3389//5351 3166//5351 3179//5351
f 3181//5352 3167//5352 3390//5352
f 3390//5352 3167//5352 3180//5352
f 3182//5353 3168//5353 3391//5353
f 3391//5353 3168//5353 3181//5353
f 3392//5354 3183//5354 3182//5354
f 3182//5354 3183//5354 3169//5354
f 3393//5355 3184//5355 3183//5355
f 3183//5355 3184//5355 3170//5355
f 3394//5356 3185//5356 3184//5356
f 3184//5356 3185//5356 3171//5356
f 3395//5357 3186//5357 3185//5357
f 3185//5357 3186//5357 3172//5357
f 3396//5358 3187//5358 3186//5358
f 3186//5359 3187//5359 3173//5359
f 3397//5360 3188//5360 3187//5360
f 3187//5360 3188//5360 3174//5360
f 3398//5361 3189//5361 3188//5361
f 3188//5361 3189//5361 3175//5361
f 3399//5362 3385//5362 3189//5362
f 3189//5362 3385//5362 3190//5362
f 3400//5363 2592//5363 3385//5363
f 2588//5364 2592//5364 3400//5364
f 3401//5365 60//5365 62//5365
f 3401//5366 3386//5366 60//5366
f 3387//5367 3384//5367 3402//5367
f 3402//5367 3384//5367 3386//5367
f 3388//5368 3177//5368 3403//5368
f 3403//5368 3177//5368 3387//5368
f 3389//5369 3179//5369 3404//5369
f 3404//5370 3179//5370 3388//5370
f 3390//5371 3180//5371 3405//5371
f 3405//5371 3180//5371 3389//5371
f 3391//5372 3181//5372 3406//5372
f 3406//5372 3181//5372 3390//5372
f 3392//5373 3182//5373 3407//5373
f 3407//5373 3182//5373 3391//5373
f 3408//5374 3393//5374 3392//5374
f 3392//5374 3393//5374 3183//5374
f 3409//5375 3394//5375 3393//5375
f 3393//5375 3394//5375 3184//5375
f 3410//5376 3395//5376 3394//5376
f 3394//5376 3395//5376 3185//5376
f 3411//5377 3396//5377 3395//5377
f 3395//5377 3396//5377 3186//5377
f 3412//5378 3397//5378 3396//5378
f 3396//5379 3397//5379 3187//5379
f 3413//5380 3398//5380 3397//5380
f 3397//5380 3398//5380 3188//5380
f 3414//5381 3399//5381 3398//5381
f 3398//5381 3399//5381 3189//5381
f 3415//5382 3400//5382 3399//5382
f 3399//5382 3400//5382 3385//5382
f 3416//5383 2588//5383 3400//5383
f 2585//5384 2588//5384 3416//5384
f 3417//5385 62//5385 64//5385
f 3417//5386 3401//5386 62//5386
f 3402//5387 3386//5387 3418//5387
f 3418//5387 3386//5387 3401//5387
f 3403//5388 3387//5388 3419//5388
f 3419//5389 3387//5389 3402//5389
f 3404//5390 3388//5390 3420//5390
f 3420//5391 3388//5391 3403//5391
f 3405//5392 3389//5392 3421//5392
f 3421//5393 3389//5393 3404//5393
f 3406//5394 3390//5394 3422//5394
f 3422//5395 3390//5395 3405//5395
f 3407//5396 3391//5396 3423//5396
f 3423//5396 3391//5396 3406//5396
f 3408//5397 3392//5397 3424//5397
f 3424//5397 3392//5397 3407//5397
f 3425//5398 3409//5398 3408//5398
f 3408//5398 3409//5398 3393//5398
f 3426//5399 3410//5399 3409//5399
f 3409//5399 3410//5399 3394//5399
f 3427//5400 3411//5400 3410//5400
f 3410//5401 3411//5401 3395//5401
f 3428//5402 3412//5402 3411//5402
f 3411//5402 3412//5402 3396//5402
f 3429//5403 3413//5403 3412//5403
f 3412//5403 3413//5403 3397//5403
f 3430//5404 3414//5404 3413//5404
f 3413//5405 3414//5405 3398//5405
f 3431//5406 3415//5406 3414//5406
f 3414//5406 3415//5406 3399//5406
f 3432//5407 3416//5407 3415//5407
f 3415//5407 3416//5407 3400//5407
f 3433//5408 2585//5408 3416//5408
f 2583//5409 2585//5409 3433//5409
f 3434//5410 3417//5410 64//5410
f 3418//5411 3401//5411 3435//5411
f 3435//5412 3401//5412 3417//5412
f 3419//5413 3402//5413 3436//5413
f 3436//5413 3402//5413 3418//5413
f 3420//5414 3403//5414 3437//5414
f 3437//5415 3403//5415 3419//5415
f 3421//5416 3404//5416 3438//5416
f 3438//5416 3404//5416 3420//5416
f 3422//5417 3405//5417 3439//5417
f 3439//5417 3405//5417 3421//5417
f 3423//5418 3406//5418 3440//5418
f 3440//5418 3406//5418 3422//5418
f 3424//5419 3407//5419 3441//5419
f 3441//5419 3407//5419 3423//5419
f 3425//5420 3408//5420 3442//5420
f 3442//5421 3408//5421 3424//5421
f 3443//5422 3426//5422 3425//5422
f 3425//5422 3426//5422 3409//5422
f 3444//5423 3427//5423 3426//5423
f 3426//5423 3427//5423 3410//5423
f 3445//5424 3428//5424 3427//5424
f 3427//5425 3428//5425 3411//5425
f 3446//5426 3429//5426 3428//5426
f 3428//5426 3429//5426 3412//5426
f 3447//5427 3430//5427 3429//5427
f 3429//5427 3430//5427 3413//5427
f 3448//5428 3431//5428 3430//5428
f 3430//5428 3431//5428 3414//5428
f 3449//5429 3432//5429 3431//5429
f 3431//5429 3432//5429 3415//5429
f 3450//5430 3433//5430 3432//5430
f 3432//5430 3433//5430 3416//5430
f 3451//5431 2583//5431 3433//5431
f 2581//5432 2583//5432 3451//5432
f 3435//5433 3417//5433 3452//5433
f 3452//5433 3417//5433 3434//5433
f 3436//5434 3418//5434 3453//5434
f 3453//5435 3418//5435 3435//5435
f 3437//5436 3419//5436 3454//5436
f 3454//5436 3419//5436 3436//5436
f 3438//5437 3420//5437 3455//5437
f 3455//5437 3420//5437 3437//5437
f 3439//5438 3421//5438 3456//5438
f 3456//5438 3421//5438 3438//5438
f 3440//5439 3422//5439 3457//5439
f 3457//5440 3422//5440 3439//5440
f 3441//5441 3423//5441 3458//5441
f 3458//5441 3423//5441 3440//5441
f 3442//5442 3424//5442 3459//5442
f 3459//5442 3424//5442 3441//5442
f 3443//5443 3425//5443 3460//5443
f 3460//5443 3425//5443 3442//5443
f 3461//5444 3444//5444 3443//5444
f 3443//5445 3444//5445 3426//5445
f 3462//5446 3445//5446 3444//5446
f 3444//5446 3445//5446 3427//5446
f 3463//5447 3446//5447 3445//5447
f 3445//5447 3446//5447 3428//5447
f 3464//5448 3447//5448 3446//5448
f 3446//5448 3447//5448 3429//5448
f 3465//5449 3448//5449 3447//5449
f 3447//5449 3448//5449 3430//5449
f 3448//5450 3465//5450 3466//5450
f 3466//5450 3465//5450 3467//5450
f 3466//5451 3449//5451 3448//5451
f 3448//5451 3449//5451 3431//5451
f 3449//5452 3466//5452 3468//5452
f 3468//5452 3466//5452 3469//5452
f 3468//5453 3450//5453 3449//5453
f 3449//5453 3450//5453 3432//5453
f 3470//5454 3451//5454 3450//5454
f 3450//5454 3451//5454 3433//5454
f 3471//5455 2581//5455 3451//5455
f 2578//5456 2581//5456 3471//5456
f 3472//5457 3471//5457 3470//5457
f 3470//5457 3471//5457 3451//5457
f 3473//5458 2578//5458 3471//5458
f 2576//5459 2578//5459 3473//5459
f 3474//5460 3473//5460 3472//5460
f 3472//5460 3473//5460 3471//5460
f 3475//5461 2576//5461 3473//5461
f 2573//5462 2576//5462 3475//5462
f 3476//5463 3475//5463 3474//5463
f 3474//5463 3475//5463 3473//5463
f 3477//5464 2573//5464 3475//5464
f 2571//5465 2573//5465 3477//5465
f 2695//5466 64//5466 3//5466
f 2695//5467 3434//5467 64//5467
f 2693//5468 3434//5468 2695//5468
f 2693//5469 3452//5469 3434//5469
f 2691//5470 3452//5470 2693//5470
f 3347//5471 3452//5471 2691//5471
f 3453//5472 3435//5472 3347//5472
f 3347//5472 3435//5472 3452//5472
f 3346//5473 3453//5473 3335//5473
f 3335//5473 3453//5473 3347//5473
f 3454//5474 3436//5474 3346//5474
f 3346//5474 3436//5474 3453//5474
f 3345//5475 3454//5475 3334//5475
f 3334//5476 3454//5476 3346//5476
f 3455//5477 3437//5477 3345//5477
f 3345//5477 3437//5477 3454//5477
f 3344//5478 3455//5478 3333//5478
f 3333//5479 3455//5479 3345//5479
f 3456//5480 3438//5480 3344//5480
f 3344//5480 3438//5480 3455//5480
f 3343//5481 3456//5481 3332//5481
f 3332//5481 3456//5481 3344//5481
f 3457//5482 3439//5482 3343//5482
f 3343//5482 3439//5482 3456//5482
f 3342//5483 3457//5483 3331//5483
f 3331//5484 3457//5484 3343//5484
f 3458//5485 3440//5485 3342//5485
f 3342//5485 3440//5485 3457//5485
f 3341//5486 3458//5486 3330//5486
f 3330//5486 3458//5486 3342//5486
f 3459//5487 3441//5487 3341//5487
f 3341//5487 3441//5487 3458//5487
f 3340//5488 3459//5488 3329//5488
f 3329//5488 3459//5488 3341//5488
f 3460//5489 3442//5489 3340//5489
f 3340//5489 3442//5489 3459//5489
f 3339//5490 3460//5490 3328//5490
f 3328//5490 3460//5490 3340//5490
f 3461//5491 3443//5491 3339//5491
f 3339//5491 3443//5491 3460//5491
f 3338//5492 3461//5492 3327//5492
f 3327//5493 3461//5493 3339//5493
f 3338//5494 3462//5494 3461//5494
f 3461//5494 3462//5494 3444//5494
f 3462//5495 3338//5495 3337//5495
f 3337//5495 3338//5495 3326//5495
f 3337//5496 3463//5496 3462//5496
f 3462//5497 3463//5497 3445//5497
f 3463//5498 3337//5498 3336//5498
f 3336//5499 3337//5499 3325//5499
f 3336//5500 3464//5500 3463//5500
f 3463//5500 3464//5500 3446//5500
f 3464//5501 3336//5501 3217//5501
f 3217//5502 3336//5502 3220//5502
f 3217//5503 3465//5503 3464//5503
f 3464//5503 3465//5503 3447//5503
f 3216//5504 3465//5504 3217//5504
f 3216//5505 3467//5505 3465//5505
f 3478//5506 3467//5506 3216//5506
f 3479//5507 3467//5507 3478//5507
f 3479//5508 3466//5508 3467//5508
f 3480//5509 3466//5509 3479//5509
f 3480//5510 3469//5510 3466//5510
f 3481//5511 3469//5511 3480//5511
f 3481//5512 3468//5512 3469//5512
f 3212//5513 3468//5513 3481//5513
f 3214//5514 3468//5514 3212//5514
f 3214//5515 3470//5515 3468//5515
f 3468//5515 3470//5515 3450//5515
f 3213//5516 3470//5516 3214//5516
f 3213//5517 3472//5517 3470//5517
f 3482//5518 3472//5518 3213//5518
f 3482//5519 3474//5519 3472//5519
f 3483//5520 3474//5520 3482//5520
f 3483//5521 3476//5521 3474//5521
f 3210//5522 3476//5522 3483//5522
f 3211//5523 3476//5523 3210//5523
f 3211//5524 3477//5524 3476//5524
f 3476//5524 3477//5524 3475//5524
f 3477//5525 3211//5525 3198//5525
f 3198//5525 3211//5525 3197//5525
f 3198//5526 2571//5526 3477//5526
f 3196//5527 2571//5527 3198//5527
f 3196//5528 2569//5528 2571//5528
f 3209//5529 2569//5529 3196//5529
f 3209//5530 2567//5530 2569//5530
f 3206//5531 2567//5531 3209//5531
f 3206//5532 2565//5532 2567//5532
f 3206//5533 2563//5533 2565//5533
f 3200//5534 2563//5534 3206//5534
f 3200//5535 2562//5535 2563//5535
f 3200//5536 2561//5536 2562//5536
f 2749//5537 2561//5537 3200//5537
f 3484//5538 3485//5538 3486//5538
f 3484//5539 3487//5539 3485//5539
f 3488//5540 3489//5540 3490//5540
f 3488//5541 3491//5541 3489//5541
f 3492//5542 3493//5542 3494//5542
f 3492//5543 3495//5543 3493//5543
f 3487//5544 3496//5544 3485//5544
f 3487//5545 3497//5545 3496//5545
f 3491//5546 3498//5546 3489//5546
f 3491//5547 3499//5547 3498//5547
f 3495//5548 3500//5548 3493//5548
f 3495//5549 3501//5549 3500//5549
f 3497//5550 3502//5550 3496//5550
f 3497//5551 3503//5551 3502//5551
f 3499//5552 3504//5552 3498//5552
f 3499//5553 3505//5553 3504//5553
f 3501//5554 3506//5554 3500//5554
f 3501//5555 3507//5555 3506//5555
f 3503//5556 3508//5556 3502//5556
f 3503//5557 3509//5557 3508//5557
f 3505//5558 3510//5558 3504//5558
f 3505//5559 3511//5559 3510//5559
f 3507//5560 3512//5560 3506//5560
f 3507//5561 3513//5561 3512//5561
f 3509//5562 3514//5562 3508//5562
f 3509//5563 3515//5563 3514//5563
f 3511//5564 3516//5564 3510//5564
f 3511//5565 3517//5565 3516//5565
f 3513//5566 3518//5566 3512//5566
f 3513//5567 3519//5567 3518//5567
f 3515//5568 3520//5568 3514//5568
f 3515//5569 3521//5569 3520//5569
f 3517//5570 3522//5570 3516//5570
f 3517//5571 3523//5571 3522//5571
f 3519//5572 3524//5572 3518//5572
f 3519//5573 3525//5573 3524//5573
f 3521//5574 3526//5574 3520//5574
f 3521//5575 3527//5575 3526//5575
f 3523//5576 3528//5576 3522//5576
f 3523//5577 3529//5577 3528//5577
f 3525//5578 3530//5578 3524//5578
f 3525//5579 3531//5579 3530//5579
f 3527//5580 3532//5580 3526//5580
f 3527//5581 3533//5581 3532//5581
f 3529//5582 3534//5582 3528//5582
f 3529//5583 3535//5583 3534//5583
f 3531//5584 3536//5584 3530//5584
f 3531//5585 3537//5585 3536//5585
f 3533//5586 3538//5586 3532//5586
f 3533//5587 3539//5587 3538//5587
f 3535//5588 3540//5588 3534//5588
f 3540//5589 3541//5589 3542//5589
f 3535//5590 3541//5590 3540//5590
f 3537//5591 3543//5591 3536//5591
f 3537//5592 3544//5592 3543//5592
f 3539//5593 3545//5593 3538//5593
f 3539//5594 3546//5594 3545//5594
f 3490//5595 3547//5595 3548//5595
f 3489//5596 3547//5596 3490//5596
f 3489//5597 3549//5597 3547//5597
f 3498//5598 3549//5598 3489//5598
f 3498//5599 3550//5599 3549//5599
f 3504//5600 3550//5600 3498//5600
f 3504//5601 3551//5601 3550//5601
f 3510//5602 3551//5602 3504//5602
f 3510//5603 3552//5603 3551//5603
f 3516//5604 3552//5604 3510//5604
f 3516//5605 3553//5605 3552//5605
f 3522//5606 3553//5606 3516//5606
f 3522//5607 3554//5607 3553//5607
f 3528//5608 3554//5608 3522//5608
f 3528//5609 3555//5609 3554//5609
f 3534//5610 3555//5610 3528//5610
f 3534//5611 3556//5611 3555//5611
f 3540//5612 3556//5612 3534//5612
f 3540//5613 3557//5613 3556//5613
f 3542//5614 3557//5614 3540//5614
f 3544//5615 3558//5615 3543//5615
f 3544//5616 3559//5616 3558//5616
f 3546//5617 3560//5617 3545//5617
f 3546//5618 3561//5618 3560//5618
f 3542//5619 3562//5619 3557//5619
f 3559//5620 3563//5620 3558//5620
f 3559//5621 3564//5621 3563//5621
f 3561//5622 3565//5622 3560//5622
f 3561//5623 3566//5623 3565//5623
f 3564//5624 3567//5624 3563//5624
f 3564//5625 3568//5625 3567//5625
f 3566//5626 3569//5626 3565//5626
f 3566//5627 3570//5627 3569//5627
f 3568//5628 3571//5628 3567//5628
f 3568//5629 3572//5629 3571//5629
f 3570//5630 3573//5630 3569//5630
f 3570//5631 3574//5631 3573//5631
f 3572//5632 3575//5632 3571//5632
f 3572//5633 3576//5633 3575//5633
f 3574//5634 3577//5634 3573//5634
f 3574//5635 3578//5635 3577//5635
f 3576//5636 3579//5636 3575//5636
f 3576//5637 3580//5637 3579//5637
f 3578//5638 3581//5638 3577//5638
f 3578//5639 3582//5639 3581//5639
f 3580//5640 3583//5640 3579//5640
f 3580//5641 3584//5641 3583//5641
f 3582//5642 3585//5642 3581//5642
f 3582//5643 3586//5643 3585//5643
f 3584//5644 3587//5644 3583//5644
f 3584//5645 3588//5645 3587//5645
f 3586//5646 3589//5646 3585//5646
f 3586//5647 3590//5647 3589//5647
f 3588//5648 3591//5648 3587//5648
f 3588//5649 3592//5649 3591//5649
f 3590//5650 3593//5650 3589//5650
f 3590//5651 3594//5651 3593//5651
f 3592//5652 3595//5652 3591//5652
f 3592//5653 3596//5653 3595//5653
f 3594//5654 3597//5654 3593//5654
f 3594//5655 3598//5655 3597//5655
f 3596//5656 3599//5656 3595//5656
f 3596//5657 3600//5657 3599//5657
f 3598//5658 3601//5658 3597//5658
f 3598//5659 3602//5659 3601//5659
f 3600//5660 3603//5660 3599//5660
f 3600//5661 3604//5661 3603//5661
f 3602//5662 3605//5662 3601//5662
f 3602//5663 3606//5663 3605//5663
f 3604//5664 3607//5664 3603//5664
f 3604//5665 3608//5665 3607//5665
f 3606//5666 3609//5666 3605//5666
f 3606//5667 3610//5667 3609//5667
f 3608//5668 3611//5668 3607//5668
f 3608//5669 3612//5669 3611//5669
f 3610//5670 3613//5670 3609//5670
f 3610//5671 3614//5671 3613//5671
f 3612//5672 3615//5672 3611//5672
f 3612//5673 3616//5673 3615//5673
f 3614//5674 3617//5674 3613//5674
f 3617//5675 3618//5675 3619//5675
f 3614//5676 3618//5676 3617//5676
f 3616//5677 3620//5677 3615//5677
f 3616//5678 3621//5678 3620//5678
f 3485//5679 3622//5679 3486//5679
f 3485//5680 3623//5680 3622//5680
f 3496//5681 3623//5681 3485//5681
f 3496//5682 3624//5682 3623//5682
f 3502//5683 3624//5683 3496//5683
f 3502//5684 3625//5684 3624//5684
f 3508//5685 3625//5685 3502//5685
f 3508//5686 3626//5686 3625//5686
f 3514//5687 3626//5687 3508//5687
f 3514//5688 3627//5688 3626//5688
f 3520//5689 3627//5689 3514//5689
f 3520//5690 3628//5690 3627//5690
f 3526//5691 3628//5691 3520//5691
f 3526//5692 3629//5692 3628//5692
f 3532//5693 3629//5693 3526//5693
f 3532//5694 3630//5694 3629//5694
f 3538//5695 3630//5695 3532//5695
f 3538//5696 3631//5696 3630//5696
f 3545//5697 3631//5697 3538//5697
f 3545//5698 3632//5698 3631//5698
f 3560//5699 3632//5699 3545//5699
f 3560//5700 3633//5700 3632//5700
f 3565//5701 3633//5701 3560//5701
f 3565//5702 3634//5702 3633//5702
f 3569//5703 3634//5703 3565//5703
f 3569//5704 3635//5704 3634//5704
f 3573//5705 3635//5705 3569//5705
f 3573//5706 3636//5706 3635//5706
f 3577//5707 3636//5707 3573//5707
f 3577//5708 3637//5708 3636//5708
f 3581//5709 3637//5709 3577//5709
f 3581//5710 3638//5710 3637//5710
f 3585//5711 3638//5711 3581//5711
f 3585//5712 3639//5712 3638//5712
f 3589//5713 3639//5713 3585//5713
f 3589//5714 3640//5714 3639//5714
f 3593//5715 3640//5715 3589//5715
f 3593//5716 3641//5716 3640//5716
f 3597//5717 3641//5717 3593//5717
f 3597//5718 3642//5718 3641//5718
f 3601//5719 3642//5719 3597//5719
f 3601//5720 3643//5720 3642//5720
f 3605//5721 3643//5721 3601//5721
f 3605//5722 3644//5722 3643//5722
f 3609//5723 3644//5723 3605//5723
f 3609//5724 3645//5724 3644//5724
f 3613//5725 3645//5725 3609//5725
f 3613//5726 3646//5726 3645//5726
f 3617//5727 3646//5727 3613//5727
f 3617//5728 3647//5728 3646//5728
f 3619//5729 3647//5729 3617//5729
f 3621//5730 3648//5730 3620//5730
f 3621//5731 3649//5731 3648//5731
f 3619//5732 3650//5732 3647//5732
f 3651//5733 3619//5733 3618//5733
f 3652//5734 3619//5734 3651//5734
f 3652//5735 3650//5735 3619//5735
f 3653//5736 3650//5736 3652//5736
f 3649//5737 3654//5737 3648//5737
f 3649//5738 3655//5738 3654//5738
f 3623//5739 3656//5739 3622//5739
f 3623//5740 3657//5740 3656//5740
f 3624//5741 3657//5741 3623//5741
f 3624//5742 3658//5742 3657//5742
f 3625//5743 3658//5743 3624//5743
f 3625//5744 3659//5744 3658//5744
f 3626//5745 3659//5745 3625//5745
f 3626//5746 3660//5746 3659//5746
f 3627//5747 3660//5747 3626//5747
f 3627//5748 3661//5748 3660//5748
f 3628//5749 3661//5749 3627//5749
f 3628//5750 3662//5750 3661//5750
f 3629//5751 3662//5751 3628//5751
f 3629//5752 3663//5752 3662//5752
f 3630//5753 3663//5753 3629//5753
f 3630//5754 3664//5754 3663//5754
f 3631//5755 3664//5755 3630//5755
f 3631//5756 3665//5756 3664//5756
f 3632//5757 3665//5757 3631//5757
f 3632//5758 3666//5758 3665//5758
f 3633//5759 3666//5759 3632//5759
f 3633//5760 3667//5760 3666//5760
f 3634//5761 3667//5761 3633//5761
f 3634//5762 3668//5762 3667//5762
f 3635//5763 3668//5763 3634//5763
f 3635//5764 3669//5764 3668//5764
f 3636//5765 3669//5765 3635//5765
f 3636//5766 3670//5766 3669//5766
f 3637//5767 3670//5767 3636//5767
f 3637//5768 3671//5768 3670//5768
f 3638//5769 3671//5769 3637//5769
f 3638//5770 3672//5770 3671//5770
f 3639//5771 3672//5771 3638//5771
f 3639//5772 3673//5772 3672//5772
f 3640//5773 3673//5773 3639//5773
f 3640//5774 3674//5774 3673//5774
f 3641//5775 3674//5775 3640//5775
f 3641//5776 3675//5776 3674//5776
f 3642//5777 3675//5777 3641//5777
f 3642//5778 3676//5778 3675//5778
f 3643//5779 3676//5779 3642//5779
f 3643//5780 3677//5780 3676//5780
f 3644//5781 3677//5781 3643//5781
f 3644//5782 3678//5782 3677//5782
f 3645//5783 3678//5783 3644//5783
f 3645//5784 3679//5784 3678//5784
f 3646//5785 3679//5785 3645//5785
f 3646//5786 3680//5786 3679//5786
f 3647//5787 3680//5787 3646//5787
f 3647//5788 3681//5788 3680//5788
f 3650//5789 3681//5789 3647//5789
f 3650//5790 3682//5790 3681//5790
f 3653//5791 3682//5791 3650//5791
f 3655//5792 3683//5792 3654//5792
f 3655//5793 3684//5793 3683//5793
f 3653//5794 3685//5794 3682//5794
f 3686//5795 3652//5795 3651//5795
f 3687//5796 3652//5796 3686//5796
f 3687//5797 3653//5797 3652//5797
f 3688//5798 3653//5798 3687//5798
f 3688//5799 3685//5799 3653//5799
f 3689//5800 3685//5800 3688//5800
f 3684//5801 3690//5801 3683//5801
f 3684//5802 3691//5802 3690//5802
f 3657//5803 3692//5803 3656//5803
f 3657//5804 3693//5804 3692//5804
f 3658//5805 3693//5805 3657//5805
f 3658//5806 3694//5806 3693//5806
f 3659//5807 3694//5807 3658//5807
f 3659//5808 3695//5808 3694//5808
f 3660//5809 3695//5809 3659//5809
f 3660//5810 3696//5810 3695//5810
f 3661//5811 3696//5811 3660//5811
f 3661//5812 3697//5812 3696//5812
f 3662//5813 3697//5813 3661//5813
f 3662//5814 3698//5814 3697//5814
f 3663//5815 3698//5815 3662//5815
f 3663//5816 3699//5816 3698//5816
f 3664//5817 3699//5817 3663//5817
f 3664//5818 3700//5818 3699//5818
f 3665//5819 3700//5819 3664//5819
f 3665//5820 3701//5820 3700//5820
f 3666//5821 3701//5821 3665//5821
f 3666//5822 3702//5822 3701//5822
f 3667//5823 3702//5823 3666//5823
f 3667//5824 3703//5824 3702//5824
f 3668//5825 3703//5825 3667//5825
f 3668//5826 3704//5826 3703//5826
f 3669//5827 3704//5827 3668//5827
f 3669//5828 3705//5828 3704//5828
f 3670//5829 3705//5829 3669//5829
f 3670//5830 3706//5830 3705//5830
f 3671//5831 3706//5831 3670//5831
f 3671//5832 3707//5832 3706//5832
f 3672//5833 3707//5833 3671//5833
f 3672//5834 3708//5834 3707//5834
f 3673//5835 3708//5835 3672//5835
f 3673//5836 3709//5836 3708//5836
f 3674//5837 3709//5837 3673//5837
f 3674//5838 3710//5838 3709//5838
f 3675//5839 3710//5839 3674//5839
f 3675//5840 3711//5840 3710//5840
f 3676//5841 3711//5841 3675//5841
f 3676//5842 3712//5842 3711//5842
f 3677//5843 3712//5843 3676//5843
f 3677//5844 3713//5844 3712//5844
f 3678//5845 3713//5845 3677//5845
f 3678//5846 3714//5846 3713//5846
f 3679//5847 3714//5847 3678//5847
f 3679//5848 3715//5848 3714//5848
f 3680//5849 3715//5849 3679//5849
f 3680//5850 3716//5850 3715//5850
f 3681//5851 3716//5851 3680//5851
f 3681//5852 3717//5852 3716//5852
f 3682//5853 3717//5853 3681//5853
f 3682//5854 3718//5854 3717//5854
f 3685//5855 3718//5855 3682//5855
f 3685//5856 3719//5856 3718//5856
f 3689//5857 3719//5857 3685//5857
f 3691//5858 3720//5858 3690//5858
f 3691//5859 3721//5859 3720//5859
f 3689//5860 3722//5860 3719//5860
f 3723//5861 3687//5861 3686//5861
f 3724//5862 3687//5862 3723//5862
f 3724//5863 3688//5863 3687//5863
f 3725//5864 3688//5864 3724//5864
f 3725//5865 3689//5865 3688//5865
f 3726//5866 3689//5866 3725//5866
f 3726//5867 3722//5867 3689//5867
f 3727//5868 3722//5868 3726//5868
f 3721//5869 3728//5869 3720//5869
f 3721//5870 3729//5870 3728//5870
f 3693//5871 3730//5871 3692//5871
f 3693//5872 3731//5872 3730//5872
f 3694//5873 3731//5873 3693//5873
f 3694//5874 3732//5874 3731//5874
f 3695//5875 3732//5875 3694//5875
f 3695//5876 3733//5876 3732//5876
f 3696//5877 3733//5877 3695//5877
f 3696//5878 3734//5878 3733//5878
f 3697//5879 3734//5879 3696//5879
f 3697//5880 3735//5880 3734//5880
f 3698//5881 3735//5881 3697//5881
f 3698//5882 3736//5882 3735//5882
f 3699//5883 3736//5883 3698//5883
f 3699//5884 3737//5884 3736//5884
f 3700//5885 3737//5885 3699//5885
f 3700//5886 3738//5886 3737//5886
f 3701//5887 3738//5887 3700//5887
f 3701//5888 3739//5888 3738//5888
f 3702//5889 3739//5889 3701//5889
f 3702//5890 3740//5890 3739//5890
f 3703//5891 3740//5891 3702//5891
f 3703//5892 3741//5892 3740//5892
f 3704//5893 3741//5893 3703//5893
f 3704//5894 3742//5894 3741//5894
f 3705//5895 3742//5895 3704//5895
f 3705//5896 3743//5896 3742//5896
f 3706//5897 3743//5897 3705//5897
f 3706//5898 3744//5898 3743//5898
f 3707//5899 3744//5899 3706//5899
f 3707//5900 3745//5900 3744//5900
f 3708//5901 3745//5901 3707//5901
f 3708//5902 3746//5902 3745//5902
f 3709//5903 3746//5903 3708//5903
f 3709//5904 3747//5904 3746//5904
f 3710//5905 3747//5905 3709//5905
f 3710//5906 3748//5906 3747//5906
f 3711//5907 3748//5907 3710//5907
f 3711//5908 3749//5908 3748//5908
f 3712//5909 3749//5909 3711//5909
f 3712//5910 3750//5910 3749//5910
f 3713//5911 3750//5911 3712//5911
f 3713//5912 3751//5912 3750//5912
f 3714//5913 3751//5913 3713//5913
f 3714//5914 3752//5914 3751//5914
f 3715//5915 3752//5915 3714//5915
f 3715//5916 3753//5916 3752//5916
f 3716//5917 3753//5917 3715//5917
f 3716//5918 3754//5918 3753//5918
f 3717//5919 3754//5919 3716//5919
f 3717//5920 3755//5920 3754//5920
f 3718//5921 3755//5921 3717//5921
f 3718//5922 3756//5922 3755//5922
f 3719//5923 3756//5923 3718//5923
f 3719//5924 3757//5924 3756//5924
f 3722//5925 3757//5925 3719//5925
f 3722//5926 3758//5926 3757//5926
f 3727//5927 3758//5927 3722//5927
f 3729//5928 3759//5928 3728//5928
f 3729//5929 3760//5929 3759//5929
f 3727//5930 3761//5930 3758//5930
f 3762//5931 3724//5931 3723//5931
f 3763//5932 3724//5932 3762//5932
f 3763//5933 3725//5933 3724//5933
f 3764//5934 3725//5934 3763//5934
f 3764//5935 3726//5935 3725//5935
f 3765//5936 3726//5936 3764//5936
f 3765//5937 3727//5937 3726//5937
f 3766//5938 3727//5938 3765//5938
f 3766//5939 3761//5939 3727//5939
f 3767//5940 3761//5940 3766//5940
f 3760//5941 3768//5941 3759//5941
f 3760//5942 3769//5942 3768//5942
f 3731//5943 3770//5943 3730//5943
f 3731//5944 3771//5944 3770//5944
f 3732//5945 3771//5945 3731//5945
f 3732//5946 3772//5946 3771//5946
f 3733//5947 3772//5947 3732//5947
f 3733//5948 3773//5948 3772//5948
f 3734//5949 3773//5949 3733//5949
f 3734//5950 3774//5950 3773//5950
f 3735//5951 3774//5951 3734//5951
f 3735//5952 3775//5952 3774//5952
f 3736//5953 3775//5953 3735//5953
f 3736//5954 3776//5954 3775//5954
f 3737//5955 3776//5955 3736//5955
f 3737//5956 3777//5956 3776//5956
f 3738//5957 3777//5957 3737//5957
f 3738//5958 3778//5958 3777//5958
f 3739//5959 3778//5959 3738//5959
f 3739//5960 3779//5960 3778//5960
f 3740//5961 3779//5961 3739//5961
f 3740//5962 3780//5962 3779//5962
f 3741//5963 3780//5963 3740//5963
f 3741//5964 3781//5964 3780//5964
f 3742//5965 3781//5965 3741//5965
f 3742//5966 3782//5966 3781//5966
f 3743//5967 3782//5967 3742//5967
f 3743//5968 3783//5968 3782//5968
f 3744//5969 3783//5969 3743//5969
f 3744//5970 3784//5970 3783//5970
f 3745//5971 3784//5971 3744//5971
f 3745//5972 3785//5972 3784//5972
f 3746//5973 3785//5973 3745//5973
f 3746//5974 3786//5974 3785//5974
f 3747//5975 3786//5975 3746//5975
f 3747//5976 3787//5976 3786//5976
f 3748//5977 3787//5977 3747//5977
f 3748//5978 3788//5978 3787//5978
f 3749//5979 3788//5979 3748//5979
f 3749//5980 3789//5980 3788//5980
f 3750//5981 3789//5981 3749//5981
f 3750//5982 3790//5982 3789//5982
f 3751//5983 3790//5983 3750//5983
f 3751//5984 3791//5984 3790//5984
f 3752//5985 3791//5985 3751//5985
f 3752//5986 3792//5986 3791//5986
f 3753//5987 3792//5987 3752//5987
f 3753//5988 3793//5988 3792//5988
f 3754//5989 3793//5989 3753//5989
f 3754//5990 3794//5990 3793//5990
f 3755//5991 3794//5991 3754//5991
f 3755//5992 3795//5992 3794//5992
f 3756//5993 3795//5993 3755//5993
f 3756//5994 3796//5994 3795//5994
f 3757//5995 3796//5995 3756//5995
f 3757//5996 3797//5996 3796//5996
f 3758//5997 3797//5997 3757//5997
f 3758//5998 3798//5998 3797//5998
f 3761//5999 3798//5999 3758//5999
f 3761//6000 3799//6000 3798//6000
f 3767//6001 3799//6001 3761//6001
f 3769//6002 3800//6002 3768//6002
f 3769//6003 3801//6003 3800//6003
f 3767//6004 3802//6004 3799//6004
f 3803//6005 3763//6005 3762//6005
f 3804//6006 3763//6006 3803//6006
f 3804//6007 3764//6007 3763//6007
f 3805//6008 3764//6008 3804//6008
f 3805//6009 3765//6009 3764//6009
f 3806//6010 3765//6010 3805//6010
f 3806//6011 3766//6011 3765//6011
f 3807//6012 3766//6012 3806//6012
f 3807//6013 3767//6013 3766//6013
f 3808//6014 3767//6014 3807//6014
f 3808//6015 3802//6015 3767//6015
f 3809//6016 3802//6016 3808//6016
f 3801//6017 3810//6017 3800//6017
f 3801//6018 3811//6018 3810//6018
f 3771//6019 3812//6019 3770//6019
f 3771//6020 3813//6020 3812//6020
f 3772//6021 3813//6021 3771//6021
f 3772//6022 3814//6022 3813//6022
f 3773//6023 3814//6023 3772//6023
f 3773//6024 3815//6024 3814//6024
f 3774//6025 3815//6025 3773//6025
f 3774//6026 3816//6026 3815//6026
f 3775//6027 3816//6027 3774//6027
f 3775//6028 3817//6028 3816//6028
f 3776//6029 3817//6029 3775//6029
f 3776//6030 3818//6030 3817//6030
f 3777//6031 3818//6031 3776//6031
f 3777//6032 3819//6032 3818//6032
f 3778//6033 3819//6033 3777//6033
f 3778//6034 3820//6034 3819//6034
f 3779//6035 3820//6035 3778//6035
f 3779//6036 3821//6036 3820//6036
f 3780//6037 3821//6037 3779//6037
f 3780//6038 3822//6038 3821//6038
f 3781//6039 3822//6039 3780//6039
f 3781//6040 3823//6040 3822//6040
f 3782//6041 3823//6041 3781//6041
f 3782//6042 3824//6042 3823//6042
f 3783//6043 3824//6043 3782//6043
f 3783//6044 3825//6044 3824//6044
f 3784//6045 3825//6045 3783//6045
f 3784//6046 3826//6046 3825//6046
f 3785//6047 3826//6047 3784//6047
f 3785//6048 3827//6048 3826//6048
f 3786//6049 3827//6049 3785//6049
f 3786//6050 3828//6050 3827//6050
f 3787//6051 3828//6051 3786//6051
f 3787//6052 3829//6052 3828//6052
f 3788//6053 3829//6053 3787//6053
f 3788//6054 3830//6054 3829//6054
f 3789//6055 3830//6055 3788//6055
f 3789//6056 3831//6056 3830//6056
f 3790//6057 3831//6057 3789//6057
f 3790//6058 3832//6058 3831//6058
f 3791//6059 3832//6059 3790//6059
f 3791//6060 3833//6060 3832//6060
f 3792//6061 3833//6061 3791//6061
f 3792//6062 3834//6062 3833//6062
f 3793//6063 3834//6063 3792//6063
f 3793//6064 3835//6064 3834//6064
f 3794//6065 3835//6065 3793//6065
f 3794//6066 3836//6066 3835//6066
f 3795//6067 3836//6067 3794//6067
f 3795//6068 3837//6068 3836//6068
f 3796//6069 3837//6069 3795//6069
f 3796//6070 3838//6070 3837//6070
f 3797//6071 3838//6071 3796//6071
f 3797//6072 3839//6072 3838//6072
f 3798//6073 3839//6073 3797//6073
f 3798//6074 3840//6074 3839//6074
f 3799//6075 3840//6075 3798//6075
f 3799//6076 3841//6076 3840//6076
f 3802//6077 3841//6077 3799//6077
f 3802//6078 3842//6078 3841//6078
f 3809//6079 3842//6079 3802//6079
f 3811//6080 3843//6080 3810//6080
f 3811//6081 3844//6081 3843//6081
f 3809//6082 3845//6082 3842//6082
f 3846//6083 3804//6083 3803//6083
f 3847//6084 3804//6084 3846//6084
f 3847//6085 3805//6085 3804//6085
f 3848//6086 3805//6086 3847//6086
f 3848//6087 3806//6087 3805//6087
f 3849//6088 3806//6088 3848//6088
f 3849//6089 3807//6089 3806//6089
f 3850//6090 3807//6090 3849//6090
f 3850//6091 3808//6091 3807//6091
f 3851//6092 3808//6092 3850//6092
f 3851//6093 3809//6093 3808//6093
f 3852//6094 3809//6094 3851//6094
f 3852//6095 3845//6095 3809//6095
f 3853//6096 3845//6096 3852//6096
f 3844//6097 3854//6097 3843//6097
f 3844//6098 3855//6098 3854//6098
f 3813//6099 3856//6099 3812//6099
f 3813//6100 3857//6100 3856//6100
f 3814//6101 3857//6101 3813//6101
f 3814//6102 3858//6102 3857//6102
f 3815//6103 3858//6103 3814//6103
f 3815//6104 3859//6104 3858//6104
f 3816//6105 3859//6105 3815//6105
f 3816//6106 3860//6106 3859//6106
f 3817//6107 3860//6107 3816//6107
f 3817//6108 3861//6108 3860//6108
f 3818//6109 3861//6109 3817//6109
f 3818//6110 3862//6110 3861//6110
f 3819//6111 3862//6111 3818//6111
f 3819//6112 3863//6112 3862//6112
f 3820//6113 3863//6113 3819//6113
f 3820//6114 3864//6114 3863//6114
f 3821//6115 3864//6115 3820//6115
f 3821//6116 3865//6116 3864//6116
f 3822//6117 3865//6117 3821//6117
f 3822//6118 3866//6118 3865//6118
f 3823//6119 3866//6119 3822//6119
f 3823//6120 3867//6120 3866//6120
f 3824//6121 3867//6121 3823//6121
f 3824//6122 3868//6122 3867//6122
f 3825//6123 3868//6123 3824//6123
f 3825//6124 3869//6124 3868//6124
f 3826//6125 3869//6125 3825//6125
f 3826//6126 3870//6126 3869//6126
f 3827//6127 3870//6127 3826//6127
f 3827//6128 3871//6128 3870//6128
f 3828//6129 3871//6129 3827//6129
f 3828//6130 3872//6130 3871//6130
f 3829//6131 3872//6131 3828//6131
f 3829//6132 3873//6132 3872//6132
f 3830//6133 3873//6133 3829//6133
f 3830//6134 3874//6134 3873//6134
f 3831//6135 3874//6135 3830//6135
f 3831//6136 3875//6136 3874//6136
f 3832//6137 3875//6137 3831//6137
f 3832//6138 3876//6138 3875//6138
f 3833//6139 3876//6139 3832//6139
f 3833//6140 3877//6140 3876//6140
f 3834//6141 3877//6141 3833//6141
f 3834//6142 3878//6142 3877//6142
f 3835//6143 3878//6143 3834//6143
f 3835//6144 3879//6144 3878//6144
f 3836//6145 3879//6145 3835//6145
f 3836//6146 3880//6146 3879//6146
f 3837//6147 3880//6147 3836//6147
f 3837//6148 3881//6148 3880//6148
f 3838//6149 3881//6149 3837//6149
f 3838//6150 3882//6150 3881//6150
f 3839//6151 3882//6151 3838//6151
f 3839//6152 3883//6152 3882//6152
f 3840//6153 3883//6153 3839//6153
f 3840//6154 3884//6154 3883//6154
f 3841//6155 3884//6155 3840//6155
f 3841//6156 3885//6156 3884//6156
f 3842//6157 3885//6157 3841//6157
f 3842//6158 3886//6158 3885//6158
f 3845//6159 3886//6159 3842//6159
f 3845//6160 3887//6160 3886//6160
f 3853//6161 3887//6161 3845//6161
f 3855//6162 3888//6162 3854//6162
f 3855//6163 3889//6163 3888//6163
f 3853//6164 3890//6164 3887//6164
f 3891//6165 3847//6165 3846//6165
f 3892//6166 3847//6166 3891//6166
f 3892//6167 3848//6167 3847//6167
f 3893//6168 3848//6168 3892//6168
f 3893//6169 3849//6169 3848//6169
f 3894//6170 3849//6170 3893//6170
f 3894//6171 3850//6171 3849//6171
f 3895//6172 3850//6172 3894//6172
f 3895//6173 3851//6173 3850//6173
f 3896//6174 3851//6174 3895//6174
f 3896//6175 3852//6175 3851//6175
f 3897//6176 3852//6176 3896//6176
f 3897//6177 3853//6177 3852//6177
f 3898//6178 3853//6178 3897//6178
f 3898//6179 3890//6179 3853//6179
f 3899//6180 3890//6180 3898//6180
f 3889//6181 3900//6181 3888//6181
f 3889//6182 3901//6182 3900//6182
f 3857//6183 3902//6183 3856//6183
f 3857//6184 3903//6184 3902//6184
f 3858//6185 3903//6185 3857//6185
f 3858//6186 3904//6186 3903//6186
f 3859//6187 3904//6187 3858//6187
f 3859//6188 3905//6188 3904//6188
f 3860//6189 3905//6189 3859//6189
f 3860//6190 3906//6190 3905//6190
f 3861//6191 3906//6191 3860//6191
f 3861//6192 3907//6192 3906//6192
f 3862//6193 3907//6193 3861//6193
f 3862//6194 3908//6194 3907//6194
f 3863//6195 3908//6195 3862//6195
f 3863//6196 3909//6196 3908//6196
f 3864//6197 3909//6197 3863//6197
f 3864//6198 3910//6198 3909//6198
f 3865//6199 3910//6199 3864//6199
f 3865//6200 3911//6200 3910//6200
f 3866//6201 3911//6201 3865//6201
f 3866//6202 3912//6202 3911//6202
f 3867//6203 3912//6203 3866//6203
f 3867//6204 3913//6204 3912//6204
f 3868//6205 3913//6205 3867//6205
f 3868//6206 3914//6206 3913//6206
f 3869//6207 3914//6207 3868//6207
f 3869//6208 3915//6208 3914//6208
f 3870//6209 3915//6209 3869//6209
f 3870//6210 3916//6210 3915//6210
f 3871//6211 3916//6211 3870//6211
f 3871//6212 3917//6212 3916//6212
f 3872//6213 3917//6213 3871//6213
f 3872//6214 3918//6214 3917//6214
f 3873//6215 3918//6215 3872//6215
f 3873//6216 3919//6216 3918//6216
f 3874//6217 3919//6217 3873//6217
f 3874//6218 3920//6218 3919//6218
f 3875//6219 3920//6219 3874//6219
f 3875//6220 3921//6220 3920//6220
f 3876//6221 3921//6221 3875//6221
f 3876//6222 3922//6222 3921//6222
f 3877//6223 3922//6223 3876//6223
f 3877//6224 3923//6224 3922//6224
f 3878//6225 3923//6225 3877//6225
f 3878//6226 3924//6226 3923//6226
f 3879//6227 3924//6227 3878//6227
f 3879//6228 3925//6228 3924//6228
f 3880//6229 3925//6229 3879//6229
f 3880//6230 3926//6230 3925//6230
f 3881//6231 3926//6231 3880//6231
f 3881//6232 3927//6232 3926//6232
f 3882//6233 3927//6233 3881//6233
f 3882//6234 3928//6234 3927//6234
f 3883//6235 3928//6235 3882//6235
f 3883//6236 3929//6236 3928//6236
f 3884//6237 3929//6237 3883//6237
f 3884//6238 3930//6238 3929//6238
f 3885//6239 3930//6239 3884//6239
f 3885//6240 3931//6240 3930//6240
f 3886//6241 3931//6241 3885//6241
f 3886//6242 3932//6242 3931//6242
f 3887//6243 3932//6243 3886//6243
f 3887//6244 3933//6244 3932//6244
f 3890//6245 3933//6245 3887//6245
f 3890//6246 3934//6246 3933//6246
f 3899//6247 3934//6247 3890//6247
f 3901//6248 3935//6248 3900//6248
f 3901//6249 3936//6249 3935//6249
f 3899//6250 3937//6250 3934//6250
f 3938//6251 3892//6251 3891//6251
f 3939//6252 3892//6252 3938//6252
f 3939//6253 3893//6253 3892//6253
f 3940//6254 3893//6254 3939//6254
f 3940//6255 3894//6255 3893//6255
f 3941//6256 3894//6256 3940//6256
f 3941//6257 3895//6257 3894//6257
f 3942//6258 3895//6258 3941//6258
f 3942//6259 3896//6259 3895//6259
f 3943//6260 3896//6260 3942//6260
f 3943//6261 3897//6261 3896//6261
f 3944//6262 3897//6262 3943//6262
f 3944//6263 3898//6263 3897//6263
f 3945//6264 3898//6264 3944//6264
f 3945//6265 3899//6265 3898//6265
f 3946//6266 3899//6266 3945//6266
f 3946//6267 3937//6267 3899//6267
f 3947//6268 3937//6268 3946//6268
f 3936//6269 3948//6269 3935//6269
f 3936//6270 3949//6270 3948//6270
f 3903//6271 3950//6271 3902//6271
f 3903//6272 3951//6272 3950//6272
f 3904//6273 3951//6273 3903//6273
f 3904//6274 3952//6274 3951//6274
f 3905//6275 3952//6275 3904//6275
f 3905//6276 3953//6276 3952//6276
f 3906//6277 3953//6277 3905//6277
f 3906//6278 3954//6278 3953//6278
f 3907//6279 3954//6279 3906//6279
f 3907//6280 3955//6280 3954//6280
f 3908//6281 3955//6281 3907//6281
f 3908//6282 3956//6282 3955//6282
f 3909//6283 3956//6283 3908//6283
f 3909//6284 3957//6284 3956//6284
f 3910//6285 3957//6285 3909//6285
f 3910//6286 3958//6286 3957//6286
f 3911//6287 3958//6287 3910//6287
f 3911//6288 3959//6288 3958//6288
f 3912//6289 3959//6289 3911//6289
f 3912//6290 3960//6290 3959//6290
f 3913//6291 3960//6291 3912//6291
f 3913//6292 3961//6292 3960//6292
f 3914//6293 3961//6293 3913//6293
f 3914//6294 3962//6294 3961//6294
f 3915//6295 3962//6295 3914//6295
f 3915//6296 3963//6296 3962//6296
f 3916//6297 3963//6297 3915//6297
f 3916//6298 3964//6298 3963//6298
f 3917//6299 3964//6299 3916//6299
f 3917//6300 3965//6300 3964//6300
f 3918//6301 3965//6301 3917//6301
f 3918//6302 3966//6302 3965//6302
f 3919//6303 3966//6303 3918//6303
f 3919//6304 3967//6304 3966//6304
f 3920//6305 3967//6305 3919//6305
f 3920//6306 3968//6306 3967//6306
f 3921//6307 3968//6307 3920//6307
f 3921//6308 3969//6308 3968//6308
f 3922//6309 3969//6309 3921//6309
f 3922//6310 3970//6310 3969//6310
f 3923//6311 3970//6311 3922//6311
f 3923//6312 3971//6312 3970//6312
f 3924//6313 3971//6313 3923//6313
f 3924//6314 3972//6314 3971//6314
f 3925//6315 3972//6315 3924//6315
f 3925//6316 3973//6316 3972//6316
f 3926//6317 3973//6317 3925//6317
f 3926//6318 3974//6318 3973//6318
f 3927//6319 3974//6319 3926//6319
f 3927//6320 3975//6320 3974//6320
f 3928//6321 3975//6321 3927//6321
f 3928//6322 3976//6322 3975//6322
f 3929//6323 3976//6323 3928//6323
f 3929//6324 3977//6324 3976//6324
f 3930//6325 3977//6325 3929//6325
f 3930//6326 3978//6326 3977//6326
f 3931//6327 3978//6327 3930//6327
f 3931//6328 3979//6328 3978//6328
f 3932//6329 3979//6329 3931//6329
f 3932//6330 3980//6330 3979//6330
f 3933//6331 3980//6331 3932//6331
f 3933//6332 3981//6332 3980//6332
f 3934//6333 3981//6333 3933//6333
f 3934//6334 3982//6334 3981//6334
f 3937//6335 3982//6335 3934//6335
f 3937//6336 3983//6336 3982//6336
f 3947//6337 3983//6337 3937//6337
f 3949//6338 3984//6338 3948//6338
f 3949//6339 3985//6339 3984//6339
f 3947//6340 3986//6340 3983//6340
f 3987//6341 3939//6341 3938//6341
f 3988//6342 3939//6342 3987//6342
f 3988//6343 3940//6343 3939//6343
f 3989//6344 3940//6344 3988//6344
f 3989//6345 3941//6345 3940//6345
f 3990//6346 3941//6346 3989//6346
f 3990//6347 3942//6347 3941//6347
f 3991//6348 3942//6348 3990//6348
f 3991//6349 3943//6349 3942//6349
f 3992//6350 3943//6350 3991//6350
f 3992//6351 3944//6351 3943//6351
f 3993//6352 3944//6352 3992//6352
f 3993//6353 3945//6353 3944//6353
f 3994//6354 3945//6354 3993//6354
f 3994//6355 3946//6355 3945//6355
f 3995//6356 3946//6356 3994//6356
f 3995//6357 3947//6357 3946//6357
f 3996//6358 3947//6358 3995//6358
f 3996//6359 3986//6359 3947//6359
f 3997//6360 3986//6360 3996//6360
f 3985//6361 3998//6361 3984//6361
f 3985//6362 3999//6362 3998//6362
f 3951//6363 4000//6363 3950//6363
f 3951//6364 4001//6364 4000//6364
f 3952//6365 4001//6365 3951//6365
f 3952//6366 4002//6366 4001//6366
f 3953//6367 4002//6367 3952//6367
f 3953//6368 4003//6368 4002//6368
f 3954//6369 4003//6369 3953//6369
f 3954//6370 4004//6370 4003//6370
f 3955//6371 4004//6371 3954//6371
f 3955//6372 4005//6372 4004//6372
f 3956//6373 4005//6373 3955//6373
f 3956//6374 4006//6374 4005//6374
f 3957//6375 4006//6375 3956//6375
f 3957//6376 4007//6376 4006//6376
f 3958//6377 4007//6377 3957//6377
f 3958//6378 4008//6378 4007//6378
f 3959//6379 4008//6379 3958//6379
f 3959//6380 4009//6380 4008//6380
f 3960//6381 4009//6381 3959//6381
f 3960//6382 4010//6382 4009//6382
f 3961//6383 4010//6383 3960//6383
f 3961//6384 4011//6384 4010//6384
f 3962//6385 4011//6385 3961//6385
f 3962//6386 4012//6386 4011//6386
f 3963//6387 4012//6387 3962//6387
f 3963//6388 4013//6388 4012//6388
f 3964//6389 4013//6389 3963//6389
f 3964//6390 4014//6390 4013//6390
f 3965//6391 4014//6391 3964//6391
f 3965//6392 4015//6392 4014//6392
f 3966//6393 4015//6393 3965//6393
f 3966//6394 4016//6394 4015//6394
f 3967//6395 4016//6395 3966//6395
f 3967//6396 4017//6396 4016//6396
f 3968//6397 4017//6397 3967//6397
f 3968//6398 4018//6398 4017//6398
f 3969//6399 4018//6399 3968//6399
f 3969//6400 4019//6400 4018//6400
f 3970//6401 4019//6401 3969//6401
f 3970//6402 4020//6402 4019//6402
f 3971//6403 4020//6403 3970//6403
f 3971//6404 4021//6404 4020//6404
f 3972//6405 4021//6405 3971//6405
f 3972//6406 4022//6406 4021//6406
f 3973//6407 4022//6407 3972//6407
f 3973//6408 4023//6408 4022//6408
f 3974//6409 4023//6409 3973//6409
f 3974//6410 4024//6410 4023//6410
f 3975//6411 4024//6411 3974//6411
f 3975//6412 4025//6412 4024//6412
f 3976//6413 4025//6413 3975//6413
f 3976//6414 4026//6414 4025//6414
f 3977//6415 4026//6415 3976//6415
f 3977//6416 4027//6416 4026//6416
f 3978//6417 4027//6417 3977//6417
f 3978//6418 4028//6418 4027//6418
f 3979//6419 4028//6419 3978//6419
f 3979//6420 4029//6420 4028//6420
f 3980//6421 4029//6421 3979//6421
f 3980//6422 4030//6422 4029//6422
f 3981//6423 4030//6423 3980//6423
f 3981//6424 4031//6424 4030//6424
f 3982//6425 4031//6425 3981//6425
f 3982//6426 4032//6426 4031//6426
f 3983//6427 4032//6427 3982//6427
f 3983//6428 4033//6428 4032//6428
f 3986//6429 4033//6429 3983//6429
f 3986//6430 4034//6430 4033//6430
f 3997//6431 4034//6431 3986//6431
f 3999//6432 4035//6432 3998//6432
f 3999//6433 4036//6433 4035//6433
f 3997//6434 4037//6434 4034//6434
f 4038//6435 3988//6435 3987//6435
f 4039//6436 3988//6436 4038//6436
f 4039//6437 3989//6437 3988//6437
f 4040//6438 3989//6438 4039//6438
f 4040//6439 3990//6439 3989//6439
f 4041//6440 3990//6440 4040//6440
f 4041//6441 3991//6441 3990//6441
f 4042//6442 3991//6442 4041//6442
f 4042//6443 3992//6443 3991//6443
f 4043//6444 3992//6444 4042//6444
f 4043//6445 3993//6445 3992//6445
f 4044//6446 3993//6446 4043//6446
f 4044//6447 3994//6447 3993//6447
f 4045//6448 3994//6448 4044//6448
f 4045//6449 3995//6449 3994//6449
f 4046//6450 3995//6450 4045//6450
f 4046//6451 3996//6451 3995//6451
f 4047//6452 3996//6452 4046//6452
f 4047//6453 3997//6453 3996//6453
f 4048//6454 3997//6454 4047//6454
f 4048//6455 4037//6455 3997//6455
f 4049//6456 4037//6456 4048//6456
f 4036//6457 4050//6457 4035//6457
f 4036//6458 4051//6458 4050//6458
f 4001//6459 4052//6459 4000//6459
f 4001//6460 4053//6460 4052//6460
f 4002//6461 4053//6461 4001//6461
f 4002//6462 4054//6462 4053//6462
f 4003//6463 4054//6463 4002//6463
f 4003//6464 4055//6464 4054//6464
f 4004//6465 4055//6465 4003//6465
f 4004//6466 4056//6466 4055//6466
f 4005//6467 4056//6467 4004//6467
f 4005//6468 4057//6468 4056//6468
f 4006//6469 4057//6469 4005//6469
f 4006//6470 4058//6470 4057//6470
f 4007//6471 4058//6471 4006//6471
f 4007//6472 4059//6472 4058//6472
f 4008//6473 4059//6473 4007//6473
f 4008//6474 4060//6474 4059//6474
f 4009//6475 4060//6475 4008//6475
f 4009//6476 4061//6476 4060//6476
f 4010//6477 4061//6477 4009//6477
f 4010//6478 4062//6478 4061//6478
f 4011//6479 4062//6479 4010//6479
f 4011//6480 4063//6480 4062//6480
f 4012//6481 4063//6481 4011//6481
f 4012//6482 4064//6482 4063//6482
f 4013//6483 4064//6483 4012//6483
f 4013//6484 4065//6484 4064//6484
f 4014//6485 4065//6485 4013//6485
f 4014//6486 4066//6486 4065//6486
f 4015//6487 4066//6487 4014//6487
f 4015//6488 4067//6488 4066//6488
f 4016//6489 4067//6489 4015//6489
f 4016//6490 4068//6490 4067//6490
f 4017//6491 4068//6491 4016//6491
f 4017//6492 4069//6492 4068//6492
f 4018//6493 4069//6493 4017//6493
f 4018//6494 4070//6494 4069//6494
f 4019//6495 4070//6495 4018//6495
f 4019//6496 4071//6496 4070//6496
f 4020//6497 4071//6497 4019//6497
f 4020//6498 4072//6498 4071//6498
f 4021//6499 4072//6499 4020//6499
f 4021//6500 4073//6500 4072//6500
f 4022//6501 4073//6501 4021//6501
f 4022//6502 4074//6502 4073//6502
f 4023//6503 4074//6503 4022//6503
f 4023//6504 4075//6504 4074//6504
f 4024//6505 4075//6505 4023//6505
f 4024//6506 4076//6506 4075//6506
f 4025//6507 4076//6507 4024//6507
f 4025//6508 4077//6508 4076//6508
f 4026//6509 4077//6509 4025//6509
f 4026//6510 4078//6510 4077//6510
f 4027//6511 4078//6511 4026//6511
f 4027//6512 4079//6512 4078//6512
f 4028//6513 4079//6513 4027//6513
f 4028//6514 4080//6514 4079//6514
f 4029//6515 4080//6515 4028//6515
f 4029//6516 4081//6516 4080//6516
f 4030//6517 4081//6517 4029//6517
f 4030//6518 4082//6518 4081//6518
f 4031//6519 4082//6519 4030//6519
f 4031//6520 4083//6520 4082//6520
f 4032//6521 4083//6521 4031//6521
f 4032//6522 4084//6522 4083//6522
f 4033//6523 4084//6523 4032//6523
f 4033//6524 4085//6524 4084//6524
f 4034//6525 4085//6525 4033//6525
f 4034//6526 4086//6526 4085//6526
f 4037//6527 4086//6527 4034//6527
f 4037//6528 4087//6528 4086//6528
f 4049//6529 4087//6529 4037//6529
f 4051//6530 4088//6530 4050//6530
f 4051//6531 4089//6531 4088//6531
f 4049//6532 4090//6532 4087//6532
f 4091//6533 4039//6533 4038//6533
f 4092//6534 4039//6534 4091//6534
f 4092//6535 4040//6535 4039//6535
f 4093//6536 4040//6536 4092//6536
f 4093//6537 4041//6537 4040//6537
f 4094//6538 4041//6538 4093//6538
f 4094//6539 4042//6539 4041//6539
f 4095//6540 4042//6540 4094//6540
f 4095//6541 4043//6541 4042//6541
f 4096//6542 4043//6542 4095//6542
f 4096//6543 4044//6543 4043//6543
f 4097//6544 4044//6544 4096//6544
f 4097//6545 4045//6545 4044//6545
f 4098//6546 4045//6546 4097//6546
f 4098//6547 4046//6547 4045//6547
f 4099//6548 4046//6548 4098//6548
f 4099//6549 4047//6549 4046//6549
f 4100//6550 4047//6550 4099//6550
f 4100//6551 4048//6551 4047//6551
f 4101//6552 4048//6552 4100//6552
f 4101//6553 4049//6553 4048//6553
f 4102//6554 4049//6554 4101//6554
f 4102//6555 4090//6555 4049//6555
f 4103//6556 4090//6556 4102//6556
f 4089//6557 4104//6557 4088//6557
f 4089//6558 4105//6558 4104//6558
f 4053//6559 4106//6559 4052//6559
f 4053//6560 4107//6560 4106//6560
f 4054//6561 4107//6561 4053//6561
f 4054//6562 4108//6562 4107//6562
f 4055//6563 4108//6563 4054//6563
f 4055//6564 4109//6564 4108//6564
f 4056//6565 4109//6565 4055//6565
f 4056//6566 4110//6566 4109//6566
f 4057//6567 4110//6567 4056//6567
f 4057//6568 4111//6568 4110//6568
f 4058//6569 4111//6569 4057//6569
f 4058//6570 4112//6570 4111//6570
f 4059//6571 4112//6571 4058//6571
f 4059//6572 4113//6572 4112//6572
f 4060//6573 4113//6573 4059//6573
f 4060//6574 4114//6574 4113//6574
f 4061//6575 4114//6575 4060//6575
f 4061//6576 4115//6576 4114//6576
f 4062//6577 4115//6577 4061//6577
f 4062//6578 4116//6578 4115//6578
f 4063//6579 4116//6579 4062//6579
f 4063//6580 4117//6580 4116//6580
f 4064//6581 4117//6581 4063//6581
f 4064//6582 4118//6582 4117//6582
f 4065//6583 4118//6583 4064//6583
f 4065//6584 4119//6584 4118//6584
f 4066//6585 4119//6585 4065//6585
f 4066//6586 4120//6586 4119//6586
f 4067//6587 4120//6587 4066//6587
f 4067//6588 4121//6588 4120//6588
f 4068//6589 4121//6589 4067//6589
f 4068//6590 4122//6590 4121//6590
f 4069//6591 4122//6591 4068//6591
f 4069//6592 4123//6592 4122//6592
f 4070//6593 4123//6593 4069//6593
f 4070//6594 4124//6594 4123//6594
f 4071//6595 4124//6595 4070//6595
f 4071//6596 4125//6596 4124//6596
f 4072//6597 4125//6597 4071//6597
f 4072//6598 4126//6598 4125//6598
f 4073//6599 4126//6599 4072//6599
f 4073//6600 4127//6600 4126//6600
f 4074//6601 4127//6601 4073//6601
f 4074//6602 4128//6602 4127//6602
f 4075//6603 4128//6603 4074//6603
f 4075//6604 4129//6604 4128//6604
f 4076//6605 4129//6605 4075//6605
f 4076//6606 4130//6606 4129//6606
f 4077//6607 4130//6607 4076//6607
f 4077//6608 4131//6608 4130//6608
f 4078//6609 4131//6609 4077//6609
f 4078//6610 4132//6610 4131//6610
f 4079//6611 4132//6611 4078//6611
f 4079//6612 4133//6612 4132//6612
f 4080//6613 4133//6613 4079//6613
f 4080//6614 4134//6614 4133//6614
f 4081//6615 4134//6615 4080//6615
f 4081//6616 4135//6616 4134//6616
f 4082//6617 4135//6617 4081//6617
f 4082//6618 4136//6618 4135//6618
f 4083//6619 4136//6619 4082//6619
f 4083//6620 4137//6620 4136//6620
f 4084//6621 4137//6621 4083//6621
f 4084//6622 4138//6622 4137//6622
f 4085//6623 4138//6623 4084//6623
f 4085//6624 4139//6624 4138//6624
f 4086//6625 4139//6625 4085//6625
f 4086//6626 4140//6626 4139//6626
f 4087//6627 4140//6627 4086//6627
f 4087//6628 4141//6628 4140//6628
f 4090//6629 4141//6629 4087//6629
f 4090//6630 4142//6630 4141//6630
f 4103//6631 4142//6631 4090//6631
f 4105//6632 4143//6632 4104//6632
f 4105//6633 4144//6633 4143//6633
f 4145//6634 4146//6634 4147//6634
f 4103//6635 4148//6635 4142//6635
f 4149//6636 4092//6636 4091//6636
f 4150//6637 4092//6637 4149//6637
f 4150//6638 4093//6638 4092//6638
f 4151//6639 4093//6639 4150//6639
f 4151//6640 4094//6640 4093//6640
f 4152//6641 4094//6641 4151//6641
f 4152//6642 4095//6642 4094//6642
f 4153//6643 4095//6643 4152//6643
f 4153//6644 4096//6644 4095//6644
f 4154//6645 4096//6645 4153//6645
f 4154//6646 4097//6646 4096//6646
f 4155//6647 4097//6647 4154//6647
f 4155//6648 4098//6648 4097//6648
f 4156//6649 4098//6649 4155//6649
f 4156//6650 4099//6650 4098//6650
f 4157//6651 4099//6651 4156//6651
f 4157//6652 4100//6652 4099//6652
f 4158//6653 4100//6653 4157//6653
f 4158//6654 4101//6654 4100//6654
f 4159//6655 4101//6655 4158//6655
f 4159//6656 4102//6656 4101//6656
f 4160//6657 4102//6657 4159//6657
f 4160//6658 4103//6658 4102//6658
f 4161//6659 4103//6659 4160//6659
f 4161//6660 4148//6660 4103//6660
f 4162//6661 4148//6661 4161//6661
f 4144//6662 4163//6662 4143//6662
f 4163//6663 4164//6663 4165//6663
f 4144//6664 4164//6664 4163//6664
f 4147//6665 4166//6665 4167//6665
f 4146//6666 4166//6666 4147//6666
f 4146//6667 4168//6667 4166//6667
f 4107//6668 4169//6668 4106//6668
f 4107//6669 4170//6669 4169//6669
f 4108//6670 4170//6670 4107//6670
f 4108//6671 4171//6671 4170//6671
f 4109//6672 4171//6672 4108//6672
f 4109//6673 4172//6673 4171//6673
f 4110//6674 4172//6674 4109//6674
f 4110//6675 4173//6675 4172//6675
f 4111//6676 4173//6676 4110//6676
f 4111//6677 4174//6677 4173//6677
f 4112//6678 4174//6678 4111//6678
f 4112//6679 4175//6679 4174//6679
f 4113//6680 4175//6680 4112//6680
f 4113//6681 4176//6681 4175//6681
f 4114//6682 4176//6682 4113//6682
f 4114//6683 4177//6683 4176//6683
f 4115//6684 4177//6684 4114//6684
f 4115//6685 4178//6685 4177//6685
f 4116//6686 4178//6686 4115//6686
f 4116//6687 4179//6687 4178//6687
f 4117//6688 4179//6688 4116//6688
f 4117//6689 4180//6689 4179//6689
f 4118//6690 4180//6690 4117//6690
f 4118//6691 4181//6691 4180//6691
f 4119//6692 4181//6692 4118//6692
f 4119//6693 4182//6693 4181//6693
f 4120//6694 4182//6694 4119//6694
f 4120//6695 4183//6695 4182//6695
f 4121//6696 4183//6696 4120//6696
f 4121//6697 4184//6697 4183//6697
f 4122//6698 4184//6698 4121//6698
f 4122//6699 4185//6699 4184//6699
f 4123//6700 4185//6700 4122//6700
f 4123//6701 4186//6701 4185//6701
f 4124//6702 4186//6702 4123//6702
f 4124//6703 4187//6703 4186//6703
f 4125//6704 4187//6704 4124//6704
f 4125//6705 4188//6705 4187//6705
f 4126//6706 4188//6706 4125//6706
f 4126//6707 4189//6707 4188//6707
f 4127//6708 4189//6708 4126//6708
f 4127//6709 4190//6709 4189//6709
f 4128//6710 4190//6710 4127//6710
f 4128//6711 4191//6711 4190//6711
f 4129//6712 4191//6712 4128//6712
f 4129//6713 4192//6713 4191//6713
f 4130//6714 4192//6714 4129//6714
f 4130//6715 4193//6715 4192//6715
f 4131//6716 4193//6716 4130//6716
f 4131//6717 4194//6717 4193//6717
f 4132//6718 4194//6718 4131//6718
f 4132//6719 4195//6719 4194//6719
f 4133//6720 4195//6720 4132//6720
f 4133//6721 4196//6721 4195//6721
f 4134//6722 4196//6722 4133//6722
f 4134//6723 4197//6723 4196//6723
f 4135//6724 4197//6724 4134//6724
f 4135//6725 4198//6725 4197//6725
f 4136//6726 4198//6726 4135//6726
f 4136//6727 4199//6727 4198//6727
f 4137//6728 4199//6728 4136//6728
f 4137//6729 4200//6729 4199//6729
f 4138//6730 4200//6730 4137//6730
f 4138//6731 4201//6731 4200//6731
f 4139//6732 4201//6732 4138//6732
f 4139//6733 4202//6733 4201//6733
f 4140//6734 4202//6734 4139//6734
f 4140//6735 4203//6735 4202//6735
f 4141//6736 4203//6736 4140//6736
f 4141//6737 4204//6737 4203//6737
f 4142//6738 4204//6738 4141//6738
f 4142//6739 4205//6739 4204//6739
f 4148//6740 4205//6740 4142//6740
f 4148//6741 4206//6741 4205//6741
f 4162//6742 4206//6742 4148//6742
f 4170//6743 4207//6743 4169//6743
f 4170//6744 4208//6744 4207//6744
f 4171//6745 4208//6745 4170//6745
f 4171//6746 4209//6746 4208//6746
f 4172//6747 4209//6747 4171//6747
f 4172//6748 4210//6748 4209//6748
f 4173//6749 4210//6749 4172//6749
f 4173//6750 4211//6750 4210//6750
f 4174//6751 4211//6751 4173//6751
f 4174//6752 4212//6752 4211//6752
f 4175//6753 4212//6753 4174//6753
f 4175//6754 4213//6754 4212//6754
f 4176//6755 4213//6755 4175//6755
f 4176//6756 4214//6756 4213//6756
f 4177//6757 4214//6757 4176//6757
f 4177//6758 4215//6758 4214//6758
f 4178//6759 4215//6759 4177//6759
f 4178//6760 4216//6760 4215//6760
f 4179//6761 4216//6761 4178//6761
f 4179//6762 4217//6762 4216//6762
f 4180//6763 4217//6763 4179//6763
f 4180//6764 4218//6764 4217//6764
f 4181//6765 4218//6765 4180//6765
f 4181//6766 4219//6766 4218//6766
f 4182//6767 4219//6767 4181//6767
f 4182//6768 4220//6768 4219//6768
f 4183//6769 4220//6769 4182//6769
f 4183//6770 4221//6770 4220//6770
f 4184//6771 4221//6771 4183//6771
f 4184//6772 4222//6772 4221//6772
f 4185//6773 4222//6773 4184//6773
f 4185//6774 4223//6774 4222//6774
f 4186//6775 4223//6775 4185//6775
f 4186//6776 4224//6776 4223//6776
f 4187//6777 4224//6777 4186//6777
f 4187//6778 4225//6778 4224//6778
f 4188//6779 4225//6779 4187//6779
f 4188//6780 4226//6780 4225//6780
f 4189//6781 4226//6781 4188//6781
f 4189//6782 4227//6782 4226//6782
f 4190//6783 4227//6783 4189//6783
f 4190//6784 4228//6784 4227//6784
f 4191//6785 4228//6785 4190//6785
f 4191//6786 4229//6786 4228//6786
f 4192//6787 4229//6787 4191//6787
f 4192//6788 4230//6788 4229//6788
f 4193//6789 4230//6789 4192//6789
f 4193//6790 4231//6790 4230//6790
f 4194//6791 4231//6791 4193//6791
f 4194//6792 4232//6792 4231//6792
f 4195//6793 4232//6793 4194//6793
f 4195//6794 4233//6794 4232//6794
f 4196//6795 4233//6795 4195//6795
f 4196//6796 4234//6796 4233//6796
f 4197//6797 4234//6797 4196//6797
f 4197//6798 4235//6798 4234//6798
f 4198//6799 4235//6799 4197//6799
f 4198//6800 4236//6800 4235//6800
f 4199//6801 4236//6801 4198//6801
f 4199//6802 4237//6802 4236//6802
f 4200//6803 4237//6803 4199//6803
f 4200//6804 4238//6804 4237//6804
f 4201//6805 4238//6805 4200//6805
f 4201//6806 4239//6806 4238//6806
f 4202//6807 4239//6807 4201//6807
f 4202//6808 4240//6808 4239//6808
f 4203//6809 4240//6809 4202//6809
f 4203//6810 4241//6810 4240//6810
f 4204//6811 4241//6811 4203//6811
f 4204//6812 4242//6812 4241//6812
f 4205//6813 4242//6813 4204//6813
f 4205//6814 4243//6814 4242//6814
f 4206//6815 4243//6815 4205//6815
f 3494//6816 4244//6816 4245//6816
f 3493//6817 4244//6817 3494//6817
f 3493//6818 4246//6818 4244//6818
f 3500//6819 4246//6819 3493//6819
f 3500//6820 4247//6820 4246//6820
f 3506//6821 4247//6821 3500//6821
f 3506//6822 4248//6822 4247//6822
f 3512//6823 4248//6823 3506//6823
f 3512//6824 4249//6824 4248//6824
f 3518//6825 4249//6825 3512//6825
f 3518//6826 4250//6826 4249//6826
f 3524//6827 4250//6827 3518//6827
f 3524//6828 4251//6828 4250//6828
f 3530//6829 4251//6829 3524//6829
f 3530//6830 4252//6830 4251//6830
f 3536//6831 4252//6831 3530//6831
f 3536//6832 4253//6832 4252//6832
f 3543//6833 4253//6833 3536//6833
f 3543//6834 4254//6834 4253//6834
f 3558//6835 4254//6835 3543//6835
f 3558//6836 4255//6836 4254//6836
f 3563//6837 4255//6837 3558//6837
f 3563//6838 4256//6838 4255//6838
f 3567//6839 4256//6839 3563//6839
f 3567//6840 4257//6840 4256//6840
f 3571//6841 4257//6841 3567//6841
f 3571//6842 4258//6842 4257//6842
f 3575//6843 4258//6843 3571//6843
f 3575//6844 4259//6844 4258//6844
f 3579//6845 4259//6845 3575//6845
f 3579//6846 4260//6846 4259//6846
f 3583//6847 4260//6847 3579//6847
f 3583//6848 4261//6848 4260//6848
f 3587//6849 4261//6849 3583//6849
f 3587//6850 4262//6850 4261//6850
f 3591//6851 4262//6851 3587//6851
f 3591//6852 4263//6852 4262//6852
f 3595//6853 4263//6853 3591//6853
f 3595//6854 4264//6854 4263//6854
f 3599//6855 4264//6855 3595//6855
f 3599//6856 4265//6856 4264//6856
f 3603//6857 4265//6857 3599//6857
f 3603//6858 4266//6858 4265//6858
f 3607//6859 4266//6859 3603//6859
f 3607//6860 4267//6860 4266//6860
f 3611//6861 4267//6861 3607//6861
f 3611//6862 4268//6862 4267//6862
f 3615//6863 4268//6863 3611//6863
f 3615//6864 4269//6864 4268//6864
f 3620//6865 4269//6865 3615//6865
f 3620//6866 4270//6866 4269//6866
f 3648//6867 4270//6867 3620//6867
f 3648//6868 4271//6868 4270//6868
f 3654//6869 4271//6869 3648//6869
f 3654//6870 4272//6870 4271//6870
f 3683//6871 4272//6871 3654//6871
f 3683//6872 4273//6872 4272//6872
f 3690//6873 4273//6873 3683//6873
f 3690//6874 4274//6874 4273//6874
f 3720//6875 4274//6875 3690//6875
f 3720//6876 4275//6876 4274//6876
f 3728//6877 4275//6877 3720//6877
f 3728//6878 4276//6878 4275//6878
f 3759//6879 4276//6879 3728//6879
f 3759//6880 4277//6880 4276//6880
f 3768//6881 4277//6881 3759//6881
f 3768//6882 4278//6882 4277//6882
f 3800//6883 4278//6883 3768//6883
f 3800//6884 4279//6884 4278//6884
f 3810//6885 4279//6885 3800//6885
f 3810//6886 4280//6886 4279//6886
f 3843//6887 4280//6887 3810//6887
f 3843//6888 4281//6888 4280//6888
f 3854//6889 4281//6889 3843//6889
f 3854//6890 4282//6890 4281//6890
f 3888//6891 4282//6891 3854//6891
f 3888//6892 4283//6892 4282//6892
f 3900//6893 4283//6893 3888//6893
f 3900//6894 4284//6894 4283//6894
f 3935//6895 4284//6895 3900//6895
f 3935//6896 4285//6896 4284//6896
f 3948//6897 4285//6897 3935//6897
f 3948//6898 4286//6898 4285//6898
f 3984//6899 4286//6899 3948//6899
f 3984//6900 4287//6900 4286//6900
f 3998//6901 4287//6901 3984//6901
f 3998//6902 4288//6902 4287//6902
f 4035//6903 4288//6903 3998//6903
f 4035//6904 4289//6904 4288//6904
f 4050//6905 4289//6905 4035//6905
f 4050//6906 4290//6906 4289//6906
f 4088//6907 4290//6907 4050//6907
f 4088//6908 4291//6908 4290//6908
f 4104//6909 4291//6909 4088//6909
f 4104//6910 4292//6910 4291//6910
f 4143//6911 4292//6911 4104//6911
f 4143//6912 4293//6912 4292//6912
f 4163//6913 4293//6913 4143//6913
f 4163//6914 4294//6914 4293//6914
f 4165//6915 4294//6915 4163//6915
f 4164//6916 4295//6916 4165//6916
f 4245//6917 4296//6917 4297//6917
f 4244//6918 4296//6918 4245//6918
f 4244//6919 4298//6919 4296//6919
f 4246//6920 4298//6920 4244//6920
f 4246//6921 4299//6921 4298//6921
f 4247//6922 4299//6922 4246//6922
f 4247//6923 4300//6923 4299//6923
f 4248//6924 4300//6924 4247//6924
f 4248//6925 4301//6925 4300//6925
f 4249//6926 4301//6926 4248//6926
f 4249//6927 4302//6927 4301//6927
f 4250//6928 4302//6928 4249//6928
f 4250//6929 4303//6929 4302//6929
f 4251//6930 4303//6930 4250//6930
f 4251//6931 4304//6931 4303//6931
f 4252//6932 4304//6932 4251//6932
f 4252//6933 4305//6933 4304//6933
f 4253//6934 4305//6934 4252//6934
f 4253//6935 4306//6935 4305//6935
f 4254//6936 4306//6936 4253//6936
f 4254//6937 4307//6937 4306//6937
f 4255//6938 4307//6938 4254//6938
f 4255//6939 4308//6939 4307//6939
f 4256//6940 4308//6940 4255//6940
f 4256//6941 4309//6941 4308//6941
f 4257//6942 4309//6942 4256//6942
f 4257//6943 4310//6943 4309//6943
f 4258//6944 4310//6944 4257//6944
f 4258//6945 4311//6945 4310//6945
f 4259//6946 4311//6946 4258//6946
f 4259//6947 4312//6947 4311//6947
f 4260//6948 4312//6948 4259//6948
f 4260//6949 4313//6949 4312//6949
f 4261//6950 4313//6950 4260//6950
f 4261//6951 4314//6951 4313//6951
f 4262//6952 4314//6952 4261//6952
f 4262//6953 4315//6953 4314//6953
f 4263//6954 4315//6954 4262//6954
f 4263//6955 4316//6955 4315//6955
f 4264//6956 4316//6956 4263//6956
f 4264//6957 4317//6957 4316//6957
f 4265//6958 4317//6958 4264//6958
f 4265//6959 4318//6959 4317//6959
f 4266//6960 4318//6960 4265//6960
f 4266//6961 4319//6961 4318//6961
f 4267//6962 4319//6962 4266//6962
f 4267//6963 4320//6963 4319//6963
f 4268//6964 4320//6964 4267//6964
f 4268//6965 4321//6965 4320//6965
f 4269//6966 4321//6966 4268//6966
f 4269//6967 4322//6967 4321//6967
f 4270//6968 4322//6968 4269//6968
f 4270//6969 4323//6969 4322//6969
f 4271//6970 4323//6970 4270//6970
f 4271//6971 4324//6971 4323//6971
f 4272//6972 4324//6972 4271//6972
f 4272//6973 4325//6973 4324//6973
f 4273//6974 4325//6974 4272//6974
f 4273//6975 4326//6975 4325//6975
f 4274//6976 4326//6976 4273//6976
f 4274//6977 4327//6977 4326//6977
f 4275//6978 4327//6978 4274//6978
f 4275//6979 4328//6979 4327//6979
f 4276//6980 4328//6980 4275//6980
f 4276//6981 4329//6981 4328//6981
f 4277//6982 4329//6982 4276//6982
f 4277//6983 4330//6983 4329//6983
f 4278//6984 4330//6984 4277//6984
f 4278//6985 4331//6985 4330//6985
f 4279//6986 4331//6986 4278//6986
f 4279//6987 4332//6987 4331//6987
f 4280//6988 4332//6988 4279//6988
f 4280//6989 4333//6989 4332//6989
f 4281//6990 4333//6990 4280//6990
f 4281//6991 4334//6991 4333//6991
f 4282//6992 4334//6992 4281//6992
f 4282//6993 4335//6993 4334//6993
f 4283//6994 4335//6994 4282//6994
f 4283//6995 4336//6995 4335//6995
f 4284//6996 4336//6996 4283//6996
f 4284//6997 4337//6997 4336//6997
f 4285//6998 4337//6998 4284//6998
f 4285//6999 4338//6999 4337//6999
f 4286//7000 4338//7000 4285//7000
f 4286//7001 4339//7001 4338//7001
f 4287//7002 4339//7002 4286//7002
f 4287//7003 4340//7003 4339//7003
f 4288//7004 4340//7004 4287//7004
f 4288//7005 4341//7005 4340//7005
f 4289//7006 4341//7006 4288//7006
f 4289//7007 4342//7007 4341//7007
f 4290//7008 4342//7008 4289//7008
f 4290//7009 4343//7009 4342//7009
f 4291//7010 4343//7010 4290//7010
f 4291//7011 4344//7011 4343//7011
f 4292//7012 4344//7012 4291//7012
f 4292//7013 4345//7013 4344//7013
f 4293//7014 4345//7014 4292//7014
f 4293//7015 4346//7015 4345//7015
f 4294//7016 4346//7016 4293//7016
f 4294//7017 65//7017 4346//7017
f 4294//7018 76//7018 65//7018
f 4165//7019 76//7019 4294//7019
f 4165//7020 79//7020 76//7020
f 4295//7021 79//7021 4165//7021
f 93//7022 92//7022 4347//7022
f 97//7023 94//7023 4348//7023
f 4166//7024 102//7024 4167//7024
f 4166//7025 103//7025 102//7025
f 4168//7026 103//7026 4166//7026
f 103//7027 2744//7027 104//7027
f 4168//7028 2744//7028 103//7028
f 4168//7029 2742//7029 2744//7029
f 4146//7030 2742//7030 4168//7030
f 4146//7031 2740//7031 2742//7031
f 4145//7032 2740//7032 4146//7032
f 4145//7033 2738//7033 2740//7033
f 2736//7034 2738//7034 4145//7034
f 4349//7035 102//7035 99//7035
f 4349//7036 4167//7036 102//7036
f 4350//7037 4167//7037 4349//7037
f 4350//7038 4147//7038 4167//7038
f 4351//7039 4147//7039 4350//7039
f 4351//7040 4145//7040 4147//7040
f 4352//7041 4145//7041 4351//7041
f 4352//7042 2736//7042 4145//7042
f 2734//7043 2736//7043 4352//7043
f 4348//7044 99//7044 97//7044
f 4348//7044 4349//7044 99//7044
f 4353//7045 4349//7045 4348//7045
f 4353//7046 4350//7046 4349//7046
f 4354//7047 4350//7047 4353//7047
f 4354//7048 4351//7048 4350//7048
f 4355//7049 4351//7049 4354//7049
f 4355//7050 4352//7050 4351//7050
f 4356//7051 4352//7051 4355//7051
f 4356//7052 2734//7052 4352//7052
f 2733//7053 2734//7053 4356//7053
f 4357//7054 4348//7054 94//7054
f 4358//7055 4348//7055 4357//7055
f 4358//7056 4353//7056 4348//7056
f 4359//7057 4353//7057 4358//7057
f 4359//7058 4354//7058 4353//7058
f 4360//7059 4354//7059 4359//7059
f 4360//7060 4355//7060 4354//7060
f 4361//7061 4355//7061 4360//7061
f 4361//7062 4356//7062 4355//7062
f 4362//7063 4356//7063 4361//7063
f 4362//7064 2733//7064 4356//7064
f 2731//7065 2733//7065 4362//7065
f 4347//7066 94//7066 93//7066
f 4347//7067 4357//7067 94//7067
f 4363//7068 4357//7068 4347//7068
f 4363//7069 4358//7069 4357//7069
f 4364//7070 4358//7070 4363//7070
f 4364//7071 4359//7071 4358//7071
f 4365//7072 4359//7072 4364//7072
f 4365//7073 4360//7073 4359//7073
f 4366//7074 4360//7074 4365//7074
f 4366//7075 4361//7075 4360//7075
f 4367//7076 4361//7076 4366//7076
f 4367//7077 4362//7077 4361//7077
f 4368//7078 4362//7078 4367//7078
f 4368//7079 2731//7079 4362//7079
f 2729//7080 2731//7080 4368//7080
f 4369//7081 92//7081 89//7081
f 4369//7082 4347//7082 92//7082
f 4370//7083 4347//7083 4369//7083
f 4370//7084 4363//7084 4347//7084
f 4371//7085 4363//7085 4370//7085
f 4371//7086 4364//7086 4363//7086
f 4372//7087 4364//7087 4371//7087
f 4372//7088 4365//7088 4364//7088
f 4373//7089 4365//7089 4372//7089
f 4373//7090 4366//7090 4365//7090
f 4374//7091 4366//7091 4373//7091
f 4374//7092 4367//7092 4366//7092
f 4375//7093 4367//7093 4374//7093
f 4375//7094 4368//7094 4367//7094
f 4376//7095 4368//7095 4375//7095
f 4376//7096 2729//7096 4368//7096
f 2728//7097 2729//7097 4376//7097
f 4377//7098 4369//7098 89//7098
f 4378//7099 4369//7099 4377//7099
f 4378//7100 4370//7100 4369//7100
f 4379//7101 4370//7101 4378//7101
f 4379//7102 4371//7102 4370//7102
f 4380//7103 4371//7103 4379//7103
f 4380//7104 4372//7104 4371//7104
f 4381//7105 4372//7105 4380//7105
f 4381//7106 4373//7106 4372//7106
f 4382//7107 4373//7107 4381//7107
f 4382//7108 4374//7108 4373//7108
f 4383//7109 4374//7109 4382//7109
f 4383//7110 4375//7110 4374//7110
f 4384//7111 4375//7111 4383//7111
f 4384//7112 4376//7112 4375//7112
f 4385//7113 4376//7113 4384//7113
f 4385//7114 2728//7114 4376//7114
f 2726//7115 2728//7115 4385//7115
f 4386//7116 89//7116 86//7116
f 4386//7117 4377//7117 89//7117
f 4387//7118 4377//7118 4386//7118
f 4387//7119 4378//7119 4377//7119
f 4388//7120 4378//7120 4387//7120
f 4388//7121 4379//7121 4378//7121
f 4389//7122 4379//7122 4388//7122
f 4389//7123 4380//7123 4379//7123
f 4390//7124 4380//7124 4389//7124
f 4390//7125 4381//7125 4380//7125
f 4391//7126 4381//7126 4390//7126
f 4391//7127 4382//7127 4381//7127
f 4392//7128 4382//7128 4391//7128
f 4392//7129 4383//7129 4382//7129
f 4393//7130 4383//7130 4392//7130
f 4393//7131 4384//7131 4383//7131
f 4394//7132 4384//7132 4393//7132
f 4394//7133 4385//7133 4384//7133
f 4395//7134 4385//7134 4394//7134
f 4395//7135 2726//7135 4385//7135
f 2724//7136 2726//7136 4395//7136
f 4396//7137 86//7137 85//7137
f 4396//7138 4386//7138 86//7138
f 4397//7139 4386//7139 4396//7139
f 4397//7118 4387//7118 4386//7118
f 4398//7140 4387//7140 4397//7140
f 4398//7141 4388//7141 4387//7141
f 4399//7142 4388//7142 4398//7142
f 4399//7143 4389//7143 4388//7143
f 4400//7144 4389//7144 4399//7144
f 4400//7145 4390//7145 4389//7145
f 4401//7146 4390//7146 4400//7146
f 4401//7147 4391//7147 4390//7147
f 4402//7148 4391//7148 4401//7148
f 4402//7149 4392//7149 4391//7149
f 4403//7150 4392//7150 4402//7150
f 4403//7151 4393//7151 4392//7151
f 4404//7152 4393//7152 4403//7152
f 4404//7153 4394//7153 4393//7153
f 4405//7154 4394//7154 4404//7154
f 4405//7155 4395//7155 4394//7155
f 4406//7156 4395//7156 4405//7156
f 4406//7157 2724//7157 4395//7157
f 2722//7158 2724//7158 4406//7158
f 4407//7159 4396//7159 85//7159
f 4408//7160 4396//7160 4407//7160
f 4408//7161 4397//7161 4396//7161
f 4409//7162 4397//7162 4408//7162
f 4409//7140 4398//7140 4397//7140
f 4410//7163 4398//7163 4409//7163
f 4410//7142 4399//7142 4398//7142
f 4411//7164 4399//7164 4410//7164
f 4411//7165 4400//7165 4399//7165
f 4412//7166 4400//7166 4411//7166
f 4412//7167 4401//7167 4400//7167
f 4413//7168 4401//7168 4412//7168
f 4413//7169 4402//7169 4401//7169
f 4414//7170 4402//7170 4413//7170
f 4414//7171 4403//7171 4402//7171
f 4415//7172 4403//7172 4414//7172
f 4415//7173 4404//7173 4403//7173
f 4416//7174 4404//7174 4415//7174
f 4416//7175 4405//7175 4404//7175
f 4417//7176 4405//7176 4416//7176
f 4417//7177 4406//7177 4405//7177
f 4418//7178 4406//7178 4417//7178
f 4418//7179 2722//7179 4406//7179
f 2721//7180 2722//7180 4418//7180
f 4419//7181 85//7181 84//7181
f 4419//7182 4407//7182 85//7182
f 4420//7183 4407//7183 4419//7183
f 4420//7184 4408//7184 4407//7184
f 4421//7185 4408//7185 4420//7185
f 4421//7186 4409//7186 4408//7186
f 4422//7187 4409//7187 4421//7187
f 4422//7188 4410//7188 4409//7188
f 4423//7189 4410//7189 4422//7189
f 4423//7190 4411//7190 4410//7190
f 4424//7191 4411//7191 4423//7191
f 4424//7192 4412//7192 4411//7192
f 4425//7193 4412//7193 4424//7193
f 4425//7194 4413//7194 4412//7194
f 4426//7195 4413//7195 4425//7195
f 4426//7196 4414//7196 4413//7196
f 4427//7197 4414//7197 4426//7197
f 4427//7198 4415//7198 4414//7198
f 4428//7199 4415//7199 4427//7199
f 4428//7200 4416//7200 4415//7200
f 4429//7201 4416//7201 4428//7201
f 4429//7202 4417//7202 4416//7202
f 4430//7203 4417//7203 4429//7203
f 4430//7204 4418//7204 4417//7204
f 4431//7205 4418//7205 4430//7205
f 4431//7206 2721//7206 4418//7206
f 2719//7207 2721//7207 4431//7207
f 148//7208 137//7208 4432//7208
f 4433//7209 4432//7209 4434//7209
f 4433//7210 148//7210 4432//7210
f 151//7211 148//7211 4433//7211
f 4435//7212 4434//7212 4436//7212
f 4435//7213 4433//7213 4434//7213
f 4437//7214 4433//7214 4435//7214
f 4437//7215 151//7215 4433//7215
f 154//7215 151//7215 4437//7215
f 4438//7216 4436//7216 4439//7216
f 4438//7217 4435//7217 4436//7217
f 4440//7218 4435//7218 4438//7218
f 4440//7219 4437//7219 4435//7219
f 4441//7220 4437//7220 4440//7220
f 4441//7221 154//7221 4437//7221
f 156//7222 154//7222 4441//7222
f 4442//7223 4439//7223 4443//7223
f 4442//7224 4438//7224 4439//7224
f 4444//7225 4438//7225 4442//7225
f 4444//7226 4440//7226 4438//7226
f 4445//7227 4440//7227 4444//7227
f 4445//7228 4441//7228 4440//7228
f 4446//7229 4441//7229 4445//7229
f 4446//7230 156//7230 4441//7230
f 157//7231 156//7231 4446//7231
f 4447//7232 4443//7232 4448//7232
f 4447//7233 4442//7233 4443//7233
f 4449//7234 4442//7234 4447//7234
f 4449//7235 4444//7235 4442//7235
f 4450//7236 4444//7236 4449//7236
f 4450//7237 4445//7237 4444//7237
f 4451//7238 4445//7238 4450//7238
f 4451//7239 4446//7239 4445//7239
f 4452//7240 4446//7240 4451//7240
f 4452//7241 157//7241 4446//7241
f 158//7242 157//7242 4452//7242
f 4453//7243 4448//7243 4454//7243
f 4453//7244 4447//7244 4448//7244
f 4455//7245 4447//7245 4453//7245
f 4455//7246 4449//7246 4447//7246
f 4456//7247 4449//7247 4455//7247
f 4456//7248 4450//7248 4449//7248
f 4457//7249 4450//7249 4456//7249
f 4457//7250 4451//7250 4450//7250
f 4458//7251 4451//7251 4457//7251
f 4458//7252 4452//7252 4451//7252
f 4459//7253 4452//7253 4458//7253
f 4459//7254 158//7254 4452//7254
f 161//7255 158//7255 4459//7255
f 4460//7256 4454//7256 4461//7256
f 4460//7257 4453//7257 4454//7257
f 4462//7258 4453//7258 4460//7258
f 4462//7259 4455//7259 4453//7259
f 4463//7260 4455//7260 4462//7260
f 4463//7261 4456//7261 4455//7261
f 4464//7262 4456//7262 4463//7262
f 4464//7263 4457//7263 4456//7263
f 4465//7264 4457//7264 4464//7264
f 4465//7265 4458//7265 4457//7265
f 4466//7265 4458//7265 4465//7265
f 4466//7266 4459//7266 4458//7266
f 4467//7267 4459//7267 4466//7267
f 4467//7268 161//7268 4459//7268
f 164//7269 161//7269 4467//7269
f 4468//7270 4461//7270 4469//7270
f 4468//7271 4460//7271 4461//7271
f 4470//7272 4460//7272 4468//7272
f 4470//7273 4462//7273 4460//7273
f 4471//7274 4462//7274 4470//7274
f 4471//7275 4463//7275 4462//7275
f 4472//7276 4463//7276 4471//7276
f 4472//7277 4464//7277 4463//7277
f 4473//7278 4464//7278 4472//7278
f 4473//7279 4465//7279 4464//7279
f 4474//7280 4465//7280 4473//7280
f 4474//7281 4466//7281 4465//7281
f 4475//7281 4466//7281 4474//7281
f 4475//7282 4467//7282 4466//7282
f 4476//7283 4467//7283 4475//7283
f 4476//7284 164//7284 4467//7284
f 165//7285 164//7285 4476//7285
f 3535//7286 4469//7286 3541//7286
f 3535//7287 4468//7287 4469//7287
f 3529//7288 4468//7288 3535//7288
f 3529//7289 4470//7289 4468//7289
f 3523//7290 4470//7290 3529//7290
f 3523//7291 4471//7291 4470//7291
f 3517//7292 4471//7292 3523//7292
f 3517//7293 4472//7293 4471//7293
f 3511//7294 4472//7294 3517//7294
f 3511//7295 4473//7295 4472//7295
f 3505//7296 4473//7296 3511//7296
f 3505//7297 4474//7297 4473//7297
f 3499//7298 4474//7298 3505//7298
f 3499//7299 4475//7299 4474//7299
f 3491//7300 4475//7300 3499//7300
f 3491//7301 4476//7301 4475//7301
f 3488//7302 4476//7302 3491//7302
f 3488//7303 165//7303 4476//7303
f 3490//7304 165//7304 3488//7304
f 3490//7305 166//7305 165//7305
f 3548//7306 166//7306 3490//7306
f 4477//7307 3562//7307 4478//7307
f 4477//7308 3557//7308 3562//7308
f 4479//7309 3557//7309 4477//7309
f 4479//7310 3556//7310 3557//7310
f 4480//7311 3556//7311 4479//7311
f 4480//7312 3555//7312 3556//7312
f 4481//7313 3555//7313 4480//7313
f 4481//7314 3554//7314 3555//7314
f 4482//7315 3554//7315 4481//7315
f 4482//7316 3553//7316 3554//7316
f 4483//7317 3553//7317 4482//7317
f 4483//7318 3552//7318 3553//7318
f 4484//7319 3552//7319 4483//7319
f 4484//7320 3551//7320 3552//7320
f 4485//7321 3551//7321 4484//7321
f 4485//7322 3550//7322 3551//7322
f 4486//7323 3550//7323 4485//7323
f 4486//7324 3549//7324 3550//7324
f 4487//7325 3549//7325 4486//7325
f 4487//7326 3547//7326 3549//7326
f 4488//7327 3547//7327 4487//7327
f 4488//7328 3548//7328 3547//7328
f 4489//7329 3548//7329 4488//7329
f 4489//7330 166//7330 3548//7330
f 169//7331 166//7331 4489//7331
f 4490//7332 4478//7332 4491//7332
f 4490//7333 4477//7333 4478//7333
f 4492//7334 4477//7334 4490//7334
f 4492//7335 4479//7335 4477//7335
f 4493//7336 4479//7336 4492//7336
f 4493//7337 4480//7337 4479//7337
f 4494//7338 4480//7338 4493//7338
f 4494//7339 4481//7339 4480//7339
f 4495//7340 4481//7340 4494//7340
f 4495//7341 4482//7341 4481//7341
f 4496//7342 4482//7342 4495//7342
f 4496//7343 4483//7343 4482//7343
f 4497//7344 4483//7344 4496//7344
f 4497//7345 4484//7345 4483//7345
f 4498//7346 4484//7346 4497//7346
f 4498//7347 4485//7347 4484//7347
f 4499//7348 4485//7348 4498//7348
f 4499//7349 4486//7349 4485//7349
f 4500//7350 4486//7350 4499//7350
f 4500//7351 4487//7351 4486//7351
f 4501//7352 4487//7352 4500//7352
f 4501//7353 4488//7353 4487//7353
f 4502//7354 4488//7354 4501//7354
f 4502//7355 4489//7355 4488//7355
f 4503//7356 4489//7356 4502//7356
f 4503//7357 169//7357 4489//7357
f 171//7358 169//7358 4503//7358
f 4491//7359 4169//7359 4207//7359
f 4478//7360 4169//7360 4491//7360
f 4478//7361 4106//7361 4169//7361
f 3562//7362 4106//7362 4478//7362
f 3562//7363 4052//7363 4106//7363
f 3542//7364 4052//7364 3562//7364
f 3542//7365 4000//7365 4052//7365
f 3541//7366 4000//7366 3542//7366
f 3541//7367 3950//7367 4000//7367
f 4469//7368 3950//7368 3541//7368
f 4469//7369 3902//7369 3950//7369
f 4461//7370 3902//7370 4469//7370
f 4461//7371 3856//7371 3902//7371
f 4454//7372 3856//7372 4461//7372
f 4454//7373 3812//7373 3856//7373
f 4448//7374 3812//7374 4454//7374
f 4448//7375 3770//7375 3812//7375
f 4443//7376 3770//7376 4448//7376
f 4443//7377 3730//7377 3770//7377
f 4439//7378 3730//7378 4443//7378
f 4439//7379 3692//7379 3730//7379
f 4436//7380 3692//7380 4439//7380
f 4436//7381 3656//7381 3692//7381
f 4434//7382 3656//7382 4436//7382
f 4434//7383 3622//7383 3656//7383
f 4432//7384 3622//7384 4434//7384
f 4432//7385 3486//7385 3622//7385
f 137//7386 3486//7386 4432//7386
f 137//7387 3484//7387 3486//7387
f 139//7388 3484//7388 137//7388
f 2628//7389 3484//7389 139//7389
f 2632//7390 3484//7390 2628//7390
f 2632//7391 3487//7391 3484//7391
f 2634//7392 3487//7392 2632//7392
f 2634//7393 3497//7393 3487//7393
f 2636//7394 3497//7394 2634//7394
f 2638//7395 3497//7395 2636//7395
f 2638//7396 3503//7396 3497//7396
f 2640//7397 3503//7397 2638//7397
f 2640//7398 3509//7398 3503//7398
f 2642//7399 3509//7399 2640//7399
f 2642//7400 3515//7400 3509//7400
f 2643//7401 3515//7401 2642//7401
f 2645//7402 3515//7402 2643//7402
f 2645//7403 3521//7403 3515//7403
f 2647//7404 3521//7404 2645//7404
f 2647//7405 3527//7405 3521//7405
f 2648//7406 3527//7406 2647//7406
f 2648//7407 3533//7407 3527//7407
f 2650//7408 3533//7408 2648//7408
f 2652//7409 3533//7409 2650//7409
f 2652//7410 3539//7410 3533//7410
f 2654//7411 3539//7411 2652//7411
f 2654//7412 3546//7412 3539//7412
f 2655//7413 3546//7413 2654//7413
f 2655//7414 3561//7414 3546//7414
f 2657//7415 3561//7415 2655//7415
f 2657//7416 3566//7416 3561//7416
f 2658//7417 3566//7417 2657//7417
f 2659//7418 3566//7418 2658//7418
f 2659//7419 3570//7419 3566//7419
f 2661//7420 3570//7420 2659//7420
f 2661//7421 3574//7421 3570//7421
f 2662//7422 3574//7422 2661//7422
f 2662//7423 3578//7423 3574//7423
f 2663//7424 3578//7424 2662//7424
f 2665//7425 3578//7425 2663//7425
f 2665//7426 3582//7426 3578//7426
f 2666//7427 3582//7427 2665//7427
f 2666//7428 3586//7428 3582//7428
f 2667//7429 3586//7429 2666//7429
f 2669//7430 3586//7430 2667//7430
f 2669//7431 3590//7431 3586//7431
f 2670//7432 3590//7432 2669//7432
f 2670//7433 3594//7433 3590//7433
f 2671//7434 3594//7434 2670//7434
f 2671//7435 3598//7435 3594//7435
f 2673//7436 3598//7436 2671//7436
f 2674//7437 3598//7437 2673//7437
f 2674//7438 3602//7438 3598//7438
f 2676//7439 3602//7439 2674//7439
f 2676//7440 3606//7440 3602//7440
f 2677//7441 3606//7441 2676//7441
f 2677//7442 3610//7442 3606//7442
f 2678//7443 3610//7443 2677//7443
f 2678//7444 3614//7444 3610//7444
f 2698//7445 3614//7445 2678//7445
f 2699//7446 3614//7446 2698//7446
f 2699//7447 3618//7447 3614//7447
f 2700//7448 3618//7448 2699//7448
f 2702//7449 3618//7449 2700//7449
f 2702//7450 3651//7450 3618//7450
f 2703//7451 3651//7451 2702//7451
f 2703//7452 3686//7452 3651//7452
f 2705//7453 3686//7453 2703//7453
f 2706//7454 3686//7454 2705//7454
f 2706//7455 3723//7455 3686//7455
f 2707//7456 3723//7456 2706//7456
f 2707//7457 3762//7457 3723//7457
f 2709//7458 3762//7458 2707//7458
f 2709//7459 3803//7459 3762//7459
f 2710//7460 3803//7460 2709//7460
f 2710//7461 3846//7461 3803//7461
f 2711//7462 3846//7462 2710//7462
f 2711//7463 3891//7463 3846//7463
f 2713//7464 3891//7464 2711//7464
f 2713//7465 3938//7465 3891//7465
f 2714//7466 3938//7466 2713//7466
f 2714//7467 3987//7467 3938//7467
f 2715//7468 3987//7468 2714//7468
f 2715//7469 4038//7469 3987//7469
f 2717//7470 4038//7470 2715//7470
f 2717//7471 4091//7471 4038//7471
f 2718//7472 4091//7472 2717//7472
f 2718//7473 4149//7473 4091//7473
f 2719//7474 4149//7474 2718//7474
f 4431//7475 4149//7475 2719//7475
f 4431//7476 4150//7476 4149//7476
f 4430//7477 4150//7477 4431//7477
f 4430//7478 4151//7478 4150//7478
f 4429//7479 4151//7479 4430//7479
f 4429//7480 4152//7480 4151//7480
f 4428//7481 4152//7481 4429//7481
f 4428//7482 4153//7482 4152//7482
f 4427//7483 4153//7483 4428//7483
f 4427//7484 4154//7484 4153//7484
f 4426//7485 4154//7485 4427//7485
f 4426//7486 4155//7486 4154//7486
f 4425//7487 4155//7487 4426//7487
f 4425//7488 4156//7488 4155//7488
f 4424//7489 4156//7489 4425//7489
f 4424//7490 4157//7490 4156//7490
f 4423//7491 4157//7491 4424//7491
f 4423//7492 4158//7492 4157//7492
f 4422//7189 4158//7189 4423//7189
f 4422//7493 4159//7493 4158//7493
f 4421//7494 4159//7494 4422//7494
f 4421//7495 4160//7495 4159//7495
f 4420//7185 4160//7185 4421//7185
f 4420//7496 4161//7496 4160//7496
f 4419//7183 4161//7183 4420//7183
f 4419//6661 4162//6661 4161//6661
f 84//7497 4162//7497 4419//7497
f 84//7498 4206//7498 4162//7498
f 82//7499 4206//7499 84//7499
f 82//7500 4243//7500 4206//7500
f 79//7501 4243//7501 82//7501
f 4295//7502 4243//7502 79//7502
f 4295//7503 4242//7503 4243//7503
f 4164//7504 4242//7504 4295//7504
f 4164//7505 4241//7505 4242//7505
f 4144//7506 4241//7506 4164//7506
f 4144//7507 4240//7507 4241//7507
f 4105//7508 4240//7508 4144//7508
f 4105//7509 4239//7509 4240//7509
f 4089//7510 4239//7510 4105//7510
f 4089//7511 4238//7511 4239//7511
f 4051//7512 4238//7512 4089//7512
f 4051//7513 4237//7513 4238//7513
f 4036//7514 4237//7514 4051//7514
f 4036//7515 4236//7515 4237//7515
f 3999//7516 4236//7516 4036//7516
f 3999//7517 4235//7517 4236//7517
f 3985//7518 4235//7518 3999//7518
f 3985//7519 4234//7519 4235//7519
f 3949//7520 4234//7520 3985//7520
f 3949//7521 4233//7521 4234//7521
f 3936//7522 4233//7522 3949//7522
f 3936//7523 4232//7523 4233//7523
f 3901//7524 4232//7524 3936//7524
f 3901//7525 4231//7525 4232//7525
f 3889//7526 4231//7526 3901//7526
f 3889//7527 4230//7527 4231//7527
f 3855//7528 4230//7528 3889//7528
f 3855//7529 4229//7529 4230//7529
f 3844//7530 4229//7530 3855//7530
f 3844//7531 4228//7531 4229//7531
f 3811//7532 4228//7532 3844//7532
f 3811//7533 4227//7533 4228//7533
f 3801//7534 4227//7534 3811//7534
f 3801//7535 4226//7535 4227//7535
f 3769//7536 4226//7536 3801//7536
f 3769//7537 4225//7537 4226//7537
f 3760//7538 4225//7538 3769//7538
f 3760//7539 4224//7539 4225//7539
f 3729//7540 4224//7540 3760//7540
f 3729//7541 4223//7541 4224//7541
f 3721//7542 4223//7542 3729//7542
f 3721//7543 4222//7543 4223//7543
f 3691//7544 4222//7544 3721//7544
f 3691//7545 4221//7545 4222//7545
f 3684//7546 4221//7546 3691//7546
f 3684//7547 4220//7547 4221//7547
f 3655//7548 4220//7548 3684//7548
f 3655//7549 4219//7549 4220//7549
f 3649//7550 4219//7550 3655//7550
f 3649//7551 4218//7551 4219//7551
f 3621//7552 4218//7552 3649//7552
f 3621//7553 4217//7553 4218//7553
f 3616//7554 4217//7554 3621//7554
f 3616//7555 4216//7555 4217//7555
f 3612//7556 4216//7556 3616//7556
f 3612//7557 4215//7557 4216//7557
f 3608//7558 4215//7558 3612//7558
f 3608//7559 4214//7559 4215//7559
f 3604//7560 4214//7560 3608//7560
f 3604//7561 4213//7561 4214//7561
f 3600//7562 4213//7562 3604//7562
f 3600//7563 4212//7563 4213//7563
f 3596//7564 4212//7564 3600//7564
f 3596//7565 4211//7565 4212//7565
f 3592//7566 4211//7566 3596//7566
f 3592//7567 4210//7567 4211//7567
f 3588//7568 4210//7568 3592//7568
f 3588//7569 4209//7569 4210//7569
f 3584//7570 4209//7570 3588//7570
f 3584//7571 4208//7571 4209//7571
f 3580//7572 4208//7572 3584//7572
f 3580//7573 4207//7573 4208//7573
f 3576//7574 4207//7574 3580//7574
f 3576//7575 4491//7575 4207//7575
f 3572//7576 4491//7576 3576//7576
f 3572//7577 4490//7577 4491//7577
f 3568//7578 4490//7578 3572//7578
f 3568//7579 4492//7579 4490//7579
f 3564//7580 4492//7580 3568//7580
f 3564//7581 4493//7581 4492//7581
f 3559//7582 4493//7582 3564//7582
f 3559//7583 4494//7583 4493//7583
f 3544//7584 4494//7584 3559//7584
f 3544//7585 4495//7585 4494//7585
f 3537//7586 4495//7586 3544//7586
f 3537//7587 4496//7587 4495//7587
f 3531//7588 4496//7588 3537//7588
f 3531//7589 4497//7589 4496//7589
f 3525//7590 4497//7590 3531//7590
f 3525//7591 4498//7591 4497//7591
f 3519//7592 4498//7592 3525//7592
f 3519//7593 4499//7593 4498//7593
f 3513//7594 4499//7594 3519//7594
f 3513//7595 4500//7595 4499//7595
f 3507//7596 4500//7596 3513//7596
f 3507//7597 4501//7597 4500//7597
f 3501//7598 4501//7598 3507//7598
f 3501//7599 4502//7599 4501//7599
f 3495//7600 4502//7600 3501//7600
f 3495//7601 4503//7601 4502//7601
f 3492//7602 4503//7602 3495//7602
f 3492//7603 171//7603 4503//7603
f 3494//7604 171//7604 3492//7604
f 3494//7605 174//7605 171//7605
f 4245//7606 174//7606 3494//7606
f 4245//7607 175//7607 174//7607
f 4297//7608 175//7608 4245//7608
f 175//7609 2559//7609 176//7609
f 4297//7610 2559//7610 175//7610
f 4297//7611 2564//7611 2559//7611
f 4296//7612 2564//7612 4297//7612
f 4296//7613 2566//7613 2564//7613
f 4298//7614 2566//7614 4296//7614
f 4298//7615 2568//7615 2566//7615
f 4298//7616 2570//7616 2568//7616
f 4299//7617 2570//7617 4298//7617
f 4299//7618 2572//7618 2570//7618
f 4300//7619 2572//7619 4299//7619
f 4300//7620 2574//7620 2572//7620
f 4301//7621 2574//7621 4300//7621
f 4301//7622 2575//7622 2574//7622
f 4301//7623 2577//7623 2575//7623
f 4302//7623 2577//7623 4301//7623
f 4302//7624 2579//7624 2577//7624
f 4303//7625 2579//7625 4302//7625
f 4303//7626 2580//7626 2579//7626
f 4304//7627 2580//7627 4303//7627
f 4304//7628 2582//7628 2580//7628
f 4304//7629 2584//7629 2582//7629
f 4305//7630 2584//7630 4304//7630
f 4305//7631 2586//7631 2584//7631
f 4306//7632 2586//7632 4305//7632
f 4306//7633 2587//7633 2586//7633
f 4307//7634 2587//7634 4306//7634
f 4307//7635 2589//7635 2587//7635
f 4308//7636 2589//7636 4307//7636
f 4308//7637 2590//7637 2589//7637
f 4308//7638 2591//7638 2590//7638
f 4309//7639 2591//7639 4308//7639
f 4309//7640 2593//7640 2591//7640
f 4310//7641 2593//7641 4309//7641
f 4310//7642 2594//7642 2593//7642
f 4311//7643 2594//7643 4310//7643
f 4311//7644 2595//7644 2594//7644
f 4311//7645 2597//7645 2595//7645
f 4312//7646 2597//7646 4311//7646
f 4312//7647 2598//7647 2597//7647
f 4313//7648 2598//7648 4312//7648
f 4313//7649 2599//7649 2598//7649
f 4313//7650 2601//7650 2599//7650
f 4314//7651 2601//7651 4313//7651
f 4314//7652 2602//7652 2601//7652
f 4315//7653 2602//7653 4314//7653
f 4315//7654 2603//7654 2602//7654
f 4316//7655 2603//7655 4315//7655
f 4316//7656 2605//7656 2603//7656
f 4316//7657 2606//7657 2605//7657
f 4317//7658 2606//7658 4316//7658
f 4317//7659 2608//7659 2606//7659
f 4318//7660 2608//7660 4317//7660
f 4318//7661 2609//7661 2608//7661
f 4319//7662 2609//7662 4318//7662
f 4319//7663 2557//7663 2609//7663
f 4319//7664 2556//7664 2557//7664
f 4320//7665 2556//7665 4319//7665
f 4320//7666 2555//7666 2556//7666
f 4321//7667 2555//7667 4320//7667
f 4321//7668 2553//7668 2555//7668
f 4321//7669 2552//7669 2553//7669
f 4322//7670 2552//7670 4321//7670
f 4322//7671 2550//7671 2552//7671
f 4323//7672 2550//7672 4322//7672
f 4323//7673 2549//7673 2550//7673
f 4323//7674 2548//7674 2549//7674
f 4324//7675 2548//7675 4323//7675
f 4324//7676 2546//7676 2548//7676
f 4325//7677 2546//7677 4324//7677
f 4325//7678 2545//7678 2546//7678
f 4326//7679 2545//7679 4325//7679
f 4326//7680 2544//7680 2545//7680
f 4327//7681 2544//7681 4326//7681
f 4327//7682 2542//7682 2544//7682
f 4328//7683 2542//7683 4327//7683
f 4328//7684 2541//7684 2542//7684
f 4329//7685 2541//7685 4328//7685
f 4329//7686 2540//7686 2541//7686
f 4330//7687 2540//7687 4329//7687
f 4330//7688 2538//7688 2540//7688
f 4331//7689 2538//7689 4330//7689
f 4331//7690 2537//7690 2538//7690
f 4332//7691 2537//7691 4331//7691
f 4332//7692 2536//7692 2537//7692
f 4333//7693 2536//7693 4332//7693
f 4333//7694 2534//7694 2536//7694
f 4334//7695 2534//7695 4333//7695
f 4334//7696 2533//7696 2534//7696
f 4335//7697 2533//7697 4334//7697
f 4335//7698 2531//7698 2533//7698
f 4336//7699 2531//7699 4335//7699
f 4336//7700 2529//7700 2531//7700
f 4337//7701 2529//7701 4336//7701
f 4337//7702 2527//7702 2529//7702
f 4338//7703 2527//7703 4337//7703
f 4338//7704 2526//7704 2527//7704
f 4339//7705 2526//7705 4338//7705
f 4339//7706 2524//7706 2526//7706
f 4340//7707 2524//7707 4339//7707
f 4340//7708 2522//7708 2524//7708
f 4341//7709 2522//7709 4340//7709
f 4341//7710 2521//7710 2522//7710
f 4342//7711 2521//7711 4341//7711
f 4342//7712 2519//7712 2521//7712
f 4343//7713 2519//7713 4342//7713
f 4343//7714 2517//7714 2519//7714
f 4344//7715 2517//7715 4343//7715
f 4344//7716 2515//7716 2517//7716
f 4344//7717 2513//7717 2515//7717
f 4345//7718 2513//7718 4344//7718
f 4345//7719 2511//7719 2513//7719
f 4346//7720 2511//7720 4345//7720
f 4346//7721 2507//7721 2511//7721
f 4346//7722 67//7722 2507//7722
f 65//7723 67//7723 4346//7723
f 4504//7724 4505//7724 4506//7724
f 4507//7725 4508//7725 4509//7725
f 4510//7726 4508//7726 4507//7726
f 4511//7727 4512//7727 4513//7727
f 4514//7728 4512//7728 4511//7728
f 4515//7729 4516//7729 4517//7729
f 4518//7730 4515//7730 4517//7730
f 4519//7731 4515//7731 4518//7731
f 4509//7732 4520//7732 4521//7732
f 4508//7733 4520//7733 4509//7733
f 4512//7734 4522//7734 4513//7734
f 4523//7735 4514//7735 4524//7735
f 4523//7736 4512//7736 4514//7736
f 4525//7737 4512//7737 4523//7737
f 4525//7738 4522//7738 4512//7738
f 4526//7739 4522//7739 4525//7739
f 4517//7740 4527//7740 4518//7740
f 4528//7741 4516//7741 4529//7741
f 4528//7742 4517//7742 4516//7742
f 4530//7743 4517//7743 4528//7743
f 4530//7744 4527//7744 4517//7744
f 4531//7745 4527//7745 4530//7745
f 4532//7746 4533//7746 4534//7746
f 4535//7747 4533//7747 4532//7747
f 4521//7748 4536//7748 4537//7748
f 4520//7749 4536//7749 4521//7749
f 4522//7750 4538//7750 4513//7750
f 4522//7751 4539//7751 4538//7751
f 4526//7752 4539//7752 4522//7752
f 4519//7753 4540//7753 4541//7753
f 4518//7754 4540//7754 4519//7754
f 4518//7755 4542//7755 4540//7755
f 4527//7756 4542//7756 4518//7756
f 4527//7757 4543//7757 4542//7757
f 4531//7758 4543//7758 4527//7758
f 4534//7759 4544//7759 4545//7759
f 4533//7760 4544//7760 4534//7760
f 4537//7761 4546//7761 4547//7761
f 4536//7762 4546//7762 4537//7762
f 4526//7763 4548//7763 4539//7763
f 4549//7764 4524//7764 4550//7764
f 4549//7765 4523//7765 4524//7765
f 4551//7766 4523//7766 4549//7766
f 4551//7767 4525//7767 4523//7767
f 4552//7768 4525//7768 4551//7768
f 4552//7769 4526//7769 4525//7769
f 4553//7770 4526//7770 4552//7770
f 4553//7771 4548//7771 4526//7771
f 4554//7772 4548//7772 4553//7772
f 4531//7773 4555//7773 4543//7773
f 4556//7774 4557//7774 4558//7774
f 4556//7775 4559//7775 4557//7775
f 4560//7776 4559//7776 4556//7776
f 4560//7777 4561//7777 4559//7777
f 4562//7778 4561//7778 4560//7778
f 4563//7779 4558//7779 4564//7779
f 4563//7780 4556//7780 4558//7780
f 4565//7781 4556//7781 4563//7781
f 4565//7782 4560//7782 4556//7782
f 4566//7783 4560//7783 4565//7783
f 4566//7784 4562//7784 4560//7784
f 4567//7785 4562//7785 4566//7785
f 4568//7786 4505//7786 4569//7786
f 4568//7787 4506//7787 4505//7787
f 4554//7788 4506//7788 4568//7788
f 4570//7789 4571//7789 4572//7789
f 4570//7790 4569//7790 4571//7790
f 4568//7791 4569//7791 4570//7791
f 4539//7792 4572//7792 4538//7792
f 4539//7793 4570//7793 4572//7793
f 4548//7794 4570//7794 4539//7794
f 4548//7795 4568//7795 4570//7795
f 4554//7796 4568//7796 4548//7796
f 4573//7797 4574//7797 4575//7797
f 4576//7798 4574//7798 4573//7798
f 4547//7799 4575//7799 4574//7799
f 4546//7800 4575//7800 4547//7800
f 4577//7801 4578//7801 4579//7801
f 4580//7802 4578//7802 4577//7802
f 4545//7803 4579//7803 4578//7803
f 4544//7804 4579//7804 4545//7804
f 4581//7805 4582//7805 4583//7805
f 4582//7806 4584//7806 4585//7806
f 4581//7805 4584//7805 4582//7805
f 4586//7807 4587//7807 4588//7807
f 4587//7808 4589//7808 4590//7808
f 4586//7807 4589//7807 4587//7807
f 4580//7809 4591//7809 4590//7809
f 4577//7810 4591//7810 4580//7810
f 4592//7811 4533//7811 4535//7811
f 4593//7812 4533//7812 4592//7812
f 4593//7813 4544//7813 4533//7813
f 4594//7814 4544//7814 4593//7814
f 4594//7815 4579//7815 4544//7815
f 4595//7816 4579//7816 4594//7816
f 4595//7817 4577//7817 4579//7817
f 4596//7818 4577//7818 4595//7818
f 4596//7819 4591//7819 4577//7819
f 4597//7820 4591//7820 4596//7820
f 4587//7821 4597//7821 4588//7821
f 4587//7822 4591//7822 4597//7822
f 4590//7823 4591//7823 4587//7823
f 4576//7824 4598//7824 4585//7824
f 4573//7825 4598//7825 4576//7825
f 4599//7826 4508//7826 4510//7826
f 4600//7827 4508//7827 4599//7827
f 4600//7828 4520//7828 4508//7828
f 4601//7829 4520//7829 4600//7829
f 4601//7830 4536//7830 4520//7830
f 4602//7831 4536//7831 4601//7831
f 4602//7832 4546//7832 4536//7832
f 4603//7833 4546//7833 4602//7833
f 4603//7834 4575//7834 4546//7834
f 4604//7835 4575//7835 4603//7835
f 4604//7836 4573//7836 4575//7836
f 4605//7837 4573//7837 4604//7837
f 4605//7825 4598//7825 4573//7825
f 4606//7838 4598//7838 4605//7838
f 4582//7839 4606//7839 4583//7839
f 4582//7840 4598//7840 4606//7840
f 4585//7841 4598//7841 4582//7841
f 4569//7842 4607//7842 4571//7842
f 4569//7843 4608//7843 4607//7843
f 4505//7844 4608//7844 4569//7844
f 4505//7845 4609//7845 4608//7845
f 4504//7846 4609//7846 4505//7846
f 4610//7847 4550//7847 4611//7847
f 4610//7848 4549//7848 4550//7848
f 4612//7849 4549//7849 4610//7849
f 4612//7850 4551//7850 4549//7850
f 4613//7851 4551//7851 4612//7851
f 4613//7852 4552//7852 4551//7852
f 4614//7853 4552//7853 4613//7853
f 4614//7854 4553//7854 4552//7854
f 4615//7855 4553//7855 4614//7855
f 4615//7856 4554//7856 4553//7856
f 4616//7857 4554//7857 4615//7857
f 4616//7858 4506//7858 4554//7858
f 4617//7859 4506//7859 4616//7859
f 4617//7860 4504//7860 4506//7860
f 4618//7861 4504//7861 4617//7861
f 4608//7862 4619//7862 4607//7862
f 4608//7863 4620//7863 4619//7863
f 4609//7864 4620//7864 4608//7864
f 4621//7865 4618//7865 4622//7865
f 4621//7866 4504//7866 4618//7866
f 4609//7867 4504//7867 4621//7867
f 4623//7868 4622//7868 4624//7868
f 4623//7869 4621//7869 4622//7869
f 4625//7870 4621//7870 4623//7870
f 4625//7871 4609//7871 4621//7871
f 4620//7872 4609//7872 4625//7872
f 4626//7873 4627//7873 4628//7873
f 4629//7874 4626//7874 4628//7874
f 4630//7875 4626//7875 4629//7875
f 4631//7876 4632//7876 4633//7876
f 4634//7877 4635//7877 4636//7877
f 4634//7878 4637//7878 4635//7878
f 4638//7879 4637//7879 4634//7879
f 4638//7880 4639//7880 4637//7880
f 4640//7881 4639//7881 4638//7881
f 4637//7882 4641//7882 4635//7882
f 4637//7883 4642//7883 4641//7883
f 4639//7884 4642//7884 4637//7884
f 4642//7885 4643//7885 4641//7885
f 4588//7886 4644//7886 4586//7886
f 4645//7887 4593//7887 4592//7887
f 4646//7888 4593//7888 4645//7888
f 4646//7889 4594//7889 4593//7889
f 4647//7890 4594//7890 4646//7890
f 4647//7891 4595//7891 4594//7891
f 4648//7892 4595//7892 4647//7892
f 4648//7893 4596//7893 4595//7893
f 4649//7894 4596//7894 4648//7894
f 4649//7895 4597//7895 4596//7895
f 4650//7896 4597//7896 4649//7896
f 4650//7897 4588//7897 4597//7897
f 4651//7898 4588//7898 4650//7898
f 4651//7886 4644//7886 4588//7886
f 4652//7899 4644//7899 4651//7899
f 4586//7900 4653//7900 4589//7900
f 4586//7901 4654//7901 4653//7901
f 4644//7902 4654//7902 4586//7902
f 4644//7903 4655//7903 4654//7903
f 4652//7904 4655//7904 4644//7904
f 4583//7905 4656//7905 4581//7905
f 4657//7906 4599//7906 4658//7906
f 4657//7907 4600//7907 4599//7907
f 4659//7908 4600//7908 4657//7908
f 4659//7909 4601//7909 4600//7909
f 4660//7910 4601//7910 4659//7910
f 4660//7911 4602//7911 4601//7911
f 4661//7912 4602//7912 4660//7912
f 4661//7913 4603//7913 4602//7913
f 4662//7914 4603//7914 4661//7914
f 4662//7915 4604//7915 4603//7915
f 4663//7916 4604//7916 4662//7916
f 4663//7917 4605//7917 4604//7917
f 4664//7918 4605//7918 4663//7918
f 4664//7838 4606//7838 4605//7838
f 4665//7919 4606//7919 4664//7919
f 4665//7839 4583//7839 4606//7839
f 4666//7920 4583//7920 4665//7920
f 4666//7905 4656//7905 4583//7905
f 4667//7921 4656//7921 4666//7921
f 4581//7922 4668//7922 4584//7922
f 4581//7923 4669//7923 4668//7923
f 4656//7923 4669//7923 4581//7923
f 4656//7924 4670//7924 4669//7924
f 4667//7925 4670//7925 4656//7925
f 4669//7926 4671//7926 4668//7926
f 4669//7927 4672//7927 4671//7927
f 4670//7927 4672//7927 4669//7927
f 4620//7928 4673//7928 4619//7928
f 4620//7929 4674//7929 4673//7929
f 4625//7930 4674//7930 4620//7930
f 4625//7931 4675//7931 4674//7931
f 4623//7932 4675//7932 4625//7932
f 4623//7933 4676//7933 4675//7933
f 4624//7934 4676//7934 4623//7934
f 4672//7935 4677//7935 4671//7935
f 4674//7936 4678//7936 4673//7936
f 4674//7937 4679//7937 4678//7937
f 4675//7938 4679//7938 4674//7938
f 4675//7939 4680//7939 4679//7939
f 4676//7940 4680//7940 4675//7940
f 4679//7941 4681//7941 4678//7941
f 4679//7942 4682//7942 4681//7942
f 4680//7943 4682//7943 4679//7943
f 4633//7944 4676//7944 4624//7944
f 4632//7945 4676//7945 4633//7945
f 4632//7946 4680//7946 4676//7946
f 4682//7947 4680//7947 4632//7947
f 4652//7948 4683//7948 4655//7948
f 4684//7949 4646//7949 4645//7949
f 4685//7950 4646//7950 4684//7950
f 4685//7951 4647//7951 4646//7951
f 4686//7952 4647//7952 4685//7952
f 4686//7953 4648//7953 4647//7953
f 4687//7954 4648//7954 4686//7954
f 4687//7955 4649//7955 4648//7955
f 4688//7956 4649//7956 4687//7956
f 4688//7957 4650//7957 4649//7957
f 4689//7958 4650//7958 4688//7958
f 4689//7959 4651//7959 4650//7959
f 4690//7960 4651//7960 4689//7960
f 4690//7961 4652//7961 4651//7961
f 4691//7962 4652//7962 4690//7962
f 4691//7963 4683//7963 4652//7963
f 4692//7964 4683//7964 4691//7964
f 4693//7965 4670//7965 4667//7965
f 4694//7966 4670//7966 4693//7966
f 4694//7966 4672//7966 4670//7966
f 4695//7967 4672//7967 4694//7967
f 4695//7967 4677//7967 4672//7967
f 4696//7968 4677//7968 4695//7968
f 4697//7969 4698//7969 4699//7969
f 4700//7970 4697//7970 4699//7970
f 4701//7970 4697//7970 4700//7970
f 4698//7969 4702//7969 4699//7969
f 4654//7971 4703//7971 4653//7971
f 4654//7972 4704//7972 4703//7972
f 4655//7973 4704//7973 4654//7973
f 4655//7974 4705//7974 4704//7974
f 4683//7974 4705//7974 4655//7974
f 4683//7975 4706//7975 4705//7975
f 4692//7975 4706//7975 4683//7975
f 4704//7976 4707//7976 4703//7976
f 4704//7977 4708//7977 4707//7977
f 4705//7977 4708//7977 4704//7977
f 4705//7978 4709//7978 4708//7978
f 4706//7978 4709//7978 4705//7978
f 4710//7979 4694//7979 4693//7979
f 4711//7980 4694//7980 4710//7980
f 4711//7980 4695//7980 4694//7980
f 4712//7981 4695//7981 4711//7981
f 4712//7981 4696//7981 4695//7981
f 4713//7982 4696//7982 4712//7982
f 120//7983 117//7983 4714//7983
f 4715//7984 4714//7984 4716//7984
f 4715//7985 120//7985 4714//7985
f 123//7986 120//7986 4715//7986
f 4708//7987 4716//7987 4707//7987
f 4708//7988 4715//7988 4716//7988
f 4709//7989 4715//7989 4708//7989
f 4709//7990 123//7990 4715//7990
f 4706//7991 123//7991 4709//7991
f 4706//7992 125//7992 123//7992
f 4692//7993 125//7993 4706//7993
f 4717//7994 4718//7994 4719//7994
f 4717//7995 130//7995 4718//7995
f 133//7996 130//7996 4717//7996
f 4720//7997 4717//7997 4719//7997
f 4721//7997 4717//7997 4720//7997
f 4721//7998 133//7998 4717//7998
f 136//7999 133//7999 4721//7999
f 4701//8000 4721//8000 4720//8000
f 4700//8001 4721//8001 4701//8001
f 4700//8002 136//8002 4721//8002
f 4699//8003 136//8003 4700//8003
f 4699//8004 73//8004 136//8004
f 4702//8005 73//8005 4699//8005
f 4643//8006 4720//8006 4719//8006
f 4642//8007 4720//8007 4643//8007
f 4642//8008 4701//8008 4720//8008
f 4639//8009 4701//8009 4642//8009
f 4639//8010 4697//8010 4701//8010
f 4640//8011 4697//8011 4639//8011
f 4640//8012 4698//8012 4697//8012
f 3089//8013 4698//8013 4640//8013
f 3089//8014 4702//8014 4698//8014
f 73//8015 4702//8015 3089//8015
f 4722//8016 4634//8016 4636//8016
f 4723//8017 4634//8017 4722//8017
f 4723//8018 4638//8018 4634//8018
f 2886//8019 4638//8019 4723//8019
f 2886//8020 4640//8020 4638//8020
f 3089//8021 4640//8021 2886//8021
f 4724//8022 4722//8022 4636//8022
f 3087//8023 4722//8023 4724//8023
f 3087//8024 4723//8024 4722//8024
f 2886//8025 4723//8025 3087//8025
f 4725//8026 130//8026 128//8026
f 4725//8027 4718//8027 130//8027
f 4726//8028 4718//8028 4725//8028
f 4726//8029 4719//8029 4718//8029
f 4727//8030 4719//8030 4726//8030
f 4727//8006 4643//8006 4719//8006
f 4728//8031 4643//8031 4727//8031
f 4728//8032 4641//8032 4643//8032
f 4729//8033 4641//8033 4728//8033
f 4729//8034 4635//8034 4641//8034
f 4730//8035 4635//8035 4729//8035
f 4730//8036 4636//8036 4635//8036
f 4731//8037 4636//8037 4730//8037
f 4731//8038 4724//8038 4636//8038
f 4732//8039 4724//8039 4731//8039
f 4732//8040 3087//8040 4724//8040
f 3085//8041 3087//8041 4732//8041
f 4692//8042 128//8042 125//8042
f 4692//8043 4725//8043 128//8043
f 4691//7964 4725//7964 4692//7964
f 4691//8044 4726//8044 4725//8044
f 4690//8045 4726//8045 4691//8045
f 4690//8046 4727//8046 4726//8046
f 4689//7960 4727//7960 4690//7960
f 4689//8047 4728//8047 4727//8047
f 4688//8048 4728//8048 4689//8048
f 4688//8049 4729//8049 4728//8049
f 4687//8050 4729//8050 4688//8050
f 4687//8051 4730//8051 4729//8051
f 4686//8052 4730//8052 4687//8052
f 4686//8053 4731//8053 4730//8053
f 4685//8054 4731//8054 4686//8054
f 4685//8055 4732//8055 4731//8055
f 4684//8056 4732//8056 4685//8056
f 4684//8057 3085//8057 4732//8057
f 4645//8058 3085//8058 4684//8058
f 4645//8059 3082//8059 3085//8059
f 4592//8060 3082//8060 4645//8060
f 4592//8061 3079//8061 3082//8061
f 4535//8062 3079//8062 4592//8062
f 4535//8063 3075//8063 3079//8063
f 4532//8064 3075//8064 4535//8064
f 4733//8065 3112//8065 3111//8065
f 4733//8066 3069//8066 3112//8066
f 4734//8067 3069//8067 4733//8067
f 4734//8068 3063//8068 3069//8068
f 4735//8069 3063//8069 4734//8069
f 4735//8070 3062//8070 3063//8070
f 4736//8071 3062//8071 4735//8071
f 4736//8072 3064//8072 3062//8072
f 4736//8073 3065//8073 3064//8073
f 4737//8074 3065//8074 4736//8074
f 4737//8075 3066//8075 3065//8075
f 4738//8076 3066//8076 4737//8076
f 4738//8077 3067//8077 3066//8077
f 4738//8078 3061//8078 3067//8078
f 4739//8079 3061//8079 4738//8079
f 4739//8080 3060//8080 3061//8080
f 4739//8081 3058//8081 3060//8081
f 4740//8082 3058//8082 4739//8082
f 4740//8083 3057//8083 3058//8083
f 4741//8084 3057//8084 4740//8084
f 4741//8085 3055//8085 3057//8085
f 4741//8086 3054//8086 3055//8086
f 4742//8087 3054//8087 4741//8087
f 4743//8088 4555//8088 4744//8088
f 4743//8089 4543//8089 4555//8089
f 4745//8090 4543//8090 4743//8090
f 4745//8091 4542//8091 4543//8091
f 4746//8092 4542//8092 4745//8092
f 4746//8093 4540//8093 4542//8093
f 4747//8094 4540//8094 4746//8094
f 4747//8095 4541//8095 4540//8095
f 4748//8096 4541//8096 4747//8096
f 4748//8097 3052//8097 4541//8097
f 3051//8098 3052//8098 4748//8098
f 4567//8099 4743//8099 4744//8099
f 4566//8100 4743//8100 4567//8100
f 4566//8101 4745//8101 4743//8101
f 4565//8102 4745//8102 4566//8102
f 4565//8103 4746//8103 4745//8103
f 4563//8104 4746//8104 4565//8104
f 4563//8105 4747//8105 4746//8105
f 4564//8106 4747//8106 4563//8106
f 4564//8107 4748//8107 4747//8107
f 4749//8108 4748//8108 4564//8108
f 4749//8109 3051//8109 4748//8109
f 3048//8110 3051//8110 4749//8110
f 4750//8111 4564//8111 4558//8111
f 3045//8112 4564//8112 4750//8112
f 3045//8113 4749//8113 4564//8113
f 3048//8114 4749//8114 3045//8114
f 4751//8115 4558//8115 4557//8115
f 3041//8116 4558//8116 4751//8116
f 3041//8117 4750//8117 4558//8117
f 3045//8118 4750//8118 3041//8118
f 4751//8119 3042//8119 3041//8119
f 4751//8120 3040//8120 3042//8120
f 4557//8121 3040//8121 4751//8121
f 4557//8122 3038//8122 3040//8122
f 4559//8123 3038//8123 4557//8123
f 4627//8124 4567//8124 4744//8124
f 4626//8125 4567//8125 4627//8125
f 4626//8126 4562//8126 4567//8126
f 4630//8127 4562//8127 4626//8127
f 4630//8128 4561//8128 4562//8128
f 3035//8129 4561//8129 4630//8129
f 3035//8130 4559//8130 4561//8130
f 3038//8131 4559//8131 3035//8131
f 4752//8132 4629//8132 4628//8132
f 3033//8133 4629//8133 4752//8133
f 3033//8134 4630//8134 4629//8134
f 3035//8135 4630//8135 3033//8135
f 4513//8136 4529//8136 4511//8136
f 4513//8137 4528//8137 4529//8137
f 4538//8138 4528//8138 4513//8138
f 4538//8139 4530//8139 4528//8139
f 4572//8140 4530//8140 4538//8140
f 4572//8141 4531//8141 4530//8141
f 4571//8142 4531//8142 4572//8142
f 4571//8143 4555//8143 4531//8143
f 4607//8144 4555//8144 4571//8144
f 4607//8145 4744//8145 4555//8145
f 4619//8146 4744//8146 4607//8146
f 4619//8147 4627//8147 4744//8147
f 4673//8148 4627//8148 4619//8148
f 4673//8149 4628//8149 4627//8149
f 4678//8150 4628//8150 4673//8150
f 4678//8151 4752//8151 4628//8151
f 4681//8152 4752//8152 4678//8152
f 4681//8153 3033//8153 4752//8153
f 4682//8154 3033//8154 4681//8154
f 4682//8155 3032//8155 3033//8155
f 4632//8156 3032//8156 4682//8156
f 4632//8157 3028//8157 3032//8157
f 4631//8158 3028//8158 4632//8158
f 4509//8159 4611//8159 4507//8159
f 4509//8160 4610//8160 4611//8160
f 4521//8161 4610//8161 4509//8161
f 4521//8162 4612//8162 4610//8162
f 4537//8163 4612//8163 4521//8163
f 4537//8164 4613//8164 4612//8164
f 4547//8165 4613//8165 4537//8165
f 4547//8166 4614//8166 4613//8166
f 4574//8167 4614//8167 4547//8167
f 4574//7855 4615//7855 4614//7855
f 4576//7798 4615//7798 4574//7798
f 4576//7857 4616//7857 4615//7857
f 4585//8168 4616//8168 4576//8168
f 4585//8169 4617//8169 4616//8169
f 4584//7806 4617//7806 4585//7806
f 4584//8170 4618//8170 4617//8170
f 4668//8171 4618//8171 4584//8171
f 4668//8172 4622//8172 4618//8172
f 4671//8173 4622//8173 4668//8173
f 4671//8174 4624//8174 4622//8174
f 4677//8175 4624//8175 4671//8175
f 4677//8176 4633//8176 4624//8176
f 4696//8177 4633//8177 4677//8177
f 4696//8178 4631//8178 4633//8178
f 4713//8179 4631//8179 4696//8179
f 4713//8180 3028//8180 4631//8180
f 3029//8181 3028//8181 4713//8181
f 4742//8182 3052//8182 3054//8182
f 4742//8183 4541//8183 3052//8183
f 4741//8184 4541//8184 4742//8184
f 4741//8185 4519//8185 4541//8185
f 4740//8186 4519//8186 4741//8186
f 4740//8187 4515//8187 4519//8187
f 4739//8188 4515//8188 4740//8188
f 4739//8189 4516//8189 4515//8189
f 4738//8190 4516//8190 4739//8190
f 4738//8191 4529//8191 4516//8191
f 4737//8192 4529//8192 4738//8192
f 4737//8193 4511//8193 4529//8193
f 4736//8194 4511//8194 4737//8194
f 4736//8195 4514//8195 4511//8195
f 4735//8196 4514//8196 4736//8196
f 4735//8197 4524//8197 4514//8197
f 4734//8198 4524//8198 4735//8198
f 4734//8199 4550//8199 4524//8199
f 4733//8200 4550//8200 4734//8200
f 4733//8201 4611//8201 4550//8201
f 3111//8202 4611//8202 4733//8202
f 3111//8203 4507//8203 4611//8203
f 3072//8204 4507//8204 3111//8204
f 3072//8205 4510//8205 4507//8205
f 3071//8206 4510//8206 3072//8206
f 3071//8207 4599//8207 4510//8207
f 3073//8208 4599//8208 3071//8208
f 3073//8209 4658//8209 4599//8209
f 3074//8210 4658//8210 3073//8210
f 3075//8211 4658//8211 3074//8211
f 4532//8212 4658//8212 3075//8212
f 4532//8213 4657//8213 4658//8213
f 4534//8214 4657//8214 4532//8214
f 4534//8215 4659//8215 4657//8215
f 4545//8216 4659//8216 4534//8216
f 4545//8217 4660//8217 4659//8217
f 4578//8218 4660//8218 4545//8218
f 4578//8219 4661//8219 4660//8219
f 4580//8220 4661//8220 4578//8220
f 4580//8221 4662//8221 4661//8221
f 4590//8222 4662//8222 4580//8222
f 4590//7916 4663//7916 4662//7916
f 4589//7808 4663//7808 4590//7808
f 4589//7918 4664//7918 4663//7918
f 4653//8223 4664//8223 4589//8223
f 4653//7919 4665//7919 4664//7919
f 4703//7971 4665//7971 4653//7971
f 4703//8224 4666//8224 4665//8224
f 4707//8225 4666//8225 4703//8225
f 4707//8226 4667//8226 4666//8226
f 4716//7987 4667//7987 4707//7987
f 4716//8227 4693//8227 4667//8227
f 4714//8228 4693//8228 4716//8228
f 4714//8229 4710//8229 4693//8229
f 117//8230 4710//8230 4714//8230
f 117//8231 4711//8231 4710//8231
f 115//8232 4711//8232 117//8232
f 115//8233 4712//8233 4711//8233
f 112//8234 4712//8234 115//8234
f 112//8235 4713//8235 4712//8235
f 3029//8236 4713//8236 112//8236
f 4753//8237 4754//8237 4755//8237
f 4753//8238 4756//8238 4754//8238
f 4757//8239 4756//8239 4753//8239
f 4758//8240 4759//8240 4760//8240
f 4761//8241 4759//8241 4758//8241
f 4761//8242 4762//8242 4759//8242
f 4763//8243 4762//8243 4761//8243
f 4763//8244 4764//8244 4762//8244
f 4764//8245 4765//8245 4766//8245
f 4763//8246 4765//8246 4764//8246
f 4767//8247 4768//8247 4769//8247
f 4767//8248 4770//8248 4768//8248
f 4771//8249 4770//8249 4767//8249
f 4772//8250 4773//8250 4774//8250
f 4775//8251 4773//8251 4772//8251
f 4775//8252 4776//8252 4773//8252
f 4777//8252 4776//8252 4775//8252
f 4777//8253 4778//8253 4776//8253
f 4779//8254 4778//8254 4777//8254
f 4779//8255 4771//8255 4778//8255
f 4770//8256 4771//8256 4779//8256
f 4780//8257 4766//8257 4781//8257
f 4760//8258 4782//8258 4783//8258
f 4759//8259 4782//8259 4760//8259
f 4759//8260 4784//8260 4782//8260
f 4762//8261 4784//8261 4759//8261
f 4762//8262 4785//8262 4784//8262
f 4764//8263 4785//8263 4762//8263
f 4764//8264 4780//8264 4785//8264
f 4766//8265 4780//8265 4764//8265
f 4786//8266 4787//8266 4788//8266
f 4787//8267 4789//8267 4790//8267
f 4786//8268 4789//8268 4787//8268
f 4773//8269 4791//8269 4774//8269
f 4773//8270 4792//8270 4791//8270
f 4776//8271 4792//8271 4773//8271
f 4776//8272 4793//8272 4792//8272
f 4778//8273 4793//8273 4776//8273
f 4778//8274 4794//8274 4793//8274
f 4771//8275 4794//8275 4778//8275
f 4771//8276 4795//8276 4794//8276
f 4767//8277 4795//8277 4771//8277
f 4767//8278 4796//8278 4795//8278
f 4769//8279 4796//8279 4767//8279
f 4768//8280 4797//8280 4769//8280
f 4792//8281 4798//8281 4791//8281
f 4792//8282 4799//8282 4798//8282
f 4793//8283 4799//8283 4792//8283
f 4793//8284 4800//8284 4799//8284
f 4794//8285 4800//8285 4793//8285
f 4794//8286 4801//8286 4800//8286
f 4795//8287 4801//8287 4794//8287
f 4795//8288 4802//8288 4801//8288
f 4796//8289 4802//8289 4795//8289
f 4799//8290 4803//8290 4798//8290
f 4799//8291 4804//8291 4803//8291
f 4800//8292 4804//8292 4799//8292
f 4800//8293 4805//8293 4804//8293
f 4801//8294 4805//8294 4800//8294
f 4801//8295 4806//8295 4805//8295
f 4802//8296 4806//8296 4801//8296
f 4804//8297 4807//8297 4803//8297
f 4804//8298 4808//8298 4807//8298
f 4805//8299 4808//8299 4804//8299
f 4805//8300 4809//8300 4808//8300
f 4806//8301 4809//8301 4805//8301
f 4789//8302 4810//8302 4790//8302
f 4811//8303 4789//8303 4786//8303
f 4812//8304 4789//8304 4811//8304
f 4812//8305 4810//8305 4789//8305
f 4813//8306 4810//8306 4812//8306
f 4810//8307 4814//8307 4790//8307
f 4810//8308 4815//8308 4814//8308
f 4813//8309 4815//8309 4810//8309
f 4816//8310 4817//8310 4818//8310
f 4819//8311 4817//8311 4816//8311
f 4819//8312 4820//8312 4817//8312
f 4821//8313 4820//8313 4819//8313
f 4821//8314 4822//8314 4820//8314
f 4823//8315 4822//8315 4821//8315
f 4823//8316 4824//8316 4822//8316
f 4825//8316 4824//8316 4823//8316
f 4825//8317 4826//8317 4824//8317
f 4827//8318 4826//8318 4825//8318
f 4827//8319 4828//8319 4826//8319
f 4829//8320 4828//8320 4827//8320
f 4829//8321 4830//8321 4828//8321
f 4831//8322 4830//8322 4829//8322
f 4831//8323 4832//8323 4830//8323
f 4833//8324 4832//8324 4831//8324
f 4833//8325 4834//8325 4832//8325
f 4835//8326 4834//8326 4833//8326
f 4836//8327 4837//8327 4838//8327
f 4839//8328 4837//8328 4836//8328
f 4838//8329 4840//8329 4836//8329
f 4841//8330 4842//8330 4843//8330
f 4844//8331 4845//8331 4846//8331
f 4847//8332 4841//8332 4843//8332
f 4848//8333 4841//8333 4847//8333
f 4835//8334 4849//8334 4834//8334
f 4835//8335 4850//8335 4849//8335
f 4851//8336 4852//8336 4853//8336
f 4840//8337 4854//8337 4855//8337
f 4838//8338 4854//8338 4840//8338
f 4854//8339 4856//8339 4855//8339
f 4843//8340 4857//8340 4847//8340
f 4846//8341 4842//8341 4844//8341
f 4846//8342 4843//8342 4842//8342
f 4858//8343 4843//8343 4846//8343
f 4858//8344 4857//8344 4843//8344
f 4859//8345 4857//8345 4858//8345
f 4850//8346 4860//8346 4849//8346
f 4850//8347 4861//8347 4860//8347
f 4852//8348 4862//8348 4853//8348
f 4852//8349 4863//8349 4862//8349
f 4848//8350 4864//8350 4865//8350
f 4847//8351 4864//8351 4848//8351
f 4847//8352 4866//8352 4864//8352
f 4857//8353 4866//8353 4847//8353
f 4857//8354 4867//8354 4866//8354
f 4859//8355 4867//8355 4857//8355
f 4861//8356 4868//8356 4860//8356
f 4861//8357 4869//8357 4868//8357
f 4863//8358 4870//8358 4862//8358
f 4863//8359 4871//8359 4870//8359
f 4859//8360 4872//8360 4867//8360
f 4873//8361 4859//8361 4858//8361
f 4874//8362 4859//8362 4873//8362
f 4874//8363 4872//8363 4859//8363
f 4875//8364 4872//8364 4874//8364
f 4869//8365 4876//8365 4868//8365
f 4869//8366 4877//8366 4876//8366
f 4871//8367 4878//8367 4870//8367
f 4871//8368 4879//8368 4878//8368
f 4862//8369 4880//8369 4853//8369
f 4862//8370 4881//8370 4880//8370
f 4870//8371 4881//8371 4862//8371
f 4870//8372 4882//8372 4881//8372
f 4878//8373 4882//8373 4870//8373
f 4878//8374 4883//8374 4882//8374
f 4879//8375 4883//8375 4878//8375
f 4865//8376 4884//8376 4885//8376
f 4864//8377 4884//8377 4865//8377
f 4864//8378 4886//8378 4884//8378
f 4866//8379 4886//8379 4864//8379
f 4866//8380 4887//8380 4886//8380
f 4867//8381 4887//8381 4866//8381
f 4867//8382 4888//8382 4887//8382
f 4872//8383 4888//8383 4867//8383
f 4872//8384 4889//8384 4888//8384
f 4875//8385 4889//8385 4872//8385
f 4874//8386 4890//8386 4875//8386
f 4877//8387 4891//8387 4876//8387
f 4877//8388 4892//8388 4891//8388
f 4883//8389 4893//8389 4894//8389
f 4879//8390 4893//8390 4883//8390
f 4875//8391 4895//8391 4889//8391
f 4892//8392 4896//8392 4891//8392
f 4892//8393 4897//8393 4896//8393
f 4897//8394 4898//8394 4896//8394
f 4898//8395 4899//8395 4900//8395
f 4897//8396 4899//8396 4898//8396
f 4818//8397 4901//8397 4902//8397
f 4817//8398 4901//8398 4818//8398
f 4817//8399 4903//8399 4901//8399
f 4820//8400 4903//8400 4817//8400
f 4820//8401 4904//8401 4903//8401
f 4822//8402 4904//8402 4820//8402
f 4822//8403 4905//8403 4904//8403
f 4824//8403 4905//8403 4822//8403
f 4824//8404 4906//8404 4905//8404
f 4826//8404 4906//8404 4824//8404
f 4826//8405 4907//8405 4906//8405
f 4828//8406 4907//8406 4826//8406
f 4828//8407 4908//8407 4907//8407
f 4830//8408 4908//8408 4828//8408
f 4830//8409 4909//8409 4908//8409
f 4832//8410 4909//8410 4830//8410
f 4832//8411 4910//8411 4909//8411
f 4834//8412 4910//8412 4832//8412
f 4834//8413 4911//8413 4910//8413
f 4849//8414 4911//8414 4834//8414
f 4849//8415 4912//8415 4911//8415
f 4860//8416 4912//8416 4849//8416
f 4860//8417 4913//8417 4912//8417
f 4868//8418 4913//8418 4860//8418
f 4868//8419 4914//8419 4913//8419
f 4876//8420 4914//8420 4868//8420
f 4876//8421 4915//8421 4914//8421
f 4891//8422 4915//8422 4876//8422
f 4891//8423 4916//8423 4915//8423
f 4896//8424 4916//8424 4891//8424
f 4896//8425 4917//8425 4916//8425
f 4898//8426 4917//8426 4896//8426
f 4898//8427 4918//8427 4917//8427
f 4900//8428 4918//8428 4898//8428
f 4902//8429 4919//8429 4920//8429
f 4901//8429 4919//8429 4902//8429
f 4901//8430 4921//8430 4919//8430
f 4903//8430 4921//8430 4901//8430
f 4903//8431 4922//8431 4921//8431
f 4904//8431 4922//8431 4903//8431
f 4904//8432 4923//8432 4922//8432
f 4905//8433 4923//8433 4904//8433
f 4905//8434 4924//8434 4923//8434
f 4906//8435 4924//8435 4905//8435
f 4906//8436 4925//8436 4924//8436
f 4907//8437 4925//8437 4906//8437
f 4907//8438 4926//8438 4925//8438
f 4908//8438 4926//8438 4907//8438
f 4908//8439 4927//8439 4926//8439
f 4909//8439 4927//8439 4908//8439
f 4909//8440 4928//8440 4927//8440
f 4910//8441 4928//8441 4909//8441
f 4910//8442 4929//8442 4928//8442
f 4911//8443 4929//8443 4910//8443
f 4911//8444 4930//8444 4929//8444
f 4912//8445 4930//8445 4911//8445
f 4912//8446 4931//8446 4930//8446
f 4913//8446 4931//8446 4912//8446
f 4913//8447 4932//8447 4931//8447
f 4914//8447 4932//8447 4913//8447
f 4914//8448 4933//8448 4932//8448
f 4915//8448 4933//8448 4914//8448
f 4915//8449 4934//8449 4933//8449
f 4916//8449 4934//8449 4915//8449
f 4916//8450 4935//8450 4934//8450
f 4917//8450 4935//8450 4916//8450
f 4917//8451 4936//8451 4935//8451
f 4918//8452 4936//8452 4917//8452
f 4920//8453 4937//8453 4938//8453
f 4919//8453 4937//8453 4920//8453
f 4919//8454 4939//8454 4937//8454
f 4921//8455 4939//8455 4919//8455
f 4921//8456 4940//8456 4939//8456
f 4922//8456 4940//8456 4921//8456
f 4922//8457 4941//8457 4940//8457
f 4923//8458 4941//8458 4922//8458
f 4923//8459 4942//8459 4941//8459
f 4924//8459 4942//8459 4923//8459
f 4924//8460 4943//8460 4942//8460
f 4925//8460 4943//8460 4924//8460
f 4925//8461 4944//8461 4943//8461
f 4926//8461 4944//8461 4925//8461
f 4926//8462 4945//8462 4944//8462
f 4927//8463 4945//8463 4926//8463
f 4927//8464 4946//8464 4945//8464
f 4928//8465 4946//8465 4927//8465
f 4928//8466 4947//8466 4946//8466
f 4929//8467 4947//8467 4928//8467
f 4929//8468 4948//8468 4947//8468
f 4930//8469 4948//8469 4929//8469
f 4930//8470 4949//8470 4948//8470
f 4931//8471 4949//8471 4930//8471
f 4931//8472 4950//8472 4949//8472
f 4932//8473 4950//8473 4931//8473
f 4932//8474 4951//8474 4950//8474
f 4933//8475 4951//8475 4932//8475
f 4933//8476 4952//8476 4951//8476
f 4934//8477 4952//8477 4933//8477
f 4934//8478 4953//8478 4952//8478
f 4935//8479 4953//8479 4934//8479
f 4935//8480 4954//8480 4953//8480
f 4936//8481 4954//8481 4935//8481
f 3478//8482 3216//8482 4955//8482
f 3480//8483 3479//8483 4956//8483
f 4957//8484 3212//8484 3481//8484
f 3213//8485 3212//8485 4957//8485
f 3483//8486 3482//8486 4958//8486
f 4959//8487 4958//8487 4960//8487
f 4959//8488 3483//8488 4958//8488
f 3210//8489 3483//8489 4959//8489
f 4812//8490 4960//8490 4813//8490
f 4812//8491 4959//8491 4960//8491
f 4811//8492 4959//8492 4812//8492
f 4811//8493 3210//8493 4959//8493
f 4786//8494 3210//8494 4811//8494
f 4786//8495 3208//8495 3210//8495
f 4788//8496 3208//8496 4786//8496
f 4961//8497 4790//8497 4814//8497
f 4962//8498 4790//8498 4961//8498
f 4962//8499 4787//8499 4790//8499
f 4963//8500 4787//8500 4962//8500
f 4963//8501 4788//8501 4787//8501
f 4964//8502 4788//8502 4963//8502
f 4964//8503 3208//8503 4788//8503
f 3204//8504 3208//8504 4964//8504
f 4781//8505 4962//8505 4961//8505
f 4766//8506 4962//8506 4781//8506
f 4766//8507 4963//8507 4962//8507
f 4765//8508 4963//8508 4766//8508
f 4765//8509 4964//8509 4963//8509
f 4763//8510 4964//8510 4765//8510
f 4763//8511 3204//8511 4964//8511
f 4761//8512 3204//8512 4763//8512
f 4761//8513 3203//8513 3204//8513
f 4758//8514 3203//8514 4761//8514
f 4758//8515 3199//8515 3203//8515
f 4760//8516 3199//8516 4758//8516
f 4760//8517 184//8517 3199//8517
f 4760//8518 187//8518 184//8518
f 4783//8519 187//8519 4760//8519
f 4965//8520 4814//8520 4815//8520
f 4966//8521 4814//8521 4965//8521
f 4966//8522 4961//8522 4814//8522
f 4967//8523 4961//8523 4966//8523
f 4967//8524 4781//8524 4961//8524
f 4968//8525 4781//8525 4967//8525
f 4968//8526 4780//8526 4781//8526
f 4969//8527 4780//8527 4968//8527
f 4969//8528 4785//8528 4780//8528
f 4970//8529 4785//8529 4969//8529
f 4970//8530 4784//8530 4785//8530
f 4971//8531 4784//8531 4970//8531
f 4971//8532 4782//8532 4784//8532
f 4972//8533 4782//8533 4971//8533
f 4972//8534 4783//8534 4782//8534
f 4973//8535 4783//8535 4972//8535
f 4973//8536 187//8536 4783//8536
f 189//8537 187//8537 4973//8537
f 4974//8538 4966//8538 4965//8538
f 4975//8539 4966//8539 4974//8539
f 4975//8540 4967//8540 4966//8540
f 4976//8541 4967//8541 4975//8541
f 4976//8542 4968//8542 4967//8542
f 4977//8543 4968//8543 4976//8543
f 4977//8544 4969//8544 4968//8544
f 4978//8545 4969//8545 4977//8545
f 4978//8546 4970//8546 4969//8546
f 4979//8547 4970//8547 4978//8547
f 4979//8548 4971//8548 4970//8548
f 4980//8549 4971//8549 4979//8549
f 4980//8550 4972//8550 4971//8550
f 4981//8550 4972//8550 4980//8550
f 4981//8551 4973//8551 4972//8551
f 4982//8552 4973//8552 4981//8552
f 4982//8553 189//8553 4973//8553
f 192//8554 189//8554 4982//8554
f 4965//8555 4885//8555 4974//8555
f 4965//8556 4865//8556 4885//8556
f 4815//8557 4865//8557 4965//8557
f 4815//8558 4848//8558 4865//8558
f 4813//8559 4848//8559 4815//8559
f 4813//8560 4841//8560 4848//8560
f 4960//8561 4841//8561 4813//8561
f 4960//8562 4842//8562 4841//8562
f 4958//8563 4842//8563 4960//8563
f 4958//8564 4844//8564 4842//8564
f 3482//8565 4844//8565 4958//8565
f 3482//8566 4845//8566 4844//8566
f 3213//8567 4845//8567 3482//8567
f 3213//8568 4846//8568 4845//8568
f 4957//8569 4846//8569 3213//8569
f 4957//8570 4858//8570 4846//8570
f 3481//8571 4858//8571 4957//8571
f 3481//8572 4873//8572 4858//8572
f 3480//8573 4873//8573 3481//8573
f 4956//8574 4873//8574 3480//8574
f 4956//8575 4874//8575 4873//8575
f 3479//8576 4874//8576 4956//8576
f 3479//8577 4890//8577 4874//8577
f 3478//8578 4890//8578 3479//8578
f 3478//8579 4875//8579 4890//8579
f 4955//8580 4875//8580 3478//8580
f 4955//8581 4895//8581 4875//8581
f 3216//8582 4895//8582 4955//8582
f 3216//8583 4983//8583 4895//8583
f 3215//8584 4983//8584 3216//8584
f 3219//8585 4983//8585 3215//8585
f 4899//8586 4983//8586 3219//8586
f 4899//8587 4895//8587 4983//8587
f 4897//8588 4895//8588 4899//8588
f 4897//8589 4889//8589 4895//8589
f 4892//8590 4889//8590 4897//8590
f 4892//8591 4888//8591 4889//8591
f 4877//8592 4888//8592 4892//8592
f 4877//8593 4887//8593 4888//8593
f 4869//8594 4887//8594 4877//8594
f 4869//8595 4886//8595 4887//8595
f 4861//8596 4886//8596 4869//8596
f 4861//8597 4884//8597 4886//8597
f 4850//8598 4884//8598 4861//8598
f 4850//8599 4885//8599 4884//8599
f 4835//8600 4885//8600 4850//8600
f 4835//8601 4974//8601 4885//8601
f 4833//8602 4974//8602 4835//8602
f 4833//8603 4975//8603 4974//8603
f 4831//8604 4975//8604 4833//8604
f 4831//8605 4976//8605 4975//8605
f 4829//8606 4976//8606 4831//8606
f 4829//8607 4977//8607 4976//8607
f 4827//8608 4977//8608 4829//8608
f 4827//8609 4978//8609 4977//8609
f 4825//8610 4978//8610 4827//8610
f 4825//8611 4979//8611 4978//8611
f 4823//8612 4979//8612 4825//8612
f 4823//8613 4980//8613 4979//8613
f 4821//8614 4980//8614 4823//8614
f 4821//8615 4981//8615 4980//8615
f 4819//8616 4981//8616 4821//8616
f 4819//8617 4982//8617 4981//8617
f 4816//8617 4982//8617 4819//8617
f 4816//8618 192//8618 4982//8618
f 4818//8619 192//8619 4816//8619
f 4818//8620 195//8620 192//8620
f 4902//8621 195//8621 4818//8621
f 4902//8622 197//8622 195//8622
f 4920//8623 197//8623 4902//8623
f 4920//8624 200//8624 197//8624
f 4938//8625 200//8625 4920//8625
f 4984//8626 4953//8626 4954//8626
f 4985//8627 4953//8627 4984//8627
f 4985//8628 4952//8628 4953//8628
f 4986//8629 4952//8629 4985//8629
f 4986//8630 4951//8630 4952//8630
f 4987//8631 4951//8631 4986//8631
f 4987//8632 4950//8632 4951//8632
f 4988//8633 4950//8633 4987//8633
f 4988//8634 4949//8634 4950//8634
f 4989//8635 4949//8635 4988//8635
f 4989//8636 4948//8636 4949//8636
f 4990//8637 4948//8637 4989//8637
f 4990//8638 4947//8638 4948//8638
f 4991//8639 4947//8639 4990//8639
f 4991//8640 4946//8640 4947//8640
f 4992//8641 4946//8641 4991//8641
f 4992//8642 4945//8642 4946//8642
f 4993//8643 4945//8643 4992//8643
f 4993//8644 4944//8644 4945//8644
f 4994//8645 4944//8645 4993//8645
f 4994//8646 4943//8646 4944//8646
f 4995//8647 4943//8647 4994//8647
f 4995//8648 4942//8648 4943//8648
f 4996//8649 4942//8649 4995//8649
f 4996//8650 4941//8650 4942//8650
f 4997//8651 4941//8651 4996//8651
f 4997//8652 4940//8652 4941//8652
f 4998//8652 4940//8652 4997//8652
f 4998//8653 4939//8653 4940//8653
f 4999//8654 4939//8654 4998//8654
f 4999//8655 4937//8655 4939//8655
f 5000//8655 4937//8655 4999//8655
f 5000//8656 4938//8656 4937//8656
f 5001//8657 4938//8657 5000//8657
f 5001//8658 200//8658 4938//8658
f 202//8659 200//8659 5001//8659
f 4755//8660 208//8660 205//8660
f 4754//8661 208//8661 4755//8661
f 3254//8662 145//8662 5002//8662
f 3250//8663 3254//8663 5003//8663
f 4754//8664 145//8664 208//8664
f 4754//8665 5002//8665 145//8665
f 4756//8666 5002//8666 4754//8666
f 4756//8667 3254//8667 5002//8667
f 4757//8668 3254//8668 4756//8668
f 4757//8669 5003//8669 3254//8669
f 5004//8670 5003//8670 4757//8670
f 5004//8671 3250//8671 5003//8671
f 3247//8672 3250//8672 5004//8672
f 3242//8673 3244//8673 5005//8673
f 5006//8674 5005//8674 5007//8674
f 5006//8675 3242//8675 5005//8675
f 3238//8676 3242//8676 5006//8676
f 5008//8677 5007//8677 5009//8677
f 5008//8678 5006//8678 5007//8678
f 5010//8679 5006//8679 5008//8679
f 5010//8680 3238//8680 5006//8680
f 3239//8681 3238//8681 5010//8681
f 5011//8682 5009//8682 5012//8682
f 5011//8683 5008//8683 5009//8683
f 5013//8684 5008//8684 5011//8684
f 5013//8685 5010//8685 5008//8685
f 5014//8686 5010//8686 5013//8686
f 5014//8687 3239//8687 5010//8687
f 3237//8688 3239//8688 5014//8688
f 4836//8689 5012//8689 4839//8689
f 4836//8690 5011//8690 5012//8690
f 4840//8691 5011//8691 4836//8691
f 4840//8692 5013//8692 5011//8692
f 4855//8693 5013//8693 4840//8693
f 4855//8694 5014//8694 5013//8694
f 4856//8695 5014//8695 4855//8695
f 4856//8696 3237//8696 5014//8696
f 3234//8697 3237//8697 4856//8697
f 4851//8698 4838//8698 4837//8698
f 4853//8699 4838//8699 4851//8699
f 4853//8700 4854//8700 4838//8700
f 4880//8701 4854//8701 4853//8701
f 4880//8702 4856//8702 4854//8702
f 4881//8703 4856//8703 4880//8703
f 4881//8704 3234//8704 4856//8704
f 4882//8705 3234//8705 4881//8705
f 4882//8706 3232//8706 3234//8706
f 4883//8707 3232//8707 4882//8707
f 4883//8708 3230//8708 3232//8708
f 4894//8709 3230//8709 4883//8709
f 4894//8710 3231//8710 3230//8710
f 4893//8711 3231//8711 4894//8711
f 5015//8712 3231//8712 4893//8712
f 5016//8713 3231//8713 5015//8713
f 5016//8714 3301//8714 3231//8714
f 3302//8715 3301//8715 5016//8715
f 5017//8716 4837//8716 4839//8716
f 5018//8717 4837//8717 5017//8717
f 5018//8718 4851//8718 4837//8718
f 5019//8719 4851//8719 5018//8719
f 5019//8720 4852//8720 4851//8720
f 5020//8721 4852//8721 5019//8721
f 5020//8722 4863//8722 4852//8722
f 5021//8723 4863//8723 5020//8723
f 5021//8724 4871//8724 4863//8724
f 5022//8725 4871//8725 5021//8725
f 5022//8726 4879//8726 4871//8726
f 5023//8727 4879//8727 5022//8727
f 5023//8728 4893//8728 4879//8728
f 5024//8729 4893//8729 5023//8729
f 5024//8730 5015//8730 4893//8730
f 5025//8731 5015//8731 5024//8731
f 5025//8732 5016//8732 5015//8732
f 5026//8733 5016//8733 5025//8733
f 5026//8734 3302//8734 5016//8734
f 3303//8735 3302//8735 5026//8735
f 4839//8736 4797//8736 5017//8736
f 4839//8737 4769//8737 4797//8737
f 5012//8738 4769//8738 4839//8738
f 5012//8739 4796//8739 4769//8739
f 5009//8740 4796//8740 5012//8740
f 5009//8741 4802//8741 4796//8741
f 5007//8742 4802//8742 5009//8742
f 5007//8743 4806//8743 4802//8743
f 5005//8744 4806//8744 5007//8744
f 5005//8745 4809//8745 4806//8745
f 3244//8746 4809//8746 5005//8746
f 3244//8747 4808//8747 4809//8747
f 3247//8748 4808//8748 3244//8748
f 3247//8749 4807//8749 4808//8749
f 5004//8750 4807//8750 3247//8750
f 5004//8751 4803//8751 4807//8751
f 4757//8752 4803//8752 5004//8752
f 4757//8753 4798//8753 4803//8753
f 4753//8754 4798//8754 4757//8754
f 4753//8755 4791//8755 4798//8755
f 4755//8756 4791//8756 4753//8756
f 4755//8269 4774//8269 4791//8269
f 205//8757 4774//8757 4755//8757
f 205//8758 4772//8758 4774//8758
f 202//8759 4772//8759 205//8759
f 5001//8760 4772//8760 202//8760
f 5001//8761 4775//8761 4772//8761
f 5000//8761 4775//8761 5001//8761
f 5000//8762 4777//8762 4775//8762
f 4999//8762 4777//8762 5000//8762
f 4999//8763 4779//8763 4777//8763
f 4998//8763 4779//8763 4999//8763
f 4998//8764 4770//8764 4779//8764
f 4997//8765 4770//8765 4998//8765
f 4997//8766 4768//8766 4770//8766
f 4996//8767 4768//8767 4997//8767
f 4996//8768 4797//8768 4768//8768
f 4995//8769 4797//8769 4996//8769
f 4995//8770 5017//8770 4797//8770
f 4994//8771 5017//8771 4995//8771
f 4994//8772 5018//8772 5017//8772
f 4993//8773 5018//8773 4994//8773
f 4993//8774 5019//8774 5018//8774
f 4992//8775 5019//8775 4993//8775
f 4992//8776 5020//8776 5019//8776
f 4991//8777 5020//8777 4992//8777
f 4991//8778 5021//8778 5020//8778
f 4990//8779 5021//8779 4991//8779
f 4990//8780 5022//8780 5021//8780
f 4989//8781 5022//8781 4990//8781
f 4989//8782 5023//8782 5022//8782
f 4988//8783 5023//8783 4989//8783
f 4988//8784 5024//8784 5023//8784
f 4987//8785 5024//8785 4988//8785
f 4987//8786 5025//8786 5024//8786
f 4986//8787 5025//8787 4987//8787
f 4986//8788 5026//8788 5025//8788
f 4985//8789 5026//8789 4986//8789
f 4985//8790 3303//8790 5026//8790
f 4984//8791 3303//8791 4985//8791
f 4984//8792 3304//8792 3303//8792
f 4954//8793 3304//8793 4984//8793
f 4954//8794 3306//8794 3304//8794
f 4954//8795 3227//8795 3306//8795
f 4936//8796 3227//8796 4954//8796
f 5027//8797 3219//8797 3218//8797
f 5027//8798 4899//8798 3219//8798
f 3218//8799 4899//8799 5027//8799
f 3218//8800 4900//8800 4899//8800
f 3222//8801 4900//8801 3218//8801
f 3221//8802 4900//8802 3222//8802
f 3221//8803 4918//8803 4900//8803
f 3226//8804 4918//8804 3221//8804
f 3225//8805 4918//8805 3226//8805
f 3225//8806 4936//8806 4918//8806
f 3227//8807 4936//8807 3225//8807
f 3044//3 2747//3 2746//3
f 104//3 2747//3 3044//3
