# Blender 5.2.0 LTS
# www.blender.org
o DD1
v 6.000000 4.799995 -49.000000
v 6.000000 47.970001 -49.000000
v 6.000000 4.799995 54.938004
v 6.000000 4.799995 54.938004
v 6.000000 47.970001 -49.000000
v 6.000000 47.970001 54.938004
v -6.000000 47.970001 -49.000000
v -6.000000 4.799995 -49.000000
v -6.000000 47.970001 54.938004
v -6.000000 47.970001 54.938004
v -6.000000 4.799995 -49.000000
v -6.000000 4.799995 54.938004
vn 1.0000 -0.0000 -0.0000
vn -1.0000 -0.0000 -0.0000
vt 1.527775 0.084656
vt 1.527775 0.915344
vt -0.472225 0.084656
vt -0.472225 0.915344
s 0
f 1/1/1 2/2/1 3/3/1
f 4/3/1 5/2/1 6/4/1
f 7/2/2 8/1/2 9/4/2
f 10/4/2 11/1/2 12/3/2
o DD2
v 2.000000 1.799995 -47.230999
v 2.000000 0.000000 -47.230999
v 4.000000 3.799995 -47.230999
v 4.000000 3.799995 -47.230999
v 2.000000 0.000000 -47.230999
v 5.000000 -3.000000 -47.230999
v 4.000000 3.799995 -47.230999
v 5.000000 -3.000000 -47.230999
v 6.000000 3.799995 -47.230999
v 6.000000 3.799995 -47.230999
v 5.000000 -3.000000 -47.230999
v 6.000000 -3.000000 -47.230999
v 5.000000 -3.000000 -49.000000
v 6.000000 -3.000000 -49.000000
v 5.000000 -3.000000 -47.230999
v 5.000000 -3.000000 -47.230999
v 6.000000 -3.000000 -49.000000
v 6.000000 -3.000000 -47.230999
v 2.000000 0.000000 -49.000000
v 5.000000 -3.000000 -49.000000
v 2.000000 0.000000 -47.230999
v 2.000000 0.000000 -47.230999
v 5.000000 -3.000000 -49.000000
v 5.000000 -3.000000 -47.230999
v -4.000000 3.799995 3.168999
v -6.000000 3.799995 3.168999
v -4.000000 3.799995 -2.230999
v -4.000000 3.799995 -2.230999
v -6.000000 3.799995 3.168999
v -6.000000 3.799995 -2.230999
v -6.000000 3.799995 7.769001
v -4.000000 3.799995 7.769001
v -6.000000 3.799995 13.168999
v -6.000000 3.799995 13.168999
v -4.000000 3.799995 7.769001
v -4.000000 3.799995 13.168999
v -6.000000 3.799995 17.768997
v -4.000000 3.799995 17.768997
v -6.000000 3.799995 23.168999
v -6.000000 3.799995 23.168999
v -4.000000 3.799995 17.768997
v -4.000000 3.799995 23.168999
v -6.000000 3.799995 27.768997
v -4.000000 3.799995 27.768997
v -6.000000 3.799995 33.168999
v -6.000000 3.799995 33.168999
v -4.000000 3.799995 27.768997
v -4.000000 3.799995 33.168999
v -6.000000 3.799995 37.768997
v -4.000000 3.799995 37.768997
v -6.000000 3.799995 43.168999
v -6.000000 3.799995 43.168999
v -4.000000 3.799995 37.768997
v -4.000000 3.799995 43.168999
v 5.000000 -3.000000 38.168999
v 6.000000 -3.000000 38.168999
v 5.000000 -3.000000 42.768997
v 5.000000 -3.000000 42.768997
v 6.000000 -3.000000 38.168999
v 6.000000 -3.000000 42.768997
v 2.000000 1.799995 38.168999
v 4.000000 3.799995 38.168999
v 2.000000 0.000000 38.168999
v 2.000000 0.000000 38.168999
v 4.000000 3.799995 38.168999
v 5.000000 -3.000000 38.168999
v 5.000000 -3.000000 38.168999
v 4.000000 3.799995 38.168999
v 6.000000 3.799995 38.168999
v 5.000000 -3.000000 38.168999
v 6.000000 3.799995 38.168999
v 6.000000 -3.000000 38.168999
v 2.000000 0.000000 38.168999
v 5.000000 -3.000000 38.168999
v 2.000000 0.000000 42.768997
v 2.000000 0.000000 42.768997
v 5.000000 -3.000000 38.168999
v 5.000000 -3.000000 42.768997
v 2.000000 1.799995 42.768997
v 4.000000 3.799995 42.768997
v 2.000000 1.799995 48.168999
v 2.000000 1.799995 48.168999
v 4.000000 3.799995 42.768997
v 4.000000 3.799995 48.168999
v -6.000000 3.799995 47.768997
v -4.000000 3.799995 47.768997
v -6.000000 3.799995 53.168999
v -6.000000 3.799995 53.168999
v -4.000000 3.799995 47.768997
v -4.000000 3.799995 53.168999
v 5.000000 -3.000000 48.168999
v 6.000000 -3.000000 48.168999
v 5.000000 -3.000000 52.768997
v 5.000000 -3.000000 52.768997
v 6.000000 -3.000000 48.168999
v 6.000000 -3.000000 52.768997
v 2.000000 1.799995 48.168999
v 4.000000 3.799995 48.168999
v 2.000000 0.000000 48.168999
v 2.000000 0.000000 48.168999
v 4.000000 3.799995 48.168999
v 5.000000 -3.000000 48.168999
v 5.000000 -3.000000 48.168999
v 4.000000 3.799995 48.168999
v 6.000000 3.799995 48.168999
v 5.000000 -3.000000 48.168999
v 6.000000 3.799995 48.168999
v 6.000000 -3.000000 48.168999
v 2.000000 0.000000 48.168999
v 5.000000 -3.000000 48.168999
v 2.000000 0.000000 52.768997
v 2.000000 0.000000 52.768997
v 5.000000 -3.000000 48.168999
v 5.000000 -3.000000 52.768997
v 4.000000 3.799995 54.938004
v 2.000000 1.799995 54.938004
v 4.000000 3.799995 52.768997
v 4.000000 3.799995 52.768997
v 2.000000 1.799995 54.938004
v 2.000000 1.799995 52.768997
v 2.000000 1.799995 52.768997
v 2.000000 0.000000 52.768997
v 4.000000 3.799995 52.768997
v 4.000000 3.799995 52.768997
v 2.000000 0.000000 52.768997
v 5.000000 -3.000000 52.768997
v 4.000000 3.799995 52.768997
v 5.000000 -3.000000 52.768997
v 6.000000 3.799995 52.768997
v 6.000000 3.799995 52.768997
v 5.000000 -3.000000 52.768997
v 6.000000 -3.000000 52.768997
v 2.000000 1.799995 42.768997
v 2.000000 0.000000 42.768997
v 4.000000 3.799995 42.768997
v 4.000000 3.799995 42.768997
v 2.000000 0.000000 42.768997
v 5.000000 -3.000000 42.768997
v 4.000000 3.799995 42.768997
v 5.000000 -3.000000 42.768997
v 6.000000 3.799995 42.768997
v 6.000000 3.799995 42.768997
v 5.000000 -3.000000 42.768997
v 6.000000 -3.000000 42.768997
v 2.000000 1.799995 32.768997
v 4.000000 3.799995 32.768997
v 2.000000 1.799995 38.168999
v 2.000000 1.799995 38.168999
v 4.000000 3.799995 32.768997
v 4.000000 3.799995 38.168999
v 2.000000 1.799995 28.168999
v 4.000000 3.799995 28.168999
v 2.000000 0.000000 28.168999
v 2.000000 0.000000 28.168999
v 4.000000 3.799995 28.168999
v 5.000000 -3.000000 28.168999
v 5.000000 -3.000000 28.168999
v 4.000000 3.799995 28.168999
v 6.000000 3.799995 28.168999
v 5.000000 -3.000000 28.168999
v 6.000000 3.799995 28.168999
v 6.000000 -3.000000 28.168999
v 2.000000 0.000000 28.168999
v 5.000000 -3.000000 28.168999
v 2.000000 0.000000 32.768997
v 2.000000 0.000000 32.768997
v 5.000000 -3.000000 28.168999
v 5.000000 -3.000000 32.768997
v 2.000000 1.799995 32.768997
v 2.000000 0.000000 32.768997
v 4.000000 3.799995 32.768997
v 4.000000 3.799995 32.768997
v 2.000000 0.000000 32.768997
v 5.000000 -3.000000 32.768997
v 4.000000 3.799995 32.768997
v 5.000000 -3.000000 32.768997
v 6.000000 3.799995 32.768997
v 6.000000 3.799995 32.768997
v 5.000000 -3.000000 32.768997
v 6.000000 -3.000000 32.768997
v 2.000000 1.799995 22.768997
v 4.000000 3.799995 22.768997
v 2.000000 1.799995 28.168999
v 2.000000 1.799995 28.168999
v 4.000000 3.799995 22.768997
v 4.000000 3.799995 28.168999
v 2.000000 1.799995 18.168999
v 4.000000 3.799995 18.168999
v 2.000000 0.000000 18.168999
v 2.000000 0.000000 18.168999
v 4.000000 3.799995 18.168999
v 5.000000 -3.000000 18.168999
v 5.000000 -3.000000 18.168999
v 4.000000 3.799995 18.168999
v 6.000000 3.799995 18.168999
v 5.000000 -3.000000 18.168999
v 6.000000 3.799995 18.168999
v 6.000000 -3.000000 18.168999
v 2.000000 0.000000 18.168999
v 5.000000 -3.000000 18.168999
v 2.000000 0.000000 22.768997
v 2.000000 0.000000 22.768997
v 5.000000 -3.000000 18.168999
v 5.000000 -3.000000 22.768997
v 2.000000 1.799995 22.768997
v 2.000000 0.000000 22.768997
v 4.000000 3.799995 22.768997
v 4.000000 3.799995 22.768997
v 2.000000 0.000000 22.768997
v 5.000000 -3.000000 22.768997
v 4.000000 3.799995 22.768997
v 5.000000 -3.000000 22.768997
v 6.000000 3.799995 22.768997
v 6.000000 3.799995 22.768997
v 5.000000 -3.000000 22.768997
v 6.000000 -3.000000 22.768997
v 5.000000 -3.000000 28.168999
v 6.000000 -3.000000 28.168999
v 5.000000 -3.000000 32.768997
v 5.000000 -3.000000 32.768997
v 6.000000 -3.000000 28.168999
v 6.000000 -3.000000 32.768997
v 5.000000 -3.000000 18.168999
v 6.000000 -3.000000 18.168999
v 5.000000 -3.000000 22.768997
v 5.000000 -3.000000 22.768997
v 6.000000 -3.000000 18.168999
v 6.000000 -3.000000 22.768997
v 2.000000 1.799995 12.769001
v 4.000000 3.799995 12.769001
v 2.000000 1.799995 18.168999
v 2.000000 1.799995 18.168999
v 4.000000 3.799995 12.769001
v 4.000000 3.799995 18.168999
v 2.000000 1.799995 8.168999
v 4.000000 3.799995 8.168999
v 2.000000 0.000000 8.168999
v 2.000000 0.000000 8.168999
v 4.000000 3.799995 8.168999
v 5.000000 -3.000000 8.168999
v 5.000000 -3.000000 8.168999
v 4.000000 3.799995 8.168999
v 6.000000 3.799995 8.168999
v 5.000000 -3.000000 8.168999
v 6.000000 3.799995 8.168999
v 6.000000 -3.000000 8.168999
v 2.000000 0.000000 8.168999
v 5.000000 -3.000000 8.168999
v 2.000000 0.000000 12.769001
v 2.000000 0.000000 12.769001
v 5.000000 -3.000000 8.168999
v 5.000000 -3.000000 12.769001
v 2.000000 1.799995 12.769001
v 2.000000 0.000000 12.769001
v 4.000000 3.799995 12.769001
v 4.000000 3.799995 12.769001
v 2.000000 0.000000 12.769001
v 5.000000 -3.000000 12.769001
v 4.000000 3.799995 12.769001
v 5.000000 -3.000000 12.769001
v 6.000000 3.799995 12.769001
v 6.000000 3.799995 12.769001
v 5.000000 -3.000000 12.769001
v 6.000000 -3.000000 12.769001
v 2.000000 1.799995 2.769001
v 4.000000 3.799995 2.769001
v 2.000000 1.799995 8.168999
v 2.000000 1.799995 8.168999
v 4.000000 3.799995 2.769001
v 4.000000 3.799995 8.168999
v 2.000000 1.799995 -1.831001
v 4.000000 3.799995 -1.831001
v 2.000000 0.000000 -1.831001
v 2.000000 0.000000 -1.831001
v 4.000000 3.799995 -1.831001
v 5.000000 -3.000000 -1.831001
v 5.000000 -3.000000 -1.831001
v 4.000000 3.799995 -1.831001
v 6.000000 3.799995 -1.831001
v 5.000000 -3.000000 -1.831001
v 6.000000 3.799995 -1.831001
v 6.000000 -3.000000 -1.831001
v 2.000000 0.000000 -1.831001
v 5.000000 -3.000000 -1.831001
v 2.000000 0.000000 2.769001
v 2.000000 0.000000 2.769001
v 5.000000 -3.000000 -1.831001
v 5.000000 -3.000000 2.769001
v 2.000000 1.799995 2.769001
v 2.000000 0.000000 2.769001
v 4.000000 3.799995 2.769001
v 4.000000 3.799995 2.769001
v 2.000000 0.000000 2.769001
v 5.000000 -3.000000 2.769001
v 4.000000 3.799995 2.769001
v 5.000000 -3.000000 2.769001
v 6.000000 3.799995 2.769001
v 6.000000 3.799995 2.769001
v 5.000000 -3.000000 2.769001
v 6.000000 -3.000000 2.769001
v 5.000000 -3.000000 8.168999
v 6.000000 -3.000000 8.168999
v 5.000000 -3.000000 12.769001
v 5.000000 -3.000000 12.769001
v 6.000000 -3.000000 8.168999
v 6.000000 -3.000000 12.769001
v 5.000000 -3.000000 -1.831001
v 6.000000 -3.000000 -1.831001
v 5.000000 -3.000000 2.769001
v 5.000000 -3.000000 2.769001
v 6.000000 -3.000000 -1.831001
v 6.000000 -3.000000 2.769001
v 6.000000 -3.000000 8.168999
v 6.000000 3.799995 8.168999
v 6.000000 -3.000000 12.769001
v 6.000000 -3.000000 12.769001
v 6.000000 3.799995 8.168999
v 6.000000 3.799995 12.769001
v 6.000000 3.799995 12.769001
v 6.000000 3.799995 8.168999
v 6.000000 4.799995 54.938004
v 6.000000 3.799995 12.769001
v 6.000000 4.799995 54.938004
v 6.000000 3.799995 18.168999
v 6.000000 3.799995 18.168999
v 6.000000 4.799995 54.938004
v 6.000000 3.799995 22.768997
v 6.000000 3.799995 18.168999
v 6.000000 3.799995 22.768997
v 6.000000 -3.000000 22.768997
v 6.000000 3.799995 8.168999
v 6.000000 3.799995 2.769001
v 6.000000 4.799995 54.938004
v 6.000000 4.799995 54.938004
v 6.000000 3.799995 2.769001
v 6.000000 4.799995 -49.000000
v 6.000000 4.799995 -49.000000
v 6.000000 3.799995 2.769001
v 6.000000 3.799995 -1.831001
v 6.000000 4.799995 -49.000000
v 6.000000 3.799995 -1.831001
v 6.000000 3.799995 -7.230999
v 6.000000 3.799995 2.769001
v 6.000000 -3.000000 2.769001
v 6.000000 3.799995 -1.831001
v 6.000000 3.799995 -1.831001
v 6.000000 -3.000000 2.769001
v 6.000000 -3.000000 -1.831001
v 6.000000 4.799995 -49.000000
v 6.000000 3.799995 -7.230999
v 6.000000 3.799995 -11.831001
v 6.000000 3.799995 -11.831001
v 6.000000 3.799995 -7.230999
v 6.000000 -3.000000 -7.230999
v 6.000000 3.799995 -11.831001
v 6.000000 -3.000000 -7.230999
v 6.000000 -3.000000 -11.831001
v 6.000000 3.799995 -11.831001
v 6.000000 3.799995 -17.230999
v 6.000000 4.799995 -49.000000
v 6.000000 4.799995 -49.000000
v 6.000000 3.799995 -17.230999
v 6.000000 3.799995 -21.830999
v 6.000000 4.799995 -49.000000
v 6.000000 3.799995 -21.830999
v 6.000000 3.799995 -27.231001
v 6.000000 3.799995 -17.230999
v 6.000000 -3.000000 -17.230999
v 6.000000 3.799995 -21.830999
v 6.000000 3.799995 -21.830999
v 6.000000 -3.000000 -17.230999
v 6.000000 -3.000000 -21.830999
v 6.000000 4.799995 -49.000000
v 6.000000 3.799995 -27.231001
v 6.000000 3.799995 -31.830999
v 6.000000 3.799995 -31.830999
v 6.000000 3.799995 -27.231001
v 6.000000 -3.000000 -27.231001
v 6.000000 3.799995 -31.830999
v 6.000000 -3.000000 -27.231001
v 6.000000 -3.000000 -31.830999
v 6.000000 3.799995 -31.830999
v 6.000000 3.799995 -37.230999
v 6.000000 4.799995 -49.000000
v 6.000000 4.799995 -49.000000
v 6.000000 3.799995 -37.230999
v 6.000000 3.799995 -41.831001
v 6.000000 4.799995 -49.000000
v 6.000000 3.799995 -41.831001
v 6.000000 3.799995 -47.230999
v 6.000000 3.799995 -37.230999
v 6.000000 -3.000000 -37.230999
v 6.000000 3.799995 -41.831001
v 6.000000 3.799995 -41.831001
v 6.000000 -3.000000 -37.230999
v 6.000000 -3.000000 -41.831001
v 6.000000 -3.000000 -47.230999
v 6.000000 -3.000000 -49.000000
v 6.000000 3.799995 -47.230999
v 6.000000 3.799995 -47.230999
v 6.000000 -3.000000 -49.000000
v 6.000000 4.799995 -49.000000
v 6.000000 3.799995 54.938004
v 6.000000 3.799995 52.768997
v 6.000000 4.799995 54.938004
v 6.000000 4.799995 54.938004
v 6.000000 3.799995 52.768997
v 6.000000 3.799995 48.168999
v 6.000000 4.799995 54.938004
v 6.000000 3.799995 48.168999
v 6.000000 3.799995 42.768997
v 6.000000 3.799995 52.768997
v 6.000000 -3.000000 52.768997
v 6.000000 3.799995 48.168999
v 6.000000 3.799995 48.168999
v 6.000000 -3.000000 52.768997
v 6.000000 -3.000000 48.168999
v 6.000000 4.799995 54.938004
v 6.000000 3.799995 42.768997
v 6.000000 3.799995 38.168999
v 6.000000 3.799995 38.168999
v 6.000000 3.799995 42.768997
v 6.000000 -3.000000 42.768997
v 6.000000 3.799995 38.168999
v 6.000000 -3.000000 42.768997
v 6.000000 -3.000000 38.168999
v 6.000000 3.799995 38.168999
v 6.000000 3.799995 32.768997
v 6.000000 4.799995 54.938004
v 6.000000 4.799995 54.938004
v 6.000000 3.799995 32.768997
v 6.000000 3.799995 28.168999
v 6.000000 4.799995 54.938004
v 6.000000 3.799995 28.168999
v 6.000000 3.799995 22.768997
v 6.000000 3.799995 32.768997
v 6.000000 -3.000000 32.768997
v 6.000000 3.799995 28.168999
v 6.000000 3.799995 28.168999
v 6.000000 -3.000000 32.768997
v 6.000000 -3.000000 28.168999
v 6.000000 -3.000000 22.768997
v 6.000000 -3.000000 18.168999
v 6.000000 3.799995 18.168999
v -5.000000 -3.000000 37.768997
v -6.000000 -3.000000 37.768997
v -5.000000 -3.000000 33.168999
v -5.000000 -3.000000 33.168999
v -6.000000 -3.000000 37.768997
v -6.000000 -3.000000 33.168999
v -2.000000 1.799995 33.168999
v -2.000000 0.000000 33.168999
v -4.000000 3.799995 33.168999
v -4.000000 3.799995 33.168999
v -2.000000 0.000000 33.168999
v -5.000000 -3.000000 33.168999
v -4.000000 3.799995 33.168999
v -5.000000 -3.000000 33.168999
v -6.000000 3.799995 33.168999
v -6.000000 3.799995 33.168999
v -5.000000 -3.000000 33.168999
v -6.000000 -3.000000 33.168999
v -2.000000 0.000000 37.768997
v -5.000000 -3.000000 37.768997
v -2.000000 0.000000 33.168999
v -2.000000 0.000000 33.168999
v -5.000000 -3.000000 37.768997
v -5.000000 -3.000000 33.168999
v -2.000000 1.799995 43.168999
v -4.000000 3.799995 43.168999
v -2.000000 1.799995 37.768997
v -2.000000 1.799995 37.768997
v -4.000000 3.799995 43.168999
v -4.000000 3.799995 37.768997
v -5.000000 -3.000000 47.768997
v -6.000000 -3.000000 47.768997
v -5.000000 -3.000000 43.168999
v -5.000000 -3.000000 43.168999
v -6.000000 -3.000000 47.768997
v -6.000000 -3.000000 43.168999
v -2.000000 1.799995 43.168999
v -2.000000 0.000000 43.168999
v -4.000000 3.799995 43.168999
v -4.000000 3.799995 43.168999
v -2.000000 0.000000 43.168999
v -5.000000 -3.000000 43.168999
v -4.000000 3.799995 43.168999
v -5.000000 -3.000000 43.168999
v -6.000000 3.799995 43.168999
v -6.000000 3.799995 43.168999
v -5.000000 -3.000000 43.168999
v -6.000000 -3.000000 43.168999
v -2.000000 0.000000 47.768997
v -5.000000 -3.000000 47.768997
v -2.000000 0.000000 43.168999
v -2.000000 0.000000 43.168999
v -5.000000 -3.000000 47.768997
v -5.000000 -3.000000 43.168999
v -2.000000 1.799995 53.168999
v -4.000000 3.799995 53.168999
v -2.000000 1.799995 47.768997
v -2.000000 1.799995 47.768997
v -4.000000 3.799995 53.168999
v -4.000000 3.799995 47.768997
v -2.000000 1.799995 47.768997
v -4.000000 3.799995 47.768997
v -2.000000 0.000000 47.768997
v -2.000000 0.000000 47.768997
v -4.000000 3.799995 47.768997
v -5.000000 -3.000000 47.768997
v -5.000000 -3.000000 47.768997
v -4.000000 3.799995 47.768997
v -6.000000 3.799995 47.768997
v -5.000000 -3.000000 47.768997
v -6.000000 3.799995 47.768997
v -6.000000 -3.000000 47.768997
v -5.000000 -3.000000 54.938004
v -6.000000 -3.000000 54.938004
v -5.000000 -3.000000 53.168999
v -5.000000 -3.000000 53.168999
v -6.000000 -3.000000 54.938004
v -6.000000 -3.000000 53.168999
v -2.000000 0.000000 54.938004
v -5.000000 -3.000000 54.938004
v -2.000000 0.000000 53.168999
v -2.000000 0.000000 53.168999
v -5.000000 -3.000000 54.938004
v -5.000000 -3.000000 53.168999
v -5.000000 -3.000000 17.768997
v -6.000000 -3.000000 17.768997
v -5.000000 -3.000000 13.168999
v -5.000000 -3.000000 13.168999
v -6.000000 -3.000000 17.768997
v -6.000000 -3.000000 13.168999
v -2.000000 1.799995 13.168999
v -2.000000 0.000000 13.168999
v -4.000000 3.799995 13.168999
v -4.000000 3.799995 13.168999
v -2.000000 0.000000 13.168999
v -5.000000 -3.000000 13.168999
v -4.000000 3.799995 13.168999
v -5.000000 -3.000000 13.168999
v -6.000000 3.799995 13.168999
v -6.000000 3.799995 13.168999
v -5.000000 -3.000000 13.168999
v -6.000000 -3.000000 13.168999
v -2.000000 0.000000 17.768997
v -5.000000 -3.000000 17.768997
v -2.000000 0.000000 13.168999
v -2.000000 0.000000 13.168999
v -5.000000 -3.000000 17.768997
v -5.000000 -3.000000 13.168999
v -2.000000 1.799995 23.168999
v -4.000000 3.799995 23.168999
v -2.000000 1.799995 17.768997
v -2.000000 1.799995 17.768997
v -4.000000 3.799995 23.168999
v -4.000000 3.799995 17.768997
v -2.000000 1.799995 17.768997
v -4.000000 3.799995 17.768997
v -2.000000 0.000000 17.768997
v -2.000000 0.000000 17.768997
v -4.000000 3.799995 17.768997
v -5.000000 -3.000000 17.768997
v -5.000000 -3.000000 17.768997
v -4.000000 3.799995 17.768997
v -6.000000 3.799995 17.768997
v -5.000000 -3.000000 17.768997
v -6.000000 3.799995 17.768997
v -6.000000 -3.000000 17.768997
v -5.000000 -3.000000 27.768997
v -6.000000 -3.000000 27.768997
v -5.000000 -3.000000 23.168999
v -5.000000 -3.000000 23.168999
v -6.000000 -3.000000 27.768997
v -6.000000 -3.000000 23.168999
v -2.000000 1.799995 23.168999
v -2.000000 0.000000 23.168999
v -4.000000 3.799995 23.168999
v -4.000000 3.799995 23.168999
v -2.000000 0.000000 23.168999
v -5.000000 -3.000000 23.168999
v -4.000000 3.799995 23.168999
v -5.000000 -3.000000 23.168999
v -6.000000 3.799995 23.168999
v -6.000000 3.799995 23.168999
v -5.000000 -3.000000 23.168999
v -6.000000 -3.000000 23.168999
v -2.000000 0.000000 27.768997
v -5.000000 -3.000000 27.768997
v -2.000000 0.000000 23.168999
v -2.000000 0.000000 23.168999
v -5.000000 -3.000000 27.768997
v -5.000000 -3.000000 23.168999
v -2.000000 1.799995 33.168999
v -4.000000 3.799995 33.168999
v -2.000000 1.799995 27.768997
v -2.000000 1.799995 27.768997
v -4.000000 3.799995 33.168999
v -4.000000 3.799995 27.768997
v -2.000000 1.799995 27.768997
v -4.000000 3.799995 27.768997
v -2.000000 0.000000 27.768997
v -2.000000 0.000000 27.768997
v -4.000000 3.799995 27.768997
v -5.000000 -3.000000 27.768997
v -5.000000 -3.000000 27.768997
v -4.000000 3.799995 27.768997
v -6.000000 3.799995 27.768997
v -5.000000 -3.000000 27.768997
v -6.000000 3.799995 27.768997
v -6.000000 -3.000000 27.768997
v -2.000000 1.799995 37.768997
v -4.000000 3.799995 37.768997
v -2.000000 0.000000 37.768997
v -2.000000 0.000000 37.768997
v -4.000000 3.799995 37.768997
v -5.000000 -3.000000 37.768997
v -5.000000 -3.000000 37.768997
v -4.000000 3.799995 37.768997
v -6.000000 3.799995 37.768997
v -5.000000 -3.000000 37.768997
v -6.000000 3.799995 37.768997
v -6.000000 -3.000000 37.768997
v 5.000000 -3.000000 -11.831001
v 6.000000 -3.000000 -11.831001
v 5.000000 -3.000000 -7.230999
v 5.000000 -3.000000 -7.230999
v 6.000000 -3.000000 -11.831001
v 6.000000 -3.000000 -7.230999
v 2.000000 1.799995 -11.831001
v 4.000000 3.799995 -11.831001
v 2.000000 0.000000 -11.831001
v 2.000000 0.000000 -11.831001
v 4.000000 3.799995 -11.831001
v 5.000000 -3.000000 -11.831001
v 5.000000 -3.000000 -11.831001
v 4.000000 3.799995 -11.831001
v 6.000000 3.799995 -11.831001
v 5.000000 -3.000000 -11.831001
v 6.000000 3.799995 -11.831001
v 6.000000 -3.000000 -11.831001
v -2.000000 1.799995 -46.831001
v -2.000000 0.000000 -46.831001
v -4.000000 3.799995 -46.831001
v -4.000000 3.799995 -46.831001
v -2.000000 0.000000 -46.831001
v -5.000000 -3.000000 -46.831001
v -4.000000 3.799995 -46.831001
v -5.000000 -3.000000 -46.831001
v -6.000000 3.799995 -46.831001
v -6.000000 3.799995 -46.831001
v -5.000000 -3.000000 -46.831001
v -6.000000 -3.000000 -46.831001
v -2.000000 1.799995 -42.230999
v -4.000000 3.799995 -42.230999
v -2.000000 0.000000 -42.230999
v -2.000000 0.000000 -42.230999
v -4.000000 3.799995 -42.230999
v -5.000000 -3.000000 -42.230999
v -5.000000 -3.000000 -42.230999
v -4.000000 3.799995 -42.230999
v -6.000000 3.799995 -42.230999
v -5.000000 -3.000000 -42.230999
v -6.000000 3.799995 -42.230999
v -6.000000 -3.000000 -42.230999
v -2.000000 1.799995 -36.831001
v -2.000000 0.000000 -36.831001
v -4.000000 3.799995 -36.831001
v -4.000000 3.799995 -36.831001
v -2.000000 0.000000 -36.831001
v -5.000000 -3.000000 -36.831001
v -4.000000 3.799995 -36.831001
v -5.000000 -3.000000 -36.831001
v -6.000000 3.799995 -36.831001
v -6.000000 3.799995 -36.831001
v -5.000000 -3.000000 -36.831001
v -6.000000 -3.000000 -36.831001
v -2.000000 1.799995 -32.231003
v -4.000000 3.799995 -32.231003
v -2.000000 0.000000 -32.231003
v -2.000000 0.000000 -32.231003
v -4.000000 3.799995 -32.231003
v -5.000000 -3.000000 -32.231003
v -5.000000 -3.000000 -32.231003
v -4.000000 3.799995 -32.231003
v -6.000000 3.799995 -32.231003
v -5.000000 -3.000000 -32.231003
v -6.000000 3.799995 -32.231003
v -6.000000 -3.000000 -32.231003
v -4.000000 3.799995 -16.831001
v -6.000000 3.799995 -16.831001
v -4.000000 3.799995 -22.231001
v -4.000000 3.799995 -22.231001
v -6.000000 3.799995 -16.831001
v -6.000000 3.799995 -22.231001
v -4.000000 3.799995 -6.831001
v -6.000000 3.799995 -6.831001
v -4.000000 3.799995 -12.230999
v -4.000000 3.799995 -12.230999
v -6.000000 3.799995 -6.831001
v -6.000000 3.799995 -12.230999
v -4.000000 3.799995 -49.000000
v -2.000000 1.799995 -49.000000
v -4.000000 3.799995 -46.831001
v -4.000000 3.799995 -46.831001
v -2.000000 1.799995 -49.000000
v -2.000000 1.799995 -46.831001
v -2.000000 1.799995 -36.831001
v -4.000000 3.799995 -36.831001
v -2.000000 1.799995 -42.230999
v -2.000000 1.799995 -42.230999
v -4.000000 3.799995 -36.831001
v -4.000000 3.799995 -42.230999
v -2.000000 1.799995 -26.830999
v -4.000000 3.799995 -26.830999
v -2.000000 1.799995 -32.231003
v -2.000000 1.799995 -32.231003
v -4.000000 3.799995 -26.830999
v -4.000000 3.799995 -32.231003
v 2.000000 1.799995 -7.230999
v 4.000000 3.799995 -7.230999
v 2.000000 1.799995 -1.831001
v 2.000000 1.799995 -1.831001
v 4.000000 3.799995 -7.230999
v 4.000000 3.799995 -1.831001
v 2.000000 0.000000 -11.831001
v 5.000000 -3.000000 -11.831001
v 2.000000 0.000000 -7.230999
v 2.000000 0.000000 -7.230999
v 5.000000 -3.000000 -11.831001
v 5.000000 -3.000000 -7.230999
v 2.000000 1.799995 -7.230999
v 2.000000 0.000000 -7.230999
v 4.000000 3.799995 -7.230999
v 4.000000 3.799995 -7.230999
v 2.000000 0.000000 -7.230999
v 5.000000 -3.000000 -7.230999
v 4.000000 3.799995 -7.230999
v 5.000000 -3.000000 -7.230999
v 6.000000 3.799995 -7.230999
v 6.000000 3.799995 -7.230999
v 5.000000 -3.000000 -7.230999
v 6.000000 -3.000000 -7.230999
v 2.000000 1.799995 -17.230999
v 4.000000 3.799995 -17.230999
v 2.000000 1.799995 -11.831001
v 2.000000 1.799995 -11.831001
v 4.000000 3.799995 -17.230999
v 4.000000 3.799995 -11.831001
v 2.000000 1.799995 -21.830999
v 4.000000 3.799995 -21.830999
v 2.000000 0.000000 -21.830999
v 2.000000 0.000000 -21.830999
v 4.000000 3.799995 -21.830999
v 5.000000 -3.000000 -21.830999
v 5.000000 -3.000000 -21.830999
v 4.000000 3.799995 -21.830999
v 6.000000 3.799995 -21.830999
v 5.000000 -3.000000 -21.830999
v 6.000000 3.799995 -21.830999
v 6.000000 -3.000000 -21.830999
v 2.000000 0.000000 -21.830999
v 5.000000 -3.000000 -21.830999
v 2.000000 0.000000 -17.230999
v 2.000000 0.000000 -17.230999
v 5.000000 -3.000000 -21.830999
v 5.000000 -3.000000 -17.230999
v 2.000000 1.799995 -17.230999
v 2.000000 0.000000 -17.230999
v 4.000000 3.799995 -17.230999
v 4.000000 3.799995 -17.230999
v 2.000000 0.000000 -17.230999
v 5.000000 -3.000000 -17.230999
v 4.000000 3.799995 -17.230999
v 5.000000 -3.000000 -17.230999
v 6.000000 3.799995 -17.230999
v 6.000000 3.799995 -17.230999
v 5.000000 -3.000000 -17.230999
v 6.000000 -3.000000 -17.230999
v 2.000000 1.799995 -27.231001
v 4.000000 3.799995 -27.231001
v 2.000000 1.799995 -21.830999
v 2.000000 1.799995 -21.830999
v 4.000000 3.799995 -27.231001
v 4.000000 3.799995 -21.830999
v 5.000000 -3.000000 -21.830999
v 6.000000 -3.000000 -21.830999
v 5.000000 -3.000000 -17.230999
v 5.000000 -3.000000 -17.230999
v 6.000000 -3.000000 -21.830999
v 6.000000 -3.000000 -17.230999
v -2.000000 1.799995 -2.230999
v -2.000000 0.000000 -2.230999
v -2.000000 1.799995 3.168999
v -2.000000 1.799995 3.168999
v -2.000000 0.000000 -2.230999
v -2.000000 0.000000 3.168999
v -2.000000 1.799995 7.769001
v -2.000000 0.000000 7.769001
v -2.000000 1.799995 13.168999
v -2.000000 1.799995 13.168999
v -2.000000 0.000000 7.769001
v -2.000000 0.000000 13.168999
v -2.000000 0.000000 -6.831001
v -2.000000 1.799995 -6.831001
v -2.000000 0.000000 -12.230999
v -2.000000 0.000000 -12.230999
v -2.000000 1.799995 -6.831001
v -2.000000 1.799995 -12.230999
v -2.000000 1.799995 17.768997
v -2.000000 0.000000 17.768997
v -2.000000 1.799995 23.168999
v -2.000000 1.799995 23.168999
v -2.000000 0.000000 17.768997
v -2.000000 0.000000 23.168999
v -2.000000 0.000000 -16.831001
v -2.000000 1.799995 -16.831001
v -2.000000 0.000000 -22.231001
v -2.000000 0.000000 -22.231001
v -2.000000 1.799995 -16.831001
v -2.000000 1.799995 -22.231001
v -2.000000 1.799995 27.768997
v -2.000000 0.000000 27.768997
v -2.000000 1.799995 33.168999
v -2.000000 1.799995 33.168999
v -2.000000 0.000000 27.768997
v -2.000000 0.000000 33.168999
v -2.000000 0.000000 -26.830999
v -2.000000 1.799995 -26.830999
v -2.000000 0.000000 -32.231003
v -2.000000 0.000000 -32.231003
v -2.000000 1.799995 -26.830999
v -2.000000 1.799995 -32.231003
v -2.000000 1.799995 37.768997
v -2.000000 0.000000 37.768997
v -2.000000 1.799995 43.168999
v -2.000000 1.799995 43.168999
v -2.000000 0.000000 37.768997
v -2.000000 0.000000 43.168999
v -2.000000 0.000000 -36.831001
v -2.000000 1.799995 -36.831001
v -2.000000 0.000000 -42.230999
v -2.000000 0.000000 -42.230999
v -2.000000 1.799995 -36.831001
v -2.000000 1.799995 -42.230999
v -2.000000 1.799995 47.768997
v -2.000000 0.000000 47.768997
v -2.000000 1.799995 53.168999
v -2.000000 1.799995 53.168999
v -2.000000 0.000000 47.768997
v -2.000000 0.000000 53.168999
v -2.000000 0.000000 7.769001
v -5.000000 -3.000000 7.769001
v -2.000000 0.000000 3.168999
v -2.000000 0.000000 3.168999
v -5.000000 -3.000000 7.769001
v -5.000000 -3.000000 3.168999
v -2.000000 0.000000 -2.230999
v -5.000000 -3.000000 -2.230999
v -2.000000 0.000000 -6.831001
v -2.000000 0.000000 -6.831001
v -5.000000 -3.000000 -2.230999
v -5.000000 -3.000000 -6.831001
v -2.000000 1.799995 13.168999
v -4.000000 3.799995 13.168999
v -2.000000 1.799995 7.769001
v -2.000000 1.799995 7.769001
v -4.000000 3.799995 13.168999
v -4.000000 3.799995 7.769001
v -2.000000 1.799995 3.168999
v -2.000000 0.000000 3.168999
v -4.000000 3.799995 3.168999
v -4.000000 3.799995 3.168999
v -2.000000 0.000000 3.168999
v -5.000000 -3.000000 3.168999
v -4.000000 3.799995 3.168999
v -5.000000 -3.000000 3.168999
v -6.000000 3.799995 3.168999
v -6.000000 3.799995 3.168999
v -5.000000 -3.000000 3.168999
v -6.000000 -3.000000 3.168999
v -6.000000 -3.000000 7.769001
v -6.000000 3.799995 7.769001
v -6.000000 -3.000000 3.168999
v -6.000000 -3.000000 3.168999
v -6.000000 3.799995 7.769001
v -6.000000 3.799995 3.168999
v -6.000000 3.799995 3.168999
v -6.000000 3.799995 7.769001
v -6.000000 4.799995 54.938004
v -6.000000 3.799995 3.168999
v -6.000000 4.799995 54.938004
v -6.000000 4.799995 -49.000000
v -6.000000 3.799995 7.769001
v -6.000000 3.799995 13.168999
v -6.000000 4.799995 54.938004
v -6.000000 4.799995 54.938004
v -6.000000 3.799995 13.168999
v -6.000000 3.799995 17.768997
v -6.000000 4.799995 54.938004
v -6.000000 3.799995 17.768997
v -6.000000 3.799995 23.168999
v -6.000000 3.799995 13.168999
v -6.000000 -3.000000 13.168999
v -6.000000 3.799995 17.768997
v -6.000000 3.799995 17.768997
v -6.000000 -3.000000 13.168999
v -6.000000 -3.000000 17.768997
v -6.000000 4.799995 54.938004
v -6.000000 3.799995 23.168999
v -6.000000 3.799995 27.768997
v -6.000000 3.799995 27.768997
v -6.000000 3.799995 23.168999
v -6.000000 -3.000000 23.168999
v -6.000000 3.799995 27.768997
v -6.000000 -3.000000 23.168999
v -6.000000 -3.000000 27.768997
v -6.000000 3.799995 27.768997
v -6.000000 3.799995 33.168999
v -6.000000 4.799995 54.938004
v -6.000000 4.799995 54.938004
v -6.000000 3.799995 33.168999
v -6.000000 3.799995 37.768997
v -6.000000 4.799995 54.938004
v -6.000000 3.799995 37.768997
v -6.000000 3.799995 43.168999
v -6.000000 3.799995 33.168999
v -6.000000 -3.000000 33.168999
v -6.000000 3.799995 37.768997
v -6.000000 3.799995 37.768997
v -6.000000 -3.000000 33.168999
v -6.000000 -3.000000 37.768997
v -6.000000 4.799995 54.938004
v -6.000000 3.799995 43.168999
v -6.000000 3.799995 47.768997
v -6.000000 3.799995 47.768997
v -6.000000 3.799995 43.168999
v -6.000000 -3.000000 43.168999
v -6.000000 3.799995 47.768997
v -6.000000 -3.000000 43.168999
v -6.000000 -3.000000 47.768997
v -6.000000 3.799995 47.768997
v -6.000000 3.799995 53.168999
v -6.000000 4.799995 54.938004
v -6.000000 4.799995 54.938004
v -6.000000 3.799995 53.168999
v -6.000000 -3.000000 54.938004
v -6.000000 -3.000000 54.938004
v -6.000000 3.799995 53.168999
v -6.000000 -3.000000 53.168999
v -6.000000 3.799995 -49.000000
v -6.000000 3.799995 -46.831001
v -6.000000 4.799995 -49.000000
v -6.000000 4.799995 -49.000000
v -6.000000 3.799995 -46.831001
v -6.000000 3.799995 -42.230999
v -6.000000 4.799995 -49.000000
v -6.000000 3.799995 -42.230999
v -6.000000 3.799995 -36.831001
v -6.000000 3.799995 -46.831001
v -6.000000 -3.000000 -46.831001
v -6.000000 3.799995 -42.230999
v -6.000000 3.799995 -42.230999
v -6.000000 -3.000000 -46.831001
v -6.000000 -3.000000 -42.230999
v -6.000000 4.799995 -49.000000
v -6.000000 3.799995 -36.831001
v -6.000000 3.799995 -32.231003
v -6.000000 3.799995 -32.231003
v -6.000000 3.799995 -36.831001
v -6.000000 -3.000000 -36.831001
v -6.000000 3.799995 -32.231003
v -6.000000 -3.000000 -36.831001
v -6.000000 -3.000000 -32.231003
v -6.000000 3.799995 -32.231003
v -6.000000 3.799995 -26.830999
v -6.000000 4.799995 -49.000000
v -6.000000 4.799995 -49.000000
v -6.000000 3.799995 -26.830999
v -6.000000 3.799995 -22.231001
v -6.000000 4.799995 -49.000000
v -6.000000 3.799995 -22.231001
v -6.000000 3.799995 -16.831001
v -6.000000 3.799995 -26.830999
v -6.000000 -3.000000 -26.830999
v -6.000000 3.799995 -22.231001
v -6.000000 3.799995 -22.231001
v -6.000000 -3.000000 -26.830999
v -6.000000 -3.000000 -22.231001
v -6.000000 4.799995 -49.000000
v -6.000000 3.799995 -16.831001
v -6.000000 3.799995 -12.230999
v -6.000000 3.799995 -12.230999
v -6.000000 3.799995 -16.831001
v -6.000000 -3.000000 -16.831001
v -6.000000 3.799995 -12.230999
v -6.000000 -3.000000 -16.831001
v -6.000000 -3.000000 -12.230999
v -6.000000 3.799995 -12.230999
v -6.000000 3.799995 -6.831001
v -6.000000 4.799995 -49.000000
v -6.000000 4.799995 -49.000000
v -6.000000 3.799995 -6.831001
v -6.000000 3.799995 -2.230999
v -6.000000 4.799995 -49.000000
v -6.000000 3.799995 -2.230999
v -6.000000 3.799995 3.168999
v -6.000000 3.799995 -6.831001
v -6.000000 -3.000000 -6.831001
v -6.000000 3.799995 -2.230999
v -6.000000 3.799995 -2.230999
v -6.000000 -3.000000 -6.831001
v -6.000000 -3.000000 -2.230999
v -2.000000 1.799995 -6.831001
v -2.000000 0.000000 -6.831001
v -4.000000 3.799995 -6.831001
v -4.000000 3.799995 -6.831001
v -2.000000 0.000000 -6.831001
v -5.000000 -3.000000 -6.831001
v -4.000000 3.799995 -6.831001
v -5.000000 -3.000000 -6.831001
v -6.000000 3.799995 -6.831001
v -6.000000 3.799995 -6.831001
v -5.000000 -3.000000 -6.831001
v -6.000000 -3.000000 -6.831001
v -2.000000 1.799995 -2.230999
v -4.000000 3.799995 -2.230999
v -2.000000 0.000000 -2.230999
v -2.000000 0.000000 -2.230999
v -4.000000 3.799995 -2.230999
v -5.000000 -3.000000 -2.230999
v -5.000000 -3.000000 -2.230999
v -4.000000 3.799995 -2.230999
v -6.000000 3.799995 -2.230999
v -5.000000 -3.000000 -2.230999
v -6.000000 3.799995 -2.230999
v -6.000000 -3.000000 -2.230999
v -2.000000 1.799995 -16.831001
v -2.000000 0.000000 -16.831001
v -4.000000 3.799995 -16.831001
v -4.000000 3.799995 -16.831001
v -2.000000 0.000000 -16.831001
v -5.000000 -3.000000 -16.831001
v -4.000000 3.799995 -16.831001
v -5.000000 -3.000000 -16.831001
v -6.000000 3.799995 -16.831001
v -6.000000 3.799995 -16.831001
v -5.000000 -3.000000 -16.831001
v -6.000000 -3.000000 -16.831001
v -2.000000 1.799995 -12.230999
v -4.000000 3.799995 -12.230999
v -2.000000 0.000000 -12.230999
v -2.000000 0.000000 -12.230999
v -4.000000 3.799995 -12.230999
v -5.000000 -3.000000 -12.230999
v -5.000000 -3.000000 -12.230999
v -4.000000 3.799995 -12.230999
v -6.000000 3.799995 -12.230999
v -5.000000 -3.000000 -12.230999
v -6.000000 3.799995 -12.230999
v -6.000000 -3.000000 -12.230999
v -2.000000 1.799995 -16.831001
v -4.000000 3.799995 -16.831001
v -2.000000 1.799995 -22.231001
v -2.000000 1.799995 -22.231001
v -4.000000 3.799995 -16.831001
v -4.000000 3.799995 -22.231001
v -2.000000 1.799995 -26.830999
v -2.000000 0.000000 -26.830999
v -4.000000 3.799995 -26.830999
v -4.000000 3.799995 -26.830999
v -2.000000 0.000000 -26.830999
v -5.000000 -3.000000 -26.830999
v -4.000000 3.799995 -26.830999
v -5.000000 -3.000000 -26.830999
v -6.000000 3.799995 -26.830999
v -6.000000 3.799995 -26.830999
v -5.000000 -3.000000 -26.830999
v -6.000000 -3.000000 -26.830999
v -2.000000 1.799995 -22.231001
v -4.000000 3.799995 -22.231001
v -2.000000 0.000000 -22.231001
v -2.000000 0.000000 -22.231001
v -4.000000 3.799995 -22.231001
v -5.000000 -3.000000 -22.231001
v -5.000000 -3.000000 -22.231001
v -4.000000 3.799995 -22.231001
v -6.000000 3.799995 -22.231001
v -5.000000 -3.000000 -22.231001
v -6.000000 3.799995 -22.231001
v -6.000000 -3.000000 -22.231001
v -4.000000 3.799995 -46.831001
v -6.000000 3.799995 -46.831001
v -4.000000 3.799995 -49.000000
v -4.000000 3.799995 -49.000000
v -6.000000 3.799995 -46.831001
v -6.000000 3.799995 -49.000000
v -4.000000 3.799995 -36.831001
v -6.000000 3.799995 -36.831001
v -4.000000 3.799995 -42.230999
v -4.000000 3.799995 -42.230999
v -6.000000 3.799995 -36.831001
v -6.000000 3.799995 -42.230999
v -4.000000 3.799995 -26.830999
v -6.000000 3.799995 -26.830999
v -4.000000 3.799995 -32.231003
v -4.000000 3.799995 -32.231003
v -6.000000 3.799995 -26.830999
v -6.000000 3.799995 -32.231003
v 2.000000 1.799995 -31.830999
v 4.000000 3.799995 -31.830999
v 2.000000 0.000000 -31.830999
v 2.000000 0.000000 -31.830999
v 4.000000 3.799995 -31.830999
v 5.000000 -3.000000 -31.830999
v 5.000000 -3.000000 -31.830999
v 4.000000 3.799995 -31.830999
v 6.000000 3.799995 -31.830999
v 5.000000 -3.000000 -31.830999
v 6.000000 3.799995 -31.830999
v 6.000000 -3.000000 -31.830999
v 2.000000 0.000000 -31.830999
v 5.000000 -3.000000 -31.830999
v 2.000000 0.000000 -27.231001
v 2.000000 0.000000 -27.231001
v 5.000000 -3.000000 -31.830999
v 5.000000 -3.000000 -27.231001
v 2.000000 1.799995 -27.231001
v 2.000000 0.000000 -27.231001
v 4.000000 3.799995 -27.231001
v 4.000000 3.799995 -27.231001
v 2.000000 0.000000 -27.231001
v 5.000000 -3.000000 -27.231001
v 4.000000 3.799995 -27.231001
v 5.000000 -3.000000 -27.231001
v 6.000000 3.799995 -27.231001
v 6.000000 3.799995 -27.231001
v 5.000000 -3.000000 -27.231001
v 6.000000 -3.000000 -27.231001
v 2.000000 1.799995 -37.230999
v 4.000000 3.799995 -37.230999
v 2.000000 1.799995 -31.830999
v 2.000000 1.799995 -31.830999
v 4.000000 3.799995 -37.230999
v 4.000000 3.799995 -31.830999
v 2.000000 1.799995 -41.831001
v 4.000000 3.799995 -41.831001
v 2.000000 0.000000 -41.831001
v 2.000000 0.000000 -41.831001
v 4.000000 3.799995 -41.831001
v 5.000000 -3.000000 -41.831001
v 5.000000 -3.000000 -41.831001
v 4.000000 3.799995 -41.831001
v 6.000000 3.799995 -41.831001
v 5.000000 -3.000000 -41.831001
v 6.000000 3.799995 -41.831001
v 6.000000 -3.000000 -41.831001
v 2.000000 0.000000 -41.831001
v 5.000000 -3.000000 -41.831001
v 2.000000 0.000000 -37.230999
v 2.000000 0.000000 -37.230999
v 5.000000 -3.000000 -41.831001
v 5.000000 -3.000000 -37.230999
v 2.000000 1.799995 -37.230999
v 2.000000 0.000000 -37.230999
v 4.000000 3.799995 -37.230999
v 4.000000 3.799995 -37.230999
v 2.000000 0.000000 -37.230999
v 5.000000 -3.000000 -37.230999
v 4.000000 3.799995 -37.230999
v 5.000000 -3.000000 -37.230999
v 6.000000 3.799995 -37.230999
v 6.000000 3.799995 -37.230999
v 5.000000 -3.000000 -37.230999
v 6.000000 -3.000000 -37.230999
v 2.000000 1.799995 -47.230999
v 4.000000 3.799995 -47.230999
v 2.000000 1.799995 -41.831001
v 2.000000 1.799995 -41.831001
v 4.000000 3.799995 -47.230999
v 4.000000 3.799995 -41.831001
v 5.000000 -3.000000 -31.830999
v 6.000000 -3.000000 -31.830999
v 5.000000 -3.000000 -27.231001
v 5.000000 -3.000000 -27.231001
v 6.000000 -3.000000 -31.830999
v 6.000000 -3.000000 -27.231001
v 5.000000 -3.000000 -41.831001
v 6.000000 -3.000000 -41.831001
v 5.000000 -3.000000 -37.230999
v 5.000000 -3.000000 -37.230999
v 6.000000 -3.000000 -41.831001
v 6.000000 -3.000000 -37.230999
v -2.000000 1.799995 3.168999
v -4.000000 3.799995 3.168999
v -2.000000 1.799995 -2.230999
v -2.000000 1.799995 -2.230999
v -4.000000 3.799995 3.168999
v -4.000000 3.799995 -2.230999
v -2.000000 1.799995 -6.831001
v -4.000000 3.799995 -6.831001
v -2.000000 1.799995 -12.230999
v -2.000000 1.799995 -12.230999
v -4.000000 3.799995 -6.831001
v -4.000000 3.799995 -12.230999
v -2.000000 0.000000 -12.230999
v -5.000000 -3.000000 -12.230999
v -2.000000 0.000000 -16.831001
v -2.000000 0.000000 -16.831001
v -5.000000 -3.000000 -12.230999
v -5.000000 -3.000000 -16.831001
v -2.000000 0.000000 -22.231001
v -5.000000 -3.000000 -22.231001
v -2.000000 0.000000 -26.830999
v -2.000000 0.000000 -26.830999
v -5.000000 -3.000000 -22.231001
v -5.000000 -3.000000 -26.830999
v -2.000000 0.000000 -32.231003
v -5.000000 -3.000000 -32.231003
v -2.000000 0.000000 -36.831001
v -2.000000 0.000000 -36.831001
v -5.000000 -3.000000 -32.231003
v -5.000000 -3.000000 -36.831001
v -2.000000 0.000000 -42.230999
v -5.000000 -3.000000 -42.230999
v -2.000000 0.000000 -46.831001
v -2.000000 0.000000 -46.831001
v -5.000000 -3.000000 -42.230999
v -5.000000 -3.000000 -46.831001
v -2.000000 0.000000 54.938004
v -2.000000 0.000000 53.168999
v 2.000000 0.000000 54.938004
v 2.000000 0.000000 54.938004
v -2.000000 0.000000 53.168999
v 2.000000 0.000000 52.768997
v 2.000000 0.000000 52.768997
v -2.000000 0.000000 53.168999
v -2.000000 0.000000 47.768997
v 2.000000 0.000000 52.768997
v -2.000000 0.000000 47.768997
v 2.000000 0.000000 48.168999
v 2.000000 0.000000 48.168999
v -2.000000 0.000000 47.768997
v 2.000000 0.000000 42.768997
v 2.000000 0.000000 42.768997
v -2.000000 0.000000 47.768997
v -2.000000 0.000000 43.168999
v 2.000000 0.000000 42.768997
v -2.000000 0.000000 43.168999
v -2.000000 0.000000 37.768997
v -2.000000 0.000000 33.168999
v 2.000000 0.000000 32.768997
v -2.000000 0.000000 37.768997
v -2.000000 0.000000 37.768997
v 2.000000 0.000000 32.768997
v 2.000000 0.000000 38.168999
v -2.000000 0.000000 37.768997
v 2.000000 0.000000 38.168999
v 2.000000 0.000000 42.768997
v -2.000000 0.000000 33.168999
v -2.000000 0.000000 27.768997
v 2.000000 0.000000 32.768997
v 2.000000 0.000000 32.768997
v -2.000000 0.000000 27.768997
v 2.000000 0.000000 28.168999
v 2.000000 0.000000 28.168999
v -2.000000 0.000000 27.768997
v 2.000000 0.000000 22.768997
v 2.000000 0.000000 22.768997
v -2.000000 0.000000 27.768997
v -2.000000 0.000000 23.168999
v 2.000000 0.000000 22.768997
v -2.000000 0.000000 23.168999
v -2.000000 0.000000 17.768997
v -2.000000 0.000000 13.168999
v 2.000000 0.000000 12.769001
v -2.000000 0.000000 17.768997
v -2.000000 0.000000 17.768997
v 2.000000 0.000000 12.769001
v 2.000000 0.000000 18.168999
v -2.000000 0.000000 17.768997
v 2.000000 0.000000 18.168999
v 2.000000 0.000000 22.768997
v -2.000000 0.000000 13.168999
v -2.000000 0.000000 7.769001
v 2.000000 0.000000 12.769001
v 2.000000 0.000000 12.769001
v -2.000000 0.000000 7.769001
v 2.000000 0.000000 8.168999
v 2.000000 0.000000 8.168999
v -2.000000 0.000000 7.769001
v 2.000000 0.000000 2.769001
v 2.000000 0.000000 2.769001
v -2.000000 0.000000 7.769001
v -2.000000 0.000000 3.168999
v 2.000000 0.000000 2.769001
v -2.000000 0.000000 3.168999
v -2.000000 0.000000 -2.230999
v -2.000000 0.000000 -6.831001
v 2.000000 0.000000 -7.230999
v -2.000000 0.000000 -2.230999
v -2.000000 0.000000 -2.230999
v 2.000000 0.000000 -7.230999
v 2.000000 0.000000 -1.831001
v -2.000000 0.000000 -2.230999
v 2.000000 0.000000 -1.831001
v 2.000000 0.000000 2.769001
v -2.000000 0.000000 -6.831001
v -2.000000 0.000000 -12.230999
v 2.000000 0.000000 -7.230999
v 2.000000 0.000000 -7.230999
v -2.000000 0.000000 -12.230999
v 2.000000 0.000000 -11.831001
v 2.000000 0.000000 -11.831001
v -2.000000 0.000000 -12.230999
v 2.000000 0.000000 -17.230999
v 2.000000 0.000000 -17.230999
v -2.000000 0.000000 -12.230999
v -2.000000 0.000000 -16.831001
v 2.000000 0.000000 -17.230999
v -2.000000 0.000000 -16.831001
v -2.000000 0.000000 -22.231001
v -2.000000 0.000000 -26.830999
v 2.000000 0.000000 -27.231001
v -2.000000 0.000000 -22.231001
v -2.000000 0.000000 -22.231001
v 2.000000 0.000000 -27.231001
v 2.000000 0.000000 -21.830999
v -2.000000 0.000000 -22.231001
v 2.000000 0.000000 -21.830999
v 2.000000 0.000000 -17.230999
v -2.000000 0.000000 -26.830999
v -2.000000 0.000000 -32.231003
v 2.000000 0.000000 -27.231001
v 2.000000 0.000000 -27.231001
v -2.000000 0.000000 -32.231003
v 2.000000 0.000000 -31.830999
v 2.000000 0.000000 -31.830999
v -2.000000 0.000000 -32.231003
v 2.000000 0.000000 -37.230999
v 2.000000 0.000000 -37.230999
v -2.000000 0.000000 -32.231003
v -2.000000 0.000000 -36.831001
v 2.000000 0.000000 -37.230999
v -2.000000 0.000000 -36.831001
v -2.000000 0.000000 -42.230999
v -2.000000 0.000000 -46.831001
v 2.000000 0.000000 -47.230999
v -2.000000 0.000000 -42.230999
v -2.000000 0.000000 -42.230999
v 2.000000 0.000000 -47.230999
v 2.000000 0.000000 -41.831001
v -2.000000 0.000000 -42.230999
v 2.000000 0.000000 -41.831001
v 2.000000 0.000000 -37.230999
v -2.000000 0.000000 -46.831001
v -2.000000 0.000000 -49.000000
v 2.000000 0.000000 -47.230999
v 2.000000 0.000000 -47.230999
v -2.000000 0.000000 -49.000000
v 2.000000 0.000000 -49.000000
v -2.000000 0.000000 -46.831001
v -2.000000 1.799995 -46.831001
v -2.000000 0.000000 -49.000000
v -2.000000 0.000000 -49.000000
v -2.000000 1.799995 -46.831001
v -2.000000 1.799995 -49.000000
v 4.000000 3.799995 12.769001
v 6.000000 3.799995 12.769001
v 4.000000 3.799995 18.168999
v 4.000000 3.799995 18.168999
v 6.000000 3.799995 12.769001
v 6.000000 3.799995 18.168999
v 4.000000 3.799995 22.768997
v 6.000000 3.799995 22.768997
v 4.000000 3.799995 28.168999
v 4.000000 3.799995 28.168999
v 6.000000 3.799995 22.768997
v 6.000000 3.799995 28.168999
v 6.000000 3.799995 8.168999
v 4.000000 3.799995 8.168999
v 6.000000 3.799995 2.769001
v 6.000000 3.799995 2.769001
v 4.000000 3.799995 8.168999
v 4.000000 3.799995 2.769001
v 4.000000 3.799995 32.768997
v 6.000000 3.799995 32.768997
v 4.000000 3.799995 38.168999
v 4.000000 3.799995 38.168999
v 6.000000 3.799995 32.768997
v 6.000000 3.799995 38.168999
v 6.000000 3.799995 -1.831001
v 4.000000 3.799995 -1.831001
v 6.000000 3.799995 -7.230999
v 6.000000 3.799995 -7.230999
v 4.000000 3.799995 -1.831001
v 4.000000 3.799995 -7.230999
v 4.000000 3.799995 42.768997
v 6.000000 3.799995 42.768997
v 4.000000 3.799995 48.168999
v 4.000000 3.799995 48.168999
v 6.000000 3.799995 42.768997
v 6.000000 3.799995 48.168999
v 6.000000 3.799995 -11.831001
v 4.000000 3.799995 -11.831001
v 6.000000 3.799995 -17.230999
v 6.000000 3.799995 -17.230999
v 4.000000 3.799995 -11.831001
v 4.000000 3.799995 -17.230999
v 4.000000 3.799995 52.768997
v 6.000000 3.799995 52.768997
v 4.000000 3.799995 54.938004
v 4.000000 3.799995 54.938004
v 6.000000 3.799995 52.768997
v 6.000000 3.799995 54.938004
v 6.000000 3.799995 -21.830999
v 4.000000 3.799995 -21.830999
v 6.000000 3.799995 -27.231001
v 6.000000 3.799995 -27.231001
v 4.000000 3.799995 -21.830999
v 4.000000 3.799995 -27.231001
v 6.000000 3.799995 -31.830999
v 4.000000 3.799995 -31.830999
v 6.000000 3.799995 -37.230999
v 6.000000 3.799995 -37.230999
v 4.000000 3.799995 -31.830999
v 4.000000 3.799995 -37.230999
v 4.000000 3.799995 -47.230999
v 6.000000 3.799995 -47.230999
v 4.000000 3.799995 -41.831001
v 4.000000 3.799995 -41.831001
v 6.000000 3.799995 -47.230999
v 6.000000 3.799995 -41.831001
v -2.000000 1.799995 7.769001
v -4.000000 3.799995 7.769001
v -2.000000 0.000000 7.769001
v -2.000000 0.000000 7.769001
v -4.000000 3.799995 7.769001
v -5.000000 -3.000000 7.769001
v -5.000000 -3.000000 7.769001
v -4.000000 3.799995 7.769001
v -6.000000 3.799995 7.769001
v -5.000000 -3.000000 7.769001
v -6.000000 3.799995 7.769001
v -6.000000 -3.000000 7.769001
v -2.000000 1.799995 53.168999
v -2.000000 0.000000 53.168999
v -4.000000 3.799995 53.168999
v -4.000000 3.799995 53.168999
v -2.000000 0.000000 53.168999
v -5.000000 -3.000000 53.168999
v -4.000000 3.799995 53.168999
v -5.000000 -3.000000 53.168999
v -6.000000 3.799995 53.168999
v -6.000000 3.799995 53.168999
v -5.000000 -3.000000 53.168999
v -6.000000 -3.000000 53.168999
v -5.000000 -3.000000 -42.230999
v -6.000000 -3.000000 -42.230999
v -5.000000 -3.000000 -46.831001
v -5.000000 -3.000000 -46.831001
v -6.000000 -3.000000 -42.230999
v -6.000000 -3.000000 -46.831001
v -5.000000 -3.000000 -32.231003
v -6.000000 -3.000000 -32.231003
v -5.000000 -3.000000 -36.831001
v -5.000000 -3.000000 -36.831001
v -6.000000 -3.000000 -32.231003
v -6.000000 -3.000000 -36.831001
v -5.000000 -3.000000 -22.231001
v -6.000000 -3.000000 -22.231001
v -5.000000 -3.000000 -26.830999
v -5.000000 -3.000000 -26.830999
v -6.000000 -3.000000 -22.231001
v -6.000000 -3.000000 -26.830999
v -5.000000 -3.000000 -12.230999
v -6.000000 -3.000000 -12.230999
v -5.000000 -3.000000 -16.831001
v -5.000000 -3.000000 -16.831001
v -6.000000 -3.000000 -12.230999
v -6.000000 -3.000000 -16.831001
v -5.000000 -3.000000 -2.230999
v -6.000000 -3.000000 -2.230999
v -5.000000 -3.000000 -6.831001
v -5.000000 -3.000000 -6.831001
v -6.000000 -3.000000 -2.230999
v -6.000000 -3.000000 -6.831001
v -5.000000 -3.000000 7.769001
v -6.000000 -3.000000 7.769001
v -5.000000 -3.000000 3.168999
v -5.000000 -3.000000 3.168999
v -6.000000 -3.000000 7.769001
v -6.000000 -3.000000 3.168999
v 2.000000 0.000000 32.768997
v 2.000000 1.799995 32.768997
v 2.000000 0.000000 38.168999
v 2.000000 0.000000 38.168999
v 2.000000 1.799995 32.768997
v 2.000000 1.799995 38.168999
v 2.000000 0.000000 22.768997
v 2.000000 1.799995 22.768997
v 2.000000 0.000000 28.168999
v 2.000000 0.000000 28.168999
v 2.000000 1.799995 22.768997
v 2.000000 1.799995 28.168999
v 2.000000 0.000000 12.769001
v 2.000000 1.799995 12.769001
v 2.000000 0.000000 18.168999
v 2.000000 0.000000 18.168999
v 2.000000 1.799995 12.769001
v 2.000000 1.799995 18.168999
v 2.000000 0.000000 2.769001
v 2.000000 1.799995 2.769001
v 2.000000 0.000000 8.168999
v 2.000000 0.000000 8.168999
v 2.000000 1.799995 2.769001
v 2.000000 1.799995 8.168999
v 2.000000 1.799995 -1.831001
v 2.000000 0.000000 -1.831001
v 2.000000 1.799995 -7.230999
v 2.000000 1.799995 -7.230999
v 2.000000 0.000000 -1.831001
v 2.000000 0.000000 -7.230999
v 2.000000 1.799995 -11.831001
v 2.000000 0.000000 -11.831001
v 2.000000 1.799995 -17.230999
v 2.000000 1.799995 -17.230999
v 2.000000 0.000000 -11.831001
v 2.000000 0.000000 -17.230999
v 2.000000 1.799995 -21.830999
v 2.000000 0.000000 -21.830999
v 2.000000 1.799995 -27.231001
v 2.000000 1.799995 -27.231001
v 2.000000 0.000000 -21.830999
v 2.000000 0.000000 -27.231001
v 2.000000 1.799995 -31.830999
v 2.000000 0.000000 -31.830999
v 2.000000 1.799995 -37.230999
v 2.000000 1.799995 -37.230999
v 2.000000 0.000000 -31.830999
v 2.000000 0.000000 -37.230999
v 2.000000 1.799995 -41.831001
v 2.000000 0.000000 -41.831001
v 2.000000 1.799995 -47.230999
v 2.000000 1.799995 -47.230999
v 2.000000 0.000000 -41.831001
v 2.000000 0.000000 -47.230999
v 2.000000 0.000000 52.768997
v 2.000000 1.799995 52.768997
v 2.000000 0.000000 54.938004
v 2.000000 0.000000 54.938004
v 2.000000 1.799995 52.768997
v 2.000000 1.799995 54.938004
v 2.000000 0.000000 42.768997
v 2.000000 1.799995 42.768997
v 2.000000 0.000000 48.168999
v 2.000000 0.000000 48.168999
v 2.000000 1.799995 42.768997
v 2.000000 1.799995 48.168999
vn -0.0000 -0.0000 1.0000
vn -0.0000 -1.0000 -0.0000
vn -0.7071 -0.7071 -0.0000
vn -0.0000 -0.0000 -1.0000
vn 0.7071 -0.7071 -0.0000
vn 1.0000 -0.0000 -0.0000
vn -1.0000 -0.0000 -0.0000
vt 0.566260 0.517763
vt 0.566260 0.483127
vt 0.604744 0.556248
vt 0.623986 0.425401
vt 0.643229 0.556248
vt 0.643229 0.425401
vt 0.623986 1.499903
vt 0.643229 1.499903
vt 0.623986 1.465863
vt 0.643229 1.465863
vt 0.566260 1.499903
vt 0.566260 1.465863
vt 0.450806 0.496055
vt 0.412322 0.496055
vt 0.450806 0.599963
vt 0.412322 0.599963
vt 0.412322 0.407540
vt 0.450806 0.407540
vt 0.412322 0.303632
vt 0.450806 0.303632
vt 0.412322 0.215118
vt 0.450806 0.215118
vt 0.412322 0.111210
vt 0.450806 0.111210
vt 0.412322 0.022696
vt 0.450806 0.022696
vt 0.412322 -0.081213
vt 0.450806 -0.081213
vt 0.412322 -0.169727
vt 0.450806 -0.169727
vt 0.412322 -0.273635
vt 0.450806 -0.273635
vt 0.623986 -0.177424
vt 0.643229 -0.177424
vt 0.623986 -0.265938
vt 0.643229 -0.265938
vt 0.566260 -0.177424
vt 0.566260 -0.265938
vt 0.604744 -0.265938
vt 0.566260 -0.369846
vt 0.604744 -0.369846
vt 0.412322 -0.362149
vt 0.450806 -0.362149
vt 0.412322 -0.466057
vt 0.450806 -0.466057
vt 0.623986 -0.369846
vt 0.643229 -0.369846
vt 0.623986 -0.458360
vt 0.643229 -0.458360
vt 0.566260 -0.458360
vt 0.604744 -0.500097
vt 0.566260 -0.500097
vt 0.604744 -0.458360
vt 0.566260 -0.073516
vt 0.604744 -0.073516
vt 0.604744 -0.177424
vt 0.566260 0.014999
vt 0.623986 0.014999
vt 0.623986 -0.073516
vt 0.566260 0.118907
vt 0.604744 0.118907
vt 0.604744 0.014999
vt 0.566260 0.207421
vt 0.623986 0.207421
vt 0.623986 0.118907
vt 0.643229 0.014999
vt 0.643229 -0.073516
vt 0.643229 0.207421
vt 0.643229 0.118907
vt 0.566260 0.311329
vt 0.604744 0.311329
vt 0.604744 0.207421
vt 0.566260 0.399843
vt 0.623986 0.399843
vt 0.623986 0.311329
vt 0.566260 0.503751
vt 0.604744 0.503751
vt 0.604744 0.399843
vt 0.566260 0.592266
vt 0.623986 0.592266
vt 0.623986 0.503751
vt 0.643229 0.399843
vt 0.643229 0.311329
vt 0.643229 0.592266
vt 0.643229 0.503751
vt 0.427618 0.425401
vt 0.427618 0.556248
vt 0.339104 0.425401
vt 0.339104 0.556248
vt -0.472322 0.575490
vt 0.235196 0.556248
vt 0.146682 0.556248
vt 0.146682 0.425401
vt 0.531526 0.556248
vt 1.527678 0.575490
vt 0.620041 0.556248
vt 0.723949 0.556248
vt 0.531526 0.425401
vt 0.620041 0.425401
vt 0.812463 0.556248
vt 0.723949 0.425401
vt 0.812463 0.425401
vt 0.916371 0.556248
vt 1.004886 0.556248
vt 1.108794 0.556248
vt 0.916371 0.425401
vt 1.004886 0.425401
vt 1.197308 0.556248
vt 1.108794 0.425401
vt 1.197308 0.425401
vt 1.301216 0.556248
vt 1.389730 0.556248
vt 1.493638 0.556248
vt 1.301216 0.425401
vt 1.389730 0.425401
vt 1.493638 0.425401
vt 1.527678 0.425401
vt -0.472322 0.556248
vt -0.430586 0.556248
vt -0.342071 0.556248
vt -0.238163 0.556248
vt -0.430586 0.425401
vt -0.342071 0.425401
vt -0.149649 0.556248
vt -0.238163 0.425401
vt -0.149649 0.425401
vt -0.045741 0.556248
vt 0.042773 0.556248
vt -0.045741 0.425401
vt 0.042773 0.425401
vt 0.235196 0.425401
vt 0.431564 -0.169727
vt 0.431564 -0.081213
vt 0.489291 0.517763
vt 0.489291 0.483127
vt 0.450806 0.556248
vt 0.431564 0.425401
vt 0.412322 0.556248
vt 0.412322 0.425401
vt 0.489291 -0.169727
vt 0.489291 -0.081213
vt 0.489291 -0.273635
vt 0.431564 -0.362149
vt 0.431564 -0.273635
vt 0.489291 -0.362149
vt 0.489291 -0.466057
vt 0.431564 -0.500097
vt 0.412322 -0.500097
vt 0.431564 -0.466057
vt 0.489291 -0.500097
vt 0.431564 0.215118
vt 0.431564 0.303632
vt 0.489291 0.215118
vt 0.489291 0.303632
vt 0.489291 0.111210
vt 0.431564 0.022696
vt 0.431564 0.111210
vt 0.489291 0.022696
vt 0.623986 0.784688
vt 0.643229 0.784688
vt 0.623986 0.696174
vt 0.643229 0.696174
vt 0.450806 0.880899
vt 0.412322 0.880899
vt 0.450806 0.984807
vt 0.412322 0.984807
vt 0.450806 0.688477
vt 0.412322 0.688477
vt 0.450806 0.792385
vt 0.412322 0.792385
vt 0.450806 1.499903
vt 0.489291 1.499903
vt 0.450806 1.458167
vt 0.489291 1.458167
vt 0.489291 1.265744
vt 0.450806 1.265744
vt 0.489291 1.369652
vt 0.450806 1.369652
vt 0.489291 1.073322
vt 0.450806 1.073322
vt 0.489291 1.177230
vt 0.450806 1.177230
vt 0.566260 0.696174
vt 0.604744 0.696174
vt 0.604744 0.592266
vt 0.566260 0.784688
vt 0.566260 0.888596
vt 0.604744 0.888596
vt 0.604744 0.784688
vt 0.566260 0.977111
vt 0.623986 0.977111
vt 0.623986 0.888596
vt 0.566260 1.081019
vt 0.604744 1.081019
vt 0.604744 0.977111
vt 0.643229 0.977111
vt 0.643229 0.888596
vt 0.627738 0.517763
vt 0.627738 0.483127
vt 0.523830 0.517763
vt 0.523830 0.483127
vt 0.435315 0.517763
vt 0.435315 0.483127
vt 0.331407 0.517763
vt 0.331407 0.483127
vt 0.716252 0.483127
vt 0.716252 0.517763
vt 0.820160 0.483127
vt 0.820160 0.517763
vt 0.242893 0.517763
vt 0.242893 0.483127
vt 0.138985 0.517763
vt 0.138985 0.483127
vt 0.908674 0.483127
vt 0.908674 0.517763
vt 1.012582 0.483127
vt 1.012582 0.517763
vt 0.050470 0.517763
vt 0.050470 0.483127
vt -0.053438 0.517763
vt -0.053438 0.483127
vt 1.101097 0.483127
vt 1.101097 0.517763
vt 1.205005 0.483127
vt 1.205005 0.517763
vt -0.141952 0.517763
vt -0.141952 0.483127
vt -0.245860 0.517763
vt -0.245860 0.483127
vt 1.293519 0.483127
vt 1.293519 0.517763
vt 1.397427 0.483127
vt 1.397427 0.517763
vt -0.334374 0.517763
vt -0.334374 0.483127
vt -0.438282 0.517763
vt -0.438282 0.483127
vt 0.489291 0.407540
vt 0.431564 0.407540
vt 0.489291 0.496055
vt 0.431564 0.496055
vt 0.489291 0.599963
vt 0.431564 0.599963
vt 0.489291 0.688477
vt 0.431564 0.688477
vt 0.435315 0.425401
vt 0.435315 0.556248
vt 0.523830 0.425401
vt 0.523830 0.556248
vt 0.331407 0.556248
vt 0.242893 0.556248
vt 0.138985 0.556248
vt 0.331407 0.425401
vt 0.242893 0.425401
vt 0.050470 0.556248
vt 0.138985 0.425401
vt 0.050470 0.425401
vt -0.053438 0.556248
vt -0.141952 0.556248
vt -0.245860 0.556248
vt -0.053438 0.425401
vt -0.141952 0.425401
vt -0.334374 0.556248
vt -0.245860 0.425401
vt -0.334374 0.425401
vt -0.438282 0.556248
vt -0.472322 0.425401
vt -0.438282 0.425401
vt 1.527678 0.556248
vt 1.485942 0.556248
vt 1.397427 0.556248
vt 1.293519 0.556248
vt 1.485942 0.425401
vt 1.397427 0.425401
vt 1.205005 0.556248
vt 1.293519 0.425401
vt 1.205005 0.425401
vt 1.101097 0.556248
vt 1.012582 0.556248
vt 0.908674 0.556248
vt 1.101097 0.425401
vt 1.012582 0.425401
vt 0.820160 0.556248
vt 0.908674 0.425401
vt 0.820160 0.425401
vt 0.716252 0.556248
vt 0.627738 0.556248
vt 0.716252 0.425401
vt 0.627738 0.425401
vt 0.489291 0.880899
vt 0.489291 0.984807
vt 0.412322 1.458167
vt 0.412322 1.499903
vt 0.412322 1.265744
vt 0.412322 1.369652
vt 0.412322 1.073322
vt 0.412322 1.177230
vt 0.566260 1.169533
vt 0.623986 1.169533
vt 0.623986 1.081019
vt 0.566260 1.273441
vt 0.604744 1.273441
vt 0.604744 1.169533
vt 0.566260 1.361955
vt 0.623986 1.361955
vt 0.623986 1.273441
vt 0.604744 1.465863
vt 0.604744 1.361955
vt 0.643229 1.169533
vt 0.643229 1.081019
vt 0.643229 1.361955
vt 0.643229 1.273441
vt 0.489291 0.792385
vt 0.431564 0.792385
vt 0.431564 0.880899
vt 0.431564 0.984807
vt 0.431564 1.073322
vt 0.431564 1.177230
vt 0.431564 1.265744
vt 0.431564 1.369652
vt 0.431564 1.458167
vt 1.485942 0.483127
vt 1.485942 0.517763
vt 1.527678 0.483127
vt 1.527678 0.517763
vt 0.643229 -0.500097
vt -0.045741 0.483127
vt -0.045741 0.517763
vt -0.149649 0.483127
vt -0.149649 0.517763
vt 0.146682 0.483127
vt 0.146682 0.517763
vt 0.042773 0.483127
vt 0.042773 0.517763
vt 0.339104 0.483127
vt 0.339104 0.517763
vt 0.235196 0.483127
vt 0.235196 0.517763
vt 0.531526 0.483127
vt 0.531526 0.517763
vt 0.427618 0.483127
vt 0.427618 0.517763
vt 0.620041 0.517763
vt 0.620041 0.483127
vt 0.723949 0.517763
vt 0.723949 0.483127
vt 0.812463 0.517763
vt 0.812463 0.483127
vt 0.916371 0.517763
vt 0.916371 0.483127
vt 1.004886 0.517763
vt 1.004886 0.483127
vt 1.108794 0.517763
vt 1.108794 0.483127
vt 1.197308 0.517763
vt 1.197308 0.483127
vt 1.301216 0.517763
vt 1.301216 0.483127
vt 1.389730 0.517763
vt 1.389730 0.483127
vt 1.493638 0.517763
vt 1.493638 0.483127
vt -0.430586 0.483127
vt -0.430586 0.517763
vt -0.472322 0.483127
vt -0.472322 0.517763
vt -0.238163 0.483127
vt -0.238163 0.517763
vt -0.342071 0.483127
vt -0.342071 0.517763
s 0
f 13/5/3 14/6/3 15/7/3
f 16/7/3 17/6/3 18/8/3
f 19/7/3 20/8/3 21/9/3
f 22/9/3 23/8/3 24/10/3
f 25/11/4 26/12/4 27/13/4
f 28/13/4 29/12/4 30/14/4
f 31/15/5 32/11/5 33/16/5
f 34/16/5 35/11/5 36/13/5
f 37/17/4 38/18/4 39/19/4
f 40/19/4 41/18/4 42/20/4
f 43/21/4 44/22/4 45/23/4
f 46/23/4 47/22/4 48/24/4
f 49/25/4 50/26/4 51/27/4
f 52/27/4 53/26/4 54/28/4
f 55/29/4 56/30/4 57/31/4
f 58/31/4 59/30/4 60/32/4
f 61/33/4 62/34/4 63/35/4
f 64/35/4 65/34/4 66/36/4
f 67/37/4 68/38/4 69/39/4
f 70/39/4 71/38/4 72/40/4
f 73/5/6 74/7/6 75/6/6
f 76/6/6 77/7/6 78/8/6
f 79/8/6 80/7/6 81/9/6
f 82/8/6 83/9/6 84/10/6
f 85/41/5 86/37/5 87/42/5
f 88/42/5 89/37/5 90/39/5
f 91/42/7 92/43/7 93/44/7
f 94/44/7 95/43/7 96/45/7
f 97/46/4 98/47/4 99/48/4
f 100/48/4 101/47/4 102/49/4
f 103/50/4 104/51/4 105/52/4
f 106/52/4 107/51/4 108/53/4
f 109/5/6 110/7/6 111/6/6
f 112/6/6 113/7/6 114/8/6
f 115/8/6 116/7/6 117/9/6
f 118/8/6 119/9/6 120/10/6
f 121/44/5 122/50/5 123/54/5
f 124/54/5 125/50/5 126/52/5
f 127/55/7 128/56/7 129/57/7
f 130/57/7 131/56/7 132/54/7
f 133/5/3 134/6/3 135/7/3
f 136/7/3 137/6/3 138/8/3
f 139/7/3 140/8/3 141/9/3
f 142/9/3 143/8/3 144/10/3
f 145/5/3 146/6/3 147/7/3
f 148/7/3 149/6/3 150/8/3
f 151/7/3 152/8/3 153/9/3
f 154/9/3 155/8/3 156/10/3
f 157/58/7 158/59/7 159/41/7
f 160/41/7 161/59/7 162/60/7
f 163/5/6 164/7/6 165/6/6
f 166/6/6 167/7/6 168/8/6
f 169/8/6 170/7/6 171/9/6
f 172/8/6 173/9/6 174/10/6
f 175/61/5 176/62/5 177/58/5
f 178/58/5 179/62/5 180/63/5
f 181/5/3 182/6/3 183/7/3
f 184/7/3 185/6/3 186/8/3
f 187/7/3 188/8/3 189/9/3
f 190/9/3 191/8/3 192/10/3
f 193/64/7 194/65/7 195/61/7
f 196/61/7 197/65/7 198/66/7
f 199/5/6 200/7/6 201/6/6
f 202/6/6 203/7/6 204/8/6
f 205/8/6 206/7/6 207/9/6
f 208/8/6 209/9/6 210/10/6
f 211/67/5 212/68/5 213/64/5
f 214/64/5 215/68/5 216/69/5
f 217/5/3 218/6/3 219/7/3
f 220/7/3 221/6/3 222/8/3
f 223/7/3 224/8/3 225/9/3
f 226/9/3 227/8/3 228/10/3
f 229/62/4 230/70/4 231/63/4
f 232/63/4 233/70/4 234/71/4
f 235/68/4 236/72/4 237/69/4
f 238/69/4 239/72/4 240/73/4
f 241/74/7 242/75/7 243/67/7
f 244/67/7 245/75/7 246/76/7
f 247/5/6 248/7/6 249/6/6
f 250/6/6 251/7/6 252/8/6
f 253/8/6 254/7/6 255/9/6
f 256/8/6 257/9/6 258/10/6
f 259/77/5 260/78/5 261/74/5
f 262/74/5 263/78/5 264/79/5
f 265/5/3 266/6/3 267/7/3
f 268/7/3 269/6/3 270/8/3
f 271/7/3 272/8/3 273/9/3
f 274/9/3 275/8/3 276/10/3
f 277/80/7 278/81/7 279/77/7
f 280/77/7 281/81/7 282/82/7
f 283/5/6 284/7/6 285/6/6
f 286/6/6 287/7/6 288/8/6
f 289/8/6 290/7/6 291/9/6
f 292/8/6 293/9/6 294/10/6
f 295/83/5 296/84/5 297/80/5
f 298/80/5 299/84/5 300/85/5
f 301/5/3 302/6/3 303/7/3
f 304/7/3 305/6/3 306/8/3
f 307/7/3 308/8/3 309/9/3
f 310/9/3 311/8/3 312/10/3
f 313/78/4 314/86/4 315/79/4
f 316/79/4 317/86/4 318/87/4
f 319/84/4 320/88/4 321/85/4
f 322/85/4 323/88/4 324/89/4
f 325/90/8 326/91/8 327/92/8
f 328/92/8 329/91/8 330/93/8
f 331/93/8 332/91/8 333/94/8
f 334/93/8 335/94/8 336/95/8
f 337/95/8 338/94/8 339/96/8
f 340/95/8 341/96/8 342/97/8
f 343/91/8 344/98/8 345/94/8
f 346/94/8 347/98/8 348/99/8
f 349/99/8 350/98/8 351/100/8
f 352/99/8 353/100/8 354/101/8
f 355/98/8 356/102/8 357/100/8
f 358/100/8 359/102/8 360/103/8
f 361/99/8 362/101/8 363/104/8
f 364/104/8 365/101/8 366/105/8
f 367/104/8 368/105/8 369/106/8
f 370/104/8 371/107/8 372/99/8
f 373/99/8 374/107/8 375/108/8
f 376/99/8 377/108/8 378/109/8
f 379/107/8 380/110/8 381/108/8
f 382/108/8 383/110/8 384/111/8
f 385/99/8 386/109/8 387/112/8
f 388/112/8 389/109/8 390/113/8
f 391/112/8 392/113/8 393/114/8
f 394/112/8 395/115/8 396/99/8
f 397/99/8 398/115/8 399/116/8
f 400/99/8 401/116/8 402/117/8
f 403/115/8 404/118/8 405/116/8
f 406/116/8 407/118/8 408/119/8
f 409/120/8 410/121/8 411/117/8
f 412/117/8 413/121/8 414/99/8
f 415/122/8 416/123/8 417/94/8
f 418/94/8 419/123/8 420/124/8
f 421/94/8 422/124/8 423/125/8
f 424/123/8 425/126/8 426/124/8
f 427/124/8 428/126/8 429/127/8
f 430/94/8 431/125/8 432/128/8
f 433/128/8 434/125/8 435/129/8
f 436/128/8 437/129/8 438/130/8
f 439/128/8 440/131/8 441/94/8
f 442/94/8 443/131/8 444/132/8
f 445/94/8 446/132/8 447/96/8
f 448/131/8 449/133/8 450/132/8
f 451/132/8 452/133/8 453/134/8
f 454/97/8 455/135/8 456/95/8
f 457/136/4 458/33/4 459/137/4
f 460/137/4 461/33/4 462/31/4
f 463/138/6 464/139/6 465/140/6
f 466/140/6 467/139/6 468/141/6
f 469/140/6 470/141/6 471/142/6
f 472/142/6 473/141/6 474/143/6
f 475/144/7 476/136/7 477/145/7
f 478/145/7 479/136/7 480/137/7
f 481/146/5 482/36/5 483/144/5
f 484/144/5 485/36/5 486/34/5
f 487/147/4 488/46/4 489/148/4
f 490/148/4 491/46/4 492/35/4
f 493/138/6 494/139/6 495/140/6
f 496/140/6 497/139/6 498/141/6
f 499/140/6 500/141/6 501/142/6
f 502/142/6 503/141/6 504/143/6
f 505/149/7 506/147/7 507/146/7
f 508/146/7 509/147/7 510/148/7
f 511/150/5 512/49/5 513/149/5
f 514/149/5 515/49/5 516/47/5
f 517/138/3 518/140/3 519/139/3
f 520/139/3 521/140/3 522/141/3
f 523/141/3 524/140/3 525/142/3
f 526/141/3 527/142/3 528/143/3
f 529/151/4 530/152/4 531/153/4
f 532/153/4 533/152/4 534/48/4
f 535/154/7 536/151/7 537/150/7
f 538/150/7 539/151/7 540/153/7
f 541/155/4 542/25/4 543/156/4
f 544/156/4 545/25/4 546/23/4
f 547/138/6 548/139/6 549/140/6
f 550/140/6 551/139/6 552/141/6
f 553/140/6 554/141/6 555/142/6
f 556/142/6 557/141/6 558/143/6
f 559/157/7 560/155/7 561/158/7
f 562/158/7 563/155/7 564/156/7
f 565/159/5 566/28/5 567/157/5
f 568/157/5 569/28/5 570/26/5
f 571/138/3 572/140/3 573/139/3
f 574/139/3 575/140/3 576/141/3
f 577/141/3 578/140/3 579/142/3
f 580/141/3 581/142/3 582/143/3
f 583/160/4 584/29/4 585/161/4
f 586/161/4 587/29/4 588/27/4
f 589/138/6 590/139/6 591/140/6
f 592/140/6 593/139/6 594/141/6
f 595/140/6 596/141/6 597/142/6
f 598/142/6 599/141/6 600/143/6
f 601/162/7 602/160/7 603/159/7
f 604/159/7 605/160/7 606/161/7
f 607/145/5 608/32/5 609/162/5
f 610/162/5 611/32/5 612/30/5
f 613/138/3 614/140/3 615/139/3
f 616/139/3 617/140/3 618/141/3
f 619/141/3 620/140/3 621/142/3
f 622/141/3 623/142/3 624/143/3
f 625/138/3 626/140/3 627/139/3
f 628/139/3 629/140/3 630/141/3
f 631/141/3 632/140/3 633/142/3
f 634/141/3 635/142/3 636/143/3
f 637/163/4 638/164/4 639/165/4
f 640/165/4 641/164/4 642/166/4
f 643/5/6 644/7/6 645/6/6
f 646/6/6 647/7/6 648/8/6
f 649/8/6 650/7/6 651/9/6
f 652/8/6 653/9/6 654/10/6
f 655/138/6 656/139/6 657/140/6
f 658/140/6 659/139/6 660/141/6
f 661/140/6 662/141/6 663/142/6
f 664/142/6 665/141/6 666/143/6
f 667/138/3 668/140/3 669/139/3
f 670/139/3 671/140/3 672/141/3
f 673/141/3 674/140/3 675/142/3
f 676/141/3 677/142/3 678/143/3
f 679/138/6 680/139/6 681/140/6
f 682/140/6 683/139/6 684/141/6
f 685/140/6 686/141/6 687/142/6
f 688/142/6 689/141/6 690/143/6
f 691/138/3 692/140/3 693/139/3
f 694/139/3 695/140/3 696/141/3
f 697/141/3 698/140/3 699/142/3
f 700/141/3 701/142/3 702/143/3
f 703/167/4 704/168/4 705/169/4
f 706/169/4 707/168/4 708/170/4
f 709/171/4 710/172/4 711/173/4
f 712/173/4 713/172/4 714/174/4
f 715/175/5 716/176/5 717/177/5
f 718/177/5 719/176/5 720/178/5
f 721/179/5 722/180/5 723/181/5
f 724/181/5 725/180/5 726/182/5
f 727/183/5 728/184/5 729/185/5
f 730/185/5 731/184/5 732/186/5
f 733/187/7 734/188/7 735/83/7
f 736/83/7 737/188/7 738/189/7
f 739/190/5 740/163/5 741/187/5
f 742/187/5 743/163/5 744/165/5
f 745/5/3 746/6/3 747/7/3
f 748/7/3 749/6/3 750/8/3
f 751/7/3 752/8/3 753/9/3
f 754/9/3 755/8/3 756/10/3
f 757/191/7 758/192/7 759/190/7
f 760/190/7 761/192/7 762/193/7
f 763/5/6 764/7/6 765/6/6
f 766/6/6 767/7/6 768/8/6
f 769/8/6 770/7/6 771/9/6
f 772/8/6 773/9/6 774/10/6
f 775/194/5 776/195/5 777/191/5
f 778/191/5 779/195/5 780/196/5
f 781/5/3 782/6/3 783/7/3
f 784/7/3 785/6/3 786/8/3
f 787/7/3 788/8/3 789/9/3
f 790/9/3 791/8/3 792/10/3
f 793/197/7 794/198/7 795/194/7
f 796/194/7 797/198/7 798/199/7
f 799/195/4 800/200/4 801/196/4
f 802/196/4 803/200/4 804/201/4
f 805/202/9 806/203/9 807/204/9
f 808/204/9 809/203/9 810/205/9
f 811/206/9 812/207/9 813/208/9
f 814/208/9 815/207/9 816/209/9
f 817/210/9 818/211/9 819/212/9
f 820/212/9 821/211/9 822/213/9
f 823/214/9 824/215/9 825/216/9
f 826/216/9 827/215/9 828/217/9
f 829/218/9 830/219/9 831/220/9
f 832/220/9 833/219/9 834/221/9
f 835/222/9 836/223/9 837/224/9
f 838/224/9 839/223/9 840/225/9
f 841/226/9 842/227/9 843/228/9
f 844/228/9 845/227/9 846/229/9
f 847/230/9 848/231/9 849/232/9
f 850/232/9 851/231/9 852/233/9
f 853/234/9 854/235/9 855/236/9
f 856/236/9 857/235/9 858/237/9
f 859/238/9 860/239/9 861/240/9
f 862/240/9 863/239/9 864/241/9
f 865/242/7 866/243/7 867/244/7
f 868/244/7 869/243/7 870/245/7
f 871/246/7 872/247/7 873/248/7
f 874/248/7 875/247/7 876/249/7
f 877/158/5 878/24/5 879/242/5
f 880/242/5 881/24/5 882/22/5
f 883/138/6 884/139/6 885/140/6
f 886/140/6 887/139/6 888/141/6
f 889/140/6 890/141/6 891/142/6
f 892/142/6 893/141/6 894/143/6
f 895/250/9 896/251/9 897/252/9
f 898/252/9 899/251/9 900/253/9
f 901/253/9 902/251/9 903/94/9
f 904/253/9 905/94/9 906/99/9
f 907/251/9 908/254/9 909/94/9
f 910/94/9 911/254/9 912/255/9
f 913/94/9 914/255/9 915/256/9
f 916/254/9 917/257/9 918/255/9
f 919/255/9 920/257/9 921/258/9
f 922/94/9 923/256/9 924/259/9
f 925/259/9 926/256/9 927/260/9
f 928/259/9 929/260/9 930/261/9
f 931/259/9 932/262/9 933/94/9
f 934/94/9 935/262/9 936/263/9
f 937/94/9 938/263/9 939/264/9
f 940/262/9 941/265/9 942/263/9
f 943/263/9 944/265/9 945/266/9
f 946/94/9 947/264/9 948/267/9
f 949/267/9 950/264/9 951/268/9
f 952/267/9 953/268/9 954/269/9
f 955/267/9 956/270/9 957/94/9
f 958/94/9 959/270/9 960/271/9
f 961/271/9 962/270/9 963/272/9
f 964/273/9 965/274/9 966/99/9
f 967/99/9 968/274/9 969/275/9
f 970/99/9 971/275/9 972/276/9
f 973/274/9 974/277/9 975/275/9
f 976/275/9 977/277/9 978/278/9
f 979/99/9 980/276/9 981/279/9
f 982/279/9 983/276/9 984/280/9
f 985/279/9 986/280/9 987/281/9
f 988/279/9 989/282/9 990/99/9
f 991/99/9 992/282/9 993/283/9
f 994/99/9 995/283/9 996/284/9
f 997/282/9 998/285/9 999/283/9
f 1000/283/9 1001/285/9 1002/286/9
f 1003/99/9 1004/284/9 1005/287/9
f 1006/287/9 1007/284/9 1008/288/9
f 1009/287/9 1010/288/9 1011/289/9
f 1012/287/9 1013/290/9 1014/99/9
f 1015/99/9 1016/290/9 1017/291/9
f 1018/99/9 1019/291/9 1020/253/9
f 1021/290/9 1022/292/9 1023/291/9
f 1024/291/9 1025/292/9 1026/293/9
f 1027/138/6 1028/139/6 1029/140/6
f 1030/140/6 1031/139/6 1032/141/6
f 1033/140/6 1034/141/6 1035/142/6
f 1036/142/6 1037/141/6 1038/143/6
f 1039/138/3 1040/140/3 1041/139/3
f 1042/139/3 1043/140/3 1044/141/3
f 1045/141/3 1046/140/3 1047/142/3
f 1048/141/3 1049/142/3 1050/143/3
f 1051/138/6 1052/139/6 1053/140/6
f 1054/140/6 1055/139/6 1056/141/6
f 1057/140/6 1058/141/6 1059/142/6
f 1060/142/6 1061/141/6 1062/143/6
f 1063/138/3 1064/140/3 1065/139/3
f 1066/139/3 1067/140/3 1068/141/3
f 1069/141/3 1070/140/3 1071/142/3
f 1072/141/3 1073/142/3 1074/143/3
f 1075/294/5 1076/167/5 1077/295/5
f 1078/295/5 1079/167/5 1080/169/5
f 1081/138/6 1082/139/6 1083/140/6
f 1084/140/6 1085/139/6 1086/141/6
f 1087/140/6 1088/141/6 1089/142/6
f 1090/142/6 1091/141/6 1092/143/6
f 1093/138/3 1094/140/3 1095/139/3
f 1096/139/3 1097/140/3 1098/141/3
f 1099/141/3 1100/140/3 1101/142/3
f 1102/141/3 1103/142/3 1104/143/3
f 1105/177/4 1106/296/4 1107/175/4
f 1108/175/4 1109/296/4 1110/297/4
f 1111/180/4 1112/298/4 1113/182/4
f 1114/182/4 1115/298/4 1116/299/4
f 1117/184/4 1118/300/4 1119/186/4
f 1120/186/4 1121/300/4 1122/301/4
f 1123/5/6 1124/7/6 1125/6/6
f 1126/6/6 1127/7/6 1128/8/6
f 1129/8/6 1130/7/6 1131/9/6
f 1132/8/6 1133/9/6 1134/10/6
f 1135/302/5 1136/303/5 1137/197/5
f 1138/197/5 1139/303/5 1140/304/5
f 1141/5/3 1142/6/3 1143/7/3
f 1144/7/3 1145/6/3 1146/8/3
f 1147/7/3 1148/8/3 1149/9/3
f 1150/9/3 1151/8/3 1152/10/3
f 1153/305/7 1154/306/7 1155/302/7
f 1156/302/7 1157/306/7 1158/307/7
f 1159/5/6 1160/7/6 1161/6/6
f 1162/6/6 1163/7/6 1164/8/6
f 1165/8/6 1166/7/6 1167/9/6
f 1168/8/6 1169/9/6 1170/10/6
f 1171/308/5 1172/309/5 1173/305/5
f 1174/305/5 1175/309/5 1176/310/5
f 1177/5/3 1178/6/3 1179/7/3
f 1180/7/3 1181/6/3 1182/8/3
f 1183/7/3 1184/8/3 1185/9/3
f 1186/9/3 1187/8/3 1188/10/3
f 1189/16/7 1190/311/7 1191/308/7
f 1192/308/7 1193/311/7 1194/312/7
f 1195/303/4 1196/313/4 1197/304/4
f 1198/304/4 1199/313/4 1200/314/4
f 1201/309/4 1202/315/4 1203/310/4
f 1204/310/4 1205/315/4 1206/316/4
f 1207/244/5 1208/17/5 1209/246/5
f 1210/246/5 1211/17/5 1212/19/5
f 1213/248/5 1214/171/5 1215/317/5
f 1216/317/5 1217/171/5 1218/173/5
f 1219/317/7 1220/318/7 1221/294/7
f 1222/294/7 1223/318/7 1224/319/7
f 1225/295/7 1226/320/7 1227/183/7
f 1228/183/7 1229/320/7 1230/321/7
f 1231/185/7 1232/322/7 1233/179/7
f 1234/179/7 1235/322/7 1236/323/7
f 1237/181/7 1238/324/7 1239/178/7
f 1240/178/7 1241/324/7 1242/325/7
f 1243/154/4 1244/150/4 1245/56/4
f 1246/56/4 1247/150/4 1248/54/4
f 1249/54/4 1250/150/4 1251/149/4
f 1252/54/4 1253/149/4 1254/44/4
f 1255/44/4 1256/149/4 1257/42/4
f 1258/42/4 1259/149/4 1260/146/4
f 1261/42/4 1262/146/4 1263/144/4
f 1264/145/4 1265/58/4 1266/144/4
f 1267/144/4 1268/58/4 1269/41/4
f 1270/144/4 1271/41/4 1272/42/4
f 1273/145/4 1274/162/4 1275/58/4
f 1276/58/4 1277/162/4 1278/61/4
f 1279/61/4 1280/162/4 1281/64/4
f 1282/64/4 1283/162/4 1284/159/4
f 1285/64/4 1286/159/4 1287/157/4
f 1288/158/4 1289/74/4 1290/157/4
f 1291/157/4 1292/74/4 1293/67/4
f 1294/157/4 1295/67/4 1296/64/4
f 1297/158/4 1298/242/4 1299/74/4
f 1300/74/4 1301/242/4 1302/77/4
f 1303/77/4 1304/242/4 1305/80/4
f 1306/80/4 1307/242/4 1308/244/4
f 1309/80/4 1310/244/4 1311/246/4
f 1312/248/4 1313/187/4 1314/246/4
f 1315/246/4 1316/187/4 1317/83/4
f 1318/246/4 1319/83/4 1320/80/4
f 1321/248/4 1322/317/4 1323/187/4
f 1324/187/4 1325/317/4 1326/190/4
f 1327/190/4 1328/317/4 1329/191/4
f 1330/191/4 1331/317/4 1332/294/4
f 1333/191/4 1334/294/4 1335/295/4
f 1336/183/4 1337/197/4 1338/295/4
f 1339/295/4 1340/197/4 1341/194/4
f 1342/295/4 1343/194/4 1344/191/4
f 1345/183/4 1346/185/4 1347/197/4
f 1348/197/4 1349/185/4 1350/302/4
f 1351/302/4 1352/185/4 1353/305/4
f 1354/305/4 1355/185/4 1356/179/4
f 1357/305/4 1358/179/4 1359/181/4
f 1360/178/4 1361/16/4 1362/181/4
f 1363/181/4 1364/16/4 1365/308/4
f 1366/181/4 1367/308/4 1368/305/4
f 1369/178/4 1370/176/4 1371/16/4
f 1372/16/4 1373/176/4 1374/15/4
f 1375/326/9 1376/327/9 1377/328/9
f 1378/328/9 1379/327/9 1380/329/9
f 1381/75/4 1382/87/4 1383/76/4
f 1384/76/4 1385/87/4 1386/72/4
f 1387/65/4 1388/73/4 1389/66/4
f 1390/66/4 1391/73/4 1392/70/4
f 1393/86/4 1394/82/4 1395/89/4
f 1396/89/4 1397/82/4 1398/81/4
f 1399/59/4 1400/71/4 1401/60/4
f 1402/60/4 1403/71/4 1404/38/4
f 1405/88/4 1406/189/4 1407/166/4
f 1408/166/4 1409/189/4 1410/188/4
f 1411/43/4 1412/40/4 1413/45/4
f 1414/45/4 1415/40/4 1416/51/4
f 1417/164/4 1418/193/4 1419/201/4
f 1420/201/4 1421/193/4 1422/192/4
f 1423/57/4 1424/53/4 1425/55/4
f 1426/55/4 1427/53/4 1428/330/4
f 1429/200/4 1430/199/4 1431/314/4
f 1432/314/4 1433/199/4 1434/198/4
f 1435/313/4 1436/307/4 1437/316/4
f 1438/316/4 1439/307/4 1440/306/4
f 1441/311/4 1442/14/4 1443/312/4
f 1444/312/4 1445/14/4 1446/315/4
f 1447/138/3 1448/140/3 1449/139/3
f 1450/139/3 1451/140/3 1452/141/3
f 1453/141/3 1454/140/3 1455/142/3
f 1456/141/3 1457/142/3 1458/143/3
f 1459/138/6 1460/139/6 1461/140/6
f 1462/140/6 1463/139/6 1464/141/6
f 1465/140/6 1466/141/6 1467/142/6
f 1468/142/6 1469/141/6 1470/143/6
f 1471/324/4 1472/299/4 1473/325/4
f 1474/325/4 1475/299/4 1476/296/4
f 1477/322/4 1478/301/4 1479/323/4
f 1480/323/4 1481/301/4 1482/298/4
f 1483/320/4 1484/170/4 1485/321/4
f 1486/321/4 1487/170/4 1488/300/4
f 1489/318/4 1490/174/4 1491/319/4
f 1492/319/4 1493/174/4 1494/168/4
f 1495/247/4 1496/20/4 1497/249/4
f 1498/249/4 1499/20/4 1500/172/4
f 1501/243/4 1502/21/4 1503/245/4
f 1504/245/4 1505/21/4 1506/18/4
f 1507/331/8 1508/332/8 1509/333/8
f 1510/333/8 1511/332/8 1512/334/8
f 1513/335/8 1514/336/8 1515/337/8
f 1516/337/8 1517/336/8 1518/338/8
f 1519/339/8 1520/340/8 1521/341/8
f 1522/341/8 1523/340/8 1524/342/8
f 1525/343/8 1526/344/8 1527/345/8
f 1528/345/8 1529/344/8 1530/346/8
f 1531/347/8 1532/348/8 1533/349/8
f 1534/349/8 1535/348/8 1536/350/8
f 1537/351/8 1538/352/8 1539/353/8
f 1540/353/8 1541/352/8 1542/354/8
f 1543/355/8 1544/356/8 1545/357/8
f 1546/357/8 1547/356/8 1548/358/8
f 1549/359/8 1550/360/8 1551/361/8
f 1552/361/8 1553/360/8 1554/362/8
f 1555/363/8 1556/364/8 1557/365/8
f 1558/365/8 1559/364/8 1560/366/8
f 1561/367/8 1562/368/8 1563/369/8
f 1564/369/8 1565/368/8 1566/370/8
f 1567/371/8 1568/372/8 1569/373/8
f 1570/373/8 1571/372/8 1572/374/8
o V2
v -6.000000 47.970001 54.938004
v -6.000000 47.970001 -49.000000
v 6.000000 47.970001 54.938004
v 6.000000 47.970001 54.938004
v -6.000000 47.970001 -49.000000
v 6.000000 47.970001 -49.000000
v -6.000000 -75.970001 -49.000000
v -6.000000 -75.970001 54.938004
v 6.000000 -75.970001 -49.000000
v 6.000000 -75.970001 -49.000000
v -6.000000 -75.970001 54.938004
v 6.000000 -75.970001 54.938004
vn -0.0000 -1.0000 -0.0000
vn -0.0000 1.0000 -0.0000
vt 0.412322 -0.500000
vt 0.412322 1.500000
vt 0.643229 -0.500000
vt 0.643229 1.500000
s 0
f 1573/375/10 1574/376/10 1575/377/10
f 1576/377/10 1577/376/10 1578/378/10
f 1579/376/11 1580/375/11 1581/378/11
f 1582/378/11 1583/375/11 1584/377/11
o D1
v 6.000000 -17.651951 -7.771637
v 6.000000 -18.800003 -8.000000
v 6.000000 -4.800003 -49.000000
v 6.000000 -4.800003 -49.000000
v 6.000000 -18.800003 -8.000000
v 6.000000 -25.200001 -8.000000
v 6.000000 -4.800003 -49.000000
v 6.000000 -25.200001 -8.000000
v 6.000000 -26.348053 -7.771637
v 6.000000 -4.800003 -49.000000
v 6.000000 -26.348053 -7.771637
v 6.000000 -75.970001 -49.000000
v 6.000000 -75.970001 -49.000000
v 6.000000 -26.348053 -7.771637
v 6.000000 -27.321323 -7.121319
v 6.000000 -75.970001 -49.000000
v 6.000000 -27.321323 -7.121319
v 6.000000 -27.971642 -6.148048
v 6.000000 -27.971642 -6.148048
v 6.000000 -28.200001 -5.000000
v 6.000000 -75.970001 -49.000000
v 6.000000 -75.970001 -49.000000
v 6.000000 -28.200001 -5.000000
v 6.000000 -28.200001 5.000000
v 6.000000 -75.970001 -49.000000
v 6.000000 -28.200001 5.000000
v 6.000000 -75.970001 54.938004
v 6.000000 -75.970001 54.938004
v 6.000000 -28.200001 5.000000
v 6.000000 -27.971642 6.148048
v 6.000000 -75.970001 54.938004
v 6.000000 -27.971642 6.148048
v 6.000000 -27.321323 7.121319
v 6.000000 -27.321323 7.121319
v 6.000000 -26.348053 7.771637
v 6.000000 -75.970001 54.938004
v 6.000000 -75.970001 54.938004
v 6.000000 -26.348053 7.771637
v 6.000000 -4.800003 54.938004
v 6.000000 -4.800003 54.938004
v 6.000000 -26.348053 7.771637
v 6.000000 -25.200001 8.000000
v 6.000000 -4.800003 54.938004
v 6.000000 -25.200001 8.000000
v 6.000000 -18.800003 8.000000
v 6.000000 -18.800003 8.000000
v 6.000000 -17.651951 7.771637
v 6.000000 -4.800003 54.938004
v 6.000000 -4.800003 54.938004
v 6.000000 -17.651951 7.771637
v 6.000000 -16.678680 7.121319
v 6.000000 -4.800003 54.938004
v 6.000000 -16.678680 7.121319
v 6.000000 -16.028362 6.148048
v 6.000000 -16.028362 6.148048
v 6.000000 -15.800003 5.000000
v 6.000000 -4.800003 54.938004
v 6.000000 -4.800003 54.938004
v 6.000000 -15.800003 5.000000
v 6.000000 -4.800003 -49.000000
v 6.000000 -4.800003 -49.000000
v 6.000000 -15.800003 5.000000
v 6.000000 -15.800003 -5.000000
v 6.000000 -4.800003 -49.000000
v 6.000000 -15.800003 -5.000000
v 6.000000 -16.028362 -6.148048
v 6.000000 -16.028362 -6.148048
v 6.000000 -16.678680 -7.121319
v 6.000000 -4.800003 -49.000000
v 6.000000 -4.800003 -49.000000
v 6.000000 -16.678680 -7.121319
v 6.000000 -17.651951 -7.771637
v -6.000000 -4.800003 -49.000000
v -6.000000 -15.800003 5.000000
v -6.000000 -4.800003 54.938004
v -6.000000 -4.800003 54.938004
v -6.000000 -15.800003 5.000000
v -6.000000 -16.028362 6.148048
v -6.000000 -4.800003 54.938004
v -6.000000 -16.028362 6.148048
v -6.000000 -16.678680 7.121319
v -6.000000 -75.970001 -49.000000
v -6.000000 -26.348053 -7.771637
v -6.000000 -4.800003 -49.000000
v -6.000000 -4.800003 -49.000000
v -6.000000 -26.348053 -7.771637
v -6.000000 -25.200001 -8.000000
v -6.000000 -4.800003 -49.000000
v -6.000000 -25.200001 -8.000000
v -6.000000 -18.800003 -8.000000
v -6.000000 -75.970001 54.938004
v -6.000000 -28.200001 5.000000
v -6.000000 -75.970001 -49.000000
v -6.000000 -75.970001 -49.000000
v -6.000000 -28.200001 5.000000
v -6.000000 -28.200001 -5.000000
v -6.000000 -75.970001 -49.000000
v -6.000000 -28.200001 -5.000000
v -6.000000 -27.971642 -6.148048
v -6.000000 -4.800003 54.938004
v -6.000000 -26.348053 7.771637
v -6.000000 -75.970001 54.938004
v -6.000000 -75.970001 54.938004
v -6.000000 -26.348053 7.771637
v -6.000000 -27.321323 7.121319
v -6.000000 -75.970001 54.938004
v -6.000000 -27.321323 7.121319
v -6.000000 -27.971642 6.148048
v -6.000000 -16.028362 -6.148048
v -6.000000 -15.800003 -5.000000
v -6.000000 -4.800003 -49.000000
v -6.000000 -4.800003 -49.000000
v -6.000000 -15.800003 -5.000000
v -6.000000 -15.800003 5.000000
v -6.000000 -16.678680 7.121319
v -6.000000 -17.651951 7.771637
v -6.000000 -4.800003 54.938004
v -6.000000 -4.800003 54.938004
v -6.000000 -17.651951 7.771637
v -6.000000 -18.800003 8.000000
v -6.000000 -4.800003 54.938004
v -6.000000 -18.800003 8.000000
v -6.000000 -25.200001 8.000000
v -6.000000 -25.200001 8.000000
v -6.000000 -26.348053 7.771637
v -6.000000 -4.800003 54.938004
v -6.000000 -27.971642 6.148048
v -6.000000 -28.200001 5.000000
v -6.000000 -75.970001 54.938004
v -6.000000 -27.971642 -6.148048
v -6.000000 -27.321323 -7.121319
v -6.000000 -75.970001 -49.000000
v -6.000000 -75.970001 -49.000000
v -6.000000 -27.321323 -7.121319
v -6.000000 -26.348053 -7.771637
v -6.000000 -18.800003 -8.000000
v -6.000000 -17.651951 -7.771637
v -6.000000 -4.800003 -49.000000
v -6.000000 -4.800003 -49.000000
v -6.000000 -17.651951 -7.771637
v -6.000000 -16.678680 -7.121319
v -6.000000 -4.800003 -49.000000
v -6.000000 -16.678680 -7.121319
v -6.000000 -16.028362 -6.148048
vn 1.0000 -0.0000 -0.0000
vn -1.0000 -0.0000 -0.0000
vt 0.674431 0.666506
vt 0.678825 0.644415
vt 1.467757 0.913806
vt 0.678825 0.521265
vt 0.674431 0.499173
vt 1.467757 -0.455664
vt 0.661918 0.480446
vt 0.643190 0.467932
vt 0.621099 0.463538
vt 0.428676 0.463538
vt -0.532243 -0.455664
vt 0.406585 0.467932
vt 0.387857 0.480446
vt 0.375344 0.499173
vt -0.532243 0.913806
vt 0.370950 0.521265
vt 0.370950 0.644415
vt 0.375344 0.666506
vt 0.387857 0.685234
vt 0.406585 0.697747
vt 0.428676 0.702142
vt 0.621099 0.702142
vt 0.643190 0.697747
vt 0.661918 0.685234
s 0
f 1585/379/12 1586/380/12 1587/381/12
f 1588/381/12 1589/380/12 1590/382/12
f 1591/381/12 1592/382/12 1593/383/12
f 1594/381/12 1595/383/12 1596/384/12
f 1597/384/12 1598/383/12 1599/385/12
f 1600/384/12 1601/385/12 1602/386/12
f 1603/386/12 1604/387/12 1605/384/12
f 1606/384/12 1607/387/12 1608/388/12
f 1609/384/12 1610/388/12 1611/389/12
f 1612/389/12 1613/388/12 1614/390/12
f 1615/389/12 1616/390/12 1617/391/12
f 1618/391/12 1619/392/12 1620/389/12
f 1621/389/12 1622/392/12 1623/393/12
f 1624/393/12 1625/392/12 1626/394/12
f 1627/393/12 1628/394/12 1629/395/12
f 1630/395/12 1631/396/12 1632/393/12
f 1633/393/12 1634/396/12 1635/397/12
f 1636/393/12 1637/397/12 1638/398/12
f 1639/398/12 1640/399/12 1641/393/12
f 1642/393/12 1643/399/12 1644/381/12
f 1645/381/12 1646/399/12 1647/400/12
f 1648/381/12 1649/400/12 1650/401/12
f 1651/401/12 1652/402/12 1653/381/12
f 1654/381/12 1655/402/12 1656/379/12
f 1657/381/13 1658/399/13 1659/393/13
f 1660/393/13 1661/399/13 1662/398/13
f 1663/393/13 1664/398/13 1665/397/13
f 1666/384/13 1667/383/13 1668/381/13
f 1669/381/13 1670/383/13 1671/382/13
f 1672/381/13 1673/382/13 1674/380/13
f 1675/389/13 1676/388/13 1677/384/13
f 1678/384/13 1679/388/13 1680/387/13
f 1681/384/13 1682/387/13 1683/386/13
f 1684/393/13 1685/392/13 1686/389/13
f 1687/389/13 1688/392/13 1689/391/13
f 1690/389/13 1691/391/13 1692/390/13
f 1693/401/13 1694/400/13 1695/381/13
f 1696/381/13 1697/400/13 1698/399/13
f 1699/397/13 1700/396/13 1701/393/13
f 1702/393/13 1703/396/13 1704/395/13
f 1705/393/13 1706/395/13 1707/394/13
f 1708/394/13 1709/392/13 1710/393/13
f 1711/390/13 1712/388/13 1713/389/13
f 1714/386/13 1715/385/13 1716/384/13
f 1717/384/13 1718/385/13 1719/383/13
f 1720/380/13 1721/379/13 1722/381/13
f 1723/381/13 1724/379/13 1725/402/13
f 1726/381/13 1727/402/13 1728/401/13
o D2
v -6.000000 3.000000 8.168999
v -6.000000 -3.800003 8.168999
v -6.000000 3.000000 12.769001
v -6.000000 3.000000 12.769001
v -6.000000 -3.800003 8.168999
v -6.000000 -3.800003 12.769001
v -6.000000 -3.800003 12.769001
v -6.000000 -3.800003 8.168999
v -6.000000 -4.800003 54.938004
v -6.000000 -3.800003 12.769001
v -6.000000 -4.800003 54.938004
v -6.000000 -3.800003 18.168999
v -6.000000 -3.800003 18.168999
v -6.000000 -4.800003 54.938004
v -6.000000 -3.800003 22.768997
v -6.000000 -3.800003 18.168999
v -6.000000 -3.800003 22.768997
v -6.000000 3.000000 22.768997
v -6.000000 -3.800003 8.168999
v -6.000000 -3.800003 2.769001
v -6.000000 -4.800003 54.938004
v -6.000000 -4.800003 54.938004
v -6.000000 -3.800003 2.769001
v -6.000000 -4.800003 -49.000000
v -6.000000 -4.800003 -49.000000
v -6.000000 -3.800003 2.769001
v -6.000000 -3.800003 -1.831001
v -6.000000 -4.800003 -49.000000
v -6.000000 -3.800003 -1.831001
v -6.000000 -3.800003 -7.230999
v -6.000000 -3.800003 2.769001
v -6.000000 3.000000 2.769001
v -6.000000 -3.800003 -1.831001
v -6.000000 -3.800003 -1.831001
v -6.000000 3.000000 2.769001
v -6.000000 3.000000 -1.831001
v -6.000000 -4.800003 -49.000000
v -6.000000 -3.800003 -7.230999
v -6.000000 -3.800003 -11.831001
v -6.000000 -3.800003 -11.831001
v -6.000000 -3.800003 -7.230999
v -6.000000 3.000000 -7.230999
v -6.000000 -3.800003 -11.831001
v -6.000000 3.000000 -7.230999
v -6.000000 3.000000 -11.831001
v -6.000000 -3.800003 -11.831001
v -6.000000 -3.800003 -17.230999
v -6.000000 -4.800003 -49.000000
v -6.000000 -4.800003 -49.000000
v -6.000000 -3.800003 -17.230999
v -6.000000 -3.800003 -21.830999
v -6.000000 -4.800003 -49.000000
v -6.000000 -3.800003 -21.830999
v -6.000000 -3.800003 -27.231001
v -6.000000 -3.800003 -17.230999
v -6.000000 3.000000 -17.230999
v -6.000000 -3.800003 -21.830999
v -6.000000 -3.800003 -21.830999
v -6.000000 3.000000 -17.230999
v -6.000000 3.000000 -21.830999
v -6.000000 -4.800003 -49.000000
v -6.000000 -3.800003 -27.231001
v -6.000000 -3.800003 -31.830999
v -6.000000 -3.800003 -31.830999
v -6.000000 -3.800003 -27.231001
v -6.000000 3.000000 -27.231001
v -6.000000 -3.800003 -31.830999
v -6.000000 3.000000 -27.231001
v -6.000000 3.000000 -31.830999
v -6.000000 -3.800003 -31.830999
v -6.000000 -3.800003 -37.230999
v -6.000000 -4.800003 -49.000000
v -6.000000 -4.800003 -49.000000
v -6.000000 -3.800003 -37.230999
v -6.000000 -3.800003 -41.831001
v -6.000000 -4.800003 -49.000000
v -6.000000 -3.800003 -41.831001
v -6.000000 -3.800003 -47.230999
v -6.000000 -3.800003 -37.230999
v -6.000000 3.000000 -37.230999
v -6.000000 -3.800003 -41.831001
v -6.000000 -3.800003 -41.831001
v -6.000000 3.000000 -37.230999
v -6.000000 3.000000 -41.831001
v -6.000000 3.000000 -47.230999
v -6.000000 3.000000 -49.000000
v -6.000000 -3.800003 -47.230999
v -6.000000 -3.800003 -47.230999
v -6.000000 3.000000 -49.000000
v -6.000000 -4.800003 -49.000000
v -6.000000 -3.800003 54.938004
v -6.000000 -3.800003 52.768997
v -6.000000 -4.800003 54.938004
v -6.000000 -4.800003 54.938004
v -6.000000 -3.800003 52.768997
v -6.000000 -3.800003 48.168999
v -6.000000 -4.800003 54.938004
v -6.000000 -3.800003 48.168999
v -6.000000 -3.800003 42.768997
v -6.000000 -3.800003 52.768997
v -6.000000 3.000000 52.768997
v -6.000000 -3.800003 48.168999
v -6.000000 -3.800003 48.168999
v -6.000000 3.000000 52.768997
v -6.000000 3.000000 48.168999
v -6.000000 -4.800003 54.938004
v -6.000000 -3.800003 42.768997
v -6.000000 -3.800003 38.168999
v -6.000000 -3.800003 38.168999
v -6.000000 -3.800003 42.768997
v -6.000000 3.000000 42.768997
v -6.000000 -3.800003 38.168999
v -6.000000 3.000000 42.768997
v -6.000000 3.000000 38.168999
v -6.000000 -3.800003 38.168999
v -6.000000 -3.800003 32.768997
v -6.000000 -4.800003 54.938004
v -6.000000 -4.800003 54.938004
v -6.000000 -3.800003 32.768997
v -6.000000 -3.800003 28.168999
v -6.000000 -4.800003 54.938004
v -6.000000 -3.800003 28.168999
v -6.000000 -3.800003 22.768997
v -6.000000 -3.800003 32.768997
v -6.000000 3.000000 32.768997
v -6.000000 -3.800003 28.168999
v -6.000000 -3.800003 28.168999
v -6.000000 3.000000 32.768997
v -6.000000 3.000000 28.168999
v -6.000000 3.000000 22.768997
v -6.000000 3.000000 18.168999
v -6.000000 -3.800003 18.168999
v -2.000000 -1.800003 28.168999
v -4.000000 -3.800003 28.168999
v -2.000000 0.000000 28.168999
v -2.000000 0.000000 28.168999
v -4.000000 -3.800003 28.168999
v -5.000000 3.000000 28.168999
v -5.000000 3.000000 28.168999
v -4.000000 -3.800003 28.168999
v -6.000000 -3.800003 28.168999
v -5.000000 3.000000 28.168999
v -6.000000 -3.800003 28.168999
v -6.000000 3.000000 28.168999
v -2.000000 -1.800003 32.768997
v -2.000000 0.000000 32.768997
v -4.000000 -3.800003 32.768997
v -4.000000 -3.800003 32.768997
v -2.000000 0.000000 32.768997
v -5.000000 3.000000 32.768997
v -4.000000 -3.800003 32.768997
v -5.000000 3.000000 32.768997
v -6.000000 -3.800003 32.768997
v -6.000000 -3.800003 32.768997
v -5.000000 3.000000 32.768997
v -6.000000 3.000000 32.768997
v -2.000000 -1.800003 48.168999
v -4.000000 -3.800003 48.168999
v -2.000000 0.000000 48.168999
v -2.000000 0.000000 48.168999
v -4.000000 -3.800003 48.168999
v -5.000000 3.000000 48.168999
v -5.000000 3.000000 48.168999
v -4.000000 -3.800003 48.168999
v -6.000000 -3.800003 48.168999
v -5.000000 3.000000 48.168999
v -6.000000 -3.800003 48.168999
v -6.000000 3.000000 48.168999
v -2.000000 -1.800003 52.768997
v -2.000000 0.000000 52.768997
v -4.000000 -3.800003 52.768997
v -4.000000 -3.800003 52.768997
v -2.000000 0.000000 52.768997
v -5.000000 3.000000 52.768997
v -4.000000 -3.800003 52.768997
v -5.000000 3.000000 52.768997
v -6.000000 -3.800003 52.768997
v -6.000000 -3.800003 52.768997
v -5.000000 3.000000 52.768997
v -6.000000 3.000000 52.768997
v -5.000000 3.000000 48.168999
v -6.000000 3.000000 48.168999
v -5.000000 3.000000 52.768997
v -5.000000 3.000000 52.768997
v -6.000000 3.000000 48.168999
v -6.000000 3.000000 52.768997
v -2.000000 0.000000 48.168999
v -5.000000 3.000000 48.168999
v -2.000000 0.000000 52.768997
v -2.000000 0.000000 52.768997
v -5.000000 3.000000 48.168999
v -5.000000 3.000000 52.768997
v -2.000000 0.000000 38.168999
v -5.000000 3.000000 38.168999
v -2.000000 0.000000 42.768997
v -2.000000 0.000000 42.768997
v -5.000000 3.000000 38.168999
v -5.000000 3.000000 42.768997
v -5.000000 3.000000 38.168999
v -6.000000 3.000000 38.168999
v -5.000000 3.000000 42.768997
v -5.000000 3.000000 42.768997
v -6.000000 3.000000 38.168999
v -6.000000 3.000000 42.768997
v -5.000000 3.000000 28.168999
v -6.000000 3.000000 28.168999
v -5.000000 3.000000 32.768997
v -5.000000 3.000000 32.768997
v -6.000000 3.000000 28.168999
v -6.000000 3.000000 32.768997
v -5.000000 3.000000 18.168999
v -6.000000 3.000000 18.168999
v -5.000000 3.000000 22.768997
v -5.000000 3.000000 22.768997
v -6.000000 3.000000 18.168999
v -6.000000 3.000000 22.768997
v -5.000000 3.000000 8.168999
v -6.000000 3.000000 8.168999
v -5.000000 3.000000 12.769001
v -5.000000 3.000000 12.769001
v -6.000000 3.000000 8.168999
v -6.000000 3.000000 12.769001
v -5.000000 3.000000 -11.831001
v -6.000000 3.000000 -11.831001
v -5.000000 3.000000 -7.230999
v -5.000000 3.000000 -7.230999
v -6.000000 3.000000 -11.831001
v -6.000000 3.000000 -7.230999
v -2.000000 -1.800003 -7.230999
v -4.000000 -3.800003 -7.230999
v -2.000000 -1.800003 -1.831001
v -2.000000 -1.800003 -1.831001
v -4.000000 -3.800003 -7.230999
v -4.000000 -3.800003 -1.831001
v -5.000000 3.000000 -1.831001
v -6.000000 3.000000 -1.831001
v -5.000000 3.000000 2.769001
v -5.000000 3.000000 2.769001
v -6.000000 3.000000 -1.831001
v -6.000000 3.000000 2.769001
v -2.000000 -1.800003 -1.831001
v -4.000000 -3.800003 -1.831001
v -2.000000 0.000000 -1.831001
v -2.000000 0.000000 -1.831001
v -4.000000 -3.800003 -1.831001
v -5.000000 3.000000 -1.831001
v -5.000000 3.000000 -1.831001
v -4.000000 -3.800003 -1.831001
v -6.000000 -3.800003 -1.831001
v -5.000000 3.000000 -1.831001
v -6.000000 -3.800003 -1.831001
v -6.000000 3.000000 -1.831001
v -2.000000 0.000000 -1.831001
v -5.000000 3.000000 -1.831001
v -2.000000 0.000000 2.769001
v -2.000000 0.000000 2.769001
v -5.000000 3.000000 -1.831001
v -5.000000 3.000000 2.769001
v -2.000000 -1.800003 2.769001
v -2.000000 0.000000 2.769001
v -4.000000 -3.800003 2.769001
v -4.000000 -3.800003 2.769001
v -2.000000 0.000000 2.769001
v -5.000000 3.000000 2.769001
v -4.000000 -3.800003 2.769001
v -5.000000 3.000000 2.769001
v -6.000000 -3.800003 2.769001
v -6.000000 -3.800003 2.769001
v -5.000000 3.000000 2.769001
v -6.000000 3.000000 2.769001
v -2.000000 0.000000 28.168999
v -5.000000 3.000000 28.168999
v -2.000000 0.000000 32.768997
v -2.000000 0.000000 32.768997
v -5.000000 3.000000 28.168999
v -5.000000 3.000000 32.768997
v -2.000000 0.000000 18.168999
v -5.000000 3.000000 18.168999
v -2.000000 0.000000 22.768997
v -2.000000 0.000000 22.768997
v -5.000000 3.000000 18.168999
v -5.000000 3.000000 22.768997
v -2.000000 0.000000 8.168999
v -5.000000 3.000000 8.168999
v -2.000000 0.000000 12.769001
v -2.000000 0.000000 12.769001
v -5.000000 3.000000 8.168999
v -5.000000 3.000000 12.769001
v -2.000000 -1.800003 22.768997
v -4.000000 -3.800003 22.768997
v -2.000000 -1.800003 28.168999
v -2.000000 -1.800003 28.168999
v -4.000000 -3.800003 22.768997
v -4.000000 -3.800003 28.168999
v -2.000000 -1.800003 32.768997
v -4.000000 -3.800003 32.768997
v -2.000000 -1.800003 38.168999
v -2.000000 -1.800003 38.168999
v -4.000000 -3.800003 32.768997
v -4.000000 -3.800003 38.168999
v -2.000000 -1.800003 12.769001
v -4.000000 -3.800003 12.769001
v -2.000000 -1.800003 18.168999
v -2.000000 -1.800003 18.168999
v -4.000000 -3.800003 12.769001
v -4.000000 -3.800003 18.168999
v -2.000000 -1.800003 2.769001
v -4.000000 -3.800003 2.769001
v -2.000000 -1.800003 8.168999
v -2.000000 -1.800003 8.168999
v -4.000000 -3.800003 2.769001
v -4.000000 -3.800003 8.168999
v 2.000000 -1.800003 -42.230999
v 4.000000 -3.800003 -42.230999
v 2.000000 0.000000 -42.230999
v 2.000000 0.000000 -42.230999
v 4.000000 -3.800003 -42.230999
v 5.000000 3.000000 -42.230999
v 5.000000 3.000000 -42.230999
v 4.000000 -3.800003 -42.230999
v 6.000000 -3.800003 -42.230999
v 5.000000 3.000000 -42.230999
v 6.000000 -3.800003 -42.230999
v 6.000000 3.000000 -42.230999
v 2.000000 -1.800003 -46.831001
v 2.000000 0.000000 -46.831001
v 4.000000 -3.800003 -46.831001
v 4.000000 -3.800003 -46.831001
v 2.000000 0.000000 -46.831001
v 5.000000 3.000000 -46.831001
v 4.000000 -3.800003 -46.831001
v 5.000000 3.000000 -46.831001
v 6.000000 -3.800003 -46.831001
v 6.000000 -3.800003 -46.831001
v 5.000000 3.000000 -46.831001
v 6.000000 3.000000 -46.831001
v -2.000000 -1.800003 38.168999
v -4.000000 -3.800003 38.168999
v -2.000000 0.000000 38.168999
v -2.000000 0.000000 38.168999
v -4.000000 -3.800003 38.168999
v -5.000000 3.000000 38.168999
v -5.000000 3.000000 38.168999
v -4.000000 -3.800003 38.168999
v -6.000000 -3.800003 38.168999
v -5.000000 3.000000 38.168999
v -6.000000 -3.800003 38.168999
v -6.000000 3.000000 38.168999
v -2.000000 -1.800003 42.768997
v -2.000000 0.000000 42.768997
v -4.000000 -3.800003 42.768997
v -4.000000 -3.800003 42.768997
v -2.000000 0.000000 42.768997
v -5.000000 3.000000 42.768997
v -4.000000 -3.800003 42.768997
v -5.000000 3.000000 42.768997
v -6.000000 -3.800003 42.768997
v -6.000000 -3.800003 42.768997
v -5.000000 3.000000 42.768997
v -6.000000 3.000000 42.768997
v -2.000000 -1.800003 18.168999
v -4.000000 -3.800003 18.168999
v -2.000000 0.000000 18.168999
v -2.000000 0.000000 18.168999
v -4.000000 -3.800003 18.168999
v -5.000000 3.000000 18.168999
v -5.000000 3.000000 18.168999
v -4.000000 -3.800003 18.168999
v -6.000000 -3.800003 18.168999
v -5.000000 3.000000 18.168999
v -6.000000 -3.800003 18.168999
v -6.000000 3.000000 18.168999
v -2.000000 -1.800003 22.768997
v -2.000000 0.000000 22.768997
v -4.000000 -3.800003 22.768997
v -4.000000 -3.800003 22.768997
v -2.000000 0.000000 22.768997
v -5.000000 3.000000 22.768997
v -4.000000 -3.800003 22.768997
v -5.000000 3.000000 22.768997
v -6.000000 -3.800003 22.768997
v -6.000000 -3.800003 22.768997
v -5.000000 3.000000 22.768997
v -6.000000 3.000000 22.768997
v -2.000000 -1.800003 8.168999
v -4.000000 -3.800003 8.168999
v -2.000000 0.000000 8.168999
v -2.000000 0.000000 8.168999
v -4.000000 -3.800003 8.168999
v -5.000000 3.000000 8.168999
v -5.000000 3.000000 8.168999
v -4.000000 -3.800003 8.168999
v -6.000000 -3.800003 8.168999
v -5.000000 3.000000 8.168999
v -6.000000 -3.800003 8.168999
v -6.000000 3.000000 8.168999
v -2.000000 -1.800003 12.769001
v -2.000000 0.000000 12.769001
v -4.000000 -3.800003 12.769001
v -4.000000 -3.800003 12.769001
v -2.000000 0.000000 12.769001
v -5.000000 3.000000 12.769001
v -4.000000 -3.800003 12.769001
v -5.000000 3.000000 12.769001
v -6.000000 -3.800003 12.769001
v -6.000000 -3.800003 12.769001
v -5.000000 3.000000 12.769001
v -6.000000 3.000000 12.769001
v -4.000000 -3.800003 54.938004
v -2.000000 -1.800003 54.938004
v -4.000000 -3.800003 52.768997
v -4.000000 -3.800003 52.768997
v -2.000000 -1.800003 54.938004
v -2.000000 -1.800003 52.768997
v -2.000000 -1.800003 42.768997
v -4.000000 -3.800003 42.768997
v -2.000000 -1.800003 48.168999
v -2.000000 -1.800003 48.168999
v -4.000000 -3.800003 42.768997
v -4.000000 -3.800003 48.168999
v 2.000000 0.000000 -42.230999
v 5.000000 3.000000 -42.230999
v 2.000000 0.000000 -46.831001
v 2.000000 0.000000 -46.831001
v 5.000000 3.000000 -42.230999
v 5.000000 3.000000 -46.831001
v 2.000000 -1.800003 43.168999
v 2.000000 0.000000 43.168999
v 4.000000 -3.800003 43.168999
v 4.000000 -3.800003 43.168999
v 2.000000 0.000000 43.168999
v 5.000000 3.000000 43.168999
v 4.000000 -3.800003 43.168999
v 5.000000 3.000000 43.168999
v 6.000000 -3.800003 43.168999
v 6.000000 -3.800003 43.168999
v 5.000000 3.000000 43.168999
v 6.000000 3.000000 43.168999
v 2.000000 0.000000 47.768997
v 5.000000 3.000000 47.768997
v 2.000000 0.000000 43.168999
v 2.000000 0.000000 43.168999
v 5.000000 3.000000 47.768997
v 5.000000 3.000000 43.168999
v 4.000000 -3.800003 -49.000000
v 2.000000 -1.800003 -49.000000
v 4.000000 -3.800003 -46.831001
v 4.000000 -3.800003 -46.831001
v 2.000000 -1.800003 -49.000000
v 2.000000 -1.800003 -46.831001
v 2.000000 -1.800003 53.168999
v 2.000000 0.000000 53.168999
v 4.000000 -3.800003 53.168999
v 4.000000 -3.800003 53.168999
v 2.000000 0.000000 53.168999
v 5.000000 3.000000 53.168999
v 4.000000 -3.800003 53.168999
v 5.000000 3.000000 53.168999
v 6.000000 -3.800003 53.168999
v 6.000000 -3.800003 53.168999
v 5.000000 3.000000 53.168999
v 6.000000 3.000000 53.168999
v 2.000000 0.000000 54.938004
v 5.000000 3.000000 54.938004
v 2.000000 0.000000 53.168999
v 2.000000 0.000000 53.168999
v 5.000000 3.000000 54.938004
v 5.000000 3.000000 53.168999
v 2.000000 -1.800003 53.168999
v 4.000000 -3.800003 53.168999
v 2.000000 -1.800003 47.768997
v 2.000000 -1.800003 47.768997
v 4.000000 -3.800003 53.168999
v 4.000000 -3.800003 47.768997
v 5.000000 3.000000 54.938004
v 6.000000 3.000000 54.938004
v 5.000000 3.000000 53.168999
v 5.000000 3.000000 53.168999
v 6.000000 3.000000 54.938004
v 6.000000 3.000000 53.168999
v 5.000000 3.000000 47.768997
v 6.000000 3.000000 47.768997
v 5.000000 3.000000 43.168999
v 5.000000 3.000000 43.168999
v 6.000000 3.000000 47.768997
v 6.000000 3.000000 43.168999
v 2.000000 -1.800003 47.768997
v 4.000000 -3.800003 47.768997
v 2.000000 0.000000 47.768997
v 2.000000 0.000000 47.768997
v 4.000000 -3.800003 47.768997
v 5.000000 3.000000 47.768997
v 5.000000 3.000000 47.768997
v 4.000000 -3.800003 47.768997
v 6.000000 -3.800003 47.768997
v 5.000000 3.000000 47.768997
v 6.000000 -3.800003 47.768997
v 6.000000 3.000000 47.768997
v 2.000000 -1.800003 43.168999
v 4.000000 -3.800003 43.168999
v 2.000000 -1.800003 37.768997
v 2.000000 -1.800003 37.768997
v 4.000000 -3.800003 43.168999
v 4.000000 -3.800003 37.768997
v 2.000000 -1.800003 33.168999
v 2.000000 0.000000 33.168999
v 4.000000 -3.800003 33.168999
v 4.000000 -3.800003 33.168999
v 2.000000 0.000000 33.168999
v 5.000000 3.000000 33.168999
v 4.000000 -3.800003 33.168999
v 5.000000 3.000000 33.168999
v 6.000000 -3.800003 33.168999
v 6.000000 -3.800003 33.168999
v 5.000000 3.000000 33.168999
v 6.000000 3.000000 33.168999
v 2.000000 0.000000 37.768997
v 5.000000 3.000000 37.768997
v 2.000000 0.000000 33.168999
v 2.000000 0.000000 33.168999
v 5.000000 3.000000 37.768997
v 5.000000 3.000000 33.168999
v 2.000000 -1.800003 37.768997
v 4.000000 -3.800003 37.768997
v 2.000000 0.000000 37.768997
v 2.000000 0.000000 37.768997
v 4.000000 -3.800003 37.768997
v 5.000000 3.000000 37.768997
v 5.000000 3.000000 37.768997
v 4.000000 -3.800003 37.768997
v 6.000000 -3.800003 37.768997
v 5.000000 3.000000 37.768997
v 6.000000 -3.800003 37.768997
v 6.000000 3.000000 37.768997
v 2.000000 -1.800003 33.168999
v 4.000000 -3.800003 33.168999
v 2.000000 -1.800003 27.768997
v 2.000000 -1.800003 27.768997
v 4.000000 -3.800003 33.168999
v 4.000000 -3.800003 27.768997
v 2.000000 -1.800003 23.168999
v 2.000000 0.000000 23.168999
v 4.000000 -3.800003 23.168999
v 4.000000 -3.800003 23.168999
v 2.000000 0.000000 23.168999
v 5.000000 3.000000 23.168999
v 4.000000 -3.800003 23.168999
v 5.000000 3.000000 23.168999
v 6.000000 -3.800003 23.168999
v 6.000000 -3.800003 23.168999
v 5.000000 3.000000 23.168999
v 6.000000 3.000000 23.168999
v 2.000000 0.000000 27.768997
v 5.000000 3.000000 27.768997
v 2.000000 0.000000 23.168999
v 2.000000 0.000000 23.168999
v 5.000000 3.000000 27.768997
v 5.000000 3.000000 23.168999
v 2.000000 -1.800003 27.768997
v 4.000000 -3.800003 27.768997
v 2.000000 0.000000 27.768997
v 2.000000 0.000000 27.768997
v 4.000000 -3.800003 27.768997
v 5.000000 3.000000 27.768997
v 5.000000 3.000000 27.768997
v 4.000000 -3.800003 27.768997
v 6.000000 -3.800003 27.768997
v 5.000000 3.000000 27.768997
v 6.000000 -3.800003 27.768997
v 6.000000 3.000000 27.768997
v 5.000000 3.000000 37.768997
v 6.000000 3.000000 37.768997
v 5.000000 3.000000 33.168999
v 5.000000 3.000000 33.168999
v 6.000000 3.000000 37.768997
v 6.000000 3.000000 33.168999
v 5.000000 3.000000 27.768997
v 6.000000 3.000000 27.768997
v 5.000000 3.000000 23.168999
v 5.000000 3.000000 23.168999
v 6.000000 3.000000 27.768997
v 6.000000 3.000000 23.168999
v 2.000000 -1.800003 13.168999
v 2.000000 0.000000 13.168999
v 4.000000 -3.800003 13.168999
v 4.000000 -3.800003 13.168999
v 2.000000 0.000000 13.168999
v 5.000000 3.000000 13.168999
v 4.000000 -3.800003 13.168999
v 5.000000 3.000000 13.168999
v 6.000000 -3.800003 13.168999
v 6.000000 -3.800003 13.168999
v 5.000000 3.000000 13.168999
v 6.000000 3.000000 13.168999
v 2.000000 0.000000 17.768997
v 5.000000 3.000000 17.768997
v 2.000000 0.000000 13.168999
v 2.000000 0.000000 13.168999
v 5.000000 3.000000 17.768997
v 5.000000 3.000000 13.168999
v 2.000000 -1.800003 17.768997
v 4.000000 -3.800003 17.768997
v 2.000000 0.000000 17.768997
v 2.000000 0.000000 17.768997
v 4.000000 -3.800003 17.768997
v 5.000000 3.000000 17.768997
v 5.000000 3.000000 17.768997
v 4.000000 -3.800003 17.768997
v 6.000000 -3.800003 17.768997
v 5.000000 3.000000 17.768997
v 6.000000 -3.800003 17.768997
v 6.000000 3.000000 17.768997
v 2.000000 -1.800003 3.168999
v 2.000000 0.000000 3.168999
v 4.000000 -3.800003 3.168999
v 4.000000 -3.800003 3.168999
v 2.000000 0.000000 3.168999
v 5.000000 3.000000 3.168999
v 4.000000 -3.800003 3.168999
v 5.000000 3.000000 3.168999
v 6.000000 -3.800003 3.168999
v 6.000000 -3.800003 3.168999
v 5.000000 3.000000 3.168999
v 6.000000 3.000000 3.168999
v 2.000000 -1.800003 23.168999
v 4.000000 -3.800003 23.168999
v 2.000000 -1.800003 17.768997
v 2.000000 -1.800003 17.768997
v 4.000000 -3.800003 23.168999
v 4.000000 -3.800003 17.768997
v 2.000000 -1.800003 13.168999
v 4.000000 -3.800003 13.168999
v 2.000000 -1.800003 7.769001
v 2.000000 -1.800003 7.769001
v 4.000000 -3.800003 13.168999
v 4.000000 -3.800003 7.769001
v 2.000000 0.000000 7.769001
v 5.000000 3.000000 7.769001
v 2.000000 0.000000 3.168999
v 2.000000 0.000000 3.168999
v 5.000000 3.000000 7.769001
v 5.000000 3.000000 3.168999
v 2.000000 -1.800003 7.769001
v 4.000000 -3.800003 7.769001
v 2.000000 0.000000 7.769001
v 2.000000 0.000000 7.769001
v 4.000000 -3.800003 7.769001
v 5.000000 3.000000 7.769001
v 5.000000 3.000000 7.769001
v 4.000000 -3.800003 7.769001
v 6.000000 -3.800003 7.769001
v 5.000000 3.000000 7.769001
v 6.000000 -3.800003 7.769001
v 6.000000 3.000000 7.769001
v 5.000000 3.000000 17.768997
v 6.000000 3.000000 17.768997
v 5.000000 3.000000 13.168999
v 5.000000 3.000000 13.168999
v 6.000000 3.000000 17.768997
v 6.000000 3.000000 13.168999
v 5.000000 3.000000 7.769001
v 6.000000 3.000000 7.769001
v 5.000000 3.000000 3.168999
v 5.000000 3.000000 3.168999
v 6.000000 3.000000 7.769001
v 6.000000 3.000000 3.168999
v 6.000000 3.000000 7.769001
v 6.000000 -3.800003 7.769001
v 6.000000 3.000000 3.168999
v 6.000000 3.000000 3.168999
v 6.000000 -3.800003 7.769001
v 6.000000 -3.800003 3.168999
v 6.000000 -3.800003 3.168999
v 6.000000 -3.800003 7.769001
v 6.000000 -4.800003 54.938004
v 6.000000 -3.800003 3.168999
v 6.000000 -4.800003 54.938004
v 6.000000 -4.800003 -49.000000
v 6.000000 -3.800003 7.769001
v 6.000000 -3.800003 13.168999
v 6.000000 -4.800003 54.938004
v 6.000000 -4.800003 54.938004
v 6.000000 -3.800003 13.168999
v 6.000000 -3.800003 17.768997
v 6.000000 -4.800003 54.938004
v 6.000000 -3.800003 17.768997
v 6.000000 -3.800003 23.168999
v 6.000000 -3.800003 13.168999
v 6.000000 3.000000 13.168999
v 6.000000 -3.800003 17.768997
v 6.000000 -3.800003 17.768997
v 6.000000 3.000000 13.168999
v 6.000000 3.000000 17.768997
v 6.000000 -4.800003 54.938004
v 6.000000 -3.800003 23.168999
v 6.000000 -3.800003 27.768997
v 6.000000 -3.800003 27.768997
v 6.000000 -3.800003 23.168999
v 6.000000 3.000000 23.168999
v 6.000000 -3.800003 27.768997
v 6.000000 3.000000 23.168999
v 6.000000 3.000000 27.768997
v 6.000000 -3.800003 27.768997
v 6.000000 -3.800003 33.168999
v 6.000000 -4.800003 54.938004
v 6.000000 -4.800003 54.938004
v 6.000000 -3.800003 33.168999
v 6.000000 -3.800003 37.768997
v 6.000000 -4.800003 54.938004
v 6.000000 -3.800003 37.768997
v 6.000000 -3.800003 43.168999
v 6.000000 -3.800003 33.168999
v 6.000000 3.000000 33.168999
v 6.000000 -3.800003 37.768997
v 6.000000 -3.800003 37.768997
v 6.000000 3.000000 33.168999
v 6.000000 3.000000 37.768997
v 6.000000 -4.800003 54.938004
v 6.000000 -3.800003 43.168999
v 6.000000 -3.800003 47.768997
v 6.000000 -3.800003 47.768997
v 6.000000 -3.800003 43.168999
v 6.000000 3.000000 43.168999
v 6.000000 -3.800003 47.768997
v 6.000000 3.000000 43.168999
v 6.000000 3.000000 47.768997
v 6.000000 -3.800003 47.768997
v 6.000000 -3.800003 53.168999
v 6.000000 -4.800003 54.938004
v 6.000000 -4.800003 54.938004
v 6.000000 -3.800003 53.168999
v 6.000000 3.000000 54.938004
v 6.000000 3.000000 54.938004
v 6.000000 -3.800003 53.168999
v 6.000000 3.000000 53.168999
v 6.000000 -3.800003 -49.000000
v 6.000000 -3.800003 -46.831001
v 6.000000 -4.800003 -49.000000
v 6.000000 -4.800003 -49.000000
v 6.000000 -3.800003 -46.831001
v 6.000000 -3.800003 -42.230999
v 6.000000 -4.800003 -49.000000
v 6.000000 -3.800003 -42.230999
v 6.000000 -3.800003 -36.831001
v 6.000000 -3.800003 -46.831001
v 6.000000 3.000000 -46.831001
v 6.000000 -3.800003 -42.230999
v 6.000000 -3.800003 -42.230999
v 6.000000 3.000000 -46.831001
v 6.000000 3.000000 -42.230999
v 6.000000 -4.800003 -49.000000
v 6.000000 -3.800003 -36.831001
v 6.000000 -3.800003 -32.231003
v 6.000000 -3.800003 -32.231003
v 6.000000 -3.800003 -36.831001
v 6.000000 3.000000 -36.831001
v 6.000000 -3.800003 -32.231003
v 6.000000 3.000000 -36.831001
v 6.000000 3.000000 -32.231003
v 6.000000 -3.800003 -32.231003
v 6.000000 -3.800003 -26.830999
v 6.000000 -4.800003 -49.000000
v 6.000000 -4.800003 -49.000000
v 6.000000 -3.800003 -26.830999
v 6.000000 -3.800003 -22.231001
v 6.000000 -4.800003 -49.000000
v 6.000000 -3.800003 -22.231001
v 6.000000 -3.800003 -16.831001
v 6.000000 -3.800003 -26.830999
v 6.000000 3.000000 -26.830999
v 6.000000 -3.800003 -22.231001
v 6.000000 -3.800003 -22.231001
v 6.000000 3.000000 -26.830999
v 6.000000 3.000000 -22.231001
v 6.000000 -4.800003 -49.000000
v 6.000000 -3.800003 -16.831001
v 6.000000 -3.800003 -12.230999
v 6.000000 -3.800003 -12.230999
v 6.000000 -3.800003 -16.831001
v 6.000000 3.000000 -16.831001
v 6.000000 -3.800003 -12.230999
v 6.000000 3.000000 -16.831001
v 6.000000 3.000000 -12.230999
v 6.000000 -3.800003 -12.230999
v 6.000000 -3.800003 -6.831001
v 6.000000 -4.800003 -49.000000
v 6.000000 -4.800003 -49.000000
v 6.000000 -3.800003 -6.831001
v 6.000000 -3.800003 -2.230999
v 6.000000 -4.800003 -49.000000
v 6.000000 -3.800003 -2.230999
v 6.000000 -3.800003 3.168999
v 6.000000 -3.800003 -6.831001
v 6.000000 3.000000 -6.831001
v 6.000000 -3.800003 -2.230999
v 6.000000 -3.800003 -2.230999
v 6.000000 3.000000 -6.831001
v 6.000000 3.000000 -2.230999
v 2.000000 -1.800003 3.168999
v 4.000000 -3.800003 3.168999
v 2.000000 -1.800003 -2.230999
v 2.000000 -1.800003 -2.230999
v 4.000000 -3.800003 3.168999
v 4.000000 -3.800003 -2.230999
v 2.000000 -1.800003 -6.831001
v 2.000000 0.000000 -6.831001
v 4.000000 -3.800003 -6.831001
v 4.000000 -3.800003 -6.831001
v 2.000000 0.000000 -6.831001
v 5.000000 3.000000 -6.831001
v 4.000000 -3.800003 -6.831001
v 5.000000 3.000000 -6.831001
v 6.000000 -3.800003 -6.831001
v 6.000000 -3.800003 -6.831001
v 5.000000 3.000000 -6.831001
v 6.000000 3.000000 -6.831001
v 2.000000 0.000000 -2.230999
v 5.000000 3.000000 -2.230999
v 2.000000 0.000000 -6.831001
v 2.000000 0.000000 -6.831001
v 5.000000 3.000000 -2.230999
v 5.000000 3.000000 -6.831001
v 2.000000 -1.800003 -2.230999
v 4.000000 -3.800003 -2.230999
v 2.000000 0.000000 -2.230999
v 2.000000 0.000000 -2.230999
v 4.000000 -3.800003 -2.230999
v 5.000000 3.000000 -2.230999
v 5.000000 3.000000 -2.230999
v 4.000000 -3.800003 -2.230999
v 6.000000 -3.800003 -2.230999
v 5.000000 3.000000 -2.230999
v 6.000000 -3.800003 -2.230999
v 6.000000 3.000000 -2.230999
v 2.000000 -1.800003 -6.831001
v 4.000000 -3.800003 -6.831001
v 2.000000 -1.800003 -12.230999
v 2.000000 -1.800003 -12.230999
v 4.000000 -3.800003 -6.831001
v 4.000000 -3.800003 -12.230999
v 2.000000 -1.800003 -16.831001
v 2.000000 0.000000 -16.831001
v 4.000000 -3.800003 -16.831001
v 4.000000 -3.800003 -16.831001
v 2.000000 0.000000 -16.831001
v 5.000000 3.000000 -16.831001
v 4.000000 -3.800003 -16.831001
v 5.000000 3.000000 -16.831001
v 6.000000 -3.800003 -16.831001
v 6.000000 -3.800003 -16.831001
v 5.000000 3.000000 -16.831001
v 6.000000 3.000000 -16.831001
v 2.000000 0.000000 -12.230999
v 5.000000 3.000000 -12.230999
v 2.000000 0.000000 -16.831001
v 2.000000 0.000000 -16.831001
v 5.000000 3.000000 -12.230999
v 5.000000 3.000000 -16.831001
v 2.000000 -1.800003 -12.230999
v 4.000000 -3.800003 -12.230999
v 2.000000 0.000000 -12.230999
v 2.000000 0.000000 -12.230999
v 4.000000 -3.800003 -12.230999
v 5.000000 3.000000 -12.230999
v 5.000000 3.000000 -12.230999
v 4.000000 -3.800003 -12.230999
v 6.000000 -3.800003 -12.230999
v 5.000000 3.000000 -12.230999
v 6.000000 -3.800003 -12.230999
v 6.000000 3.000000 -12.230999
v 2.000000 -1.800003 -16.831001
v 4.000000 -3.800003 -16.831001
v 2.000000 -1.800003 -22.231001
v 2.000000 -1.800003 -22.231001
v 4.000000 -3.800003 -16.831001
v 4.000000 -3.800003 -22.231001
v 5.000000 3.000000 -2.230999
v 6.000000 3.000000 -2.230999
v 5.000000 3.000000 -6.831001
v 5.000000 3.000000 -6.831001
v 6.000000 3.000000 -2.230999
v 6.000000 3.000000 -6.831001
v 5.000000 3.000000 -12.230999
v 6.000000 3.000000 -12.230999
v 5.000000 3.000000 -16.831001
v 5.000000 3.000000 -16.831001
v 6.000000 3.000000 -12.230999
v 6.000000 3.000000 -16.831001
v 2.000000 -1.800003 -26.830999
v 2.000000 0.000000 -26.830999
v 4.000000 -3.800003 -26.830999
v 4.000000 -3.800003 -26.830999
v 2.000000 0.000000 -26.830999
v 5.000000 3.000000 -26.830999
v 4.000000 -3.800003 -26.830999
v 5.000000 3.000000 -26.830999
v 6.000000 -3.800003 -26.830999
v 6.000000 -3.800003 -26.830999
v 5.000000 3.000000 -26.830999
v 6.000000 3.000000 -26.830999
v 2.000000 -1.800003 -26.830999
v 4.000000 -3.800003 -26.830999
v 2.000000 -1.800003 -32.231003
v 2.000000 -1.800003 -32.231003
v 4.000000 -3.800003 -26.830999
v 4.000000 -3.800003 -32.231003
v 2.000000 0.000000 -22.231001
v 5.000000 3.000000 -22.231001
v 2.000000 0.000000 -26.830999
v 2.000000 0.000000 -26.830999
v 5.000000 3.000000 -22.231001
v 5.000000 3.000000 -26.830999
v 2.000000 -1.800003 -22.231001
v 4.000000 -3.800003 -22.231001
v 2.000000 0.000000 -22.231001
v 2.000000 0.000000 -22.231001
v 4.000000 -3.800003 -22.231001
v 5.000000 3.000000 -22.231001
v 5.000000 3.000000 -22.231001
v 4.000000 -3.800003 -22.231001
v 6.000000 -3.800003 -22.231001
v 5.000000 3.000000 -22.231001
v 6.000000 -3.800003 -22.231001
v 6.000000 3.000000 -22.231001
v 2.000000 -1.800003 -36.831001
v 2.000000 0.000000 -36.831001
v 4.000000 -3.800003 -36.831001
v 4.000000 -3.800003 -36.831001
v 2.000000 0.000000 -36.831001
v 5.000000 3.000000 -36.831001
v 4.000000 -3.800003 -36.831001
v 5.000000 3.000000 -36.831001
v 6.000000 -3.800003 -36.831001
v 6.000000 -3.800003 -36.831001
v 5.000000 3.000000 -36.831001
v 6.000000 3.000000 -36.831001
v 2.000000 0.000000 -32.231003
v 5.000000 3.000000 -32.231003
v 2.000000 0.000000 -36.831001
v 2.000000 0.000000 -36.831001
v 5.000000 3.000000 -32.231003
v 5.000000 3.000000 -36.831001
v 2.000000 -1.800003 -32.231003
v 4.000000 -3.800003 -32.231003
v 2.000000 0.000000 -32.231003
v 2.000000 0.000000 -32.231003
v 4.000000 -3.800003 -32.231003
v 5.000000 3.000000 -32.231003
v 5.000000 3.000000 -32.231003
v 4.000000 -3.800003 -32.231003
v 6.000000 -3.800003 -32.231003
v 5.000000 3.000000 -32.231003
v 6.000000 -3.800003 -32.231003
v 6.000000 3.000000 -32.231003
v 2.000000 -1.800003 -36.831001
v 4.000000 -3.800003 -36.831001
v 2.000000 -1.800003 -42.230999
v 2.000000 -1.800003 -42.230999
v 4.000000 -3.800003 -36.831001
v 4.000000 -3.800003 -42.230999
v 5.000000 3.000000 -22.231001
v 6.000000 3.000000 -22.231001
v 5.000000 3.000000 -26.830999
v 5.000000 3.000000 -26.830999
v 6.000000 3.000000 -22.231001
v 6.000000 3.000000 -26.830999
v 5.000000 3.000000 -32.231003
v 6.000000 3.000000 -32.231003
v 5.000000 3.000000 -36.831001
v 5.000000 3.000000 -36.831001
v 6.000000 3.000000 -32.231003
v 6.000000 3.000000 -36.831001
v 5.000000 3.000000 -42.230999
v 6.000000 3.000000 -42.230999
v 5.000000 3.000000 -46.831001
v 5.000000 3.000000 -46.831001
v 6.000000 3.000000 -42.230999
v 6.000000 3.000000 -46.831001
v -2.000000 -1.800003 -41.831001
v -4.000000 -3.800003 -41.831001
v -2.000000 0.000000 -41.831001
v -2.000000 0.000000 -41.831001
v -4.000000 -3.800003 -41.831001
v -5.000000 3.000000 -41.831001
v -5.000000 3.000000 -41.831001
v -4.000000 -3.800003 -41.831001
v -6.000000 -3.800003 -41.831001
v -5.000000 3.000000 -41.831001
v -6.000000 -3.800003 -41.831001
v -6.000000 3.000000 -41.831001
v -2.000000 -1.800003 -37.230999
v -2.000000 0.000000 -37.230999
v -4.000000 -3.800003 -37.230999
v -4.000000 -3.800003 -37.230999
v -2.000000 0.000000 -37.230999
v -5.000000 3.000000 -37.230999
v -4.000000 -3.800003 -37.230999
v -5.000000 3.000000 -37.230999
v -6.000000 -3.800003 -37.230999
v -6.000000 -3.800003 -37.230999
v -5.000000 3.000000 -37.230999
v -6.000000 3.000000 -37.230999
v -2.000000 -1.800003 -47.230999
v -2.000000 0.000000 -47.230999
v -4.000000 -3.800003 -47.230999
v -4.000000 -3.800003 -47.230999
v -2.000000 0.000000 -47.230999
v -5.000000 3.000000 -47.230999
v -4.000000 -3.800003 -47.230999
v -5.000000 3.000000 -47.230999
v -6.000000 -3.800003 -47.230999
v -6.000000 -3.800003 -47.230999
v -5.000000 3.000000 -47.230999
v -6.000000 3.000000 -47.230999
v -2.000000 0.000000 -41.831001
v -5.000000 3.000000 -41.831001
v -2.000000 0.000000 -37.230999
v -2.000000 0.000000 -37.230999
v -5.000000 3.000000 -41.831001
v -5.000000 3.000000 -37.230999
v -2.000000 0.000000 -49.000000
v -5.000000 3.000000 -49.000000
v -2.000000 0.000000 -47.230999
v -2.000000 0.000000 -47.230999
v -5.000000 3.000000 -49.000000
v -5.000000 3.000000 -47.230999
v -5.000000 3.000000 -41.831001
v -6.000000 3.000000 -41.831001
v -5.000000 3.000000 -37.230999
v -5.000000 3.000000 -37.230999
v -6.000000 3.000000 -41.831001
v -6.000000 3.000000 -37.230999
v -5.000000 3.000000 -49.000000
v -6.000000 3.000000 -49.000000
v -5.000000 3.000000 -47.230999
v -5.000000 3.000000 -47.230999
v -6.000000 3.000000 -49.000000
v -6.000000 3.000000 -47.230999
v 4.000000 -3.800003 -46.831001
v 6.000000 -3.800003 -46.831001
v 4.000000 -3.800003 -49.000000
v 4.000000 -3.800003 -49.000000
v 6.000000 -3.800003 -46.831001
v 6.000000 -3.800003 -49.000000
v 6.000000 -3.800003 27.768997
v 4.000000 -3.800003 27.768997
v 6.000000 -3.800003 33.168999
v 6.000000 -3.800003 33.168999
v 4.000000 -3.800003 27.768997
v 4.000000 -3.800003 33.168999
v 4.000000 -3.800003 -36.831001
v 6.000000 -3.800003 -36.831001
v 4.000000 -3.800003 -42.230999
v 4.000000 -3.800003 -42.230999
v 6.000000 -3.800003 -36.831001
v 6.000000 -3.800003 -42.230999
v 6.000000 -3.800003 37.768997
v 4.000000 -3.800003 37.768997
v 6.000000 -3.800003 43.168999
v 6.000000 -3.800003 43.168999
v 4.000000 -3.800003 37.768997
v 4.000000 -3.800003 43.168999
v -4.000000 -3.800003 12.769001
v -6.000000 -3.800003 12.769001
v -4.000000 -3.800003 18.168999
v -4.000000 -3.800003 18.168999
v -6.000000 -3.800003 12.769001
v -6.000000 -3.800003 18.168999
v -4.000000 -3.800003 22.768997
v -6.000000 -3.800003 22.768997
v -4.000000 -3.800003 28.168999
v -4.000000 -3.800003 28.168999
v -6.000000 -3.800003 22.768997
v -6.000000 -3.800003 28.168999
v -6.000000 -3.800003 8.168999
v -4.000000 -3.800003 8.168999
v -6.000000 -3.800003 2.769001
v -6.000000 -3.800003 2.769001
v -4.000000 -3.800003 8.168999
v -4.000000 -3.800003 2.769001
v 6.000000 -3.800003 47.768997
v 4.000000 -3.800003 47.768997
v 6.000000 -3.800003 53.168999
v 6.000000 -3.800003 53.168999
v 4.000000 -3.800003 47.768997
v 4.000000 -3.800003 53.168999
v -4.000000 -3.800003 -47.230999
v -6.000000 -3.800003 -47.230999
v -4.000000 -3.800003 -41.831001
v -4.000000 -3.800003 -41.831001
v -6.000000 -3.800003 -47.230999
v -6.000000 -3.800003 -41.831001
v -2.000000 -1.800003 -1.831001
v -2.000000 0.000000 -1.831001
v -2.000000 -1.800003 -7.230999
v -2.000000 -1.800003 -7.230999
v -2.000000 0.000000 -1.831001
v -2.000000 0.000000 -7.230999
v -2.000000 -1.800003 -11.831001
v -2.000000 0.000000 -11.831001
v -2.000000 -1.800003 -17.230999
v -2.000000 -1.800003 -17.230999
v -2.000000 0.000000 -11.831001
v -2.000000 0.000000 -17.230999
v -2.000000 0.000000 2.769001
v -2.000000 -1.800003 2.769001
v -2.000000 0.000000 8.168999
v -2.000000 0.000000 8.168999
v -2.000000 -1.800003 2.769001
v -2.000000 -1.800003 8.168999
v -2.000000 -1.800003 -21.830999
v -2.000000 0.000000 -21.830999
v -2.000000 -1.800003 -27.231001
v -2.000000 -1.800003 -27.231001
v -2.000000 0.000000 -21.830999
v -2.000000 0.000000 -27.231001
v -2.000000 0.000000 -49.000000
v -2.000000 0.000000 -47.230999
v 2.000000 0.000000 -49.000000
v 2.000000 0.000000 -49.000000
v -2.000000 0.000000 -47.230999
v 2.000000 0.000000 -46.831001
v 2.000000 0.000000 -46.831001
v -2.000000 0.000000 -47.230999
v 2.000000 0.000000 -42.230999
v 2.000000 0.000000 -42.230999
v -2.000000 0.000000 -47.230999
v -2.000000 0.000000 -41.831001
v 2.000000 0.000000 -42.230999
v -2.000000 0.000000 -41.831001
v -2.000000 0.000000 -37.230999
v -2.000000 0.000000 -31.830999
v 2.000000 0.000000 -32.231003
v -2.000000 0.000000 -37.230999
v -2.000000 0.000000 -37.230999
v 2.000000 0.000000 -32.231003
v 2.000000 0.000000 -36.831001
v -2.000000 0.000000 -37.230999
v 2.000000 0.000000 -36.831001
v 2.000000 0.000000 -42.230999
v -2.000000 0.000000 -31.830999
v -2.000000 0.000000 -27.231001
v 2.000000 0.000000 -32.231003
v 2.000000 0.000000 -32.231003
v -2.000000 0.000000 -27.231001
v 2.000000 0.000000 -26.830999
v 2.000000 0.000000 -26.830999
v -2.000000 0.000000 -27.231001
v 2.000000 0.000000 -22.231001
v 2.000000 0.000000 -22.231001
v -2.000000 0.000000 -27.231001
v -2.000000 0.000000 -21.830999
v 2.000000 0.000000 -22.231001
v -2.000000 0.000000 -21.830999
v -2.000000 0.000000 -17.230999
v -2.000000 0.000000 -11.831001
v 2.000000 0.000000 -12.230999
v -2.000000 0.000000 -17.230999
v -2.000000 0.000000 -17.230999
v 2.000000 0.000000 -12.230999
v 2.000000 0.000000 -16.831001
v -2.000000 0.000000 -17.230999
v 2.000000 0.000000 -16.831001
v 2.000000 0.000000 -22.231001
v -2.000000 0.000000 -11.831001
v -2.000000 0.000000 -7.230999
v 2.000000 0.000000 -12.230999
v 2.000000 0.000000 -12.230999
v -2.000000 0.000000 -7.230999
v 2.000000 0.000000 -6.831001
v 2.000000 0.000000 -6.831001
v -2.000000 0.000000 -7.230999
v 2.000000 0.000000 -2.230999
v 2.000000 0.000000 -2.230999
v -2.000000 0.000000 -7.230999
v -2.000000 0.000000 -1.831001
v 2.000000 0.000000 -2.230999
v -2.000000 0.000000 -1.831001
v -2.000000 0.000000 2.769001
v -2.000000 0.000000 8.168999
v 2.000000 0.000000 7.769001
v -2.000000 0.000000 2.769001
v -2.000000 0.000000 2.769001
v 2.000000 0.000000 7.769001
v 2.000000 0.000000 3.168999
v -2.000000 0.000000 2.769001
v 2.000000 0.000000 3.168999
v 2.000000 0.000000 -2.230999
v -2.000000 0.000000 8.168999
v -2.000000 0.000000 12.769001
v 2.000000 0.000000 7.769001
v 2.000000 0.000000 7.769001
v -2.000000 0.000000 12.769001
v 2.000000 0.000000 13.168999
v 2.000000 0.000000 13.168999
v -2.000000 0.000000 12.769001
v 2.000000 0.000000 17.768997
v 2.000000 0.000000 17.768997
v -2.000000 0.000000 12.769001
v -2.000000 0.000000 18.168999
v 2.000000 0.000000 17.768997
v -2.000000 0.000000 18.168999
v -2.000000 0.000000 22.768997
v -2.000000 0.000000 28.168999
v 2.000000 0.000000 27.768997
v -2.000000 0.000000 22.768997
v -2.000000 0.000000 22.768997
v 2.000000 0.000000 27.768997
v 2.000000 0.000000 23.168999
v -2.000000 0.000000 22.768997
v 2.000000 0.000000 23.168999
v 2.000000 0.000000 17.768997
v -2.000000 0.000000 28.168999
v -2.000000 0.000000 32.768997
v 2.000000 0.000000 27.768997
v 2.000000 0.000000 27.768997
v -2.000000 0.000000 32.768997
v 2.000000 0.000000 33.168999
v 2.000000 0.000000 33.168999
v -2.000000 0.000000 32.768997
v 2.000000 0.000000 37.768997
v 2.000000 0.000000 37.768997
v -2.000000 0.000000 32.768997
v -2.000000 0.000000 38.168999
v 2.000000 0.000000 37.768997
v -2.000000 0.000000 38.168999
v -2.000000 0.000000 42.768997
v -2.000000 0.000000 48.168999
v 2.000000 0.000000 47.768997
v -2.000000 0.000000 42.768997
v -2.000000 0.000000 42.768997
v 2.000000 0.000000 47.768997
v 2.000000 0.000000 43.168999
v -2.000000 0.000000 42.768997
v 2.000000 0.000000 43.168999
v 2.000000 0.000000 37.768997
v -2.000000 0.000000 48.168999
v -2.000000 0.000000 52.768997
v 2.000000 0.000000 47.768997
v 2.000000 0.000000 47.768997
v -2.000000 0.000000 52.768997
v 2.000000 0.000000 53.168999
v 2.000000 0.000000 53.168999
v -2.000000 0.000000 52.768997
v -2.000000 0.000000 54.938004
v 2.000000 0.000000 53.168999
v -2.000000 0.000000 54.938004
v 2.000000 0.000000 54.938004
v 2.000000 0.000000 3.168999
v 2.000000 -1.800003 3.168999
v 2.000000 0.000000 -2.230999
v 2.000000 0.000000 -2.230999
v 2.000000 -1.800003 3.168999
v 2.000000 -1.800003 -2.230999
v 2.000000 -1.800003 7.769001
v 2.000000 0.000000 7.769001
v 2.000000 -1.800003 13.168999
v 2.000000 -1.800003 13.168999
v 2.000000 0.000000 7.769001
v 2.000000 0.000000 13.168999
v 2.000000 -1.800003 17.768997
v 2.000000 0.000000 17.768997
v 2.000000 -1.800003 23.168999
v 2.000000 -1.800003 23.168999
v 2.000000 0.000000 17.768997
v 2.000000 0.000000 23.168999
v 2.000000 -1.800003 27.768997
v 2.000000 0.000000 27.768997
v 2.000000 -1.800003 33.168999
v 2.000000 -1.800003 33.168999
v 2.000000 0.000000 27.768997
v 2.000000 0.000000 33.168999
v 2.000000 -1.800003 37.768997
v 2.000000 0.000000 37.768997
v 2.000000 -1.800003 43.168999
v 2.000000 -1.800003 43.168999
v 2.000000 0.000000 37.768997
v 2.000000 0.000000 43.168999
v 2.000000 -1.800003 47.768997
v 2.000000 0.000000 47.768997
v 2.000000 -1.800003 53.168999
v 2.000000 -1.800003 53.168999
v 2.000000 0.000000 47.768997
v 2.000000 0.000000 53.168999
v 2.000000 0.000000 -46.831001
v 2.000000 -1.800003 -46.831001
v 2.000000 0.000000 -49.000000
v 2.000000 0.000000 -49.000000
v 2.000000 -1.800003 -46.831001
v 2.000000 -1.800003 -49.000000
v 2.000000 0.000000 -36.831001
v 2.000000 -1.800003 -36.831001
v 2.000000 0.000000 -42.230999
v 2.000000 0.000000 -42.230999
v 2.000000 -1.800003 -36.831001
v 2.000000 -1.800003 -42.230999
v 2.000000 0.000000 -26.830999
v 2.000000 -1.800003 -26.830999
v 2.000000 0.000000 -32.231003
v 2.000000 0.000000 -32.231003
v 2.000000 -1.800003 -26.830999
v 2.000000 -1.800003 -32.231003
v 2.000000 0.000000 -16.831001
v 2.000000 -1.800003 -16.831001
v 2.000000 0.000000 -22.231001
v 2.000000 0.000000 -22.231001
v 2.000000 -1.800003 -16.831001
v 2.000000 -1.800003 -22.231001
v 2.000000 0.000000 -6.831001
v 2.000000 -1.800003 -6.831001
v 2.000000 0.000000 -12.230999
v 2.000000 0.000000 -12.230999
v 2.000000 -1.800003 -6.831001
v 2.000000 -1.800003 -12.230999
v 4.000000 -3.800003 3.168999
v 6.000000 -3.800003 3.168999
v 4.000000 -3.800003 -2.230999
v 4.000000 -3.800003 -2.230999
v 6.000000 -3.800003 3.168999
v 6.000000 -3.800003 -2.230999
v 4.000000 -3.800003 -6.831001
v 6.000000 -3.800003 -6.831001
v 4.000000 -3.800003 -12.230999
v 4.000000 -3.800003 -12.230999
v 6.000000 -3.800003 -6.831001
v 6.000000 -3.800003 -12.230999
v 6.000000 -3.800003 7.769001
v 4.000000 -3.800003 7.769001
v 6.000000 -3.800003 13.168999
v 6.000000 -3.800003 13.168999
v 4.000000 -3.800003 7.769001
v 4.000000 -3.800003 13.168999
v 4.000000 -3.800003 -16.831001
v 6.000000 -3.800003 -16.831001
v 4.000000 -3.800003 -22.231001
v 4.000000 -3.800003 -22.231001
v 6.000000 -3.800003 -16.831001
v 6.000000 -3.800003 -22.231001
v 6.000000 -3.800003 17.768997
v 4.000000 -3.800003 17.768997
v 6.000000 -3.800003 23.168999
v 6.000000 -3.800003 23.168999
v 4.000000 -3.800003 17.768997
v 4.000000 -3.800003 23.168999
v 4.000000 -3.800003 -26.830999
v 6.000000 -3.800003 -26.830999
v 4.000000 -3.800003 -32.231003
v 4.000000 -3.800003 -32.231003
v 6.000000 -3.800003 -26.830999
v 6.000000 -3.800003 -32.231003
v -2.000000 -1.800003 -47.230999
v -4.000000 -3.800003 -47.230999
v -2.000000 -1.800003 -41.831001
v -2.000000 -1.800003 -41.831001
v -4.000000 -3.800003 -47.230999
v -4.000000 -3.800003 -41.831001
v -2.000000 0.000000 12.769001
v -2.000000 -1.800003 12.769001
v -2.000000 0.000000 18.168999
v -2.000000 0.000000 18.168999
v -2.000000 -1.800003 12.769001
v -2.000000 -1.800003 18.168999
v -2.000000 -1.800003 -31.830999
v -2.000000 0.000000 -31.830999
v -2.000000 -1.800003 -37.230999
v -2.000000 -1.800003 -37.230999
v -2.000000 0.000000 -31.830999
v -2.000000 0.000000 -37.230999
v -2.000000 0.000000 22.768997
v -2.000000 -1.800003 22.768997
v -2.000000 0.000000 28.168999
v -2.000000 0.000000 28.168999
v -2.000000 -1.800003 22.768997
v -2.000000 -1.800003 28.168999
v -2.000000 -1.800003 -41.831001
v -2.000000 0.000000 -41.831001
v -2.000000 -1.800003 -47.230999
v -2.000000 -1.800003 -47.230999
v -2.000000 0.000000 -41.831001
v -2.000000 0.000000 -47.230999
v -2.000000 0.000000 32.768997
v -2.000000 -1.800003 32.768997
v -2.000000 0.000000 38.168999
v -2.000000 0.000000 38.168999
v -2.000000 -1.800003 32.768997
v -2.000000 -1.800003 38.168999
v -2.000000 -1.800003 54.938004
v -2.000000 0.000000 54.938004
v -2.000000 -1.800003 52.768997
v -2.000000 -1.800003 52.768997
v -2.000000 0.000000 54.938004
v -2.000000 0.000000 52.768997
v -2.000000 0.000000 42.768997
v -2.000000 -1.800003 42.768997
v -2.000000 0.000000 48.168999
v -2.000000 0.000000 48.168999
v -2.000000 -1.800003 42.768997
v -2.000000 -1.800003 48.168999
v -2.000000 -1.800003 -17.230999
v -2.000000 0.000000 -17.230999
v -4.000000 -3.800003 -17.230999
v -4.000000 -3.800003 -17.230999
v -2.000000 0.000000 -17.230999
v -5.000000 3.000000 -17.230999
v -4.000000 -3.800003 -17.230999
v -5.000000 3.000000 -17.230999
v -6.000000 -3.800003 -17.230999
v -6.000000 -3.800003 -17.230999
v -5.000000 3.000000 -17.230999
v -6.000000 3.000000 -17.230999
v -2.000000 -1.800003 -27.231001
v -4.000000 -3.800003 -27.231001
v -2.000000 -1.800003 -21.830999
v -2.000000 -1.800003 -21.830999
v -4.000000 -3.800003 -27.231001
v -4.000000 -3.800003 -21.830999
v -2.000000 -1.800003 -31.830999
v -4.000000 -3.800003 -31.830999
v -2.000000 0.000000 -31.830999
v -2.000000 0.000000 -31.830999
v -4.000000 -3.800003 -31.830999
v -5.000000 3.000000 -31.830999
v -5.000000 3.000000 -31.830999
v -4.000000 -3.800003 -31.830999
v -6.000000 -3.800003 -31.830999
v -5.000000 3.000000 -31.830999
v -6.000000 -3.800003 -31.830999
v -6.000000 3.000000 -31.830999
v -2.000000 -1.800003 -27.231001
v -2.000000 0.000000 -27.231001
v -4.000000 -3.800003 -27.231001
v -4.000000 -3.800003 -27.231001
v -2.000000 0.000000 -27.231001
v -5.000000 3.000000 -27.231001
v -4.000000 -3.800003 -27.231001
v -5.000000 3.000000 -27.231001
v -6.000000 -3.800003 -27.231001
v -6.000000 -3.800003 -27.231001
v -5.000000 3.000000 -27.231001
v -6.000000 3.000000 -27.231001
v -2.000000 -1.800003 -37.230999
v -4.000000 -3.800003 -37.230999
v -2.000000 -1.800003 -31.830999
v -2.000000 -1.800003 -31.830999
v -4.000000 -3.800003 -37.230999
v -4.000000 -3.800003 -31.830999
v -2.000000 0.000000 -31.830999
v -5.000000 3.000000 -31.830999
v -2.000000 0.000000 -27.231001
v -2.000000 0.000000 -27.231001
v -5.000000 3.000000 -31.830999
v -5.000000 3.000000 -27.231001
v -5.000000 3.000000 -31.830999
v -6.000000 3.000000 -31.830999
v -5.000000 3.000000 -27.231001
v -5.000000 3.000000 -27.231001
v -6.000000 3.000000 -31.830999
v -6.000000 3.000000 -27.231001
v -4.000000 -3.800003 52.768997
v -6.000000 -3.800003 52.768997
v -4.000000 -3.800003 54.938004
v -4.000000 -3.800003 54.938004
v -6.000000 -3.800003 52.768997
v -6.000000 -3.800003 54.938004
v -4.000000 -3.800003 32.768997
v -6.000000 -3.800003 32.768997
v -4.000000 -3.800003 38.168999
v -4.000000 -3.800003 38.168999
v -6.000000 -3.800003 32.768997
v -6.000000 -3.800003 38.168999
v -6.000000 -3.800003 -1.831001
v -4.000000 -3.800003 -1.831001
v -6.000000 -3.800003 -7.230999
v -6.000000 -3.800003 -7.230999
v -4.000000 -3.800003 -1.831001
v -4.000000 -3.800003 -7.230999
v -4.000000 -3.800003 42.768997
v -6.000000 -3.800003 42.768997
v -4.000000 -3.800003 48.168999
v -4.000000 -3.800003 48.168999
v -6.000000 -3.800003 42.768997
v -6.000000 -3.800003 48.168999
v -6.000000 -3.800003 -11.831001
v -4.000000 -3.800003 -11.831001
v -6.000000 -3.800003 -17.230999
v -6.000000 -3.800003 -17.230999
v -4.000000 -3.800003 -11.831001
v -4.000000 -3.800003 -17.230999
v -6.000000 -3.800003 -21.830999
v -4.000000 -3.800003 -21.830999
v -6.000000 -3.800003 -27.231001
v -6.000000 -3.800003 -27.231001
v -4.000000 -3.800003 -21.830999
v -4.000000 -3.800003 -27.231001
v -6.000000 -3.800003 -31.830999
v -4.000000 -3.800003 -31.830999
v -6.000000 -3.800003 -37.230999
v -6.000000 -3.800003 -37.230999
v -4.000000 -3.800003 -31.830999
v -4.000000 -3.800003 -37.230999
v -2.000000 -1.800003 -11.831001
v -4.000000 -3.800003 -11.831001
v -2.000000 0.000000 -11.831001
v -2.000000 0.000000 -11.831001
v -4.000000 -3.800003 -11.831001
v -5.000000 3.000000 -11.831001
v -5.000000 3.000000 -11.831001
v -4.000000 -3.800003 -11.831001
v -6.000000 -3.800003 -11.831001
v -5.000000 3.000000 -11.831001
v -6.000000 -3.800003 -11.831001
v -6.000000 3.000000 -11.831001
v -2.000000 -1.800003 -7.230999
v -2.000000 0.000000 -7.230999
v -4.000000 -3.800003 -7.230999
v -4.000000 -3.800003 -7.230999
v -2.000000 0.000000 -7.230999
v -5.000000 3.000000 -7.230999
v -4.000000 -3.800003 -7.230999
v -5.000000 3.000000 -7.230999
v -6.000000 -3.800003 -7.230999
v -6.000000 -3.800003 -7.230999
v -5.000000 3.000000 -7.230999
v -6.000000 3.000000 -7.230999
v -2.000000 -1.800003 -17.230999
v -4.000000 -3.800003 -17.230999
v -2.000000 -1.800003 -11.831001
v -2.000000 -1.800003 -11.831001
v -4.000000 -3.800003 -17.230999
v -4.000000 -3.800003 -11.831001
v -2.000000 -1.800003 -21.830999
v -4.000000 -3.800003 -21.830999
v -2.000000 0.000000 -21.830999
v -2.000000 0.000000 -21.830999
v -4.000000 -3.800003 -21.830999
v -5.000000 3.000000 -21.830999
v -5.000000 3.000000 -21.830999
v -4.000000 -3.800003 -21.830999
v -6.000000 -3.800003 -21.830999
v -5.000000 3.000000 -21.830999
v -6.000000 -3.800003 -21.830999
v -6.000000 3.000000 -21.830999
v -2.000000 0.000000 -11.831001
v -5.000000 3.000000 -11.831001
v -2.000000 0.000000 -7.230999
v -2.000000 0.000000 -7.230999
v -5.000000 3.000000 -11.831001
v -5.000000 3.000000 -7.230999
v -2.000000 0.000000 -21.830999
v -5.000000 3.000000 -21.830999
v -2.000000 0.000000 -17.230999
v -2.000000 0.000000 -17.230999
v -5.000000 3.000000 -21.830999
v -5.000000 3.000000 -17.230999
v -5.000000 3.000000 -21.830999
v -6.000000 3.000000 -21.830999
v -5.000000 3.000000 -17.230999
v -5.000000 3.000000 -17.230999
v -6.000000 3.000000 -21.830999
v -6.000000 3.000000 -17.230999
vn -1.0000 -0.0000 -0.0000
vn -0.0000 -0.0000 -1.0000
vn -0.0000 -0.0000 1.0000
vn -0.0000 1.0000 -0.0000
vn 0.7071 0.7071 -0.0000
vn -0.7071 0.7071 -0.0000
vn 1.0000 -0.0000 -0.0000
vt 0.427618 0.574599
vt 0.427618 0.443751
vt 0.339104 0.574599
vt 0.339104 0.443751
vt -0.472322 0.424509
vt 0.235196 0.443751
vt 0.146681 0.443751
vt 0.146681 0.574599
vt 0.531526 0.443751
vt 1.527678 0.424509
vt 0.620041 0.443751
vt 0.723949 0.443751
vt 0.531526 0.574599
vt 0.620041 0.574599
vt 0.812463 0.443751
vt 0.723949 0.574599
vt 0.812463 0.574599
vt 0.916371 0.443751
vt 1.004885 0.443751
vt 1.108793 0.443751
vt 0.916371 0.574599
vt 1.004885 0.574599
vt 1.197308 0.443751
vt 1.108793 0.574599
vt 1.197308 0.574599
vt 1.301216 0.443751
vt 1.389730 0.443751
vt 1.493638 0.443751
vt 1.301216 0.574599
vt 1.389730 0.574599
vt 1.493638 0.574599
vt 1.527678 0.574599
vt -0.472322 0.443751
vt -0.430586 0.443751
vt -0.342071 0.443751
vt -0.238163 0.443751
vt -0.430586 0.574599
vt -0.342071 0.574599
vt -0.149649 0.443751
vt -0.238163 0.574599
vt -0.149649 0.574599
vt -0.045741 0.443751
vt 0.042773 0.443751
vt -0.045741 0.574599
vt 0.042773 0.574599
vt 0.235196 0.574599
vt 0.489291 0.482236
vt 0.450806 0.443751
vt 0.489291 0.516872
vt 0.431564 0.574599
vt 0.412322 0.443751
vt 0.412322 0.574599
vt 0.431564 -0.369846
vt 0.412322 -0.369846
vt 0.431564 -0.458361
vt 0.412322 -0.458361
vt 0.489291 -0.369846
vt 0.489291 -0.458361
vt 0.489291 -0.177424
vt 0.431564 -0.177424
vt 0.489291 -0.265938
vt 0.431564 -0.265938
vt 0.412322 -0.177424
vt 0.412322 -0.265938
vt 0.431564 0.014998
vt 0.412322 0.014998
vt 0.431564 -0.073516
vt 0.412322 -0.073516
vt 0.431564 0.207421
vt 0.412322 0.207421
vt 0.431564 0.118907
vt 0.412322 0.118907
vt 0.431564 0.399843
vt 0.412322 0.399843
vt 0.431564 0.311329
vt 0.412322 0.311329
vt 0.431564 0.784688
vt 0.412322 0.784688
vt 0.431564 0.696174
vt 0.412322 0.696174
vt 0.489291 0.696174
vt 0.450806 0.696174
vt 0.489291 0.592266
vt 0.450806 0.592266
vt 0.431564 0.592266
vt 0.412322 0.592266
vt 0.431564 0.503751
vt 0.412322 0.503751
vt 0.489291 0.503751
vt 0.489291 0.014998
vt 0.489291 -0.073516
vt 0.489291 0.207421
vt 0.489291 0.118907
vt 0.489291 0.399843
vt 0.489291 0.311329
vt 0.450806 0.118907
vt 0.450806 0.014998
vt 0.450806 -0.073516
vt 0.450806 -0.177424
vt 0.450806 0.311329
vt 0.450806 0.207421
vt 0.450806 0.503751
vt 0.450806 0.399843
vt 0.566260 0.482236
vt 0.604744 0.443751
vt 0.566260 0.516872
vt 0.623986 0.574599
vt 0.643229 0.443751
vt 0.643229 0.574599
vt 0.450806 -0.500097
vt 0.489291 -0.500097
vt 0.450806 -0.458361
vt 0.450806 -0.265938
vt 0.450806 -0.369846
vt 0.566260 1.369652
vt 0.623986 1.369652
vt 0.566260 1.458166
vt 0.623986 1.458166
vt 0.566260 -0.362149
vt 0.623986 -0.362149
vt 0.566260 -0.273635
vt 0.623986 -0.273635
vt 0.604744 1.499903
vt 0.566260 1.499903
vt 0.604744 1.458166
vt 0.566260 -0.500097
vt 0.623986 -0.500097
vt 0.566260 -0.466058
vt 0.623986 -0.466058
vt 0.604744 -0.466058
vt 0.604744 -0.362149
vt 0.643229 -0.500097
vt 0.643229 -0.466058
vt 0.643229 -0.362149
vt 0.643229 -0.273635
vt 0.604744 -0.273635
vt 0.566260 -0.169727
vt 0.604744 -0.169727
vt 0.623986 -0.169727
vt 0.566260 -0.081213
vt 0.623986 -0.081213
vt 0.604744 -0.081213
vt 0.566260 0.022695
vt 0.604744 0.022695
vt 0.623986 0.022695
vt 0.566260 0.111210
vt 0.623986 0.111210
vt 0.643229 -0.169727
vt 0.643229 -0.081213
vt 0.643229 0.022695
vt 0.643229 0.111210
vt 0.566260 0.215118
vt 0.623986 0.215118
vt 0.566260 0.303632
vt 0.623986 0.303632
vt 0.604744 0.111210
vt 0.604744 0.215118
vt 0.604744 0.303632
vt 0.566260 0.407540
vt 0.604744 0.407540
vt 0.623986 0.407540
vt 0.566260 0.496055
vt 0.623986 0.496055
vt 0.643229 0.215118
vt 0.643229 0.303632
vt 0.643229 0.407540
vt 0.643229 0.496055
vt 0.435315 0.574599
vt 0.435315 0.443751
vt 0.523829 0.574599
vt 0.523829 0.443751
vt 0.331407 0.443751
vt 0.242893 0.443751
vt 0.138985 0.443751
vt 0.331407 0.574599
vt 0.242893 0.574599
vt 0.050470 0.443751
vt 0.138985 0.574599
vt 0.050470 0.574599
vt -0.053438 0.443751
vt -0.141952 0.443751
vt -0.245860 0.443751
vt -0.053438 0.574599
vt -0.141952 0.574599
vt -0.334374 0.443751
vt -0.245860 0.574599
vt -0.334374 0.574599
vt -0.438283 0.443751
vt -0.472322 0.574599
vt -0.438283 0.574599
vt 1.527678 0.443751
vt 1.485941 0.443751
vt 1.397427 0.443751
vt 1.293519 0.443751
vt 1.485941 0.574599
vt 1.397427 0.574599
vt 1.205005 0.443751
vt 1.293519 0.574599
vt 1.205005 0.574599
vt 1.101097 0.443751
vt 1.012582 0.443751
vt 0.908674 0.443751
vt 1.101097 0.574599
vt 1.012582 0.574599
vt 0.820160 0.443751
vt 0.908674 0.574599
vt 0.820160 0.574599
vt 0.716252 0.443751
vt 0.627737 0.443751
vt 0.716252 0.574599
vt 0.627737 0.574599
vt 0.604744 0.496055
vt 0.566260 0.599962
vt 0.604744 0.599962
vt 0.623986 0.599962
vt 0.566260 0.688477
vt 0.623986 0.688477
vt 0.604744 0.688477
vt 0.566260 0.792385
vt 0.604744 0.792385
vt 0.623986 0.792385
vt 0.566260 0.880899
vt 0.623986 0.880899
vt 0.604744 0.880899
vt 0.566260 0.984807
vt 0.604744 0.984807
vt 0.643229 0.599962
vt 0.643229 0.688477
vt 0.643229 0.792385
vt 0.643229 0.880899
vt 0.566260 1.073322
vt 0.604744 1.073322
vt 0.566260 1.177230
vt 0.604744 1.177230
vt 0.623986 0.984807
vt 0.623986 1.073322
vt 0.623986 1.177230
vt 0.566260 1.265744
vt 0.623986 1.265744
vt 0.604744 1.265744
vt 0.604744 1.369652
vt 0.643229 0.984807
vt 0.643229 1.073322
vt 0.643229 1.177230
vt 0.643229 1.265744
vt 0.643229 1.369652
vt 0.643229 1.458166
vt 0.489291 1.361955
vt 0.431564 1.361955
vt 0.489291 1.273441
vt 0.431564 1.273441
vt 0.489291 1.499903
vt 0.431564 1.499903
vt 0.489291 1.465863
vt 0.431564 1.465863
vt 0.412322 1.361955
vt 0.412322 1.273441
vt 0.412322 1.499903
vt 0.412322 1.465863
vt 0.643229 1.499903
vt 0.450806 1.465863
vt 0.450806 1.361955
vt 0.620041 0.482236
vt 0.620041 0.516872
vt 0.723949 0.482236
vt 0.723949 0.516872
vt 0.812463 0.482236
vt 0.812463 0.516872
vt 0.916371 0.482236
vt 0.916371 0.516872
vt 0.531526 0.516872
vt 0.531526 0.482236
vt 0.427618 0.516872
vt 0.427618 0.482236
vt 1.004885 0.482236
vt 1.004885 0.516872
vt 1.108793 0.482236
vt 1.108793 0.516872
vt 0.489291 1.169533
vt 0.489291 1.081018
vt 0.489291 0.977110
vt 0.489291 0.888596
vt 0.489291 0.784688
vt 0.523829 0.516872
vt 0.523829 0.482236
vt 0.627737 0.516872
vt 0.627737 0.482236
vt 0.435315 0.482236
vt 0.435315 0.516872
vt 0.331407 0.482236
vt 0.331407 0.516872
vt 0.242893 0.482236
vt 0.242893 0.516872
vt 0.138985 0.482236
vt 0.138985 0.516872
vt 0.050470 0.482236
vt 0.050470 0.516872
vt -0.053438 0.482236
vt -0.053438 0.516872
vt -0.141952 0.482236
vt -0.141952 0.516872
vt -0.245860 0.482236
vt -0.245860 0.516872
vt -0.334374 0.482236
vt -0.334374 0.516872
vt -0.438283 0.482236
vt -0.438283 0.516872
vt 1.485941 0.516872
vt 1.485941 0.482236
vt 1.527678 0.516872
vt 1.527678 0.482236
vt 1.293519 0.516872
vt 1.293519 0.482236
vt 1.397427 0.516872
vt 1.397427 0.482236
vt 1.101097 0.516872
vt 1.101097 0.482236
vt 1.205005 0.516872
vt 1.205005 0.482236
vt 0.908674 0.516872
vt 0.908674 0.482236
vt 1.012582 0.516872
vt 1.012582 0.482236
vt 0.716252 0.516872
vt 0.716252 0.482236
vt 0.820160 0.516872
vt 0.820160 0.482236
vt 0.339104 0.516872
vt 0.339104 0.482236
vt 0.235196 0.516872
vt 0.235196 0.482236
vt 1.197308 0.482236
vt 1.197308 0.516872
vt 1.301216 0.482236
vt 1.301216 0.516872
vt 0.146681 0.516872
vt 0.146681 0.482236
vt 0.042773 0.516872
vt 0.042773 0.482236
vt 1.389730 0.482236
vt 1.389730 0.516872
vt 1.493638 0.482236
vt 1.493638 0.516872
vt -0.045741 0.516872
vt -0.045741 0.482236
vt -0.149649 0.516872
vt -0.149649 0.482236
vt -0.472322 0.482236
vt -0.472322 0.516872
vt -0.430586 0.482236
vt -0.430586 0.516872
vt -0.238163 0.516872
vt -0.238163 0.482236
vt -0.342071 0.516872
vt -0.342071 0.482236
vt 0.450806 1.081018
vt 0.450806 0.977110
vt 0.450806 1.273441
vt 0.450806 1.169533
vt 0.431564 1.169533
vt 0.431564 1.081018
vt 0.412322 1.169533
vt 0.412322 1.081018
vt 0.412322 -0.500097
vt 0.450806 0.784688
vt 0.412322 0.888596
vt 0.450806 0.888596
vt 0.412322 0.977110
vt 0.431564 0.977110
vt 0.431564 0.888596
s 0
f 1729/403/14 1730/404/14 1731/405/14
f 1732/405/14 1733/404/14 1734/406/14
f 1735/406/14 1736/404/14 1737/407/14
f 1738/406/14 1739/407/14 1740/408/14
f 1741/408/14 1742/407/14 1743/409/14
f 1744/408/14 1745/409/14 1746/410/14
f 1747/404/14 1748/411/14 1749/407/14
f 1750/407/14 1751/411/14 1752/412/14
f 1753/412/14 1754/411/14 1755/413/14
f 1756/412/14 1757/413/14 1758/414/14
f 1759/411/14 1760/415/14 1761/413/14
f 1762/413/14 1763/415/14 1764/416/14
f 1765/412/14 1766/414/14 1767/417/14
f 1768/417/14 1769/414/14 1770/418/14
f 1771/417/14 1772/418/14 1773/419/14
f 1774/417/14 1775/420/14 1776/412/14
f 1777/412/14 1778/420/14 1779/421/14
f 1780/412/14 1781/421/14 1782/422/14
f 1783/420/14 1784/423/14 1785/421/14
f 1786/421/14 1787/423/14 1788/424/14
f 1789/412/14 1790/422/14 1791/425/14
f 1792/425/14 1793/422/14 1794/426/14
f 1795/425/14 1796/426/14 1797/427/14
f 1798/425/14 1799/428/14 1800/412/14
f 1801/412/14 1802/428/14 1803/429/14
f 1804/412/14 1805/429/14 1806/430/14
f 1807/428/14 1808/431/14 1809/429/14
f 1810/429/14 1811/431/14 1812/432/14
f 1813/433/14 1814/434/14 1815/430/14
f 1816/430/14 1817/434/14 1818/412/14
f 1819/435/14 1820/436/14 1821/407/14
f 1822/407/14 1823/436/14 1824/437/14
f 1825/407/14 1826/437/14 1827/438/14
f 1828/436/14 1829/439/14 1830/437/14
f 1831/437/14 1832/439/14 1833/440/14
f 1834/407/14 1835/438/14 1836/441/14
f 1837/441/14 1838/438/14 1839/442/14
f 1840/441/14 1841/442/14 1842/443/14
f 1843/441/14 1844/444/14 1845/407/14
f 1846/407/14 1847/444/14 1848/445/14
f 1849/407/14 1850/445/14 1851/409/14
f 1852/444/14 1853/446/14 1854/445/14
f 1855/445/14 1856/446/14 1857/447/14
f 1858/410/14 1859/448/14 1860/408/14
f 1861/449/15 1862/450/15 1863/451/15
f 1864/451/15 1865/450/15 1866/452/15
f 1867/452/15 1868/450/15 1869/453/15
f 1870/452/15 1871/453/15 1872/454/15
f 1873/449/16 1874/451/16 1875/450/16
f 1876/450/16 1877/451/16 1878/452/16
f 1879/450/16 1880/452/16 1881/453/16
f 1882/453/16 1883/452/16 1884/454/16
f 1885/449/15 1886/450/15 1887/451/15
f 1888/451/15 1889/450/15 1890/452/15
f 1891/452/15 1892/450/15 1893/453/15
f 1894/452/15 1895/453/15 1896/454/15
f 1897/449/16 1898/451/16 1899/450/16
f 1900/450/16 1901/451/16 1902/452/16
f 1903/450/16 1904/452/16 1905/453/16
f 1906/453/16 1907/452/16 1908/454/16
f 1909/455/17 1910/456/17 1911/457/17
f 1912/457/17 1913/456/17 1914/458/17
f 1915/459/18 1916/455/18 1917/460/18
f 1918/460/18 1919/455/18 1920/457/18
f 1921/461/18 1922/462/18 1923/463/18
f 1924/463/18 1925/462/18 1926/464/18
f 1927/462/17 1928/465/17 1929/464/17
f 1930/464/17 1931/465/17 1932/466/17
f 1933/467/17 1934/468/17 1935/469/17
f 1936/469/17 1937/468/17 1938/470/17
f 1939/471/17 1940/472/17 1941/473/17
f 1942/473/17 1943/472/17 1944/474/17
f 1945/475/17 1946/476/17 1947/477/17
f 1948/477/17 1949/476/17 1950/478/17
f 1951/479/17 1952/480/17 1953/481/17
f 1954/481/17 1955/480/17 1956/482/17
f 1957/483/19 1958/484/19 1959/485/19
f 1960/485/19 1961/484/19 1962/486/19
f 1963/487/17 1964/488/17 1965/489/17
f 1966/489/17 1967/488/17 1968/490/17
f 1969/449/15 1970/450/15 1971/451/15
f 1972/451/15 1973/450/15 1974/452/15
f 1975/452/15 1976/450/15 1977/453/15
f 1978/452/15 1979/453/15 1980/454/15
f 1981/485/18 1982/487/18 1983/491/18
f 1984/491/18 1985/487/18 1986/489/18
f 1987/449/16 1988/451/16 1989/450/16
f 1990/450/16 1991/451/16 1992/452/16
f 1993/450/16 1994/452/16 1995/453/16
f 1996/453/16 1997/452/16 1998/454/16
f 1999/492/18 2000/467/18 2001/493/18
f 2002/493/18 2003/467/18 2004/469/18
f 2005/494/18 2006/471/18 2007/495/18
f 2008/495/18 2009/471/18 2010/473/18
f 2011/496/18 2012/475/18 2013/497/18
f 2014/497/18 2015/475/18 2016/477/18
f 2017/495/19 2018/498/19 2019/492/19
f 2020/492/19 2021/498/19 2022/499/19
f 2023/493/19 2024/500/19 2025/461/19
f 2026/461/19 2027/500/19 2028/501/19
f 2029/497/19 2030/502/19 2031/494/19
f 2032/494/19 2033/502/19 2034/503/19
f 2035/491/19 2036/504/19 2037/496/19
f 2038/496/19 2039/504/19 2040/505/19
f 2041/506/16 2042/507/16 2043/508/16
f 2044/508/16 2045/507/16 2046/509/16
f 2047/509/16 2048/507/16 2049/510/16
f 2050/509/16 2051/510/16 2052/511/16
f 2053/506/15 2054/508/15 2055/507/15
f 2056/507/15 2057/508/15 2058/509/15
f 2059/507/15 2060/509/15 2061/510/15
f 2062/510/15 2063/509/15 2064/511/15
f 2065/449/15 2066/450/15 2067/451/15
f 2068/451/15 2069/450/15 2070/452/15
f 2071/452/15 2072/450/15 2073/453/15
f 2074/452/15 2075/453/15 2076/454/15
f 2077/449/16 2078/451/16 2079/450/16
f 2080/450/16 2081/451/16 2082/452/16
f 2083/450/16 2084/452/16 2085/453/16
f 2086/453/16 2087/452/16 2088/454/16
f 2089/449/15 2090/450/15 2091/451/15
f 2092/451/15 2093/450/15 2094/452/15
f 2095/452/15 2096/450/15 2097/453/15
f 2098/452/15 2099/453/15 2100/454/15
f 2101/449/16 2102/451/16 2103/450/16
f 2104/450/16 2105/451/16 2106/452/16
f 2107/450/16 2108/452/16 2109/453/16
f 2110/453/16 2111/452/16 2112/454/16
f 2113/449/15 2114/450/15 2115/451/15
f 2116/451/15 2117/450/15 2118/452/15
f 2119/452/15 2120/450/15 2121/453/15
f 2122/452/15 2123/453/15 2124/454/15
f 2125/449/16 2126/451/16 2127/450/16
f 2128/450/16 2129/451/16 2130/452/16
f 2131/450/16 2132/452/16 2133/453/16
f 2134/453/16 2135/452/16 2136/454/16
f 2137/512/19 2138/513/19 2139/514/19
f 2140/514/19 2141/513/19 2142/460/19
f 2143/463/19 2144/515/19 2145/459/19
f 2146/459/19 2147/515/19 2148/516/19
f 2149/517/19 2150/518/19 2151/519/19
f 2152/519/19 2153/518/19 2154/520/19
f 2155/506/15 2156/508/15 2157/507/15
f 2158/507/15 2159/508/15 2160/509/15
f 2161/507/15 2162/509/15 2163/510/15
f 2164/510/15 2165/509/15 2166/511/15
f 2167/521/19 2168/522/19 2169/523/19
f 2170/523/19 2171/522/19 2172/524/19
f 2173/525/18 2174/526/18 2175/527/18
f 2176/527/18 2177/526/18 2178/519/18
f 2179/506/15 2180/508/15 2181/507/15
f 2182/507/15 2183/508/15 2184/509/15
f 2185/507/15 2186/509/15 2187/510/15
f 2188/510/15 2189/509/15 2190/511/15
f 2191/528/19 2192/529/19 2193/530/19
f 2194/530/19 2195/529/19 2196/531/19
f 2197/530/18 2198/532/18 2199/521/18
f 2200/521/18 2201/532/18 2202/533/18
f 2203/529/17 2204/534/17 2205/531/17
f 2206/531/17 2207/534/17 2208/535/17
f 2209/522/17 2210/536/17 2211/524/17
f 2212/524/17 2213/536/17 2214/537/17
f 2215/506/16 2216/507/16 2217/508/16
f 2218/508/16 2219/507/16 2220/509/16
f 2221/509/16 2222/507/16 2223/510/16
f 2224/509/16 2225/510/16 2226/511/16
f 2227/523/18 2228/538/18 2229/539/18
f 2230/539/18 2231/538/18 2232/540/18
f 2233/506/15 2234/508/15 2235/507/15
f 2236/507/15 2237/508/15 2238/509/15
f 2239/507/15 2240/509/15 2241/510/15
f 2242/510/15 2243/509/15 2244/511/15
f 2245/539/19 2246/541/19 2247/542/19
f 2248/542/19 2249/541/19 2250/543/19
f 2251/506/16 2252/507/16 2253/508/16
f 2254/508/16 2255/507/16 2256/509/16
f 2257/509/16 2258/507/16 2259/510/16
f 2260/509/16 2261/510/16 2262/511/16
f 2263/542/18 2264/544/18 2265/545/18
f 2266/545/18 2267/544/18 2268/546/18
f 2269/506/15 2270/508/15 2271/507/15
f 2272/507/15 2273/508/15 2274/509/15
f 2275/507/15 2276/509/15 2277/510/15
f 2278/510/15 2279/509/15 2280/511/15
f 2281/545/19 2282/547/19 2283/548/19
f 2284/548/19 2285/547/19 2286/549/19
f 2287/506/16 2288/507/16 2289/508/16
f 2290/508/16 2291/507/16 2292/509/16
f 2293/509/16 2294/507/16 2295/510/16
f 2296/509/16 2297/510/16 2298/511/16
f 2299/541/17 2300/550/17 2301/543/17
f 2302/543/17 2303/550/17 2304/551/17
f 2305/547/17 2306/552/17 2307/549/17
f 2308/549/17 2309/552/17 2310/553/17
f 2311/506/15 2312/508/15 2313/507/15
f 2314/507/15 2315/508/15 2316/509/15
f 2317/507/15 2318/509/15 2319/510/15
f 2320/510/15 2321/509/15 2322/511/15
f 2323/554/19 2324/555/19 2325/556/19
f 2326/556/19 2327/555/19 2328/557/19
f 2329/506/16 2330/507/16 2331/508/16
f 2332/508/16 2333/507/16 2334/509/16
f 2335/509/16 2336/507/16 2337/510/16
f 2338/509/16 2339/510/16 2340/511/16
f 2341/506/15 2342/508/15 2343/507/15
f 2344/507/15 2345/508/15 2346/509/15
f 2347/507/15 2348/509/15 2349/510/15
f 2350/510/15 2351/509/15 2352/511/15
f 2353/548/18 2354/558/18 2355/554/18
f 2356/554/18 2357/558/18 2358/559/18
f 2359/556/18 2360/560/18 2361/561/18
f 2362/561/18 2363/560/18 2364/562/18
f 2365/561/19 2366/563/19 2367/564/19
f 2368/564/19 2369/563/19 2370/565/19
f 2371/506/16 2372/507/16 2373/508/16
f 2374/508/16 2375/507/16 2376/509/16
f 2377/509/16 2378/507/16 2379/510/16
f 2380/509/16 2381/510/16 2382/511/16
f 2383/555/17 2384/566/17 2385/557/17
f 2386/557/17 2387/566/17 2388/567/17
f 2389/563/17 2390/568/17 2391/565/17
f 2392/565/17 2393/568/17 2394/569/17
f 2395/570/20 2396/571/20 2397/572/20
f 2398/572/20 2399/571/20 2400/573/20
f 2401/573/20 2402/571/20 2403/407/20
f 2404/573/20 2405/407/20 2406/412/20
f 2407/571/20 2408/574/20 2409/407/20
f 2410/407/20 2411/574/20 2412/575/20
f 2413/407/20 2414/575/20 2415/576/20
f 2416/574/20 2417/577/20 2418/575/20
f 2419/575/20 2420/577/20 2421/578/20
f 2422/407/20 2423/576/20 2424/579/20
f 2425/579/20 2426/576/20 2427/580/20
f 2428/579/20 2429/580/20 2430/581/20
f 2431/579/20 2432/582/20 2433/407/20
f 2434/407/20 2435/582/20 2436/583/20
f 2437/407/20 2438/583/20 2439/584/20
f 2440/582/20 2441/585/20 2442/583/20
f 2443/583/20 2444/585/20 2445/586/20
f 2446/407/20 2447/584/20 2448/587/20
f 2449/587/20 2450/584/20 2451/588/20
f 2452/587/20 2453/588/20 2454/589/20
f 2455/587/20 2456/590/20 2457/407/20
f 2458/407/20 2459/590/20 2460/591/20
f 2461/591/20 2462/590/20 2463/592/20
f 2464/593/20 2465/594/20 2466/412/20
f 2467/412/20 2468/594/20 2469/595/20
f 2470/412/20 2471/595/20 2472/596/20
f 2473/594/20 2474/597/20 2475/595/20
f 2476/595/20 2477/597/20 2478/598/20
f 2479/412/20 2480/596/20 2481/599/20
f 2482/599/20 2483/596/20 2484/600/20
f 2485/599/20 2486/600/20 2487/601/20
f 2488/599/20 2489/602/20 2490/412/20
f 2491/412/20 2492/602/20 2493/603/20
f 2494/412/20 2495/603/20 2496/604/20
f 2497/602/20 2498/605/20 2499/603/20
f 2500/603/20 2501/605/20 2502/606/20
f 2503/412/20 2504/604/20 2505/607/20
f 2506/607/20 2507/604/20 2508/608/20
f 2509/607/20 2510/608/20 2511/609/20
f 2512/607/20 2513/610/20 2514/412/20
f 2515/412/20 2516/610/20 2517/611/20
f 2518/412/20 2519/611/20 2520/573/20
f 2521/610/20 2522/612/20 2523/611/20
f 2524/611/20 2525/612/20 2526/613/20
f 2527/564/18 2528/614/18 2529/615/18
f 2530/615/18 2531/614/18 2532/616/18
f 2533/506/15 2534/508/15 2535/507/15
f 2536/507/15 2537/508/15 2538/509/15
f 2539/507/15 2540/509/15 2541/510/15
f 2542/510/15 2543/509/15 2544/511/15
f 2545/615/19 2546/617/19 2547/618/19
f 2548/618/19 2549/617/19 2550/619/19
f 2551/506/16 2552/507/16 2553/508/16
f 2554/508/16 2555/507/16 2556/509/16
f 2557/509/16 2558/507/16 2559/510/16
f 2560/509/16 2561/510/16 2562/511/16
f 2563/618/18 2564/620/18 2565/621/18
f 2566/621/18 2567/620/18 2568/622/18
f 2569/506/15 2570/508/15 2571/507/15
f 2572/507/15 2573/508/15 2574/509/15
f 2575/507/15 2576/509/15 2577/510/15
f 2578/510/15 2579/509/15 2580/511/15
f 2581/621/19 2582/623/19 2583/624/19
f 2584/624/19 2585/623/19 2586/625/19
f 2587/506/16 2588/507/16 2589/508/16
f 2590/508/16 2591/507/16 2592/509/16
f 2593/509/16 2594/507/16 2595/510/16
f 2596/509/16 2597/510/16 2598/511/16
f 2599/624/18 2600/626/18 2601/627/18
f 2602/627/18 2603/626/18 2604/628/18
f 2605/617/17 2606/629/17 2607/619/17
f 2608/619/17 2609/629/17 2610/630/17
f 2611/623/17 2612/631/17 2613/625/17
f 2614/625/17 2615/631/17 2616/632/17
f 2617/506/15 2618/508/15 2619/507/15
f 2620/507/15 2621/508/15 2622/509/15
f 2623/507/15 2624/509/15 2625/510/15
f 2626/510/15 2627/509/15 2628/511/15
f 2629/633/18 2630/634/18 2631/635/18
f 2632/635/18 2633/634/18 2634/636/18
f 2635/627/19 2636/637/19 2637/633/19
f 2638/633/19 2639/637/19 2640/638/19
f 2641/506/16 2642/507/16 2643/508/16
f 2644/508/16 2645/507/16 2646/509/16
f 2647/509/16 2648/507/16 2649/510/16
f 2650/509/16 2651/510/16 2652/511/16
f 2653/506/15 2654/508/15 2655/507/15
f 2656/507/15 2657/508/15 2658/509/15
f 2659/507/15 2660/509/15 2661/510/15
f 2662/510/15 2663/509/15 2664/511/15
f 2665/635/19 2666/639/19 2667/640/19
f 2668/640/19 2669/639/19 2670/641/19
f 2671/506/16 2672/507/16 2673/508/16
f 2674/508/16 2675/507/16 2676/509/16
f 2677/509/16 2678/507/16 2679/510/16
f 2680/509/16 2681/510/16 2682/511/16
f 2683/640/18 2684/642/18 2685/517/18
f 2686/517/18 2687/642/18 2688/643/18
f 2689/637/17 2690/644/17 2691/638/17
f 2692/638/17 2693/644/17 2694/645/17
f 2695/639/17 2696/646/17 2697/641/17
f 2698/641/17 2699/646/17 2700/647/17
f 2701/518/17 2702/648/17 2703/520/17
f 2704/520/17 2705/648/17 2706/649/17
f 2707/449/15 2708/450/15 2709/451/15
f 2710/451/15 2711/450/15 2712/452/15
f 2713/452/15 2714/450/15 2715/453/15
f 2716/452/15 2717/453/15 2718/454/15
f 2719/449/16 2720/451/16 2721/450/16
f 2722/450/16 2723/451/16 2724/452/16
f 2725/450/16 2726/452/16 2727/453/16
f 2728/453/16 2729/452/16 2730/454/16
f 2731/449/16 2732/451/16 2733/450/16
f 2734/450/16 2735/451/16 2736/452/16
f 2737/450/16 2738/452/16 2739/453/16
f 2740/453/16 2741/452/16 2742/454/16
f 2743/650/18 2744/651/18 2745/652/18
f 2746/652/18 2747/651/18 2748/653/18
f 2749/654/18 2750/655/18 2751/656/18
f 2752/656/18 2753/655/18 2754/657/18
f 2755/651/17 2756/658/17 2757/653/17
f 2758/653/17 2759/658/17 2760/659/17
f 2761/655/17 2762/660/17 2763/657/17
f 2764/657/17 2765/660/17 2766/661/17
f 2767/527/17 2768/649/17 2769/525/17
f 2770/525/17 2771/649/17 2772/662/17
f 2773/552/17 2774/546/17 2775/551/17
f 2776/551/17 2777/546/17 2778/544/17
f 2779/642/17 2780/647/17 2781/643/17
f 2782/643/17 2783/647/17 2784/648/17
f 2785/550/17 2786/540/17 2787/537/17
f 2788/537/17 2789/540/17 2790/538/17
f 2791/502/17 2792/478/17 2793/503/17
f 2794/503/17 2795/478/17 2796/472/17
f 2797/498/17 2798/474/17 2799/499/17
f 2800/499/17 2801/474/17 2802/468/17
f 2803/476/17 2804/505/17 2805/490/17
f 2806/490/17 2807/505/17 2808/504/17
f 2809/536/17 2810/533/17 2811/535/17
f 2812/535/17 2813/533/17 2814/532/17
f 2815/663/17 2816/661/17 2817/664/17
f 2818/664/17 2819/661/17 2820/658/17
f 2821/665/14 2822/666/14 2823/667/14
f 2824/667/14 2825/666/14 2826/668/14
f 2827/669/14 2828/670/14 2829/671/14
f 2830/671/14 2831/670/14 2832/672/14
f 2833/673/14 2834/674/14 2835/675/14
f 2836/675/14 2837/674/14 2838/676/14
f 2839/677/14 2840/678/14 2841/679/14
f 2842/679/14 2843/678/14 2844/680/14
f 2845/654/17 2846/656/17 2847/526/17
f 2848/526/17 2849/656/17 2850/519/17
f 2851/519/17 2852/656/17 2853/517/17
f 2854/517/17 2855/656/17 2856/650/17
f 2857/517/17 2858/650/17 2859/652/17
f 2860/681/17 2861/635/17 2862/652/17
f 2863/652/17 2864/635/17 2865/640/17
f 2866/652/17 2867/640/17 2868/517/17
f 2869/681/17 2870/682/17 2871/635/17
f 2872/635/17 2873/682/17 2874/633/17
f 2875/633/17 2876/682/17 2877/627/17
f 2878/627/17 2879/682/17 2880/683/17
f 2881/627/17 2882/683/17 2883/684/17
f 2884/685/17 2885/621/17 2886/684/17
f 2887/684/17 2888/621/17 2889/624/17
f 2890/684/17 2891/624/17 2892/627/17
f 2893/685/17 2894/483/17 2895/621/17
f 2896/621/17 2897/483/17 2898/618/17
f 2899/618/17 2900/483/17 2901/615/17
f 2902/615/17 2903/483/17 2904/485/17
f 2905/615/17 2906/485/17 2907/491/17
f 2908/496/17 2909/561/17 2910/491/17
f 2911/491/17 2912/561/17 2913/564/17
f 2914/491/17 2915/564/17 2916/615/17
f 2917/496/17 2918/497/17 2919/561/17
f 2920/561/17 2921/497/17 2922/556/17
f 2923/556/17 2924/497/17 2925/554/17
f 2926/554/17 2927/497/17 2928/494/17
f 2929/554/17 2930/494/17 2931/495/17
f 2932/492/17 2933/545/17 2934/495/17
f 2935/495/17 2936/545/17 2937/548/17
f 2938/495/17 2939/548/17 2940/554/17
f 2941/492/17 2942/493/17 2943/545/17
f 2944/545/17 2945/493/17 2946/542/17
f 2947/542/17 2948/493/17 2949/539/17
f 2950/539/17 2951/493/17 2952/461/17
f 2953/539/17 2954/461/17 2955/463/17
f 2956/459/17 2957/521/17 2958/463/17
f 2959/463/17 2960/521/17 2961/523/17
f 2962/463/17 2963/523/17 2964/539/17
f 2965/459/17 2966/460/17 2967/521/17
f 2968/521/17 2969/460/17 2970/530/17
f 2971/530/17 2972/460/17 2973/513/17
f 2974/530/17 2975/513/17 2976/528/17
f 2977/686/20 2978/687/20 2979/688/20
f 2980/688/20 2981/687/20 2982/689/20
f 2983/690/20 2984/691/20 2985/692/20
f 2986/692/20 2987/691/20 2988/693/20
f 2989/694/20 2990/695/20 2991/696/20
f 2992/696/20 2993/695/20 2994/697/20
f 2995/698/20 2996/699/20 2997/700/20
f 2998/700/20 2999/699/20 3000/701/20
f 3001/702/20 3002/703/20 3003/704/20
f 3004/704/20 3005/703/20 3006/705/20
f 3007/706/20 3008/707/20 3009/708/20
f 3010/708/20 3011/707/20 3012/709/20
f 3013/710/20 3014/711/20 3015/712/20
f 3016/712/20 3017/711/20 3018/713/20
f 3019/714/20 3020/715/20 3021/716/20
f 3022/716/20 3023/715/20 3024/717/20
f 3025/718/20 3026/719/20 3027/720/20
f 3028/720/20 3029/719/20 3030/721/20
f 3031/722/20 3032/723/20 3033/724/20
f 3034/724/20 3035/723/20 3036/725/20
f 3037/726/20 3038/727/20 3039/728/20
f 3040/728/20 3041/727/20 3042/729/20
f 3043/614/17 3044/569/17 3045/616/17
f 3046/616/17 3047/569/17 3048/629/17
f 3049/620/17 3050/630/17 3051/622/17
f 3052/622/17 3053/630/17 3054/631/17
f 3055/568/17 3056/562/17 3057/567/17
f 3058/567/17 3059/562/17 3060/560/17
f 3061/626/17 3062/632/17 3063/628/17
f 3064/628/17 3065/632/17 3066/644/17
f 3067/566/17 3068/559/17 3069/553/17
f 3070/553/17 3071/559/17 3072/558/17
f 3073/634/17 3074/645/17 3075/636/17
f 3076/636/17 3077/645/17 3078/646/17
f 3079/656/19 3080/663/19 3081/650/19
f 3082/650/19 3083/663/19 3084/664/19
f 3085/730/14 3086/731/14 3087/732/14
f 3088/732/14 3089/731/14 3090/733/14
f 3091/734/14 3092/735/14 3093/736/14
f 3094/736/14 3095/735/14 3096/737/14
f 3097/738/14 3098/739/14 3099/740/14
f 3100/740/14 3101/739/14 3102/741/14
f 3103/742/14 3104/743/14 3105/744/14
f 3106/744/14 3107/743/14 3108/745/14
f 3109/746/14 3110/747/14 3111/748/14
f 3112/748/14 3113/747/14 3114/749/14
f 3115/750/14 3116/751/14 3117/752/14
f 3118/752/14 3119/751/14 3120/753/14
f 3121/754/14 3122/755/14 3123/756/14
f 3124/756/14 3125/755/14 3126/757/14
f 3127/449/16 3128/451/16 3129/450/16
f 3130/450/16 3131/451/16 3132/452/16
f 3133/450/16 3134/452/16 3135/453/16
f 3136/453/16 3137/452/16 3138/454/16
f 3139/682/19 3140/758/19 3141/683/19
f 3142/683/19 3143/758/19 3144/759/19
f 3145/449/15 3146/450/15 3147/451/15
f 3148/451/15 3149/450/15 3150/452/15
f 3151/452/15 3152/450/15 3153/453/15
f 3154/452/15 3155/453/15 3156/454/15
f 3157/449/16 3158/451/16 3159/450/16
f 3160/450/16 3161/451/16 3162/452/16
f 3163/450/16 3164/452/16 3165/453/16
f 3166/453/16 3167/452/16 3168/454/16
f 3169/652/19 3170/760/19 3171/681/19
f 3172/681/19 3173/760/19 3174/761/19
f 3175/681/18 3176/762/18 3177/682/18
f 3178/682/18 3179/762/18 3180/763/18
f 3181/762/17 3182/764/17 3183/763/17
f 3184/763/17 3185/764/17 3186/765/17
f 3187/514/17 3188/458/17 3189/512/17
f 3190/512/17 3191/458/17 3192/766/17
f 3193/500/17 3194/470/17 3195/501/17
f 3196/501/17 3197/470/17 3198/465/17
f 3199/488/17 3200/486/17 3201/482/17
f 3202/482/17 3203/486/17 3204/484/17
f 3205/515/17 3206/466/17 3207/516/17
f 3208/516/17 3209/466/17 3210/456/17
f 3211/480/17 3212/767/17 3213/768/17
f 3214/768/17 3215/767/17 3216/769/17
f 3217/770/17 3218/759/17 3219/765/17
f 3220/765/17 3221/759/17 3222/758/17
f 3223/764/17 3224/761/17 3225/659/17
f 3226/659/17 3227/761/17 3228/760/17
f 3229/449/15 3230/450/15 3231/451/15
f 3232/451/15 3233/450/15 3234/452/15
f 3235/452/15 3236/450/15 3237/453/15
f 3238/452/15 3239/453/15 3240/454/15
f 3241/449/16 3242/451/16 3243/450/16
f 3244/450/16 3245/451/16 3246/452/16
f 3247/450/16 3248/452/16 3249/453/16
f 3250/453/16 3251/452/16 3252/454/16
f 3253/684/19 3254/769/19 3255/685/19
f 3256/685/19 3257/769/19 3258/767/19
f 3259/449/15 3260/450/15 3261/451/15
f 3262/451/15 3263/450/15 3264/452/15
f 3265/452/15 3266/450/15 3267/453/15
f 3268/452/15 3269/453/15 3270/454/15
f 3271/685/18 3272/479/18 3273/483/18
f 3274/483/18 3275/479/18 3276/481/18
f 3277/683/18 3278/771/18 3279/684/18
f 3280/684/18 3281/771/18 3282/772/18
f 3283/771/17 3284/770/17 3285/772/17
f 3286/772/17 3287/770/17 3288/768/17
o D3
v -6.000000 -18.500000 2.000000
v -6.000000 -26.000000 1.500000
v -6.000000 -25.500000 2.000000
v -6.000000 -25.500000 2.000000
v -6.000000 -26.000000 1.500000
v -6.000000 -25.933014 1.750000
v -6.000000 -25.500000 2.000000
v -6.000000 -25.933014 1.750000
v -6.000000 -25.750000 1.933014
v -6.000000 -18.250000 1.933014
v -6.000000 -18.066990 1.750000
v -6.000000 -18.500000 2.000000
v -6.000000 -18.500000 2.000000
v -6.000000 -18.066990 1.750000
v -6.000000 -18.000000 1.500000
v -6.000000 -18.500000 2.000000
v -6.000000 -18.000000 1.500000
v -6.000000 -26.000000 1.500000
v -6.000000 -26.000000 1.500000
v -6.000000 -18.000000 1.500000
v -6.000000 -26.000000 -1.500000
v -6.000000 -26.000000 -1.500000
v -6.000000 -18.000000 1.500000
v -6.000000 -18.000000 -1.500000
v -6.000000 -26.000000 -1.500000
v -6.000000 -18.000000 -1.500000
v -6.000000 -25.500000 -2.000000
v -6.000000 -25.500000 -2.000000
v -6.000000 -18.000000 -1.500000
v -6.000000 -18.500000 -2.000000
v -6.000000 -18.500000 -2.000000
v -6.000000 -18.000000 -1.500000
v -6.000000 -18.066990 -1.750000
v -6.000000 -18.500000 -2.000000
v -6.000000 -18.066990 -1.750000
v -6.000000 -18.250000 -1.933014
v -6.000000 -25.750000 -1.933014
v -6.000000 -25.933014 -1.750000
v -6.000000 -25.500000 -2.000000
v -6.000000 -25.500000 -2.000000
v -6.000000 -25.933014 -1.750000
v -6.000000 -26.000000 -1.500000
v -2.000000 -25.500000 2.000000
v -6.000000 -25.500000 2.000000
v -2.000000 -25.750000 1.933014
v -2.000000 -25.750000 1.933014
v -6.000000 -25.500000 2.000000
v -6.000000 -25.750000 1.933014
v -2.000000 -25.750000 1.933014
v -6.000000 -25.750000 1.933014
v -6.000000 -25.933014 1.750000
v -6.000000 -26.000000 1.500000
v -2.000000 -26.000000 1.500000
v -6.000000 -25.933014 1.750000
v -6.000000 -25.933014 1.750000
v -2.000000 -26.000000 1.500000
v -2.000000 -25.933014 1.750000
v -6.000000 -25.933014 1.750000
v -2.000000 -25.933014 1.750000
v -2.000000 -25.750000 1.933014
v -6.000000 -26.000000 1.500000
v -6.000000 -26.000000 -1.500000
v -2.000000 -26.000000 1.500000
v -2.000000 -26.000000 1.500000
v -6.000000 -26.000000 -1.500000
v -2.000000 -26.000000 -1.500000
v -2.000000 -26.000000 -1.500000
v -6.000000 -26.000000 -1.500000
v -2.000000 -25.933014 -1.750000
v -2.000000 -25.933014 -1.750000
v -6.000000 -26.000000 -1.500000
v -6.000000 -25.933014 -1.750000
v -2.000000 -25.933014 -1.750000
v -6.000000 -25.933014 -1.750000
v -6.000000 -25.750000 -1.933014
v -6.000000 -25.500000 -2.000000
v -2.000000 -25.500000 -2.000000
v -6.000000 -25.750000 -1.933014
v -6.000000 -25.750000 -1.933014
v -2.000000 -25.500000 -2.000000
v -2.000000 -25.750000 -1.933014
v -6.000000 -25.750000 -1.933014
v -2.000000 -25.750000 -1.933014
v -2.000000 -25.933014 -1.750000
v -6.000000 -18.500000 2.000000
v -6.000000 -25.500000 2.000000
v -2.000000 -18.500000 2.000000
v -2.000000 -18.500000 2.000000
v -6.000000 -25.500000 2.000000
v -2.000000 -25.500000 2.000000
v -6.000000 -25.500000 -2.000000
v -6.000000 -18.500000 -2.000000
v -2.000000 -25.500000 -2.000000
v -2.000000 -25.500000 -2.000000
v -6.000000 -18.500000 -2.000000
v -2.000000 -18.500000 -2.000000
v -2.000000 -18.500000 -2.000000
v -6.000000 -18.500000 -2.000000
v -2.000000 -18.250000 -1.933014
v -2.000000 -18.250000 -1.933014
v -6.000000 -18.500000 -2.000000
v -6.000000 -18.250000 -1.933014
v -2.000000 -18.250000 -1.933014
v -6.000000 -18.250000 -1.933014
v -6.000000 -18.066990 -1.750000
v -6.000000 -18.000000 -1.500000
v -2.000000 -18.000000 -1.500000
v -6.000000 -18.066990 -1.750000
v -6.000000 -18.066990 -1.750000
v -2.000000 -18.000000 -1.500000
v -2.000000 -18.066990 -1.750000
v -6.000000 -18.066990 -1.750000
v -2.000000 -18.066990 -1.750000
v -2.000000 -18.250000 -1.933014
v -2.000000 -18.000000 1.500000
v -6.000000 -18.000000 1.500000
v -2.000000 -18.066990 1.750000
v -2.000000 -18.066990 1.750000
v -6.000000 -18.000000 1.500000
v -6.000000 -18.066990 1.750000
v -2.000000 -18.066990 1.750000
v -6.000000 -18.066990 1.750000
v -6.000000 -18.250000 1.933014
v -6.000000 -18.500000 2.000000
v -2.000000 -18.500000 2.000000
v -6.000000 -18.250000 1.933014
v -6.000000 -18.250000 1.933014
v -2.000000 -18.500000 2.000000
v -2.000000 -18.250000 1.933014
v -6.000000 -18.250000 1.933014
v -2.000000 -18.250000 1.933014
v -2.000000 -18.066990 1.750000
v -6.000000 -18.000000 -1.500000
v -6.000000 -18.000000 1.500000
v -2.000000 -18.000000 -1.500000
v -2.000000 -18.000000 -1.500000
v -6.000000 -18.000000 1.500000
v -2.000000 -18.000000 1.500000
v 6.000000 -25.500000 2.000000
v 6.000000 -18.000000 1.500000
v 6.000000 -18.500000 2.000000
v 6.000000 -18.500000 2.000000
v 6.000000 -18.000000 1.500000
v 6.000000 -18.066990 1.750000
v 6.000000 -18.500000 2.000000
v 6.000000 -18.066990 1.750000
v 6.000000 -18.250000 1.933014
v 6.000000 -25.750000 1.933014
v 6.000000 -25.933014 1.750000
v 6.000000 -25.500000 2.000000
v 6.000000 -25.500000 2.000000
v 6.000000 -25.933014 1.750000
v 6.000000 -26.000000 1.500000
v 6.000000 -25.500000 2.000000
v 6.000000 -26.000000 1.500000
v 6.000000 -18.000000 1.500000
v 6.000000 -18.000000 1.500000
v 6.000000 -26.000000 1.500000
v 6.000000 -18.000000 -1.500000
v 6.000000 -18.000000 -1.500000
v 6.000000 -26.000000 1.500000
v 6.000000 -26.000000 -1.500000
v 6.000000 -18.000000 -1.500000
v 6.000000 -26.000000 -1.500000
v 6.000000 -18.500000 -2.000000
v 6.000000 -18.500000 -2.000000
v 6.000000 -26.000000 -1.500000
v 6.000000 -25.500000 -2.000000
v 6.000000 -25.500000 -2.000000
v 6.000000 -26.000000 -1.500000
v 6.000000 -25.933014 -1.750000
v 6.000000 -25.500000 -2.000000
v 6.000000 -25.933014 -1.750000
v 6.000000 -25.750000 -1.933014
v 6.000000 -18.250000 -1.933014
v 6.000000 -18.066990 -1.750000
v 6.000000 -18.500000 -2.000000
v 6.000000 -18.500000 -2.000000
v 6.000000 -18.066990 -1.750000
v 6.000000 -18.000000 -1.500000
v 6.000000 -25.500000 2.000000
v 6.000000 -18.500000 2.000000
v 2.000000 -25.500000 2.000000
v 2.000000 -25.500000 2.000000
v 6.000000 -18.500000 2.000000
v 2.000000 -18.500000 2.000000
v 2.000000 -26.000000 1.500000
v 6.000000 -26.000000 1.500000
v 2.000000 -25.933014 1.750000
v 2.000000 -25.933014 1.750000
v 6.000000 -26.000000 1.500000
v 6.000000 -25.933014 1.750000
v 2.000000 -25.933014 1.750000
v 6.000000 -25.933014 1.750000
v 6.000000 -25.750000 1.933014
v 6.000000 -25.500000 2.000000
v 2.000000 -25.500000 2.000000
v 6.000000 -25.750000 1.933014
v 6.000000 -25.750000 1.933014
v 2.000000 -25.500000 2.000000
v 2.000000 -25.750000 1.933014
v 6.000000 -25.750000 1.933014
v 2.000000 -25.750000 1.933014
v 2.000000 -25.933014 1.750000
v 6.000000 -26.000000 -1.500000
v 6.000000 -26.000000 1.500000
v 2.000000 -26.000000 -1.500000
v 2.000000 -26.000000 -1.500000
v 6.000000 -26.000000 1.500000
v 2.000000 -26.000000 1.500000
v 2.000000 -25.500000 -2.000000
v 6.000000 -25.500000 -2.000000
v 2.000000 -25.750000 -1.933014
v 2.000000 -25.750000 -1.933014
v 6.000000 -25.500000 -2.000000
v 6.000000 -25.750000 -1.933014
v 2.000000 -25.750000 -1.933014
v 6.000000 -25.750000 -1.933014
v 6.000000 -25.933014 -1.750000
v 6.000000 -26.000000 -1.500000
v 2.000000 -26.000000 -1.500000
v 6.000000 -25.933014 -1.750000
v 6.000000 -25.933014 -1.750000
v 2.000000 -26.000000 -1.500000
v 2.000000 -25.933014 -1.750000
v 6.000000 -25.933014 -1.750000
v 2.000000 -25.933014 -1.750000
v 2.000000 -25.750000 -1.933014
v 6.000000 -18.500000 -2.000000
v 6.000000 -25.500000 -2.000000
v 2.000000 -18.500000 -2.000000
v 2.000000 -18.500000 -2.000000
v 6.000000 -25.500000 -2.000000
v 2.000000 -25.500000 -2.000000
v 2.000000 -18.000000 -1.500000
v 6.000000 -18.000000 -1.500000
v 2.000000 -18.066990 -1.750000
v 2.000000 -18.066990 -1.750000
v 6.000000 -18.000000 -1.500000
v 6.000000 -18.066990 -1.750000
v 2.000000 -18.066990 -1.750000
v 6.000000 -18.066990 -1.750000
v 6.000000 -18.250000 -1.933014
v 6.000000 -18.500000 -2.000000
v 2.000000 -18.500000 -2.000000
v 6.000000 -18.250000 -1.933014
v 6.000000 -18.250000 -1.933014
v 2.000000 -18.500000 -2.000000
v 2.000000 -18.250000 -1.933014
v 6.000000 -18.250000 -1.933014
v 2.000000 -18.250000 -1.933014
v 2.000000 -18.066990 -1.750000
v 6.000000 -18.000000 1.500000
v 6.000000 -18.000000 -1.500000
v 2.000000 -18.000000 1.500000
v 2.000000 -18.000000 1.500000
v 6.000000 -18.000000 -1.500000
v 2.000000 -18.000000 -1.500000
v 2.000000 -18.500000 2.000000
v 6.000000 -18.500000 2.000000
v 2.000000 -18.250000 1.933014
v 2.000000 -18.250000 1.933014
v 6.000000 -18.500000 2.000000
v 6.000000 -18.250000 1.933014
v 2.000000 -18.250000 1.933014
v 6.000000 -18.250000 1.933014
v 6.000000 -18.066990 1.750000
v 6.000000 -18.000000 1.500000
v 2.000000 -18.000000 1.500000
v 6.000000 -18.066990 1.750000
v 6.000000 -18.066990 1.750000
v 2.000000 -18.000000 1.500000
v 2.000000 -18.066990 1.750000
v 6.000000 -18.066990 1.750000
v 2.000000 -18.066990 1.750000
v 2.000000 -18.250000 1.933014
v 4.998792 -18.000000 -0.625465
v 5.300000 -16.400002 0.000000
v 5.300000 -18.000000 0.000000
v 5.300000 -18.000000 0.000000
v 5.300000 -16.400002 0.000000
v 4.998792 -16.400002 0.625465
v 5.300000 -18.000000 0.000000
v 4.998792 -16.400002 0.625465
v 4.998792 -18.000000 0.625465
v 4.998792 -18.000000 0.625465
v 4.998792 -16.400002 0.625465
v 4.321983 -16.400002 0.779942
v 4.998792 -18.000000 0.625465
v 4.321983 -16.400002 0.779942
v 4.321983 -18.000000 0.779942
v 4.321983 -18.000000 0.779942
v 4.321983 -16.400002 0.779942
v 3.779225 -16.400002 0.347107
v 4.321983 -18.000000 0.779942
v 3.779225 -16.400002 0.347107
v 3.779225 -18.000000 0.347107
v 3.779225 -18.000000 0.347107
v 3.779225 -16.400002 0.347107
v 3.779225 -16.400002 -0.347107
v 3.779225 -18.000000 0.347107
v 3.779225 -16.400002 -0.347107
v 3.779225 -18.000000 -0.347107
v 3.779225 -18.000000 -0.347107
v 3.779225 -16.400002 -0.347107
v 4.321983 -16.400002 -0.779942
v 3.779225 -18.000000 -0.347107
v 4.321983 -16.400002 -0.779942
v 4.321983 -18.000000 -0.779942
v 4.321983 -18.000000 -0.779942
v 4.321983 -16.400002 -0.779942
v 4.998792 -16.400002 -0.625465
v 4.321983 -18.000000 -0.779942
v 4.998792 -16.400002 -0.625465
v 4.998792 -18.000000 -0.625465
v 4.998792 -18.000000 -0.625465
v 4.998792 -16.400002 -0.625465
v 5.300000 -16.400002 0.000000
v 4.998792 -18.000000 0.625465
v 3.779225 -18.000000 0.347107
v 5.300000 -18.000000 0.000000
v 5.300000 -18.000000 0.000000
v 3.779225 -18.000000 0.347107
v 3.779225 -18.000000 -0.347107
v 5.300000 -18.000000 0.000000
v 3.779225 -18.000000 -0.347107
v 4.998792 -18.000000 -0.625465
v 4.998792 -18.000000 -0.625465
v 3.779225 -18.000000 -0.347107
v 4.321983 -18.000000 -0.779942
v 4.998792 -18.000000 0.625465
v 4.321983 -18.000000 0.779942
v 3.779225 -18.000000 0.347107
v 4.998792 -16.400002 -0.625465
v 3.779225 -16.400002 -0.347107
v 5.300000 -16.400002 0.000000
v 5.300000 -16.400002 0.000000
v 3.779225 -16.400002 -0.347107
v 3.779225 -16.400002 0.347107
v 5.300000 -16.400002 0.000000
v 3.779225 -16.400002 0.347107
v 4.998792 -16.400002 0.625465
v 4.998792 -16.400002 0.625465
v 3.779225 -16.400002 0.347107
v 4.321983 -16.400002 0.779942
v 4.998792 -16.400002 -0.625465
v 4.321983 -16.400002 -0.779942
v 3.779225 -16.400002 -0.347107
v 4.998792 -26.000000 0.625465
v 5.300000 -27.600002 0.000000
v 5.300000 -26.000000 0.000000
v 5.300000 -26.000000 0.000000
v 5.300000 -27.600002 0.000000
v 4.998792 -27.600002 -0.625465
v 5.300000 -26.000000 0.000000
v 4.998792 -27.600002 -0.625465
v 4.998792 -26.000000 -0.625465
v 4.998792 -26.000000 -0.625465
v 4.998792 -27.600002 -0.625465
v 4.321983 -27.600002 -0.779942
v 4.998792 -26.000000 -0.625465
v 4.321983 -27.600002 -0.779942
v 4.321983 -26.000000 -0.779942
v 4.321983 -26.000000 -0.779942
v 4.321983 -27.600002 -0.779942
v 3.779225 -27.600002 -0.347107
v 4.321983 -26.000000 -0.779942
v 3.779225 -27.600002 -0.347107
v 3.779225 -26.000000 -0.347107
v 3.779225 -26.000000 -0.347107
v 3.779225 -27.600002 -0.347107
v 3.779225 -27.600002 0.347107
v 3.779225 -26.000000 -0.347107
v 3.779225 -27.600002 0.347107
v 3.779225 -26.000000 0.347107
v 3.779225 -26.000000 0.347107
v 3.779225 -27.600002 0.347107
v 4.321983 -27.600002 0.779942
v 3.779225 -26.000000 0.347107
v 4.321983 -27.600002 0.779942
v 4.321983 -26.000000 0.779942
v 4.321983 -26.000000 0.779942
v 4.321983 -27.600002 0.779942
v 4.998792 -27.600002 0.625465
v 4.321983 -26.000000 0.779942
v 4.998792 -27.600002 0.625465
v 4.998792 -26.000000 0.625465
v 4.998792 -26.000000 0.625465
v 4.998792 -27.600002 0.625465
v 5.300000 -27.600002 0.000000
v 4.998792 -26.000000 -0.625465
v 3.779225 -26.000000 -0.347107
v 5.300000 -26.000000 0.000000
v 5.300000 -26.000000 0.000000
v 3.779225 -26.000000 -0.347107
v 3.779225 -26.000000 0.347107
v 5.300000 -26.000000 0.000000
v 3.779225 -26.000000 0.347107
v 4.998792 -26.000000 0.625465
v 4.998792 -26.000000 0.625465
v 3.779225 -26.000000 0.347107
v 4.321983 -26.000000 0.779942
v 4.998792 -26.000000 -0.625465
v 4.321983 -26.000000 -0.779942
v 3.779225 -26.000000 -0.347107
v 4.998792 -27.600002 0.625465
v 3.779225 -27.600002 0.347107
v 5.300000 -27.600002 0.000000
v 5.300000 -27.600002 0.000000
v 3.779225 -27.600002 0.347107
v 3.779225 -27.600002 -0.347107
v 5.300000 -27.600002 0.000000
v 3.779225 -27.600002 -0.347107
v 4.998792 -27.600002 -0.625465
v 4.998792 -27.600002 -0.625465
v 3.779225 -27.600002 -0.347107
v 4.321983 -27.600002 -0.779942
v 4.998792 -27.600002 0.625465
v 4.321983 -27.600002 0.779942
v 3.779225 -27.600002 0.347107
v -4.998792 -18.000000 0.625465
v -5.300000 -16.400002 0.000000
v -5.300000 -18.000000 0.000000
v -5.300000 -18.000000 0.000000
v -5.300000 -16.400002 0.000000
v -4.998792 -16.400002 -0.625465
v -5.300000 -18.000000 0.000000
v -4.998792 -16.400002 -0.625465
v -4.998792 -18.000000 -0.625465
v -4.998792 -18.000000 -0.625465
v -4.998792 -16.400002 -0.625465
v -4.321983 -16.400002 -0.779942
v -4.998792 -18.000000 -0.625465
v -4.321983 -16.400002 -0.779942
v -4.321983 -18.000000 -0.779942
v -4.321983 -18.000000 -0.779942
v -4.321983 -16.400002 -0.779942
v -3.779225 -16.400002 -0.347107
v -4.321983 -18.000000 -0.779942
v -3.779225 -16.400002 -0.347107
v -3.779225 -18.000000 -0.347107
v -3.779225 -18.000000 -0.347107
v -3.779225 -16.400002 -0.347107
v -3.779225 -16.400002 0.347107
v -3.779225 -18.000000 -0.347107
v -3.779225 -16.400002 0.347107
v -3.779225 -18.000000 0.347107
v -3.779225 -18.000000 0.347107
v -3.779225 -16.400002 0.347107
v -4.321983 -16.400002 0.779942
v -3.779225 -18.000000 0.347107
v -4.321983 -16.400002 0.779942
v -4.321983 -18.000000 0.779942
v -4.321983 -18.000000 0.779942
v -4.321983 -16.400002 0.779942
v -4.998792 -16.400002 0.625465
v -4.321983 -18.000000 0.779942
v -4.998792 -16.400002 0.625465
v -4.998792 -18.000000 0.625465
v -4.998792 -18.000000 0.625465
v -4.998792 -16.400002 0.625465
v -5.300000 -16.400002 0.000000
v -4.998792 -18.000000 -0.625465
v -3.779225 -18.000000 -0.347107
v -5.300000 -18.000000 0.000000
v -5.300000 -18.000000 0.000000
v -3.779225 -18.000000 -0.347107
v -3.779225 -18.000000 0.347107
v -5.300000 -18.000000 0.000000
v -3.779225 -18.000000 0.347107
v -4.998792 -18.000000 0.625465
v -4.998792 -18.000000 0.625465
v -3.779225 -18.000000 0.347107
v -4.321983 -18.000000 0.779942
v -4.998792 -18.000000 -0.625465
v -4.321983 -18.000000 -0.779942
v -3.779225 -18.000000 -0.347107
v -4.998792 -16.400002 0.625465
v -3.779225 -16.400002 0.347107
v -5.300000 -16.400002 0.000000
v -5.300000 -16.400002 0.000000
v -3.779225 -16.400002 0.347107
v -3.779225 -16.400002 -0.347107
v -5.300000 -16.400002 0.000000
v -3.779225 -16.400002 -0.347107
v -4.998792 -16.400002 -0.625465
v -4.998792 -16.400002 -0.625465
v -3.779225 -16.400002 -0.347107
v -4.321983 -16.400002 -0.779942
v -4.998792 -16.400002 0.625465
v -4.321983 -16.400002 0.779942
v -3.779225 -16.400002 0.347107
v -4.998792 -26.000000 -0.625465
v -5.300000 -27.600002 0.000000
v -5.300000 -26.000000 0.000000
v -5.300000 -26.000000 0.000000
v -5.300000 -27.600002 0.000000
v -4.998792 -27.600002 0.625465
v -5.300000 -26.000000 0.000000
v -4.998792 -27.600002 0.625465
v -4.998792 -26.000000 0.625465
v -4.998792 -26.000000 0.625465
v -4.998792 -27.600002 0.625465
v -4.321983 -27.600002 0.779942
v -4.998792 -26.000000 0.625465
v -4.321983 -27.600002 0.779942
v -4.321983 -26.000000 0.779942
v -4.321983 -26.000000 0.779942
v -4.321983 -27.600002 0.779942
v -3.779225 -27.600002 0.347107
v -4.321983 -26.000000 0.779942
v -3.779225 -27.600002 0.347107
v -3.779225 -26.000000 0.347107
v -3.779225 -26.000000 0.347107
v -3.779225 -27.600002 0.347107
v -3.779225 -27.600002 -0.347107
v -3.779225 -26.000000 0.347107
v -3.779225 -27.600002 -0.347107
v -3.779225 -26.000000 -0.347107
v -3.779225 -26.000000 -0.347107
v -3.779225 -27.600002 -0.347107
v -4.321983 -27.600002 -0.779942
v -3.779225 -26.000000 -0.347107
v -4.321983 -27.600002 -0.779942
v -4.321983 -26.000000 -0.779942
v -4.321983 -26.000000 -0.779942
v -4.321983 -27.600002 -0.779942
v -4.998792 -27.600002 -0.625465
v -4.321983 -26.000000 -0.779942
v -4.998792 -27.600002 -0.625465
v -4.998792 -26.000000 -0.625465
v -4.998792 -26.000000 -0.625465
v -4.998792 -27.600002 -0.625465
v -5.300000 -27.600002 0.000000
v -4.998792 -26.000000 0.625465
v -3.779225 -26.000000 0.347107
v -5.300000 -26.000000 0.000000
v -5.300000 -26.000000 0.000000
v -3.779225 -26.000000 0.347107
v -3.779225 -26.000000 -0.347107
v -5.300000 -26.000000 0.000000
v -3.779225 -26.000000 -0.347107
v -4.998792 -26.000000 -0.625465
v -4.998792 -26.000000 -0.625465
v -3.779225 -26.000000 -0.347107
v -4.321983 -26.000000 -0.779942
v -4.998792 -26.000000 0.625465
v -4.321983 -26.000000 0.779942
v -3.779225 -26.000000 0.347107
v -4.998792 -27.600002 -0.625465
v -3.779225 -27.600002 -0.347107
v -5.300000 -27.600002 0.000000
v -5.300000 -27.600002 0.000000
v -3.779225 -27.600002 -0.347107
v -3.779225 -27.600002 0.347107
v -5.300000 -27.600002 0.000000
v -3.779225 -27.600002 0.347107
v -4.998792 -27.600002 0.625465
v -4.998792 -27.600002 0.625465
v -3.779225 -27.600002 0.347107
v -4.321983 -27.600002 0.779942
v -4.998792 -27.600002 -0.625465
v -4.321983 -27.600002 -0.779942
v -3.779225 -27.600002 -0.347107
v 5.300000 -17.400002 5.799999
v 5.300000 -16.900002 5.666027
v 3.700000 -17.400002 5.799999
v 3.700000 -17.400002 5.799999
v 5.300000 -16.900002 5.666027
v 3.700000 -16.900002 5.666027
v 3.700000 -16.900002 5.666027
v 5.300000 -16.900002 5.666027
v 3.700000 -16.533978 5.299999
v 3.700000 -16.533978 5.299999
v 5.300000 -16.900002 5.666027
v 5.300000 -16.533978 5.299999
v 3.700000 -16.533978 5.299999
v 5.300000 -16.533978 5.299999
v 5.300000 -16.400002 4.799999
v 5.300000 -16.400002 4.799999
v 3.700000 -16.400002 4.799999
v 3.700000 -16.533978 5.299999
v 5.300000 -16.400002 4.799999
v 5.300000 -16.400002 0.000000
v 3.700000 -16.400002 4.799999
v 3.700000 -16.400002 4.799999
v 5.300000 -16.400002 0.000000
v 3.700000 -16.400002 0.000000
v 3.700000 -16.900002 5.666027
v 3.700000 -17.600002 4.599998
v 3.700000 -17.400002 5.799999
v 3.700000 -17.400002 5.799999
v 3.700000 -17.600002 4.599998
v 3.700000 -26.400002 4.599998
v 3.700000 -17.400002 5.799999
v 3.700000 -26.400002 4.599998
v 3.700000 -26.600002 5.799999
v 3.700000 -26.600002 5.799999
v 3.700000 -26.400002 4.599998
v 3.700000 -27.100002 5.666027
v 3.700000 -27.100002 5.666027
v 3.700000 -26.400002 4.599998
v 3.700000 -27.466026 5.299999
v 3.700000 -27.466026 5.299999
v 3.700000 -26.400002 4.599998
v 3.700000 -27.600002 4.799999
v 3.700000 -27.600002 4.799999
v 3.700000 -26.400002 4.599998
v 3.700000 -26.500000 4.573204
v 3.700000 -27.600002 4.799999
v 3.700000 -26.500000 4.573204
v 3.700000 -26.573208 4.500000
v 3.700000 -16.900002 5.666027
v 3.700000 -16.533978 5.299999
v 3.700000 -17.600002 4.599998
v 3.700000 -17.600002 4.599998
v 3.700000 -16.533978 5.299999
v 3.700000 -16.400002 4.799999
v 3.700000 -17.600002 4.599998
v 3.700000 -16.400002 4.799999
v 3.700000 -17.500000 4.573204
v 3.700000 -17.500000 4.573204
v 3.700000 -16.400002 4.799999
v 3.700000 -17.426796 4.500000
v 3.700000 -17.426796 4.500000
v 3.700000 -16.400002 4.799999
v 3.700000 -17.400002 4.400002
v 3.700000 -17.400002 4.400002
v 3.700000 -16.400002 4.799999
v 3.700000 -16.400002 0.000000
v 3.700000 -17.400002 4.400002
v 3.700000 -16.400002 0.000000
v 3.700000 -17.400002 0.000000
v 3.700000 -26.573208 4.500000
v 3.700000 -26.600002 4.400002
v 3.700000 -27.600002 4.799999
v 3.700000 -27.600002 4.799999
v 3.700000 -26.600002 4.400002
v 3.700000 -27.600002 0.000000
v 3.700000 -27.600002 0.000000
v 3.700000 -26.600002 4.400002
v 3.700000 -26.600002 0.000000
v 3.700000 -26.600002 5.799999
v 3.700000 -27.100002 5.666027
v 5.300000 -26.600002 5.799999
v 5.300000 -26.600002 5.799999
v 3.700000 -27.100002 5.666027
v 5.300000 -27.100002 5.666027
v 5.300000 -27.100002 5.666027
v 3.700000 -27.100002 5.666027
v 5.300000 -27.466026 5.299999
v 5.300000 -27.466026 5.299999
v 3.700000 -27.100002 5.666027
v 3.700000 -27.466026 5.299999
v 5.300000 -27.466026 5.299999
v 3.700000 -27.466026 5.299999
v 3.700000 -27.600002 4.799999
v 3.700000 -27.600002 4.799999
v 5.300000 -27.600002 4.799999
v 5.300000 -27.466026 5.299999
v 3.700000 -27.600002 4.799999
v 3.700000 -27.600002 0.000000
v 5.300000 -27.600002 4.799999
v 5.300000 -27.600002 4.799999
v 3.700000 -27.600002 0.000000
v 5.300000 -27.600002 0.000000
v 3.700000 -26.400002 4.599998
v 5.300000 -26.400002 4.599998
v 3.700000 -26.500000 4.573204
v 3.700000 -26.500000 4.573204
v 5.300000 -26.400002 4.599998
v 5.300000 -26.500000 4.573204
v 3.700000 -26.500000 4.573204
v 5.300000 -26.500000 4.573204
v 5.300000 -26.573208 4.500000
v 5.300000 -26.600002 4.400002
v 3.700000 -26.600002 4.400002
v 5.300000 -26.573208 4.500000
v 5.300000 -26.573208 4.500000
v 3.700000 -26.600002 4.400002
v 3.700000 -26.573208 4.500000
v 5.300000 -26.573208 4.500000
v 3.700000 -26.573208 4.500000
v 3.700000 -26.500000 4.573204
v 3.700000 -26.400002 4.599998
v 3.700000 -17.600002 4.599998
v 5.300000 -26.400002 4.599998
v 5.300000 -26.400002 4.599998
v 3.700000 -17.600002 4.599998
v 5.300000 -17.600002 4.599998
v 3.700000 -17.400002 4.400002
v 5.300000 -17.400002 4.400002
v 3.700000 -17.426796 4.500000
v 3.700000 -17.426796 4.500000
v 5.300000 -17.400002 4.400002
v 5.300000 -17.426796 4.500000
v 3.700000 -17.426796 4.500000
v 5.300000 -17.426796 4.500000
v 5.300000 -17.500000 4.573204
v 5.300000 -17.600002 4.599998
v 3.700000 -17.600002 4.599998
v 5.300000 -17.500000 4.573204
v 5.300000 -17.500000 4.573204
v 3.700000 -17.600002 4.599998
v 3.700000 -17.500000 4.573204
v 5.300000 -17.500000 4.573204
v 3.700000 -17.500000 4.573204
v 3.700000 -17.426796 4.500000
v 3.700000 -17.400002 4.400002
v 3.700000 -17.400002 0.000000
v 5.300000 -17.400002 4.400002
v 5.300000 -17.400002 4.400002
v 3.700000 -17.400002 0.000000
v 5.300000 -17.400002 0.000000
v 3.700000 -17.400002 5.799999
v 3.700000 -26.600002 5.799999
v 5.300000 -17.400002 5.799999
v 5.300000 -17.400002 5.799999
v 3.700000 -26.600002 5.799999
v 5.300000 -26.600002 5.799999
v 5.300000 -26.600002 4.400002
v 5.300000 -26.600002 0.000000
v 3.700000 -26.600002 4.400002
v 3.700000 -26.600002 4.400002
v 5.300000 -26.600002 0.000000
v 3.700000 -26.600002 0.000000
v 5.300000 -16.400002 0.000000
v 5.300000 -17.400002 0.000000
v 3.700000 -16.400002 0.000000
v 3.700000 -16.400002 0.000000
v 5.300000 -17.400002 0.000000
v 3.700000 -17.400002 0.000000
v 5.300000 -26.600002 0.000000
v 5.300000 -27.600002 0.000000
v 3.700000 -26.600002 0.000000
v 3.700000 -26.600002 0.000000
v 5.300000 -27.600002 0.000000
v 3.700000 -27.600002 0.000000
v 5.300000 -16.533978 5.299999
v 5.300000 -17.600002 4.599998
v 5.300000 -16.400002 4.799999
v 5.300000 -16.400002 4.799999
v 5.300000 -17.600002 4.599998
v 5.300000 -17.500000 4.573204
v 5.300000 -16.400002 4.799999
v 5.300000 -17.500000 4.573204
v 5.300000 -17.426796 4.500000
v 5.300000 -16.533978 5.299999
v 5.300000 -16.900002 5.666027
v 5.300000 -17.600002 4.599998
v 5.300000 -17.600002 4.599998
v 5.300000 -16.900002 5.666027
v 5.300000 -17.400002 5.799999
v 5.300000 -17.600002 4.599998
v 5.300000 -17.400002 5.799999
v 5.300000 -26.600002 5.799999
v 5.300000 -17.600002 4.599998
v 5.300000 -26.600002 5.799999
v 5.300000 -26.400002 4.599998
v 5.300000 -26.400002 4.599998
v 5.300000 -26.600002 5.799999
v 5.300000 -27.100002 5.666027
v 5.300000 -26.400002 4.599998
v 5.300000 -27.100002 5.666027
v 5.300000 -27.466026 5.299999
v 5.300000 -27.466026 5.299999
v 5.300000 -27.600002 4.799999
v 5.300000 -26.400002 4.599998
v 5.300000 -26.400002 4.599998
v 5.300000 -27.600002 4.799999
v 5.300000 -26.500000 4.573204
v 5.300000 -26.500000 4.573204
v 5.300000 -27.600002 4.799999
v 5.300000 -26.573208 4.500000
v 5.300000 -26.573208 4.500000
v 5.300000 -27.600002 4.799999
v 5.300000 -26.600002 4.400002
v 5.300000 -26.600002 4.400002
v 5.300000 -27.600002 4.799999
v 5.300000 -27.600002 0.000000
v 5.300000 -26.600002 4.400002
v 5.300000 -27.600002 0.000000
v 5.300000 -26.600002 0.000000
v 5.300000 -17.426796 4.500000
v 5.300000 -17.400002 4.400002
v 5.300000 -16.400002 4.799999
v 5.300000 -16.400002 4.799999
v 5.300000 -17.400002 4.400002
v 5.300000 -16.400002 0.000000
v 5.300000 -16.400002 0.000000
v 5.300000 -17.400002 4.400002
v 5.300000 -17.400002 0.000000
v -5.300000 -16.400002 4.799999
v -5.300000 -16.533978 5.299999
v -3.700000 -16.400002 4.799999
v -3.700000 -16.400002 4.799999
v -5.300000 -16.533978 5.299999
v -3.700000 -16.533978 5.299999
v -3.700000 -16.533978 5.299999
v -5.300000 -16.533978 5.299999
v -3.700000 -16.900002 5.666027
v -3.700000 -16.900002 5.666027
v -5.300000 -16.533978 5.299999
v -5.300000 -16.900002 5.666027
v -3.700000 -16.900002 5.666027
v -5.300000 -16.900002 5.666027
v -5.300000 -17.400002 5.799999
v -5.300000 -17.400002 5.799999
v -3.700000 -17.400002 5.799999
v -3.700000 -16.900002 5.666027
v -3.700000 -16.400002 4.799999
v -3.700000 -16.400002 0.000000
v -5.300000 -16.400002 4.799999
v -5.300000 -16.400002 4.799999
v -3.700000 -16.400002 0.000000
v -5.300000 -16.400002 0.000000
v -3.700000 -16.533978 5.299999
v -3.700000 -17.600002 4.599998
v -3.700000 -16.400002 4.799999
v -3.700000 -16.400002 4.799999
v -3.700000 -17.600002 4.599998
v -3.700000 -17.500000 4.573204
v -3.700000 -16.400002 4.799999
v -3.700000 -17.500000 4.573204
v -3.700000 -17.426796 4.500000
v -3.700000 -16.533978 5.299999
v -3.700000 -16.900002 5.666027
v -3.700000 -17.600002 4.599998
v -3.700000 -17.600002 4.599998
v -3.700000 -16.900002 5.666027
v -3.700000 -17.400002 5.799999
v -3.700000 -17.600002 4.599998
v -3.700000 -17.400002 5.799999
v -3.700000 -26.600002 5.799999
v -3.700000 -17.600002 4.599998
v -3.700000 -26.600002 5.799999
v -3.700000 -26.400002 4.599998
v -3.700000 -26.400002 4.599998
v -3.700000 -26.600002 5.799999
v -3.700000 -27.100002 5.666027
v -3.700000 -26.400002 4.599998
v -3.700000 -27.100002 5.666027
v -3.700000 -27.466026 5.299999
v -3.700000 -27.466026 5.299999
v -3.700000 -27.600002 4.799999
v -3.700000 -26.400002 4.599998
v -3.700000 -26.400002 4.599998
v -3.700000 -27.600002 4.799999
v -3.700000 -26.500000 4.573204
v -3.700000 -26.500000 4.573204
v -3.700000 -27.600002 4.799999
v -3.700000 -26.573208 4.500000
v -3.700000 -26.573208 4.500000
v -3.700000 -27.600002 4.799999
v -3.700000 -26.600002 4.400002
v -3.700000 -26.600002 4.400002
v -3.700000 -27.600002 4.799999
v -3.700000 -27.600002 0.000000
v -3.700000 -26.600002 4.400002
v -3.700000 -27.600002 0.000000
v -3.700000 -26.600002 0.000000
v -3.700000 -17.426796 4.500000
v -3.700000 -17.400002 4.400002
v -3.700000 -16.400002 4.799999
v -3.700000 -16.400002 4.799999
v -3.700000 -17.400002 4.400002
v -3.700000 -16.400002 0.000000
v -3.700000 -16.400002 0.000000
v -3.700000 -17.400002 4.400002
v -3.700000 -17.400002 0.000000
v -3.700000 -27.600002 4.799999
v -3.700000 -27.466026 5.299999
v -5.300000 -27.600002 4.799999
v -5.300000 -27.600002 4.799999
v -3.700000 -27.466026 5.299999
v -5.300000 -27.466026 5.299999
v -5.300000 -27.466026 5.299999
v -3.700000 -27.466026 5.299999
v -5.300000 -27.100002 5.666027
v -5.300000 -27.100002 5.666027
v -3.700000 -27.466026 5.299999
v -3.700000 -27.100002 5.666027
v -5.300000 -27.100002 5.666027
v -3.700000 -27.100002 5.666027
v -3.700000 -26.600002 5.799999
v -3.700000 -26.600002 5.799999
v -5.300000 -26.600002 5.799999
v -5.300000 -27.100002 5.666027
v -5.300000 -27.600002 4.799999
v -5.300000 -27.600002 0.000000
v -3.700000 -27.600002 4.799999
v -3.700000 -27.600002 4.799999
v -5.300000 -27.600002 0.000000
v -3.700000 -27.600002 0.000000
v -3.700000 -26.600002 4.400002
v -5.300000 -26.600002 4.400002
v -3.700000 -26.573208 4.500000
v -3.700000 -26.573208 4.500000
v -5.300000 -26.600002 4.400002
v -5.300000 -26.573208 4.500000
v -3.700000 -26.573208 4.500000
v -5.300000 -26.573208 4.500000
v -5.300000 -26.500000 4.573204
v -5.300000 -26.400002 4.599998
v -3.700000 -26.400002 4.599998
v -5.300000 -26.500000 4.573204
v -5.300000 -26.500000 4.573204
v -3.700000 -26.400002 4.599998
v -3.700000 -26.500000 4.573204
v -5.300000 -26.500000 4.573204
v -3.700000 -26.500000 4.573204
v -3.700000 -26.573208 4.500000
v -5.300000 -26.400002 4.599998
v -5.300000 -17.600002 4.599998
v -3.700000 -26.400002 4.599998
v -3.700000 -26.400002 4.599998
v -5.300000 -17.600002 4.599998
v -3.700000 -17.600002 4.599998
v -3.700000 -17.600002 4.599998
v -5.300000 -17.600002 4.599998
v -3.700000 -17.500000 4.573204
v -3.700000 -17.500000 4.573204
v -5.300000 -17.600002 4.599998
v -5.300000 -17.500000 4.573204
v -3.700000 -17.500000 4.573204
v -5.300000 -17.500000 4.573204
v -5.300000 -17.426796 4.500000
v -5.300000 -17.400002 4.400002
v -3.700000 -17.400002 4.400002
v -5.300000 -17.426796 4.500000
v -5.300000 -17.426796 4.500000
v -3.700000 -17.400002 4.400002
v -3.700000 -17.426796 4.500000
v -5.300000 -17.426796 4.500000
v -3.700000 -17.426796 4.500000
v -3.700000 -17.500000 4.573204
v -5.300000 -17.400002 4.400002
v -5.300000 -17.400002 0.000000
v -3.700000 -17.400002 4.400002
v -3.700000 -17.400002 4.400002
v -5.300000 -17.400002 0.000000
v -3.700000 -17.400002 0.000000
v -5.300000 -17.400002 5.799999
v -5.300000 -26.600002 5.799999
v -3.700000 -17.400002 5.799999
v -3.700000 -17.400002 5.799999
v -5.300000 -26.600002 5.799999
v -3.700000 -26.600002 5.799999
v -3.700000 -26.600002 4.400002
v -3.700000 -26.600002 0.000000
v -5.300000 -26.600002 4.400002
v -5.300000 -26.600002 4.400002
v -3.700000 -26.600002 0.000000
v -5.300000 -26.600002 0.000000
v -5.300000 -17.400002 0.000000
v -5.300000 -16.400002 0.000000
v -3.700000 -17.400002 0.000000
v -3.700000 -17.400002 0.000000
v -5.300000 -16.400002 0.000000
v -3.700000 -16.400002 0.000000
v -5.300000 -27.600002 0.000000
v -5.300000 -26.600002 0.000000
v -3.700000 -27.600002 0.000000
v -3.700000 -27.600002 0.000000
v -5.300000 -26.600002 0.000000
v -3.700000 -26.600002 0.000000
v -5.300000 -16.900002 5.666027
v -5.300000 -17.600002 4.599998
v -5.300000 -17.400002 5.799999
v -5.300000 -17.400002 5.799999
v -5.300000 -17.600002 4.599998
v -5.300000 -26.400002 4.599998
v -5.300000 -17.400002 5.799999
v -5.300000 -26.400002 4.599998
v -5.300000 -26.600002 5.799999
v -5.300000 -26.600002 5.799999
v -5.300000 -26.400002 4.599998
v -5.300000 -27.100002 5.666027
v -5.300000 -27.100002 5.666027
v -5.300000 -26.400002 4.599998
v -5.300000 -27.466026 5.299999
v -5.300000 -27.466026 5.299999
v -5.300000 -26.400002 4.599998
v -5.300000 -27.600002 4.799999
v -5.300000 -27.600002 4.799999
v -5.300000 -26.400002 4.599998
v -5.300000 -26.500000 4.573204
v -5.300000 -27.600002 4.799999
v -5.300000 -26.500000 4.573204
v -5.300000 -26.573208 4.500000
v -5.300000 -16.900002 5.666027
v -5.300000 -16.533978 5.299999
v -5.300000 -17.600002 4.599998
v -5.300000 -17.600002 4.599998
v -5.300000 -16.533978 5.299999
v -5.300000 -16.400002 4.799999
v -5.300000 -17.600002 4.599998
v -5.300000 -16.400002 4.799999
v -5.300000 -17.500000 4.573204
v -5.300000 -17.500000 4.573204
v -5.300000 -16.400002 4.799999
v -5.300000 -17.426796 4.500000
v -5.300000 -17.426796 4.500000
v -5.300000 -16.400002 4.799999
v -5.300000 -17.400002 4.400002
v -5.300000 -17.400002 4.400002
v -5.300000 -16.400002 4.799999
v -5.300000 -16.400002 0.000000
v -5.300000 -17.400002 4.400002
v -5.300000 -16.400002 0.000000
v -5.300000 -17.400002 0.000000
v -5.300000 -26.573208 4.500000
v -5.300000 -26.600002 4.400002
v -5.300000 -27.600002 4.799999
v -5.300000 -27.600002 4.799999
v -5.300000 -26.600002 4.400002
v -5.300000 -27.600002 0.000000
v -5.300000 -27.600002 0.000000
v -5.300000 -26.600002 4.400002
v -5.300000 -26.600002 0.000000
vn -1.0000 -0.0000 -0.0000
vn -0.0000 -0.2588 0.9659
vn -0.0000 -0.7071 0.7071
vn -0.0000 -0.9659 0.2588
vn -0.0000 -1.0000 -0.0000
vn -0.0000 -0.9659 -0.2588
vn -0.0000 -0.7071 -0.7071
vn -0.0000 -0.2588 -0.9659
vn -0.0000 -0.0000 1.0000
vn -0.0000 -0.0000 -1.0000
vn -0.0000 0.2588 -0.9659
vn -0.0000 0.7071 -0.7071
vn -0.0000 0.9659 -0.2588
vn -0.0000 0.9659 0.2588
vn -0.0000 0.7071 0.7071
vn -0.0000 0.2588 0.9659
vn -0.0000 1.0000 -0.0000
vn 1.0000 -0.0000 -0.0000
vn 0.9010 -0.0000 -0.4339
vn 0.9010 -0.0000 0.4339
vn 0.2225 -0.0000 0.9749
vn -0.6235 -0.0000 0.7818
vn -0.6235 -0.0000 -0.7818
vn 0.2225 -0.0000 -0.9749
vn -0.9010 -0.0000 0.4339
vn -0.9010 -0.0000 -0.4339
vn -0.2225 -0.0000 -0.9749
vn 0.6235 -0.0000 -0.7818
vn 0.6235 -0.0000 0.7818
vn -0.2225 -0.0000 0.9749
vn -0.0000 0.2589 -0.9659
vt 0.524907 0.567348
vt 0.534529 0.423031
vt 0.524907 0.432652
vt 0.529718 0.424320
vt 0.526196 0.427842
vt 0.526196 0.572158
vt 0.529718 0.575680
vt 0.534529 0.576969
vt 0.592255 0.423031
vt 0.592255 0.576969
vt 0.601876 0.432652
vt 0.601876 0.567348
vt 0.597066 0.575680
vt 0.600587 0.572158
vt 0.600587 0.427842
vt 0.597066 0.424320
vt 0.489291 0.432652
vt 0.412322 0.432652
vt 0.489291 0.427842
vt 0.412322 0.427842
vt 0.489291 0.498422
vt 0.412322 0.498422
vt 0.412322 0.501943
vt 0.412322 0.506754
vt 0.489291 0.506754
vt 0.489291 0.501943
vt 0.412322 0.564480
vt 0.489291 0.564480
vt 0.489291 0.569291
vt 0.412322 0.569291
vt 0.412322 0.572813
vt 0.489291 0.572813
vt 0.412322 0.567348
vt 0.489291 0.567348
vt 0.489291 0.572158
vt 0.412322 0.572158
vt 0.643229 0.432652
vt 0.643229 0.567348
vt 0.566260 0.432652
vt 0.566260 0.567348
vt 0.566260 0.506754
vt 0.643229 0.506754
vt 0.566260 0.501943
vt 0.643229 0.501943
vt 0.643229 0.498422
vt 0.643229 0.427842
vt 0.566260 0.427842
vt 0.566260 0.498422
vt 0.643229 0.564480
vt 0.566260 0.564480
vt 0.566260 0.572813
vt 0.643229 0.572813
vt 0.643229 0.569291
vt 0.566260 0.569291
vt 0.643229 0.572158
vt 0.566260 0.572158
vt 0.575427 0.576969
vt 0.563392 0.607756
vt 0.563392 0.576969
vt 0.551357 0.607756
vt 0.551357 0.576969
vt 0.623963 0.576969
vt 0.623963 0.607756
vt 0.610940 0.607756
vt 0.610940 0.576969
vt 0.600496 0.607756
vt 0.600496 0.576969
vt 0.556713 0.576969
vt 0.556713 0.607756
vt 0.570071 0.607756
vt 0.570071 0.576969
vt 0.575427 0.607756
vt 0.623963 0.523582
vt 0.600496 0.528938
vt 0.629759 0.535617
vt 0.600496 0.542296
vt 0.623963 0.547652
vt 0.610940 0.550625
vt 0.610940 0.520609
vt 0.551357 0.423031
vt 0.563392 0.392243
vt 0.563392 0.423031
vt 0.575427 0.392243
vt 0.575427 0.423031
vt 0.623963 0.423031
vt 0.623963 0.392243
vt 0.610940 0.392243
vt 0.610940 0.423031
vt 0.600496 0.392243
vt 0.600496 0.423031
vt 0.570071 0.423031
vt 0.570071 0.392243
vt 0.556713 0.392243
vt 0.556713 0.423031
vt 0.551357 0.392243
vt 0.431587 0.576969
vt 0.431587 0.607756
vt 0.444611 0.607756
vt 0.444611 0.576969
vt 0.455054 0.607756
vt 0.455054 0.576969
vt 0.431587 0.547652
vt 0.455054 0.542296
vt 0.425791 0.535617
vt 0.455054 0.528938
vt 0.431587 0.523582
vt 0.444611 0.520609
vt 0.444611 0.550625
vt 0.431587 0.423031
vt 0.431587 0.392243
vt 0.444611 0.392243
vt 0.444611 0.423031
vt 0.455054 0.392243
vt 0.455054 0.423031
vt 0.629759 0.588514
vt 0.629759 0.598135
vt 0.598971 0.588514
vt 0.598971 0.598135
vt 0.598971 0.426590
vt 0.629759 0.426590
vt 0.598971 0.433633
vt 0.629759 0.433633
vt 0.629759 0.443254
vt 0.598971 0.443254
vt 0.598971 0.535617
vt 0.454365 0.598135
vt 0.474878 0.584666
vt 0.451787 0.588514
vt 0.474878 0.415334
vt 0.451787 0.411486
vt 0.454365 0.401864
vt 0.461408 0.394821
vt 0.471029 0.392243
vt 0.475393 0.413410
vt 0.476802 0.412001
vt 0.461408 0.605178
vt 0.471029 0.607756
vt 0.475393 0.586590
vt 0.476802 0.587999
vt 0.478726 0.588514
vt 0.563392 0.588514
vt 0.478726 0.411486
vt 0.563392 0.411486
vt 0.598971 0.411486
vt 0.598971 0.401864
vt 0.629759 0.411486
vt 0.629759 0.401864
vt 0.598971 0.415334
vt 0.629759 0.415334
vt 0.598971 0.413410
vt 0.629759 0.413410
vt 0.629759 0.412001
vt 0.629759 0.450951
vt 0.598971 0.450951
vt 0.629759 0.449027
vt 0.598971 0.449027
vt 0.598971 0.412001
vt 0.598971 0.584666
vt 0.629759 0.584666
vt 0.629759 0.447618
vt 0.629759 0.586590
vt 0.598971 0.586590
vt 0.598971 0.447618
vt 0.629759 0.607756
vt 0.598971 0.607756
vt 0.629759 0.392243
vt 0.598971 0.392243
vt 0.425791 0.443254
vt 0.425791 0.433633
vt 0.456579 0.443254
vt 0.456579 0.433633
vt 0.456579 0.426590
vt 0.425791 0.426590
vt 0.456579 0.598135
vt 0.425791 0.598135
vt 0.425791 0.588514
vt 0.456579 0.588514
vt 0.456579 0.535617
vt 0.425791 0.401864
vt 0.456579 0.401864
vt 0.456579 0.411486
vt 0.425791 0.411486
vt 0.456579 0.450951
vt 0.425791 0.450951
vt 0.456579 0.449027
vt 0.425791 0.449027
vt 0.456579 0.412001
vt 0.425791 0.412001
vt 0.425791 0.413410
vt 0.425791 0.415334
vt 0.456579 0.415334
vt 0.456579 0.413410
vt 0.425791 0.584666
vt 0.456579 0.584666
vt 0.456579 0.586590
vt 0.425791 0.586590
vt 0.456579 0.447618
vt 0.425791 0.447618
vt 0.425791 0.607756
vt 0.456579 0.607756
vt 0.425791 0.392243
vt 0.456579 0.392243
s 0
f 3289/773/21 3290/774/21 3291/775/21
f 3292/775/21 3293/774/21 3294/776/21
f 3295/775/21 3296/776/21 3297/777/21
f 3298/778/21 3299/779/21 3300/773/21
f 3301/773/21 3302/779/21 3303/780/21
f 3304/773/21 3305/780/21 3306/774/21
f 3307/774/21 3308/780/21 3309/781/21
f 3310/781/21 3311/780/21 3312/782/21
f 3313/781/21 3314/782/21 3315/783/21
f 3316/783/21 3317/782/21 3318/784/21
f 3319/784/21 3320/782/21 3321/785/21
f 3322/784/21 3323/785/21 3324/786/21
f 3325/787/21 3326/788/21 3327/783/21
f 3328/783/21 3329/788/21 3330/781/21
f 3331/789/22 3332/790/22 3333/791/22
f 3334/791/22 3335/790/22 3336/792/22
f 3337/793/23 3338/794/23 3339/795/23
f 3340/796/24 3341/797/24 3342/795/24
f 3343/795/24 3344/797/24 3345/798/24
f 3346/795/23 3347/798/23 3348/793/23
f 3349/796/25 3350/799/25 3351/797/25
f 3352/797/25 3353/799/25 3354/800/25
f 3355/800/26 3356/799/26 3357/801/26
f 3358/801/26 3359/799/26 3360/802/26
f 3361/801/27 3362/802/27 3363/803/27
f 3364/790/28 3365/789/28 3366/792/28
f 3367/792/28 3368/789/28 3369/791/28
f 3370/803/27 3371/804/27 3372/801/27
f 3373/805/29 3374/790/29 3375/806/29
f 3376/806/29 3377/790/29 3378/789/29
f 3379/790/30 3380/805/30 3381/789/30
f 3382/789/30 3383/805/30 3384/806/30
f 3385/806/31 3386/805/31 3387/807/31
f 3388/807/31 3389/805/31 3390/808/31
f 3391/804/32 3392/803/32 3393/802/32
f 3394/799/33 3395/800/33 3396/802/33
f 3397/802/33 3398/800/33 3399/801/33
f 3400/802/32 3401/801/32 3402/804/32
f 3403/797/34 3404/796/34 3405/798/34
f 3406/798/34 3407/796/34 3408/795/34
f 3409/798/35 3410/795/35 3411/794/35
f 3412/805/36 3413/806/36 3414/808/36
f 3415/808/36 3416/806/36 3417/807/36
f 3418/794/35 3419/793/35 3420/798/35
f 3421/799/37 3422/796/37 3423/800/37
f 3424/800/37 3425/796/37 3426/797/37
f 3427/775/38 3428/780/38 3429/773/38
f 3430/773/38 3431/780/38 3432/779/38
f 3433/773/38 3434/779/38 3435/778/38
f 3436/777/38 3437/776/38 3438/775/38
f 3439/775/38 3440/776/38 3441/774/38
f 3442/775/38 3443/774/38 3444/780/38
f 3445/780/38 3446/774/38 3447/782/38
f 3448/782/38 3449/774/38 3450/781/38
f 3451/782/38 3452/781/38 3453/784/38
f 3454/784/38 3455/781/38 3456/783/38
f 3457/783/38 3458/781/38 3459/788/38
f 3460/783/38 3461/788/38 3462/787/38
f 3463/786/38 3464/785/38 3465/784/38
f 3466/784/38 3467/785/38 3468/782/38
f 3469/809/29 3470/810/29 3471/811/29
f 3472/811/29 3473/810/29 3474/812/29
f 3475/813/24 3476/814/24 3477/815/24
f 3478/815/24 3479/814/24 3480/816/24
f 3481/815/23 3482/816/23 3483/817/23
f 3484/809/22 3485/811/22 3486/818/22
f 3487/818/22 3488/811/22 3489/819/22
f 3490/817/23 3491/820/23 3492/815/23
f 3493/821/25 3494/814/25 3495/822/25
f 3496/822/25 3497/814/25 3498/813/25
f 3499/811/28 3500/809/28 3501/819/28
f 3502/819/28 3503/809/28 3504/818/28
f 3505/823/27 3506/824/27 3507/825/27
f 3508/821/26 3509/822/26 3510/825/26
f 3511/825/26 3512/822/26 3513/826/26
f 3514/825/27 3515/826/27 3516/823/27
f 3517/810/30 3518/809/30 3519/812/30
f 3520/812/30 3521/809/30 3522/811/30
f 3523/822/33 3524/821/33 3525/826/33
f 3526/826/33 3527/821/33 3528/825/33
f 3529/826/32 3530/825/32 3531/824/32
f 3532/810/31 3533/812/31 3534/827/31
f 3535/827/31 3536/812/31 3537/828/31
f 3538/824/32 3539/823/32 3540/826/32
f 3541/814/37 3542/821/37 3543/813/37
f 3544/813/37 3545/821/37 3546/822/37
f 3547/812/36 3548/810/36 3549/828/36
f 3550/828/36 3551/810/36 3552/827/36
f 3553/820/35 3554/817/35 3555/816/35
f 3556/814/34 3557/813/34 3558/816/34
f 3559/816/34 3560/813/34 3561/815/34
f 3562/816/35 3563/815/35 3564/820/35
f 3565/829/39 3566/830/39 3567/831/39
f 3568/831/40 3569/830/40 3570/832/40
f 3571/831/40 3572/832/40 3573/833/40
f 3574/834/41 3575/835/41 3576/836/41
f 3577/834/41 3578/836/41 3579/837/41
f 3580/837/42 3581/836/42 3582/838/42
f 3583/837/42 3584/838/42 3585/839/42
f 3586/840/21 3587/841/21 3588/842/21
f 3589/840/21 3590/842/21 3591/843/21
f 3592/839/43 3593/838/43 3594/836/43
f 3595/839/43 3596/836/43 3597/837/43
f 3598/837/44 3599/836/44 3600/835/44
f 3601/837/44 3602/835/44 3603/834/44
f 3604/829/39 3605/844/39 3606/830/39
f 3607/845/25 3608/846/25 3609/847/25
f 3610/847/25 3611/846/25 3612/848/25
f 3613/847/25 3614/848/25 3615/849/25
f 3616/849/25 3617/848/25 3618/850/25
f 3619/845/25 3620/851/25 3621/846/25
f 3622/849/37 3623/848/37 3624/847/37
f 3625/847/37 3626/848/37 3627/846/37
f 3628/847/37 3629/846/37 3630/845/37
f 3631/845/37 3632/846/37 3633/851/37
f 3634/849/37 3635/850/37 3636/848/37
f 3637/852/40 3638/853/40 3639/854/40
f 3640/854/39 3641/853/39 3642/855/39
f 3643/854/39 3644/855/39 3645/856/39
f 3646/857/44 3647/858/44 3648/859/44
f 3649/857/44 3650/859/44 3651/860/44
f 3652/860/43 3653/859/43 3654/861/43
f 3655/860/43 3656/861/43 3657/862/43
f 3658/863/21 3659/864/21 3660/865/21
f 3661/863/21 3662/865/21 3663/866/21
f 3664/862/42 3665/861/42 3666/859/42
f 3667/862/42 3668/859/42 3669/860/42
f 3670/860/41 3671/859/41 3672/858/41
f 3673/860/41 3674/858/41 3675/857/41
f 3676/852/40 3677/867/40 3678/853/40
f 3679/849/37 3680/848/37 3681/847/37
f 3682/847/37 3683/848/37 3684/846/37
f 3685/847/37 3686/846/37 3687/845/37
f 3688/845/37 3689/846/37 3690/851/37
f 3691/849/37 3692/850/37 3693/848/37
f 3694/845/25 3695/846/25 3696/847/25
f 3697/847/25 3698/846/25 3699/848/25
f 3700/847/25 3701/848/25 3702/849/25
f 3703/849/25 3704/848/25 3705/850/25
f 3706/845/25 3707/851/25 3708/846/25
f 3709/833/45 3710/830/45 3711/831/45
f 3712/831/46 3713/830/46 3714/844/46
f 3715/831/46 3716/844/46 3717/829/46
f 3718/868/47 3719/869/47 3720/870/47
f 3721/868/47 3722/870/47 3723/871/47
f 3724/871/48 3725/870/48 3726/872/48
f 3727/871/48 3728/872/48 3729/873/48
f 3730/843/38 3731/842/38 3732/841/38
f 3733/843/38 3734/841/38 3735/840/38
f 3736/873/49 3737/872/49 3738/870/49
f 3739/873/49 3740/870/49 3741/871/49
f 3742/871/50 3743/870/50 3744/869/50
f 3745/871/50 3746/869/50 3747/868/50
f 3748/833/45 3749/832/45 3750/830/45
f 3751/874/25 3752/875/25 3753/876/25
f 3754/876/25 3755/875/25 3756/877/25
f 3757/876/25 3758/877/25 3759/878/25
f 3760/878/25 3761/877/25 3762/879/25
f 3763/874/25 3764/880/25 3765/875/25
f 3766/878/37 3767/877/37 3768/876/37
f 3769/876/37 3770/877/37 3771/875/37
f 3772/876/37 3773/875/37 3774/874/37
f 3775/874/37 3776/875/37 3777/880/37
f 3778/878/37 3779/879/37 3780/877/37
f 3781/856/46 3782/853/46 3783/854/46
f 3784/854/45 3785/853/45 3786/867/45
f 3787/854/45 3788/867/45 3789/852/45
f 3790/881/50 3791/882/50 3792/883/50
f 3793/881/50 3794/883/50 3795/884/50
f 3796/884/49 3797/883/49 3798/885/49
f 3799/884/49 3800/885/49 3801/886/49
f 3802/866/38 3803/865/38 3804/864/38
f 3805/866/38 3806/864/38 3807/863/38
f 3808/886/48 3809/885/48 3810/883/48
f 3811/886/48 3812/883/48 3813/884/48
f 3814/884/47 3815/883/47 3816/882/47
f 3817/884/47 3818/882/47 3819/881/47
f 3820/856/46 3821/855/46 3822/853/46
f 3823/878/37 3824/877/37 3825/876/37
f 3826/876/37 3827/877/37 3828/875/37
f 3829/876/37 3830/875/37 3831/874/37
f 3832/874/37 3833/875/37 3834/880/37
f 3835/878/37 3836/879/37 3837/877/37
f 3838/874/25 3839/875/25 3840/876/25
f 3841/876/25 3842/875/25 3843/877/25
f 3844/876/25 3845/877/25 3846/878/25
f 3847/878/25 3848/877/25 3849/879/25
f 3850/874/25 3851/880/25 3852/875/25
f 3853/887/36 3854/888/36 3855/889/36
f 3856/889/36 3857/888/36 3858/890/36
f 3859/891/35 3860/892/35 3861/893/35
f 3862/893/35 3863/892/35 3864/894/35
f 3865/893/34 3866/894/34 3867/895/34
f 3868/895/34 3869/896/34 3870/893/34
f 3871/895/37 3872/847/37 3873/896/37
f 3874/896/37 3875/847/37 3876/897/37
f 3877/898/21 3878/899/21 3879/900/21
f 3880/900/21 3881/899/21 3882/901/21
f 3883/900/21 3884/901/21 3885/902/21
f 3886/902/21 3887/901/21 3888/903/21
f 3889/903/21 3890/901/21 3891/904/21
f 3892/904/21 3893/901/21 3894/905/21
f 3895/905/21 3896/901/21 3897/906/21
f 3898/905/21 3899/906/21 3900/907/21
f 3901/898/21 3902/908/21 3903/899/21
f 3904/899/21 3905/908/21 3906/909/21
f 3907/899/21 3908/909/21 3909/910/21
f 3910/910/21 3911/909/21 3912/911/21
f 3913/911/21 3914/909/21 3915/912/21
f 3916/912/21 3917/909/21 3918/830/21
f 3919/912/21 3920/830/21 3921/913/21
f 3922/907/21 3923/914/21 3924/905/21
f 3925/905/21 3926/914/21 3927/853/21
f 3928/853/21 3929/914/21 3930/915/21
f 3931/916/22 3932/917/22 3933/918/22
f 3934/918/22 3935/917/22 3936/919/22
f 3937/892/23 3938/891/23 3939/894/23
f 3940/894/23 3941/891/23 3942/893/23
f 3943/894/24 3944/893/24 3945/896/24
f 3946/896/24 3947/895/24 3948/894/24
f 3949/896/25 3950/897/25 3951/895/25
f 3952/895/25 3953/897/25 3954/847/25
f 3955/920/51 3956/921/51 3957/922/51
f 3958/922/51 3959/921/51 3960/923/51
f 3961/922/32 3962/923/32 3963/924/32
f 3964/925/33 3965/926/33 3966/927/33
f 3967/927/33 3968/926/33 3969/928/33
f 3970/924/32 3971/929/32 3972/922/32
f 3973/920/30 3974/930/30 3975/921/30
f 3976/921/30 3977/930/30 3978/931/30
f 3979/926/26 3980/925/26 3981/928/26
f 3982/928/26 3983/925/26 3984/927/26
f 3985/928/27 3986/927/27 3987/932/27
f 3988/931/28 3989/930/28 3990/933/28
f 3991/933/28 3992/930/28 3993/934/28
f 3994/932/27 3995/935/27 3996/928/27
f 3997/926/25 3998/897/25 3999/925/25
f 4000/925/25 4001/897/25 4002/847/25
f 4003/889/29 4004/916/29 4005/887/29
f 4006/887/29 4007/916/29 4008/918/29
f 4009/925/37 4010/847/37 4011/926/37
f 4012/926/37 4013/847/37 4014/897/37
f 4015/936/30 4016/887/30 4017/937/30
f 4018/937/30 4019/887/30 4020/889/30
f 4021/918/30 4022/938/30 4023/916/30
f 4024/916/30 4025/938/30 4026/939/30
f 4027/908/38 4028/899/38 4029/909/38
f 4030/909/38 4031/899/38 4032/910/38
f 4033/909/38 4034/910/38 4035/911/38
f 4036/908/38 4037/898/38 4038/899/38
f 4039/899/38 4040/898/38 4041/900/38
f 4042/899/38 4043/900/38 4044/902/38
f 4045/899/38 4046/902/38 4047/901/38
f 4048/901/38 4049/902/38 4050/903/38
f 4051/901/38 4052/903/38 4053/904/38
f 4054/904/38 4055/905/38 4056/901/38
f 4057/901/38 4058/905/38 4059/906/38
f 4060/906/38 4061/905/38 4062/907/38
f 4063/907/38 4064/905/38 4065/914/38
f 4066/914/38 4067/905/38 4068/853/38
f 4069/914/38 4070/853/38 4071/915/38
f 4072/911/38 4073/912/38 4074/909/38
f 4075/909/38 4076/912/38 4077/830/38
f 4078/830/38 4079/912/38 4080/913/38
f 4081/940/34 4082/941/34 4083/942/34
f 4084/942/34 4085/941/34 4086/943/34
f 4087/943/35 4088/941/35 4089/944/35
f 4090/944/35 4091/941/35 4092/945/35
f 4093/946/36 4094/947/36 4095/948/36
f 4096/948/36 4097/949/36 4098/946/36
f 4099/942/37 4100/950/37 4101/940/37
f 4102/940/37 4103/950/37 4104/876/37
f 4105/908/38 4106/899/38 4107/909/38
f 4108/909/38 4109/899/38 4110/910/38
f 4111/909/38 4112/910/38 4113/911/38
f 4114/908/38 4115/898/38 4116/899/38
f 4117/899/38 4118/898/38 4119/900/38
f 4120/899/38 4121/900/38 4122/902/38
f 4123/899/38 4124/902/38 4125/901/38
f 4126/901/38 4127/902/38 4128/903/38
f 4129/901/38 4130/903/38 4131/904/38
f 4132/904/38 4133/905/38 4134/901/38
f 4135/901/38 4136/905/38 4137/906/38
f 4138/906/38 4139/905/38 4140/907/38
f 4141/907/38 4142/905/38 4143/914/38
f 4144/914/38 4145/905/38 4146/853/38
f 4147/914/38 4148/853/38 4149/915/38
f 4150/911/38 4151/912/38 4152/909/38
f 4153/909/38 4154/912/38 4155/830/38
f 4156/830/38 4157/912/38 4158/913/38
f 4159/942/24 4160/943/24 4161/940/24
f 4162/940/24 4163/943/24 4164/941/24
f 4165/941/23 4166/943/23 4167/945/23
f 4168/945/23 4169/943/23 4170/944/23
f 4171/951/22 4172/952/22 4173/953/22
f 4174/953/22 4175/954/22 4176/951/22
f 4177/940/25 4178/876/25 4179/942/25
f 4180/942/25 4181/876/25 4182/950/25
f 4183/955/33 4184/956/33 4185/957/33
f 4186/957/33 4187/956/33 4188/958/33
f 4189/959/32 4190/960/32 4191/961/32
f 4192/962/51 4193/963/51 4194/961/51
f 4195/961/51 4196/963/51 4197/964/51
f 4198/961/32 4199/964/32 4200/959/32
f 4201/962/30 4202/965/30 4203/963/30
f 4204/963/30 4205/965/30 4206/966/30
f 4207/966/28 4208/965/28 4209/967/28
f 4210/967/28 4211/965/28 4212/968/28
f 4213/969/27 4214/970/27 4215/958/27
f 4216/956/26 4217/955/26 4218/958/26
f 4219/958/26 4220/955/26 4221/957/26
f 4222/958/27 4223/957/27 4224/969/27
f 4225/956/25 4226/876/25 4227/955/25
f 4228/955/25 4229/876/25 4230/950/25
f 4231/948/29 4232/954/29 4233/949/29
f 4234/949/29 4235/954/29 4236/953/29
f 4237/955/37 4238/950/37 4239/956/37
f 4240/956/37 4241/950/37 4242/876/37
f 4243/948/30 4244/971/30 4245/949/30
f 4246/949/30 4247/971/30 4248/972/30
f 4249/973/30 4250/954/30 4251/974/30
f 4252/974/30 4253/954/30 4254/953/30
f 4255/898/21 4256/899/21 4257/900/21
f 4258/900/21 4259/899/21 4260/901/21
f 4261/900/21 4262/901/21 4263/902/21
f 4264/902/21 4265/901/21 4266/903/21
f 4267/903/21 4268/901/21 4269/904/21
f 4270/904/21 4271/901/21 4272/905/21
f 4273/905/21 4274/901/21 4275/906/21
f 4276/905/21 4277/906/21 4278/907/21
f 4279/898/21 4280/908/21 4281/899/21
f 4282/899/21 4283/908/21 4284/909/21
f 4285/899/21 4286/909/21 4287/910/21
f 4288/910/21 4289/909/21 4290/911/21
f 4291/911/21 4292/909/21 4293/912/21
f 4294/912/21 4295/909/21 4296/830/21
f 4297/912/21 4298/830/21 4299/913/21
f 4300/907/21 4301/914/21 4302/905/21
f 4303/905/21 4304/914/21 4305/853/21
f 4306/853/21 4307/914/21 4308/915/21
o V1
v 6.000000 -75.970001 -49.000000
v 6.000000 47.970001 -49.000000
v -6.000000 -75.970001 -49.000000
v -6.000000 -75.970001 -49.000000
v 6.000000 47.970001 -49.000000
v -6.000000 47.970001 -49.000000
v 6.000000 -70.270004 43.938004
v 6.000000 -70.270004 -38.000000
v 6.000000 -75.970001 -49.000000
v 6.000000 -75.970001 -49.000000
v 6.000000 -70.270004 -38.000000
v 6.000000 -69.919037 -40.665836
v 6.000000 -75.970001 -49.000000
v 6.000000 -69.919037 -40.665836
v 6.000000 -68.890060 -43.150002
v 6.000000 -68.890060 -43.150002
v 6.000000 -67.253204 -45.283199
v 6.000000 -75.970001 -49.000000
v 6.000000 -75.970001 -49.000000
v 6.000000 -67.253204 -45.283199
v 6.000000 -65.120003 -46.920063
v 6.000000 -75.970001 -49.000000
v 6.000000 -65.120003 -46.920063
v 6.000000 -62.635838 -47.949036
v 6.000000 -62.635838 -47.949036
v 6.000000 -59.970001 -48.299999
v 6.000000 -75.970001 -49.000000
v 6.000000 -75.970001 -49.000000
v 6.000000 -59.970001 -48.299999
v 6.000000 31.970001 -48.299999
v 6.000000 -75.970001 -49.000000
v 6.000000 31.970001 -48.299999
v 6.000000 47.970001 -49.000000
v 6.000000 47.970001 -49.000000
v 6.000000 31.970001 -48.299999
v 6.000000 34.635834 -47.949036
v 6.000000 47.970001 -49.000000
v 6.000000 34.635834 -47.949036
v 6.000000 37.119995 -46.920063
v 6.000000 37.119995 -46.920063
v 6.000000 39.253197 -45.283199
v 6.000000 47.970001 -49.000000
v 6.000000 47.970001 -49.000000
v 6.000000 39.253197 -45.283199
v 6.000000 40.890060 -43.150002
v 6.000000 47.970001 -49.000000
v 6.000000 40.890060 -43.150002
v 6.000000 41.919037 -40.665836
v 6.000000 41.919037 -40.665836
v 6.000000 42.269997 -38.000000
v 6.000000 47.970001 -49.000000
v 6.000000 47.970001 -49.000000
v 6.000000 42.269997 -38.000000
v 6.000000 42.269997 43.938004
v 6.000000 47.970001 -49.000000
v 6.000000 42.269997 43.938004
v 6.000000 47.970001 54.938004
v 6.000000 47.970001 54.938004
v 6.000000 42.269997 43.938004
v 6.000000 41.919037 46.603836
v 6.000000 47.970001 54.938004
v 6.000000 41.919037 46.603836
v 6.000000 40.890060 49.087997
v 6.000000 40.890060 49.087997
v 6.000000 39.253197 51.221199
v 6.000000 47.970001 54.938004
v 6.000000 47.970001 54.938004
v 6.000000 39.253197 51.221199
v 6.000000 37.119995 52.858063
v 6.000000 47.970001 54.938004
v 6.000000 37.119995 52.858063
v 6.000000 34.635834 53.887039
v 6.000000 34.635834 53.887039
v 6.000000 31.970001 54.237999
v 6.000000 47.970001 54.938004
v 6.000000 47.970001 54.938004
v 6.000000 31.970001 54.237999
v 6.000000 -59.970001 54.237999
v 6.000000 47.970001 54.938004
v 6.000000 -59.970001 54.237999
v 6.000000 -75.970001 54.938004
v 6.000000 -75.970001 54.938004
v 6.000000 -59.970001 54.237999
v 6.000000 -62.635838 53.887039
v 6.000000 -75.970001 54.938004
v 6.000000 -62.635838 53.887039
v 6.000000 -65.120003 52.858063
v 6.000000 -65.120003 52.858063
v 6.000000 -67.253204 51.221199
v 6.000000 -75.970001 54.938004
v 6.000000 -75.970001 54.938004
v 6.000000 -67.253204 51.221199
v 6.000000 -68.890060 49.087997
v 6.000000 -75.970001 54.938004
v 6.000000 -68.890060 49.087997
v 6.000000 -69.919037 46.603836
v 6.000000 -69.919037 46.603836
v 6.000000 -70.270004 43.938004
v 6.000000 -75.970001 54.938004
v 6.000000 -75.970001 54.938004
v 6.000000 -70.270004 43.938004
v 6.000000 -75.970001 -49.000000
v -6.000000 -75.970001 54.938004
v -6.000000 47.970001 54.938004
v 6.000000 -75.970001 54.938004
v 6.000000 -75.970001 54.938004
v -6.000000 47.970001 54.938004
v 6.000000 47.970001 54.938004
v 10.000000 33.971870 -48.816101
v 10.000000 31.970001 -49.000000
v 10.000000 49.970001 -50.000000
v 10.000000 49.970001 -50.000000
v 10.000000 31.970001 -49.000000
v 10.000000 -59.970001 -49.000000
v 10.000000 49.970001 -50.000000
v 10.000000 -59.970001 -49.000000
v 10.000000 -77.970001 -50.000000
v 10.000000 -77.970001 -50.000000
v 10.000000 -59.970001 -49.000000
v 10.000000 -61.971596 -48.816357
v 10.000000 -77.970001 -50.000000
v 10.000000 -61.971596 -48.816357
v 10.000000 -64.019043 -48.227669
v 10.000000 -64.019043 -48.227669
v 10.000000 -65.989220 -47.206757
v 10.000000 -77.970001 -50.000000
v 10.000000 -77.970001 -50.000000
v 10.000000 -65.989220 -47.206757
v 10.000000 -67.748161 -45.778152
v 10.000000 -77.970001 -50.000000
v 10.000000 -67.748161 -45.778152
v 10.000000 -69.176941 -44.019302
v 10.000000 -69.176941 -44.019302
v 10.000000 -70.197075 -42.049137
v 10.000000 -77.970001 -50.000000
v 10.000000 -77.970001 -50.000000
v 10.000000 -70.197075 -42.049137
v 10.000000 -70.786102 -40.001869
v 10.000000 -77.970001 -50.000000
v 10.000000 -70.786102 -40.001869
v 10.000000 -70.970001 -38.000000
v 10.000000 -70.970001 -38.000000
v 10.000000 -70.970001 43.938004
v 10.000000 -77.970001 -50.000000
v 10.000000 -77.970001 -50.000000
v 10.000000 -70.970001 43.938004
v 10.000000 -77.970001 61.938004
v 10.000000 -77.970001 61.938004
v 10.000000 -70.970001 43.938004
v 10.000000 -70.786362 45.939598
v 10.000000 -77.970001 61.938004
v 10.000000 -70.786362 45.939598
v 10.000000 -70.197670 47.987045
v 10.000000 -70.197670 47.987045
v 10.000000 -69.176758 49.957214
v 10.000000 -77.970001 61.938004
v 10.000000 -77.970001 61.938004
v 10.000000 -69.176758 49.957214
v 10.000000 -67.748154 51.716164
v 10.000000 -77.970001 61.938004
v 10.000000 -67.748154 51.716164
v 10.000000 -65.989304 53.144936
v 10.000000 -65.989304 53.144936
v 10.000000 -64.019135 54.165077
v 10.000000 -77.970001 61.938004
v 10.000000 -77.970001 61.938004
v 10.000000 -64.019135 54.165077
v 10.000000 -61.971870 54.754105
v 10.000000 -77.970001 61.938004
v 10.000000 -61.971870 54.754105
v 10.000000 -59.970001 54.938004
v 10.000000 -59.970001 54.938004
v 10.000000 31.970001 54.938004
v 10.000000 -77.970001 61.938004
v 10.000000 -77.970001 61.938004
v 10.000000 31.970001 54.938004
v 10.000000 49.970001 61.938004
v 10.000000 49.970001 61.938004
v 10.000000 31.970001 54.938004
v 10.000000 33.971596 54.754356
v 10.000000 49.970001 61.938004
v 10.000000 33.971596 54.754356
v 10.000000 36.019043 54.165665
v 10.000000 36.019043 54.165665
v 10.000000 37.989212 53.144753
v 10.000000 49.970001 61.938004
v 10.000000 49.970001 61.938004
v 10.000000 37.989212 53.144753
v 10.000000 39.748161 51.716156
v 10.000000 49.970001 61.938004
v 10.000000 39.748161 51.716156
v 10.000000 41.176933 49.957298
v 10.000000 41.176933 49.957298
v 10.000000 42.197075 47.987137
v 10.000000 49.970001 61.938004
v 10.000000 49.970001 61.938004
v 10.000000 42.197075 47.987137
v 10.000000 42.786102 45.939865
v 10.000000 49.970001 61.938004
v 10.000000 42.786102 45.939865
v 10.000000 42.970001 43.938004
v 10.000000 49.970001 61.938004
v 10.000000 42.970001 43.938004
v 10.000000 49.970001 -50.000000
v 10.000000 49.970001 -50.000000
v 10.000000 42.970001 43.938004
v 10.000000 42.970001 -38.000000
v 10.000000 49.970001 -50.000000
v 10.000000 42.970001 -38.000000
v 10.000000 42.786354 -40.001595
v 10.000000 42.786354 -40.001595
v 10.000000 42.197662 -42.049042
v 10.000000 49.970001 -50.000000
v 10.000000 49.970001 -50.000000
v 10.000000 42.197662 -42.049042
v 10.000000 41.176750 -44.019215
v 10.000000 49.970001 -50.000000
v 10.000000 41.176750 -44.019215
v 10.000000 39.748154 -45.778164
v 10.000000 39.748154 -45.778164
v 10.000000 37.989304 -47.206940
v 10.000000 49.970001 -50.000000
v 10.000000 49.970001 -50.000000
v 10.000000 37.989304 -47.206940
v 10.000000 36.019135 -48.227077
v 10.000000 49.970001 -50.000000
v 10.000000 36.019135 -48.227077
v 10.000000 33.971870 -48.816101
v -10.000000 -77.970001 -50.000000
v -10.000000 49.970001 -50.000000
v 10.000000 -77.970001 -50.000000
v 10.000000 -77.970001 -50.000000
v -10.000000 49.970001 -50.000000
v 10.000000 49.970001 -50.000000
v -10.000000 49.970001 -50.000000
v -10.000000 49.970001 61.938004
v 10.000000 49.970001 -50.000000
v 10.000000 49.970001 -50.000000
v -10.000000 49.970001 61.938004
v 10.000000 49.970001 61.938004
v -10.000000 -77.970001 -50.000000
v -10.000000 31.970001 -49.000000
v -10.000000 49.970001 -50.000000
v -10.000000 49.970001 -50.000000
v -10.000000 31.970001 -49.000000
v -10.000000 33.971870 -48.816101
v -10.000000 49.970001 -50.000000
v -10.000000 33.971870 -48.816101
v -10.000000 36.019135 -48.227077
v -10.000000 -77.970001 61.938004
v -10.000000 -70.970001 43.938004
v -10.000000 -77.970001 -50.000000
v -10.000000 -77.970001 -50.000000
v -10.000000 -70.970001 43.938004
v -10.000000 -70.970001 -38.000000
v -10.000000 -77.970001 -50.000000
v -10.000000 -70.970001 -38.000000
v -10.000000 -70.786102 -40.001869
v -10.000000 49.970001 61.938004
v -10.000000 -59.970001 54.938004
v -10.000000 -77.970001 61.938004
v -10.000000 -77.970001 61.938004
v -10.000000 -59.970001 54.938004
v -10.000000 -61.971870 54.754105
v -10.000000 -77.970001 61.938004
v -10.000000 -61.971870 54.754105
v -10.000000 -64.019135 54.165077
v -10.000000 49.970001 -50.000000
v -10.000000 42.970001 43.938004
v -10.000000 49.970001 61.938004
v -10.000000 49.970001 61.938004
v -10.000000 42.970001 43.938004
v -10.000000 42.786102 45.939865
v -10.000000 49.970001 61.938004
v -10.000000 42.786102 45.939865
v -10.000000 42.197075 47.987137
v -10.000000 -64.019135 54.165077
v -10.000000 -65.989304 53.144936
v -10.000000 -77.970001 61.938004
v -10.000000 -77.970001 61.938004
v -10.000000 -65.989304 53.144936
v -10.000000 -67.748154 51.716164
v -10.000000 -77.970001 61.938004
v -10.000000 -67.748154 51.716164
v -10.000000 -69.176758 49.957214
v -10.000000 -69.176758 49.957214
v -10.000000 -70.197670 47.987045
v -10.000000 -77.970001 61.938004
v -10.000000 -77.970001 61.938004
v -10.000000 -70.197670 47.987045
v -10.000000 -70.786362 45.939598
v -10.000000 -77.970001 61.938004
v -10.000000 -70.786362 45.939598
v -10.000000 -70.970001 43.938004
v -10.000000 -70.786102 -40.001869
v -10.000000 -70.197075 -42.049137
v -10.000000 -77.970001 -50.000000
v -10.000000 -77.970001 -50.000000
v -10.000000 -70.197075 -42.049137
v -10.000000 -69.176941 -44.019302
v -10.000000 -77.970001 -50.000000
v -10.000000 -69.176941 -44.019302
v -10.000000 -67.748161 -45.778152
v -10.000000 -67.748161 -45.778152
v -10.000000 -65.989220 -47.206757
v -10.000000 -77.970001 -50.000000
v -10.000000 -77.970001 -50.000000
v -10.000000 -65.989220 -47.206757
v -10.000000 -64.019043 -48.227669
v -10.000000 -77.970001 -50.000000
v -10.000000 -64.019043 -48.227669
v -10.000000 -61.971596 -48.816357
v -10.000000 -61.971596 -48.816357
v -10.000000 -59.970001 -49.000000
v -10.000000 -77.970001 -50.000000
v -10.000000 -77.970001 -50.000000
v -10.000000 -59.970001 -49.000000
v -10.000000 31.970001 -49.000000
v -10.000000 36.019135 -48.227077
v -10.000000 37.989304 -47.206940
v -10.000000 49.970001 -50.000000
v -10.000000 49.970001 -50.000000
v -10.000000 37.989304 -47.206940
v -10.000000 39.748154 -45.778164
v -10.000000 49.970001 -50.000000
v -10.000000 39.748154 -45.778164
v -10.000000 41.176750 -44.019215
v -10.000000 41.176750 -44.019215
v -10.000000 42.197662 -42.049042
v -10.000000 49.970001 -50.000000
v -10.000000 49.970001 -50.000000
v -10.000000 42.197662 -42.049042
v -10.000000 42.786354 -40.001595
v -10.000000 49.970001 -50.000000
v -10.000000 42.786354 -40.001595
v -10.000000 42.970001 -38.000000
v -10.000000 42.970001 -38.000000
v -10.000000 42.970001 43.938004
v -10.000000 49.970001 -50.000000
v -10.000000 42.197075 47.987137
v -10.000000 41.176933 49.957298
v -10.000000 49.970001 61.938004
v -10.000000 49.970001 61.938004
v -10.000000 41.176933 49.957298
v -10.000000 39.748161 51.716156
v -10.000000 49.970001 61.938004
v -10.000000 39.748161 51.716156
v -10.000000 37.989212 53.144753
v -10.000000 37.989212 53.144753
v -10.000000 36.019043 54.165665
v -10.000000 49.970001 61.938004
v -10.000000 49.970001 61.938004
v -10.000000 36.019043 54.165665
v -10.000000 33.971596 54.754356
v -10.000000 49.970001 61.938004
v -10.000000 33.971596 54.754356
v -10.000000 31.970001 54.938004
v -10.000000 31.970001 54.938004
v -10.000000 -59.970001 54.938004
v -10.000000 49.970001 61.938004
v -9.000000 31.970001 53.938004
v -9.000000 -59.970001 53.938004
v -9.500000 31.970001 54.438004
v -9.500000 31.970001 54.438004
v -9.000000 -59.970001 53.938004
v -10.000000 -59.970001 54.938004
v -9.500000 31.970001 54.438004
v -10.000000 -59.970001 54.938004
v -10.000000 31.970001 54.938004
v -9.500000 31.970001 54.438004
v -10.000000 31.970001 54.938004
v -9.500000 33.880615 54.262703
v -9.500000 33.880615 54.262703
v -10.000000 31.970001 54.938004
v -10.000000 33.971596 54.754356
v -9.500000 33.880615 54.262703
v -10.000000 33.971596 54.754356
v -9.500000 35.834991 53.700775
v -9.500000 35.834991 53.700775
v -10.000000 33.971596 54.754356
v -10.000000 36.019043 54.165665
v -9.500000 35.834991 53.700775
v -10.000000 36.019043 54.165665
v -9.500000 37.715599 52.726273
v -9.500000 37.715599 52.726273
v -10.000000 36.019043 54.165665
v -10.000000 37.989212 53.144753
v -9.500000 37.715599 52.726273
v -10.000000 37.989212 53.144753
v -9.500000 39.394608 51.362602
v -9.500000 39.394608 51.362602
v -10.000000 37.989212 53.144753
v -10.000000 39.748161 51.716156
v -9.500000 39.394608 51.362602
v -10.000000 39.748161 51.716156
v -9.500000 40.758438 49.683693
v -9.500000 40.758438 49.683693
v -10.000000 39.748161 51.716156
v -10.000000 41.176933 49.957298
v -9.500000 40.758438 49.683693
v -10.000000 41.176933 49.957298
v -10.000000 42.197075 47.987137
v -9.500000 40.758438 49.683693
v -10.000000 42.197075 47.987137
v -9.500000 41.732262 47.802948
v -9.500000 41.732262 47.802948
v -10.000000 42.197075 47.987137
v -10.000000 42.786102 45.939865
v -9.500000 41.732262 47.802948
v -10.000000 42.786102 45.939865
v -9.500000 42.294487 45.848724
v -9.500000 42.294487 45.848724
v -10.000000 42.786102 45.939865
v -10.000000 42.970001 43.938004
v -9.500000 42.294487 45.848724
v -10.000000 42.970001 43.938004
v -9.500000 42.470001 43.938004
v -9.500000 42.470001 43.938004
v -10.000000 42.970001 43.938004
v -9.500000 42.470001 -10.687332
v -9.500000 42.470001 43.938004
v -9.500000 42.470001 -10.687332
v -9.000000 41.970001 43.938004
v -9.000000 41.970001 43.938004
v -9.500000 42.470001 -10.687332
v -9.000000 41.970001 -38.000000
v -9.000000 41.970001 -38.000000
v -9.500000 42.470001 -10.687332
v -9.500000 42.470001 -38.000000
v -9.000000 41.970001 -38.000000
v -9.500000 42.470001 -38.000000
v -9.000000 41.803055 -39.819630
v -9.000000 41.803055 -39.819630
v -9.500000 42.470001 -38.000000
v -9.500000 42.294701 -39.910614
v -9.000000 41.803055 -39.819630
v -9.500000 42.294701 -39.910614
v -9.000000 41.267883 -41.680946
v -9.000000 41.267883 -41.680946
v -9.500000 42.294701 -39.910614
v -9.500000 41.732773 -41.864994
v -9.000000 41.267883 -41.680946
v -9.500000 41.732773 -41.864994
v -9.000000 40.339951 -43.472099
v -9.000000 40.339951 -43.472099
v -9.500000 41.732773 -41.864994
v -9.500000 40.758270 -43.745602
v -9.000000 40.339951 -43.472099
v -9.500000 40.758270 -43.745602
v -9.500000 39.394600 -45.424606
v -9.500000 39.394600 -45.424606
v -9.500000 40.758270 -43.745602
v -10.000000 41.176750 -44.019215
v -9.500000 39.394600 -45.424606
v -10.000000 41.176750 -44.019215
v -10.000000 39.748154 -45.778164
v -10.000000 42.970001 43.938004
v -10.000000 42.970001 -38.000000
v -9.500000 42.470001 -10.687332
v -9.500000 42.470001 -10.687332
v -10.000000 42.970001 -38.000000
v -9.500000 42.470001 -38.000000
v -9.500000 42.470001 -38.000000
v -10.000000 42.970001 -38.000000
v -9.500000 42.294701 -39.910614
v -9.500000 42.294701 -39.910614
v -10.000000 42.970001 -38.000000
v -10.000000 42.786354 -40.001595
v -9.500000 42.294701 -39.910614
v -10.000000 42.786354 -40.001595
v -9.500000 41.732773 -41.864994
v -9.500000 41.732773 -41.864994
v -10.000000 42.786354 -40.001595
v -10.000000 42.197662 -42.049042
v -9.500000 41.732773 -41.864994
v -10.000000 42.197662 -42.049042
v -9.500000 40.758270 -43.745602
v -9.500000 40.758270 -43.745602
v -10.000000 42.197662 -42.049042
v -10.000000 41.176750 -44.019215
v -9.500000 39.394600 -45.424606
v -10.000000 39.748154 -45.778164
v -9.500000 37.715698 -46.788441
v -9.500000 37.715698 -46.788441
v -10.000000 39.748154 -45.778164
v -10.000000 37.989304 -47.206940
v -9.500000 37.715698 -46.788441
v -10.000000 37.989304 -47.206940
v -10.000000 36.019135 -48.227077
v -9.500000 37.715698 -46.788441
v -10.000000 36.019135 -48.227077
v -9.500000 35.834946 -47.762264
v -9.500000 35.834946 -47.762264
v -10.000000 36.019135 -48.227077
v -10.000000 33.971870 -48.816101
v -9.500000 35.834946 -47.762264
v -10.000000 33.971870 -48.816101
v -9.500000 33.880722 -48.324490
v -9.500000 33.880722 -48.324490
v -10.000000 33.971870 -48.816101
v -10.000000 31.970001 -49.000000
v -9.500000 33.880722 -48.324490
v -10.000000 31.970001 -49.000000
v -9.000000 31.970001 -48.000000
v -9.000000 31.970001 -48.000000
v -9.000000 33.789627 -47.833054
v -9.500000 33.880722 -48.324490
v -9.500000 33.880722 -48.324490
v -9.000000 33.789627 -47.833054
v -9.000000 35.650948 -47.297882
v -9.500000 33.880722 -48.324490
v -9.000000 35.650948 -47.297882
v -9.500000 35.834946 -47.762264
v -9.500000 35.834946 -47.762264
v -9.000000 35.650948 -47.297882
v -9.500000 37.715698 -46.788441
v -9.000000 35.650948 -47.297882
v -9.000000 37.442093 -46.369957
v -9.500000 37.715698 -46.788441
v -9.500000 37.715698 -46.788441
v -9.000000 37.442093 -46.369957
v -9.000000 39.041069 -45.071068
v -9.500000 37.715698 -46.788441
v -9.000000 39.041069 -45.071068
v -9.500000 39.394600 -45.424606
v -9.500000 39.394600 -45.424606
v -9.000000 39.041069 -45.071068
v -9.000000 40.339951 -43.472099
v -9.000000 41.970001 43.938004
v -9.000000 41.803055 45.757629
v -9.500000 42.470001 43.938004
v -9.500000 42.470001 43.938004
v -9.000000 41.803055 45.757629
v -9.500000 42.294487 45.848724
v -9.000000 41.803055 45.757629
v -9.000000 41.267883 47.618950
v -9.500000 42.294487 45.848724
v -9.500000 42.294487 45.848724
v -9.000000 41.267883 47.618950
v -9.500000 41.732262 47.802948
v -9.500000 41.732262 47.802948
v -9.000000 41.267883 47.618950
v -9.500000 40.758438 49.683693
v -9.500000 40.758438 49.683693
v -9.000000 41.267883 47.618950
v -9.000000 40.339951 49.410095
v -9.500000 40.758438 49.683693
v -9.000000 40.339951 49.410095
v -9.000000 39.041069 51.009071
v -9.500000 40.758438 49.683693
v -9.000000 39.041069 51.009071
v -9.500000 39.394608 51.362602
v -9.500000 39.394608 51.362602
v -9.000000 39.041069 51.009071
v -9.000000 37.442093 52.307953
v -9.500000 39.394608 51.362602
v -9.000000 37.442093 52.307953
v -9.500000 37.715599 52.726273
v -9.500000 37.715599 52.726273
v -9.000000 37.442093 52.307953
v -9.500000 35.834991 53.700775
v -9.000000 37.442093 52.307953
v -9.000000 35.650948 53.235886
v -9.500000 35.834991 53.700775
v -9.500000 35.834991 53.700775
v -9.000000 35.650948 53.235886
v -9.500000 33.880615 54.262703
v -9.000000 35.650948 53.235886
v -9.000000 33.789627 53.771057
v -9.500000 33.880615 54.262703
v -9.500000 33.880615 54.262703
v -9.000000 33.789627 53.771057
v -9.500000 31.970001 54.438004
v -9.000000 33.789627 53.771057
v -9.000000 31.970001 53.938004
v -9.500000 31.970001 54.438004
v -9.000000 -59.970001 -48.000000
v -9.000000 31.970001 -48.000000
v -9.500000 -59.970001 -48.500000
v -9.500000 -59.970001 -48.500000
v -9.000000 31.970001 -48.000000
v -10.000000 31.970001 -49.000000
v -9.500000 -59.970001 -48.500000
v -10.000000 31.970001 -49.000000
v -10.000000 -59.970001 -49.000000
v -9.500000 -59.970001 -48.500000
v -10.000000 -59.970001 -49.000000
v -9.500000 -61.880615 -48.324703
v -9.500000 -61.880615 -48.324703
v -10.000000 -59.970001 -49.000000
v -10.000000 -61.971596 -48.816357
v -9.500000 -61.880615 -48.324703
v -10.000000 -61.971596 -48.816357
v -9.500000 -63.834995 -47.762772
v -9.500000 -63.834995 -47.762772
v -10.000000 -61.971596 -48.816357
v -10.000000 -64.019043 -48.227669
v -9.500000 -63.834995 -47.762772
v -10.000000 -64.019043 -48.227669
v -9.500000 -65.715607 -46.788273
v -9.500000 -65.715607 -46.788273
v -10.000000 -64.019043 -48.227669
v -10.000000 -65.989220 -47.206757
v -9.500000 -65.715607 -46.788273
v -10.000000 -65.989220 -47.206757
v -9.500000 -67.394608 -45.424603
v -9.500000 -67.394608 -45.424603
v -10.000000 -65.989220 -47.206757
v -10.000000 -67.748161 -45.778152
v -9.500000 -67.394608 -45.424603
v -10.000000 -67.748161 -45.778152
v -9.500000 -68.758446 -43.745697
v -9.500000 -68.758446 -43.745697
v -10.000000 -67.748161 -45.778152
v -10.000000 -69.176941 -44.019302
v -9.500000 -68.758446 -43.745697
v -10.000000 -69.176941 -44.019302
v -10.000000 -70.197075 -42.049137
v -9.500000 -68.758446 -43.745697
v -10.000000 -70.197075 -42.049137
v -9.500000 -69.732269 -41.864948
v -9.500000 -69.732269 -41.864948
v -10.000000 -70.197075 -42.049137
v -10.000000 -70.786102 -40.001869
v -9.500000 -69.732269 -41.864948
v -10.000000 -70.786102 -40.001869
v -9.500000 -70.294487 -39.910725
v -9.500000 -70.294487 -39.910725
v -10.000000 -70.786102 -40.001869
v -10.000000 -70.970001 -38.000000
v -9.500000 -70.294487 -39.910725
v -10.000000 -70.970001 -38.000000
v -9.500000 -70.470001 -38.000000
v -9.500000 -70.470001 -38.000000
v -10.000000 -70.970001 -38.000000
v -9.500000 -70.470001 16.625336
v -9.500000 -70.470001 -38.000000
v -9.500000 -70.470001 16.625336
v -9.000000 -69.970001 -38.000000
v -9.000000 -69.970001 -38.000000
v -9.500000 -70.470001 16.625336
v -9.000000 -69.970001 43.938004
v -9.000000 -69.970001 43.938004
v -9.500000 -70.470001 16.625336
v -9.500000 -70.470001 43.938004
v -9.000000 -69.970001 43.938004
v -9.500000 -70.470001 43.938004
v -9.000000 -69.803055 45.757629
v -9.000000 -69.803055 45.757629
v -9.500000 -70.470001 43.938004
v -9.500000 -70.294708 45.848610
v -9.000000 -69.803055 45.757629
v -9.500000 -70.294708 45.848610
v -9.000000 -69.267883 47.618950
v -9.000000 -69.267883 47.618950
v -9.500000 -70.294708 45.848610
v -9.500000 -69.732773 47.802994
v -9.000000 -69.267883 47.618950
v -9.500000 -69.732773 47.802994
v -9.000000 -68.339958 49.410095
v -9.000000 -68.339958 49.410095
v -9.500000 -69.732773 47.802994
v -9.500000 -68.758278 49.683601
v -9.000000 -68.339958 49.410095
v -9.500000 -68.758278 49.683601
v -9.500000 -67.394608 51.362610
v -9.500000 -67.394608 51.362610
v -9.500000 -68.758278 49.683601
v -10.000000 -69.176758 49.957214
v -9.500000 -67.394608 51.362610
v -10.000000 -69.176758 49.957214
v -10.000000 -67.748154 51.716164
v -10.000000 -70.970001 -38.000000
v -10.000000 -70.970001 43.938004
v -9.500000 -70.470001 16.625336
v -9.500000 -70.470001 16.625336
v -10.000000 -70.970001 43.938004
v -9.500000 -70.470001 43.938004
v -9.500000 -70.470001 43.938004
v -10.000000 -70.970001 43.938004
v -9.500000 -70.294708 45.848610
v -9.500000 -70.294708 45.848610
v -10.000000 -70.970001 43.938004
v -10.000000 -70.786362 45.939598
v -9.500000 -70.294708 45.848610
v -10.000000 -70.786362 45.939598
v -9.500000 -69.732773 47.802994
v -9.500000 -69.732773 47.802994
v -10.000000 -70.786362 45.939598
v -10.000000 -70.197670 47.987045
v -9.500000 -69.732773 47.802994
v -10.000000 -70.197670 47.987045
v -9.500000 -68.758278 49.683601
v -9.500000 -68.758278 49.683601
v -10.000000 -70.197670 47.987045
v -10.000000 -69.176758 49.957214
v -9.500000 -67.394608 51.362610
v -10.000000 -67.748154 51.716164
v -9.500000 -65.715698 52.726440
v -9.500000 -65.715698 52.726440
v -10.000000 -67.748154 51.716164
v -10.000000 -65.989304 53.144936
v -9.500000 -65.715698 52.726440
v -10.000000 -65.989304 53.144936
v -10.000000 -64.019135 54.165077
v -9.500000 -65.715698 52.726440
v -10.000000 -64.019135 54.165077
v -9.500000 -63.834949 53.700264
v -9.500000 -63.834949 53.700264
v -10.000000 -64.019135 54.165077
v -10.000000 -61.971870 54.754105
v -9.500000 -63.834949 53.700264
v -10.000000 -61.971870 54.754105
v -9.500000 -61.880726 54.262489
v -9.500000 -61.880726 54.262489
v -10.000000 -61.971870 54.754105
v -10.000000 -59.970001 54.938004
v -9.500000 -61.880726 54.262489
v -10.000000 -59.970001 54.938004
v -9.000000 -59.970001 53.938004
v -9.000000 -59.970001 53.938004
v -9.000000 -61.789631 53.771057
v -9.500000 -61.880726 54.262489
v -9.500000 -61.880726 54.262489
v -9.000000 -61.789631 53.771057
v -9.000000 -63.650948 53.235886
v -9.500000 -61.880726 54.262489
v -9.000000 -63.650948 53.235886
v -9.500000 -63.834949 53.700264
v -9.500000 -63.834949 53.700264
v -9.000000 -63.650948 53.235886
v -9.500000 -65.715698 52.726440
v -9.000000 -63.650948 53.235886
v -9.000000 -65.442101 52.307953
v -9.500000 -65.715698 52.726440
v -9.500000 -65.715698 52.726440
v -9.000000 -65.442101 52.307953
v -9.000000 -67.041069 51.009071
v -9.500000 -65.715698 52.726440
v -9.000000 -67.041069 51.009071
v -9.500000 -67.394608 51.362610
v -9.500000 -67.394608 51.362610
v -9.000000 -67.041069 51.009071
v -9.000000 -68.339958 49.410095
v -9.000000 -69.970001 -38.000000
v -9.000000 -69.803055 -39.819630
v -9.500000 -70.470001 -38.000000
v -9.500000 -70.470001 -38.000000
v -9.000000 -69.803055 -39.819630
v -9.500000 -70.294487 -39.910725
v -9.000000 -69.803055 -39.819630
v -9.000000 -69.267883 -41.680946
v -9.500000 -70.294487 -39.910725
v -9.500000 -70.294487 -39.910725
v -9.000000 -69.267883 -41.680946
v -9.500000 -69.732269 -41.864948
v -9.500000 -69.732269 -41.864948
v -9.000000 -69.267883 -41.680946
v -9.500000 -68.758446 -43.745697
v -9.500000 -68.758446 -43.745697
v -9.000000 -69.267883 -41.680946
v -9.000000 -68.339958 -43.472099
v -9.500000 -68.758446 -43.745697
v -9.000000 -68.339958 -43.472099
v -9.000000 -67.041069 -45.071068
v -9.500000 -68.758446 -43.745697
v -9.000000 -67.041069 -45.071068
v -9.500000 -67.394608 -45.424603
v -9.500000 -67.394608 -45.424603
v -9.000000 -67.041069 -45.071068
v -9.000000 -65.442101 -46.369957
v -9.500000 -67.394608 -45.424603
v -9.000000 -65.442101 -46.369957
v -9.500000 -65.715607 -46.788273
v -9.500000 -65.715607 -46.788273
v -9.000000 -65.442101 -46.369957
v -9.500000 -63.834995 -47.762772
v -9.000000 -65.442101 -46.369957
v -9.000000 -63.650948 -47.297882
v -9.500000 -63.834995 -47.762772
v -9.500000 -63.834995 -47.762772
v -9.000000 -63.650948 -47.297882
v -9.500000 -61.880615 -48.324703
v -9.000000 -63.650948 -47.297882
v -9.000000 -61.789631 -47.833054
v -9.500000 -61.880615 -48.324703
v -9.500000 -61.880615 -48.324703
v -9.000000 -61.789631 -47.833054
v -9.500000 -59.970001 -48.500000
v -9.000000 -61.789631 -47.833054
v -9.000000 -59.970001 -48.000000
v -9.500000 -59.970001 -48.500000
v -9.000000 -69.970001 -38.000000
v -6.300000 -69.970001 -38.000000
v -9.000000 -69.803055 -39.819630
v -9.000000 -69.803055 -39.819630
v -6.300000 -69.970001 -38.000000
v -6.300000 -69.629257 -40.588188
v -9.000000 -69.803055 -39.819630
v -6.300000 -69.629257 -40.588188
v -9.000000 -69.267883 -41.680946
v -9.000000 -69.267883 -41.680946
v -6.300000 -69.629257 -40.588188
v -6.300000 -68.630257 -43.000000
v -9.000000 -69.267883 -41.680946
v -6.300000 -68.630257 -43.000000
v -9.000000 -68.339958 -43.472099
v -9.000000 -68.339958 -43.472099
v -6.300000 -68.630257 -43.000000
v -6.300000 -67.041069 -45.071068
v -9.000000 -68.339958 -43.472099
v -6.300000 -67.041069 -45.071068
v -9.000000 -67.041069 -45.071068
v -9.000000 -67.041069 -45.071068
v -6.300000 -67.041069 -45.071068
v -9.000000 -65.442101 -46.369957
v -9.000000 -65.442101 -46.369957
v -6.300000 -67.041069 -45.071068
v -6.300000 -64.970001 -46.660255
v -9.000000 -65.442101 -46.369957
v -6.300000 -64.970001 -46.660255
v -9.000000 -63.650948 -47.297882
v -9.000000 -63.650948 -47.297882
v -6.300000 -64.970001 -46.660255
v -6.300000 -62.558189 -47.659260
v -9.000000 -63.650948 -47.297882
v -6.300000 -62.558189 -47.659260
v -9.000000 -61.789631 -47.833054
v -9.000000 -61.789631 -47.833054
v -6.300000 -62.558189 -47.659260
v -6.300000 -59.970001 -48.000000
v -9.000000 -61.789631 -47.833054
v -6.300000 -59.970001 -48.000000
v -9.000000 -59.970001 -48.000000
v -6.300000 -59.970001 -48.000000
v -6.300000 31.970001 -48.000000
v -9.000000 -59.970001 -48.000000
v -9.000000 -59.970001 -48.000000
v -6.300000 31.970001 -48.000000
v -9.000000 31.970001 -48.000000
v -9.000000 31.970001 -48.000000
v -6.300000 31.970001 -48.000000
v -9.000000 33.789627 -47.833054
v -9.000000 33.789627 -47.833054
v -6.300000 31.970001 -48.000000
v -6.300000 34.558189 -47.659260
v -9.000000 33.789627 -47.833054
v -6.300000 34.558189 -47.659260
v -9.000000 35.650948 -47.297882
v -9.000000 35.650948 -47.297882
v -6.300000 34.558189 -47.659260
v -6.300000 36.970001 -46.660255
v -9.000000 35.650948 -47.297882
v -6.300000 36.970001 -46.660255
v -9.000000 37.442093 -46.369957
v -9.000000 37.442093 -46.369957
v -6.300000 36.970001 -46.660255
v -6.300000 39.041069 -45.071068
v -9.000000 37.442093 -46.369957
v -6.300000 39.041069 -45.071068
v -9.000000 39.041069 -45.071068
v -9.000000 39.041069 -45.071068
v -6.300000 39.041069 -45.071068
v -9.000000 40.339951 -43.472099
v -9.000000 40.339951 -43.472099
v -6.300000 39.041069 -45.071068
v -6.300000 40.630249 -43.000000
v -9.000000 40.339951 -43.472099
v -6.300000 40.630249 -43.000000
v -9.000000 41.267883 -41.680946
v -9.000000 41.267883 -41.680946
v -6.300000 40.630249 -43.000000
v -6.300000 41.629257 -40.588188
v -9.000000 41.267883 -41.680946
v -6.300000 41.629257 -40.588188
v -9.000000 41.803055 -39.819630
v -9.000000 41.803055 -39.819630
v -6.300000 41.629257 -40.588188
v -6.300000 41.970001 -38.000000
v -9.000000 41.803055 -39.819630
v -6.300000 41.970001 -38.000000
v -9.000000 41.970001 -38.000000
v -6.300000 41.970001 -38.000000
v -6.300000 41.970001 43.938004
v -9.000000 41.970001 -38.000000
v -9.000000 41.970001 -38.000000
v -6.300000 41.970001 43.938004
v -9.000000 41.970001 43.938004
v -9.000000 -59.970001 53.938004
v -6.300000 -59.970001 53.938004
v -9.000000 -61.789631 53.771057
v -9.000000 -61.789631 53.771057
v -6.300000 -59.970001 53.938004
v -6.300000 -62.558189 53.597260
v -9.000000 -61.789631 53.771057
v -6.300000 -62.558189 53.597260
v -9.000000 -63.650948 53.235886
v -9.000000 -63.650948 53.235886
v -6.300000 -62.558189 53.597260
v -6.300000 -64.970001 52.598251
v -9.000000 -63.650948 53.235886
v -6.300000 -64.970001 52.598251
v -9.000000 -65.442101 52.307953
v -9.000000 -65.442101 52.307953
v -6.300000 -64.970001 52.598251
v -6.300000 -67.041069 51.009071
v -9.000000 -65.442101 52.307953
v -6.300000 -67.041069 51.009071
v -9.000000 -67.041069 51.009071
v -9.000000 -67.041069 51.009071
v -6.300000 -67.041069 51.009071
v -9.000000 -68.339958 49.410095
v -9.000000 -68.339958 49.410095
v -6.300000 -67.041069 51.009071
v -6.300000 -68.630257 48.938004
v -9.000000 -68.339958 49.410095
v -6.300000 -68.630257 48.938004
v -9.000000 -69.267883 47.618950
v -9.000000 -69.267883 47.618950
v -6.300000 -68.630257 48.938004
v -6.300000 -69.629257 46.526192
v -9.000000 -69.267883 47.618950
v -6.300000 -69.629257 46.526192
v -9.000000 -69.803055 45.757629
v -9.000000 -69.803055 45.757629
v -6.300000 -69.629257 46.526192
v -6.300000 -69.970001 43.938004
v -9.000000 -69.803055 45.757629
v -6.300000 -69.970001 43.938004
v -9.000000 -69.970001 43.938004
v -6.300000 -69.970001 43.938004
v -6.300000 -69.970001 -38.000000
v -9.000000 -69.970001 43.938004
v -9.000000 -69.970001 43.938004
v -6.300000 -69.970001 -38.000000
v -9.000000 -69.970001 -38.000000
v -9.000000 41.970001 43.938004
v -6.300000 41.970001 43.938004
v -9.000000 41.803055 45.757629
v -9.000000 41.803055 45.757629
v -6.300000 41.970001 43.938004
v -6.300000 41.629257 46.526192
v -9.000000 41.803055 45.757629
v -6.300000 41.629257 46.526192
v -9.000000 41.267883 47.618950
v -9.000000 41.267883 47.618950
v -6.300000 41.629257 46.526192
v -6.300000 40.630249 48.938004
v -9.000000 41.267883 47.618950
v -6.300000 40.630249 48.938004
v -9.000000 40.339951 49.410095
v -9.000000 40.339951 49.410095
v -6.300000 40.630249 48.938004
v -6.300000 39.041069 51.009071
v -9.000000 40.339951 49.410095
v -6.300000 39.041069 51.009071
v -9.000000 39.041069 51.009071
v -9.000000 39.041069 51.009071
v -6.300000 39.041069 51.009071
v -9.000000 37.442093 52.307953
v -9.000000 37.442093 52.307953
v -6.300000 39.041069 51.009071
v -6.300000 36.970001 52.598251
v -9.000000 37.442093 52.307953
v -6.300000 36.970001 52.598251
v -9.000000 35.650948 53.235886
v -9.000000 35.650948 53.235886
v -6.300000 36.970001 52.598251
v -6.300000 34.558189 53.597260
v -9.000000 35.650948 53.235886
v -6.300000 34.558189 53.597260
v -9.000000 33.789627 53.771057
v -9.000000 33.789627 53.771057
v -6.300000 34.558189 53.597260
v -6.300000 31.970001 53.938004
v -9.000000 33.789627 53.771057
v -6.300000 31.970001 53.938004
v -9.000000 31.970001 53.938004
v -6.300000 31.970001 53.938004
v -6.300000 -59.970001 53.938004
v -9.000000 31.970001 53.938004
v -9.000000 31.970001 53.938004
v -6.300000 -59.970001 53.938004
v -9.000000 -59.970001 53.938004
v 9.000000 31.970001 -48.000000
v 9.000000 33.789627 -47.833054
v 6.300000 31.970001 -48.000000
v 6.300000 31.970001 -48.000000
v 9.000000 33.789627 -47.833054
v 6.300000 34.558189 -47.659260
v 6.300000 34.558189 -47.659260
v 9.000000 33.789627 -47.833054
v 9.000000 35.650948 -47.297882
v 6.300000 34.558189 -47.659260
v 9.000000 35.650948 -47.297882
v 6.300000 36.970001 -46.660255
v 6.300000 36.970001 -46.660255
v 9.000000 35.650948 -47.297882
v 9.000000 37.442093 -46.369957
v 6.300000 36.970001 -46.660255
v 9.000000 37.442093 -46.369957
v 6.300000 39.041069 -45.071068
v 6.300000 39.041069 -45.071068
v 9.000000 37.442093 -46.369957
v 9.000000 39.041069 -45.071068
v 6.300000 39.041069 -45.071068
v 9.000000 39.041069 -45.071068
v 9.000000 40.339951 -43.472099
v 6.300000 39.041069 -45.071068
v 9.000000 40.339951 -43.472099
v 6.300000 40.630249 -43.000000
v 6.300000 40.630249 -43.000000
v 9.000000 40.339951 -43.472099
v 9.000000 41.267883 -41.680946
v 6.300000 40.630249 -43.000000
v 9.000000 41.267883 -41.680946
v 6.300000 41.629257 -40.588188
v 6.300000 41.629257 -40.588188
v 9.000000 41.267883 -41.680946
v 9.000000 41.803055 -39.819630
v 6.300000 41.629257 -40.588188
v 9.000000 41.803055 -39.819630
v 6.300000 41.970001 -38.000000
v 6.300000 41.970001 -38.000000
v 9.000000 41.803055 -39.819630
v 9.000000 41.970001 -38.000000
v 9.000000 -59.970001 -48.000000
v 9.000000 31.970001 -48.000000
v 6.300000 -59.970001 -48.000000
v 6.300000 -59.970001 -48.000000
v 9.000000 31.970001 -48.000000
v 6.300000 31.970001 -48.000000
v 9.000000 -69.970001 -38.000000
v 9.000000 -69.803055 -39.819630
v 6.300000 -69.970001 -38.000000
v 6.300000 -69.970001 -38.000000
v 9.000000 -69.803055 -39.819630
v 6.300000 -69.629257 -40.588188
v 6.300000 -69.629257 -40.588188
v 9.000000 -69.803055 -39.819630
v 9.000000 -69.267883 -41.680946
v 6.300000 -69.629257 -40.588188
v 9.000000 -69.267883 -41.680946
v 6.300000 -68.630257 -43.000000
v 6.300000 -68.630257 -43.000000
v 9.000000 -69.267883 -41.680946
v 9.000000 -68.339958 -43.472099
v 6.300000 -68.630257 -43.000000
v 9.000000 -68.339958 -43.472099
v 6.300000 -67.041069 -45.071068
v 6.300000 -67.041069 -45.071068
v 9.000000 -68.339958 -43.472099
v 9.000000 -67.041069 -45.071068
v 6.300000 -67.041069 -45.071068
v 9.000000 -67.041069 -45.071068
v 9.000000 -65.442101 -46.369957
v 6.300000 -67.041069 -45.071068
v 9.000000 -65.442101 -46.369957
v 6.300000 -64.970001 -46.660255
v 6.300000 -64.970001 -46.660255
v 9.000000 -65.442101 -46.369957
v 9.000000 -63.650948 -47.297882
v 6.300000 -64.970001 -46.660255
v 9.000000 -63.650948 -47.297882
v 6.300000 -62.558189 -47.659260
v 6.300000 -62.558189 -47.659260
v 9.000000 -63.650948 -47.297882
v 9.000000 -61.789631 -47.833054
v 6.300000 -62.558189 -47.659260
v 9.000000 -61.789631 -47.833054
v 6.300000 -59.970001 -48.000000
v 6.300000 -59.970001 -48.000000
v 9.000000 -61.789631 -47.833054
v 9.000000 -59.970001 -48.000000
v 9.000000 -69.970001 43.938004
v 9.000000 -69.970001 -38.000000
v 6.300000 -69.970001 43.938004
v 6.300000 -69.970001 43.938004
v 9.000000 -69.970001 -38.000000
v 6.300000 -69.970001 -38.000000
v -10.000000 49.970001 61.938004
v -10.000000 -77.970001 61.938004
v 10.000000 49.970001 61.938004
v 10.000000 49.970001 61.938004
v -10.000000 -77.970001 61.938004
v 10.000000 -77.970001 61.938004
v -10.000000 -77.970001 61.938004
v -10.000000 -77.970001 -50.000000
v 10.000000 -77.970001 61.938004
v 10.000000 -77.970001 61.938004
v -10.000000 -77.970001 -50.000000
v 10.000000 -77.970001 -50.000000
v -6.300000 -59.970001 -48.000000
v -6.000000 -59.970001 -48.299999
v -6.300000 31.970001 -48.000000
v -6.300000 31.970001 -48.000000
v -6.000000 -59.970001 -48.299999
v -6.000000 31.970001 -48.299999
v -6.300000 31.970001 53.938004
v -6.000000 31.970001 54.237999
v -6.300000 -59.970001 53.938004
v -6.300000 -59.970001 53.938004
v -6.000000 31.970001 54.237999
v -6.000000 -59.970001 54.237999
v -6.000000 -59.970001 54.237999
v -6.000000 -62.635838 53.887039
v -6.300000 -59.970001 53.938004
v -6.300000 -59.970001 53.938004
v -6.000000 -62.635838 53.887039
v -6.300000 -62.558189 53.597260
v -6.300000 -62.558189 53.597260
v -6.000000 -62.635838 53.887039
v -6.000000 -65.120003 52.858063
v -6.300000 -62.558189 53.597260
v -6.000000 -65.120003 52.858063
v -6.300000 -64.970001 52.598251
v -6.300000 -64.970001 52.598251
v -6.000000 -65.120003 52.858063
v -6.000000 -67.253204 51.221199
v -6.300000 -64.970001 52.598251
v -6.000000 -67.253204 51.221199
v -6.300000 -67.041069 51.009071
v -6.300000 -67.041069 51.009071
v -6.000000 -67.253204 51.221199
v -6.000000 -68.890060 49.087997
v -6.300000 -67.041069 51.009071
v -6.000000 -68.890060 49.087997
v -6.300000 -68.630257 48.938004
v -6.300000 -68.630257 48.938004
v -6.000000 -68.890060 49.087997
v -6.000000 -69.919037 46.603836
v -6.300000 -68.630257 48.938004
v -6.000000 -69.919037 46.603836
v -6.300000 -69.629257 46.526192
v -6.300000 -69.629257 46.526192
v -6.000000 -69.919037 46.603836
v -6.000000 -70.270004 43.938004
v -6.300000 -69.629257 46.526192
v -6.000000 -70.270004 43.938004
v -6.300000 -69.970001 43.938004
v -6.300000 -69.970001 43.938004
v -6.000000 -70.270004 43.938004
v -6.300000 -69.970001 -38.000000
v -6.300000 -69.970001 -38.000000
v -6.000000 -70.270004 43.938004
v -6.000000 -70.270004 -38.000000
v -6.000000 -70.270004 -38.000000
v -6.000000 -69.919037 -40.665836
v -6.300000 -69.970001 -38.000000
v -6.300000 -69.970001 -38.000000
v -6.000000 -69.919037 -40.665836
v -6.300000 -69.629257 -40.588188
v -6.300000 -69.629257 -40.588188
v -6.000000 -69.919037 -40.665836
v -6.000000 -68.890060 -43.150002
v -6.300000 -69.629257 -40.588188
v -6.000000 -68.890060 -43.150002
v -6.300000 -68.630257 -43.000000
v -6.300000 -68.630257 -43.000000
v -6.000000 -68.890060 -43.150002
v -6.000000 -67.253204 -45.283199
v -6.300000 -68.630257 -43.000000
v -6.000000 -67.253204 -45.283199
v -6.300000 -67.041069 -45.071068
v -6.300000 -67.041069 -45.071068
v -6.000000 -67.253204 -45.283199
v -6.000000 -65.120003 -46.920063
v -6.300000 -67.041069 -45.071068
v -6.000000 -65.120003 -46.920063
v -6.300000 -64.970001 -46.660255
v -6.300000 -64.970001 -46.660255
v -6.000000 -65.120003 -46.920063
v -6.000000 -62.635838 -47.949036
v -6.300000 -64.970001 -46.660255
v -6.000000 -62.635838 -47.949036
v -6.300000 -62.558189 -47.659260
v -6.300000 -62.558189 -47.659260
v -6.000000 -62.635838 -47.949036
v -6.000000 -59.970001 -48.299999
v -6.300000 -62.558189 -47.659260
v -6.000000 -59.970001 -48.299999
v -6.300000 -59.970001 -48.000000
v -6.000000 -75.970001 -49.000000
v -6.000000 -70.270004 43.938004
v -6.000000 -75.970001 54.938004
v -6.000000 -75.970001 54.938004
v -6.000000 -70.270004 43.938004
v -6.000000 -69.919037 46.603836
v -6.000000 -75.970001 54.938004
v -6.000000 -69.919037 46.603836
v -6.000000 -68.890060 49.087997
v -6.000000 47.970001 -49.000000
v -6.000000 -59.970001 -48.299999
v -6.000000 -75.970001 -49.000000
v -6.000000 -75.970001 -49.000000
v -6.000000 -59.970001 -48.299999
v -6.000000 -62.635838 -47.949036
v -6.000000 -75.970001 -49.000000
v -6.000000 -62.635838 -47.949036
v -6.000000 -65.120003 -46.920063
v -6.000000 47.970001 54.938004
v -6.000000 42.269997 43.938004
v -6.000000 47.970001 -49.000000
v -6.000000 47.970001 -49.000000
v -6.000000 42.269997 43.938004
v -6.000000 42.269997 -38.000000
v -6.000000 47.970001 -49.000000
v -6.000000 42.269997 -38.000000
v -6.000000 41.919037 -40.665836
v -6.000000 -75.970001 54.938004
v -6.000000 31.970001 54.237999
v -6.000000 47.970001 54.938004
v -6.000000 47.970001 54.938004
v -6.000000 31.970001 54.237999
v -6.000000 34.635834 53.887039
v -6.000000 47.970001 54.938004
v -6.000000 34.635834 53.887039
v -6.000000 37.119995 52.858063
v -6.000000 -65.120003 -46.920063
v -6.000000 -67.253204 -45.283199
v -6.000000 -75.970001 -49.000000
v -6.000000 -75.970001 -49.000000
v -6.000000 -67.253204 -45.283199
v -6.000000 -68.890060 -43.150002
v -6.000000 -75.970001 -49.000000
v -6.000000 -68.890060 -43.150002
v -6.000000 -69.919037 -40.665836
v -6.000000 -69.919037 -40.665836
v -6.000000 -70.270004 -38.000000
v -6.000000 -75.970001 -49.000000
v -6.000000 -75.970001 -49.000000
v -6.000000 -70.270004 -38.000000
v -6.000000 -70.270004 43.938004
v -6.000000 -68.890060 49.087997
v -6.000000 -67.253204 51.221199
v -6.000000 -75.970001 54.938004
v -6.000000 -75.970001 54.938004
v -6.000000 -67.253204 51.221199
v -6.000000 -65.120003 52.858063
v -6.000000 -75.970001 54.938004
v -6.000000 -65.120003 52.858063
v -6.000000 -62.635838 53.887039
v -6.000000 -62.635838 53.887039
v -6.000000 -59.970001 54.237999
v -6.000000 -75.970001 54.938004
v -6.000000 -75.970001 54.938004
v -6.000000 -59.970001 54.237999
v -6.000000 31.970001 54.237999
v -6.000000 37.119995 52.858063
v -6.000000 39.253197 51.221199
v -6.000000 47.970001 54.938004
v -6.000000 47.970001 54.938004
v -6.000000 39.253197 51.221199
v -6.000000 40.890060 49.087997
v -6.000000 47.970001 54.938004
v -6.000000 40.890060 49.087997
v -6.000000 41.919037 46.603836
v -6.000000 41.919037 46.603836
v -6.000000 42.269997 43.938004
v -6.000000 47.970001 54.938004
v -6.000000 41.919037 -40.665836
v -6.000000 40.890060 -43.150002
v -6.000000 47.970001 -49.000000
v -6.000000 47.970001 -49.000000
v -6.000000 40.890060 -43.150002
v -6.000000 39.253197 -45.283199
v -6.000000 47.970001 -49.000000
v -6.000000 39.253197 -45.283199
v -6.000000 37.119995 -46.920063
v -6.000000 37.119995 -46.920063
v -6.000000 34.635834 -47.949036
v -6.000000 47.970001 -49.000000
v -6.000000 47.970001 -49.000000
v -6.000000 34.635834 -47.949036
v -6.000000 31.970001 -48.299999
v -6.000000 47.970001 -49.000000
v -6.000000 31.970001 -48.299999
v -6.000000 -59.970001 -48.299999
v 9.000000 -59.970001 53.938004
v 9.000000 -61.789631 53.771057
v 6.300000 -59.970001 53.938004
v 6.300000 -59.970001 53.938004
v 9.000000 -61.789631 53.771057
v 6.300000 -62.558189 53.597260
v 6.300000 -62.558189 53.597260
v 9.000000 -61.789631 53.771057
v 9.000000 -63.650948 53.235886
v 6.300000 -62.558189 53.597260
v 9.000000 -63.650948 53.235886
v 6.300000 -64.970001 52.598251
v 6.300000 -64.970001 52.598251
v 9.000000 -63.650948 53.235886
v 9.000000 -65.442101 52.307953
v 6.300000 -64.970001 52.598251
v 9.000000 -65.442101 52.307953
v 6.300000 -67.041069 51.009071
v 6.300000 -67.041069 51.009071
v 9.000000 -65.442101 52.307953
v 9.000000 -67.041069 51.009071
v 6.300000 -67.041069 51.009071
v 9.000000 -67.041069 51.009071
v 9.000000 -68.339958 49.410095
v 6.300000 -67.041069 51.009071
v 9.000000 -68.339958 49.410095
v 6.300000 -68.630257 48.938004
v 6.300000 -68.630257 48.938004
v 9.000000 -68.339958 49.410095
v 9.000000 -69.267883 47.618950
v 6.300000 -68.630257 48.938004
v 9.000000 -69.267883 47.618950
v 6.300000 -69.629257 46.526192
v 6.300000 -69.629257 46.526192
v 9.000000 -69.267883 47.618950
v 9.000000 -69.803055 45.757629
v 6.300000 -69.629257 46.526192
v 9.000000 -69.803055 45.757629
v 6.300000 -69.970001 43.938004
v 6.300000 -69.970001 43.938004
v 9.000000 -69.803055 45.757629
v 9.000000 -69.970001 43.938004
v 9.000000 41.970001 -38.000000
v 9.000000 41.970001 43.938004
v 6.300000 41.970001 -38.000000
v 6.300000 41.970001 -38.000000
v 9.000000 41.970001 43.938004
v 6.300000 41.970001 43.938004
v 9.000000 31.970001 53.938004
v 9.000000 -59.970001 53.938004
v 6.300000 31.970001 53.938004
v 6.300000 31.970001 53.938004
v 9.000000 -59.970001 53.938004
v 6.300000 -59.970001 53.938004
v 6.000000 -59.970001 -48.299999
v 6.300000 -59.970001 -48.000000
v 6.000000 31.970001 -48.299999
v 6.000000 31.970001 -48.299999
v 6.300000 -59.970001 -48.000000
v 6.300000 31.970001 -48.000000
v 6.300000 31.970001 -48.000000
v 6.300000 34.558189 -47.659260
v 6.000000 31.970001 -48.299999
v 6.000000 31.970001 -48.299999
v 6.300000 34.558189 -47.659260
v 6.000000 34.635834 -47.949036
v 6.000000 34.635834 -47.949036
v 6.300000 34.558189 -47.659260
v 6.300000 36.970001 -46.660255
v 6.000000 34.635834 -47.949036
v 6.300000 36.970001 -46.660255
v 6.000000 37.119995 -46.920063
v 6.000000 37.119995 -46.920063
v 6.300000 36.970001 -46.660255
v 6.300000 39.041069 -45.071068
v 6.000000 37.119995 -46.920063
v 6.300000 39.041069 -45.071068
v 6.000000 39.253197 -45.283199
v 6.000000 39.253197 -45.283199
v 6.300000 39.041069 -45.071068
v 6.300000 40.630249 -43.000000
v 6.000000 39.253197 -45.283199
v 6.300000 40.630249 -43.000000
v 6.000000 40.890060 -43.150002
v 6.000000 40.890060 -43.150002
v 6.300000 40.630249 -43.000000
v 6.300000 41.629257 -40.588188
v 6.000000 40.890060 -43.150002
v 6.300000 41.629257 -40.588188
v 6.000000 41.919037 -40.665836
v 6.000000 41.919037 -40.665836
v 6.300000 41.629257 -40.588188
v 6.300000 41.970001 -38.000000
v 6.000000 41.919037 -40.665836
v 6.300000 41.970001 -38.000000
v 6.000000 42.269997 -38.000000
v 6.000000 42.269997 -38.000000
v 6.300000 41.970001 -38.000000
v 6.000000 42.269997 43.938004
v 6.000000 42.269997 43.938004
v 6.300000 41.970001 -38.000000
v 6.300000 41.970001 43.938004
v 6.300000 41.970001 43.938004
v 6.300000 41.629257 46.526192
v 6.000000 42.269997 43.938004
v 6.000000 42.269997 43.938004
v 6.300000 41.629257 46.526192
v 6.000000 41.919037 46.603836
v 6.000000 41.919037 46.603836
v 6.300000 41.629257 46.526192
v 6.300000 40.630249 48.938004
v 6.000000 41.919037 46.603836
v 6.300000 40.630249 48.938004
v 6.000000 40.890060 49.087997
v 6.000000 40.890060 49.087997
v 6.300000 40.630249 48.938004
v 6.300000 39.041069 51.009071
v 6.000000 40.890060 49.087997
v 6.300000 39.041069 51.009071
v 6.000000 39.253197 51.221199
v 6.000000 39.253197 51.221199
v 6.300000 39.041069 51.009071
v 6.300000 36.970001 52.598251
v 6.000000 39.253197 51.221199
v 6.300000 36.970001 52.598251
v 6.000000 37.119995 52.858063
v 6.000000 37.119995 52.858063
v 6.300000 36.970001 52.598251
v 6.300000 34.558189 53.597260
v 6.000000 37.119995 52.858063
v 6.300000 34.558189 53.597260
v 6.000000 34.635834 53.887039
v 6.000000 34.635834 53.887039
v 6.300000 34.558189 53.597260
v 6.300000 31.970001 53.938004
v 6.000000 34.635834 53.887039
v 6.300000 31.970001 53.938004
v 6.000000 31.970001 54.237999
v 6.000000 31.970001 54.237999
v 6.300000 31.970001 53.938004
v 6.000000 -59.970001 54.237999
v 6.000000 -59.970001 54.237999
v 6.300000 31.970001 53.938004
v 6.300000 -59.970001 53.938004
v 6.300000 -59.970001 53.938004
v 6.300000 -62.558189 53.597260
v 6.000000 -59.970001 54.237999
v 6.000000 -59.970001 54.237999
v 6.300000 -62.558189 53.597260
v 6.000000 -62.635838 53.887039
v 6.000000 -62.635838 53.887039
v 6.300000 -62.558189 53.597260
v 6.300000 -64.970001 52.598251
v 6.000000 -62.635838 53.887039
v 6.300000 -64.970001 52.598251
v 6.000000 -65.120003 52.858063
v 6.000000 -65.120003 52.858063
v 6.300000 -64.970001 52.598251
v 6.300000 -67.041069 51.009071
v 6.000000 -65.120003 52.858063
v 6.300000 -67.041069 51.009071
v 6.000000 -67.253204 51.221199
v 6.000000 -67.253204 51.221199
v 6.300000 -67.041069 51.009071
v 6.300000 -68.630257 48.938004
v 6.000000 -67.253204 51.221199
v 6.300000 -68.630257 48.938004
v 6.000000 -68.890060 49.087997
v 6.000000 -68.890060 49.087997
v 6.300000 -68.630257 48.938004
v 6.300000 -69.629257 46.526192
v 6.000000 -68.890060 49.087997
v 6.300000 -69.629257 46.526192
v 6.000000 -69.919037 46.603836
v 6.000000 -69.919037 46.603836
v 6.300000 -69.629257 46.526192
v 6.300000 -69.970001 43.938004
v 6.000000 -69.919037 46.603836
v 6.300000 -69.970001 43.938004
v 6.000000 -70.270004 43.938004
v 6.000000 -70.270004 43.938004
v 6.300000 -69.970001 43.938004
v 6.000000 -70.270004 -38.000000
v 6.000000 -70.270004 -38.000000
v 6.300000 -69.970001 43.938004
v 6.300000 -69.970001 -38.000000
v 6.300000 -69.970001 -38.000000
v 6.300000 -69.629257 -40.588188
v 6.000000 -70.270004 -38.000000
v 6.000000 -70.270004 -38.000000
v 6.300000 -69.629257 -40.588188
v 6.000000 -69.919037 -40.665836
v 6.000000 -69.919037 -40.665836
v 6.300000 -69.629257 -40.588188
v 6.300000 -68.630257 -43.000000
v 6.000000 -69.919037 -40.665836
v 6.300000 -68.630257 -43.000000
v 6.000000 -68.890060 -43.150002
v 6.000000 -68.890060 -43.150002
v 6.300000 -68.630257 -43.000000
v 6.300000 -67.041069 -45.071068
v 6.000000 -68.890060 -43.150002
v 6.300000 -67.041069 -45.071068
v 6.000000 -67.253204 -45.283199
v 6.000000 -67.253204 -45.283199
v 6.300000 -67.041069 -45.071068
v 6.300000 -64.970001 -46.660255
v 6.000000 -67.253204 -45.283199
v 6.300000 -64.970001 -46.660255
v 6.000000 -65.120003 -46.920063
v 6.000000 -65.120003 -46.920063
v 6.300000 -64.970001 -46.660255
v 6.300000 -62.558189 -47.659260
v 6.000000 -65.120003 -46.920063
v 6.300000 -62.558189 -47.659260
v 6.000000 -62.635838 -47.949036
v 6.000000 -62.635838 -47.949036
v 6.300000 -62.558189 -47.659260
v 6.300000 -59.970001 -48.000000
v 6.000000 -62.635838 -47.949036
v 6.300000 -59.970001 -48.000000
v 6.000000 -59.970001 -48.299999
v 9.000000 41.970001 43.938004
v 9.000000 41.803055 45.757629
v 6.300000 41.970001 43.938004
v 6.300000 41.970001 43.938004
v 9.000000 41.803055 45.757629
v 6.300000 41.629257 46.526192
v 6.300000 41.629257 46.526192
v 9.000000 41.803055 45.757629
v 9.000000 41.267883 47.618950
v 6.300000 41.629257 46.526192
v 9.000000 41.267883 47.618950
v 6.300000 40.630249 48.938004
v 6.300000 40.630249 48.938004
v 9.000000 41.267883 47.618950
v 9.000000 40.339951 49.410095
v 6.300000 40.630249 48.938004
v 9.000000 40.339951 49.410095
v 6.300000 39.041069 51.009071
v 6.300000 39.041069 51.009071
v 9.000000 40.339951 49.410095
v 9.000000 39.041069 51.009071
v 6.300000 39.041069 51.009071
v 9.000000 39.041069 51.009071
v 9.000000 37.442093 52.307953
v 6.300000 39.041069 51.009071
v 9.000000 37.442093 52.307953
v 6.300000 36.970001 52.598251
v 6.300000 36.970001 52.598251
v 9.000000 37.442093 52.307953
v 9.000000 35.650948 53.235886
v 6.300000 36.970001 52.598251
v 9.000000 35.650948 53.235886
v 6.300000 34.558189 53.597260
v 6.300000 34.558189 53.597260
v 9.000000 35.650948 53.235886
v 9.000000 33.789627 53.771057
v 6.300000 34.558189 53.597260
v 9.000000 33.789627 53.771057
v 6.300000 31.970001 53.938004
v 6.300000 31.970001 53.938004
v 9.000000 33.789627 53.771057
v 9.000000 31.970001 53.938004
v 10.000000 31.970001 54.938004
v 10.000000 -59.970001 54.938004
v 9.500000 31.970001 54.438004
v 9.500000 31.970001 54.438004
v 10.000000 -59.970001 54.938004
v 9.000000 -59.970001 53.938004
v 9.500000 31.970001 54.438004
v 9.000000 -59.970001 53.938004
v 9.000000 31.970001 53.938004
v 9.000000 31.970001 53.938004
v 9.000000 33.789627 53.771057
v 9.500000 31.970001 54.438004
v 9.500000 31.970001 54.438004
v 9.000000 33.789627 53.771057
v 9.500000 33.880615 54.262703
v 9.500000 31.970001 54.438004
v 9.500000 33.880615 54.262703
v 10.000000 31.970001 54.938004
v 10.000000 31.970001 54.938004
v 9.500000 33.880615 54.262703
v 10.000000 33.971596 54.754356
v 10.000000 33.971596 54.754356
v 9.500000 33.880615 54.262703
v 9.500000 35.834991 53.700775
v 10.000000 33.971596 54.754356
v 9.500000 35.834991 53.700775
v 10.000000 36.019043 54.165665
v 10.000000 36.019043 54.165665
v 9.500000 35.834991 53.700775
v 9.500000 37.715599 52.726273
v 10.000000 36.019043 54.165665
v 9.500000 37.715599 52.726273
v 10.000000 37.989212 53.144753
v 10.000000 37.989212 53.144753
v 9.500000 37.715599 52.726273
v 9.500000 39.394608 51.362602
v 10.000000 37.989212 53.144753
v 9.500000 39.394608 51.362602
v 10.000000 39.748161 51.716156
v 10.000000 39.748161 51.716156
v 9.500000 39.394608 51.362602
v 9.500000 40.758438 49.683693
v 10.000000 39.748161 51.716156
v 9.500000 40.758438 49.683693
v 10.000000 41.176933 49.957298
v 10.000000 41.176933 49.957298
v 9.500000 40.758438 49.683693
v 10.000000 42.197075 47.987137
v 10.000000 42.197075 47.987137
v 9.500000 40.758438 49.683693
v 9.500000 41.732262 47.802948
v 10.000000 42.197075 47.987137
v 9.500000 41.732262 47.802948
v 10.000000 42.786102 45.939865
v 10.000000 42.786102 45.939865
v 9.500000 41.732262 47.802948
v 9.500000 42.294487 45.848724
v 10.000000 42.786102 45.939865
v 9.500000 42.294487 45.848724
v 10.000000 42.970001 43.938004
v 10.000000 42.970001 43.938004
v 9.500000 42.294487 45.848724
v 9.500000 42.470001 43.938004
v 10.000000 42.970001 43.938004
v 9.500000 42.470001 43.938004
v 9.500000 42.470001 -10.687332
v 9.500000 42.470001 -10.687332
v 9.500000 42.470001 43.938004
v 9.000000 41.970001 43.938004
v 9.500000 42.470001 -10.687332
v 9.000000 41.970001 43.938004
v 9.000000 41.970001 -38.000000
v 9.000000 33.789627 53.771057
v 9.000000 35.650948 53.235886
v 9.500000 33.880615 54.262703
v 9.500000 33.880615 54.262703
v 9.000000 35.650948 53.235886
v 9.500000 35.834991 53.700775
v 9.000000 35.650948 53.235886
v 9.000000 37.442093 52.307953
v 9.500000 35.834991 53.700775
v 9.500000 35.834991 53.700775
v 9.000000 37.442093 52.307953
v 9.500000 37.715599 52.726273
v 9.500000 37.715599 52.726273
v 9.000000 37.442093 52.307953
v 9.500000 39.394608 51.362602
v 9.500000 39.394608 51.362602
v 9.000000 37.442093 52.307953
v 9.000000 39.041069 51.009071
v 9.500000 39.394608 51.362602
v 9.000000 39.041069 51.009071
v 9.500000 40.758438 49.683693
v 9.500000 40.758438 49.683693
v 9.000000 39.041069 51.009071
v 9.000000 40.339951 49.410095
v 9.500000 40.758438 49.683693
v 9.000000 40.339951 49.410095
v 9.000000 41.267883 47.618950
v 9.000000 41.803055 45.757629
v 9.500000 42.294487 45.848724
v 9.000000 41.267883 47.618950
v 9.000000 41.267883 47.618950
v 9.500000 42.294487 45.848724
v 9.500000 41.732262 47.802948
v 9.000000 41.267883 47.618950
v 9.500000 41.732262 47.802948
v 9.500000 40.758438 49.683693
v 9.500000 42.294487 45.848724
v 9.000000 41.803055 45.757629
v 9.500000 42.470001 43.938004
v 9.500000 42.470001 43.938004
v 9.000000 41.803055 45.757629
v 9.000000 41.970001 43.938004
v 9.500000 42.470001 -10.687332
v 9.000000 41.970001 -38.000000
v 9.500000 42.470001 -38.000000
v 9.500000 42.470001 -38.000000
v 9.000000 41.970001 -38.000000
v 9.000000 41.803055 -39.819630
v 9.500000 42.470001 -38.000000
v 9.000000 41.803055 -39.819630
v 9.500000 42.294701 -39.910614
v 9.500000 42.294701 -39.910614
v 9.000000 41.803055 -39.819630
v 9.000000 41.267883 -41.680946
v 9.500000 42.294701 -39.910614
v 9.000000 41.267883 -41.680946
v 9.500000 41.732773 -41.864994
v 9.500000 41.732773 -41.864994
v 9.000000 41.267883 -41.680946
v 9.000000 40.339951 -43.472099
v 9.500000 41.732773 -41.864994
v 9.000000 40.339951 -43.472099
v 9.500000 40.758270 -43.745602
v 9.500000 40.758270 -43.745602
v 9.000000 40.339951 -43.472099
v 9.500000 39.394600 -45.424606
v 9.500000 40.758270 -43.745602
v 9.500000 39.394600 -45.424606
v 10.000000 41.176750 -44.019215
v 10.000000 41.176750 -44.019215
v 9.500000 39.394600 -45.424606
v 10.000000 39.748154 -45.778164
v 10.000000 39.748154 -45.778164
v 9.500000 39.394600 -45.424606
v 9.500000 37.715698 -46.788441
v 10.000000 39.748154 -45.778164
v 9.500000 37.715698 -46.788441
v 10.000000 37.989304 -47.206940
v 10.000000 37.989304 -47.206940
v 9.500000 37.715698 -46.788441
v 10.000000 36.019135 -48.227077
v 10.000000 36.019135 -48.227077
v 9.500000 37.715698 -46.788441
v 9.500000 35.834946 -47.762264
v 10.000000 36.019135 -48.227077
v 9.500000 35.834946 -47.762264
v 10.000000 33.971870 -48.816101
v 10.000000 33.971870 -48.816101
v 9.500000 35.834946 -47.762264
v 9.500000 33.880722 -48.324490
v 10.000000 33.971870 -48.816101
v 9.500000 33.880722 -48.324490
v 10.000000 31.970001 -49.000000
v 10.000000 31.970001 -49.000000
v 9.500000 33.880722 -48.324490
v 9.000000 31.970001 -48.000000
v 9.000000 31.970001 -48.000000
v 9.500000 33.880722 -48.324490
v 9.000000 33.789627 -47.833054
v 9.000000 33.789627 -47.833054
v 9.500000 33.880722 -48.324490
v 9.000000 35.650948 -47.297882
v 9.000000 35.650948 -47.297882
v 9.500000 33.880722 -48.324490
v 9.500000 35.834946 -47.762264
v 9.000000 35.650948 -47.297882
v 9.500000 35.834946 -47.762264
v 9.500000 37.715698 -46.788441
v 9.000000 40.339951 -43.472099
v 9.000000 39.041069 -45.071068
v 9.500000 39.394600 -45.424606
v 9.500000 39.394600 -45.424606
v 9.000000 39.041069 -45.071068
v 9.500000 37.715698 -46.788441
v 9.000000 39.041069 -45.071068
v 9.000000 37.442093 -46.369957
v 9.500000 37.715698 -46.788441
v 9.500000 37.715698 -46.788441
v 9.000000 37.442093 -46.369957
v 9.000000 35.650948 -47.297882
v 10.000000 41.176750 -44.019215
v 10.000000 42.197662 -42.049042
v 9.500000 40.758270 -43.745602
v 9.500000 40.758270 -43.745602
v 10.000000 42.197662 -42.049042
v 9.500000 41.732773 -41.864994
v 10.000000 42.197662 -42.049042
v 10.000000 42.786354 -40.001595
v 9.500000 41.732773 -41.864994
v 9.500000 41.732773 -41.864994
v 10.000000 42.786354 -40.001595
v 9.500000 42.294701 -39.910614
v 10.000000 42.786354 -40.001595
v 10.000000 42.970001 -38.000000
v 9.500000 42.294701 -39.910614
v 9.500000 42.294701 -39.910614
v 10.000000 42.970001 -38.000000
v 9.500000 42.470001 -38.000000
v 9.500000 42.470001 -38.000000
v 10.000000 42.970001 -38.000000
v 9.500000 42.470001 -10.687332
v 9.500000 42.470001 -10.687332
v 10.000000 42.970001 -38.000000
v 10.000000 42.970001 43.938004
v 10.000000 -59.970001 -49.000000
v 10.000000 31.970001 -49.000000
v 9.500000 -59.970001 -48.500000
v 9.500000 -59.970001 -48.500000
v 10.000000 31.970001 -49.000000
v 9.000000 31.970001 -48.000000
v 9.500000 -59.970001 -48.500000
v 9.000000 31.970001 -48.000000
v 9.000000 -59.970001 -48.000000
v 9.000000 -59.970001 -48.000000
v 9.000000 -61.789631 -47.833054
v 9.500000 -59.970001 -48.500000
v 9.500000 -59.970001 -48.500000
v 9.000000 -61.789631 -47.833054
v 9.500000 -61.880615 -48.324703
v 9.500000 -59.970001 -48.500000
v 9.500000 -61.880615 -48.324703
v 10.000000 -59.970001 -49.000000
v 10.000000 -59.970001 -49.000000
v 9.500000 -61.880615 -48.324703
v 10.000000 -61.971596 -48.816357
v 10.000000 -61.971596 -48.816357
v 9.500000 -61.880615 -48.324703
v 9.500000 -63.834995 -47.762772
v 10.000000 -61.971596 -48.816357
v 9.500000 -63.834995 -47.762772
v 10.000000 -64.019043 -48.227669
v 10.000000 -64.019043 -48.227669
v 9.500000 -63.834995 -47.762772
v 9.500000 -65.715607 -46.788273
v 10.000000 -64.019043 -48.227669
v 9.500000 -65.715607 -46.788273
v 10.000000 -65.989220 -47.206757
v 10.000000 -65.989220 -47.206757
v 9.500000 -65.715607 -46.788273
v 9.500000 -67.394608 -45.424603
v 10.000000 -65.989220 -47.206757
v 9.500000 -67.394608 -45.424603
v 10.000000 -67.748161 -45.778152
v 10.000000 -67.748161 -45.778152
v 9.500000 -67.394608 -45.424603
v 9.500000 -68.758446 -43.745697
v 10.000000 -67.748161 -45.778152
v 9.500000 -68.758446 -43.745697
v 10.000000 -69.176941 -44.019302
v 10.000000 -69.176941 -44.019302
v 9.500000 -68.758446 -43.745697
v 10.000000 -70.197075 -42.049137
v 10.000000 -70.197075 -42.049137
v 9.500000 -68.758446 -43.745697
v 9.500000 -69.732269 -41.864948
v 10.000000 -70.197075 -42.049137
v 9.500000 -69.732269 -41.864948
v 10.000000 -70.786102 -40.001869
v 10.000000 -70.786102 -40.001869
v 9.500000 -69.732269 -41.864948
v 9.500000 -70.294487 -39.910725
v 10.000000 -70.786102 -40.001869
v 9.500000 -70.294487 -39.910725
v 10.000000 -70.970001 -38.000000
v 10.000000 -70.970001 -38.000000
v 9.500000 -70.294487 -39.910725
v 9.500000 -70.470001 -38.000000
v 10.000000 -70.970001 -38.000000
v 9.500000 -70.470001 -38.000000
v 9.500000 -70.470001 16.625336
v 9.500000 -70.470001 16.625336
v 9.500000 -70.470001 -38.000000
v 9.000000 -69.970001 -38.000000
v 9.500000 -70.470001 16.625336
v 9.000000 -69.970001 -38.000000
v 9.000000 -69.970001 43.938004
v 9.000000 -61.789631 -47.833054
v 9.000000 -63.650948 -47.297882
v 9.500000 -61.880615 -48.324703
v 9.500000 -61.880615 -48.324703
v 9.000000 -63.650948 -47.297882
v 9.500000 -63.834995 -47.762772
v 9.000000 -63.650948 -47.297882
v 9.000000 -65.442101 -46.369957
v 9.500000 -63.834995 -47.762772
v 9.500000 -63.834995 -47.762772
v 9.000000 -65.442101 -46.369957
v 9.500000 -65.715607 -46.788273
v 9.500000 -65.715607 -46.788273
v 9.000000 -65.442101 -46.369957
v 9.500000 -67.394608 -45.424603
v 9.500000 -67.394608 -45.424603
v 9.000000 -65.442101 -46.369957
v 9.000000 -67.041069 -45.071068
v 9.500000 -67.394608 -45.424603
v 9.000000 -67.041069 -45.071068
v 9.500000 -68.758446 -43.745697
v 9.500000 -68.758446 -43.745697
v 9.000000 -67.041069 -45.071068
v 9.000000 -68.339958 -43.472099
v 9.500000 -68.758446 -43.745697
v 9.000000 -68.339958 -43.472099
v 9.000000 -69.267883 -41.680946
v 9.000000 -69.803055 -39.819630
v 9.500000 -70.294487 -39.910725
v 9.000000 -69.267883 -41.680946
v 9.000000 -69.267883 -41.680946
v 9.500000 -70.294487 -39.910725
v 9.500000 -69.732269 -41.864948
v 9.000000 -69.267883 -41.680946
v 9.500000 -69.732269 -41.864948
v 9.500000 -68.758446 -43.745697
v 9.500000 -70.294487 -39.910725
v 9.000000 -69.803055 -39.819630
v 9.500000 -70.470001 -38.000000
v 9.500000 -70.470001 -38.000000
v 9.000000 -69.803055 -39.819630
v 9.000000 -69.970001 -38.000000
v 9.500000 -70.470001 16.625336
v 9.000000 -69.970001 43.938004
v 9.500000 -70.470001 43.938004
v 9.500000 -70.470001 43.938004
v 9.000000 -69.970001 43.938004
v 9.000000 -69.803055 45.757629
v 9.500000 -70.470001 43.938004
v 9.000000 -69.803055 45.757629
v 9.500000 -70.294708 45.848610
v 9.500000 -70.294708 45.848610
v 9.000000 -69.803055 45.757629
v 9.000000 -69.267883 47.618950
v 9.500000 -70.294708 45.848610
v 9.000000 -69.267883 47.618950
v 9.500000 -69.732773 47.802994
v 9.500000 -69.732773 47.802994
v 9.000000 -69.267883 47.618950
v 9.000000 -68.339958 49.410095
v 9.500000 -69.732773 47.802994
v 9.000000 -68.339958 49.410095
v 9.500000 -68.758278 49.683601
v 9.500000 -68.758278 49.683601
v 9.000000 -68.339958 49.410095
v 9.500000 -67.394608 51.362610
v 9.500000 -68.758278 49.683601
v 9.500000 -67.394608 51.362610
v 10.000000 -69.176758 49.957214
v 10.000000 -69.176758 49.957214
v 9.500000 -67.394608 51.362610
v 10.000000 -67.748154 51.716164
v 10.000000 -67.748154 51.716164
v 9.500000 -67.394608 51.362610
v 9.500000 -65.715698 52.726440
v 10.000000 -67.748154 51.716164
v 9.500000 -65.715698 52.726440
v 10.000000 -65.989304 53.144936
v 10.000000 -65.989304 53.144936
v 9.500000 -65.715698 52.726440
v 10.000000 -64.019135 54.165077
v 10.000000 -64.019135 54.165077
v 9.500000 -65.715698 52.726440
v 9.500000 -63.834949 53.700264
v 10.000000 -64.019135 54.165077
v 9.500000 -63.834949 53.700264
v 10.000000 -61.971870 54.754105
v 10.000000 -61.971870 54.754105
v 9.500000 -63.834949 53.700264
v 9.500000 -61.880726 54.262489
v 10.000000 -61.971870 54.754105
v 9.500000 -61.880726 54.262489
v 10.000000 -59.970001 54.938004
v 10.000000 -59.970001 54.938004
v 9.500000 -61.880726 54.262489
v 9.000000 -59.970001 53.938004
v 9.000000 -59.970001 53.938004
v 9.500000 -61.880726 54.262489
v 9.000000 -61.789631 53.771057
v 9.000000 -61.789631 53.771057
v 9.500000 -61.880726 54.262489
v 9.000000 -63.650948 53.235886
v 9.000000 -63.650948 53.235886
v 9.500000 -61.880726 54.262489
v 9.500000 -63.834949 53.700264
v 9.000000 -63.650948 53.235886
v 9.500000 -63.834949 53.700264
v 9.500000 -65.715698 52.726440
v 9.000000 -68.339958 49.410095
v 9.000000 -67.041069 51.009071
v 9.500000 -67.394608 51.362610
v 9.500000 -67.394608 51.362610
v 9.000000 -67.041069 51.009071
v 9.500000 -65.715698 52.726440
v 9.000000 -67.041069 51.009071
v 9.000000 -65.442101 52.307953
v 9.500000 -65.715698 52.726440
v 9.500000 -65.715698 52.726440
v 9.000000 -65.442101 52.307953
v 9.000000 -63.650948 53.235886
v 10.000000 -69.176758 49.957214
v 10.000000 -70.197670 47.987045
v 9.500000 -68.758278 49.683601
v 9.500000 -68.758278 49.683601
v 10.000000 -70.197670 47.987045
v 9.500000 -69.732773 47.802994
v 10.000000 -70.197670 47.987045
v 10.000000 -70.786362 45.939598
v 9.500000 -69.732773 47.802994
v 9.500000 -69.732773 47.802994
v 10.000000 -70.786362 45.939598
v 9.500000 -70.294708 45.848610
v 10.000000 -70.786362 45.939598
v 10.000000 -70.970001 43.938004
v 9.500000 -70.294708 45.848610
v 9.500000 -70.294708 45.848610
v 10.000000 -70.970001 43.938004
v 9.500000 -70.470001 43.938004
v 9.500000 -70.470001 43.938004
v 10.000000 -70.970001 43.938004
v 9.500000 -70.470001 16.625336
v 9.500000 -70.470001 16.625336
v 10.000000 -70.970001 43.938004
v 10.000000 -70.970001 -38.000000
v -6.000000 31.970001 -48.299999
v -6.000000 34.635834 -47.949036
v -6.300000 31.970001 -48.000000
v -6.300000 31.970001 -48.000000
v -6.000000 34.635834 -47.949036
v -6.300000 34.558189 -47.659260
v -6.300000 34.558189 -47.659260
v -6.000000 34.635834 -47.949036
v -6.000000 37.119995 -46.920063
v -6.300000 34.558189 -47.659260
v -6.000000 37.119995 -46.920063
v -6.300000 36.970001 -46.660255
v -6.300000 36.970001 -46.660255
v -6.000000 37.119995 -46.920063
v -6.000000 39.253197 -45.283199
v -6.300000 36.970001 -46.660255
v -6.000000 39.253197 -45.283199
v -6.300000 39.041069 -45.071068
v -6.300000 39.041069 -45.071068
v -6.000000 39.253197 -45.283199
v -6.000000 40.890060 -43.150002
v -6.300000 39.041069 -45.071068
v -6.000000 40.890060 -43.150002
v -6.300000 40.630249 -43.000000
v -6.300000 40.630249 -43.000000
v -6.000000 40.890060 -43.150002
v -6.000000 41.919037 -40.665836
v -6.300000 40.630249 -43.000000
v -6.000000 41.919037 -40.665836
v -6.300000 41.629257 -40.588188
v -6.300000 41.629257 -40.588188
v -6.000000 41.919037 -40.665836
v -6.000000 42.269997 -38.000000
v -6.300000 41.629257 -40.588188
v -6.000000 42.269997 -38.000000
v -6.300000 41.970001 -38.000000
v -6.300000 41.970001 -38.000000
v -6.000000 42.269997 -38.000000
v -6.300000 41.970001 43.938004
v -6.300000 41.970001 43.938004
v -6.000000 42.269997 -38.000000
v -6.000000 42.269997 43.938004
v -6.000000 42.269997 43.938004
v -6.000000 41.919037 46.603836
v -6.300000 41.970001 43.938004
v -6.300000 41.970001 43.938004
v -6.000000 41.919037 46.603836
v -6.300000 41.629257 46.526192
v -6.300000 41.629257 46.526192
v -6.000000 41.919037 46.603836
v -6.000000 40.890060 49.087997
v -6.300000 41.629257 46.526192
v -6.000000 40.890060 49.087997
v -6.300000 40.630249 48.938004
v -6.300000 40.630249 48.938004
v -6.000000 40.890060 49.087997
v -6.000000 39.253197 51.221199
v -6.300000 40.630249 48.938004
v -6.000000 39.253197 51.221199
v -6.300000 39.041069 51.009071
v -6.300000 39.041069 51.009071
v -6.000000 39.253197 51.221199
v -6.000000 37.119995 52.858063
v -6.300000 39.041069 51.009071
v -6.000000 37.119995 52.858063
v -6.300000 36.970001 52.598251
v -6.300000 36.970001 52.598251
v -6.000000 37.119995 52.858063
v -6.000000 34.635834 53.887039
v -6.300000 36.970001 52.598251
v -6.000000 34.635834 53.887039
v -6.300000 34.558189 53.597260
v -6.300000 34.558189 53.597260
v -6.000000 34.635834 53.887039
v -6.000000 31.970001 54.237999
v -6.300000 34.558189 53.597260
v -6.000000 31.970001 54.237999
v -6.300000 31.970001 53.938004
vn -0.0000 -0.0000 1.0000
vn -1.0000 -0.0000 -0.0000
vn -0.0000 -0.0000 -1.0000
vn 1.0000 -0.0000 -0.0000
vn -0.0000 1.0000 -0.0000
vn -0.7071 -0.0000 -0.7071
vn -0.7056 -0.0647 -0.7056
vn -0.7054 -0.1959 -0.6812
vn -0.7053 -0.3262 -0.6294
vn -0.7052 -0.4470 -0.5503
vn -0.7052 -0.4470 -0.5504
vn -0.7052 -0.5503 -0.4470
vn -0.7053 -0.6295 -0.3260
vn -0.7054 -0.6812 -0.1960
vn -0.7054 -0.6811 -0.1960
vn -0.7056 -0.7056 -0.0648
vn -0.7071 -0.7071 -0.0000
vn -0.7056 -0.7056 0.0647
vn -0.7054 -0.6812 0.1959
vn -0.7053 -0.6295 0.3261
vn -0.7052 -0.6296 0.3262
vn -0.7051 -0.5505 0.4471
vn -0.7052 -0.5503 0.4470
vn -0.7053 -0.6294 0.3262
vn -0.7052 -0.4470 0.5503
vn -0.7053 -0.3260 0.6295
vn -0.7054 -0.1960 0.6812
vn -0.7054 -0.1960 0.6811
vn -0.7056 -0.0648 0.7056
vn -0.7055 -0.0648 0.7058
vn -0.7053 -0.1959 0.6813
vn -0.7051 -0.1961 0.6815
vn -0.7050 -0.3261 0.6298
vn -0.7053 -0.3261 0.6295
vn -0.7052 -0.4471 0.5503
vn -0.7056 -0.7056 -0.0647
vn -0.7055 -0.7058 -0.0648
vn -0.7053 -0.6813 -0.1959
vn -0.7051 -0.6815 -0.1961
vn -0.7050 -0.6298 -0.3261
vn -0.7053 -0.6295 -0.3261
vn -0.7051 -0.4471 -0.5505
vn -0.7052 -0.3262 -0.6296
vn -0.7053 -0.3261 -0.6295
vn -0.7054 -0.1958 -0.6812
vn -0.7071 -0.0000 0.7071
vn -0.7056 0.0647 0.7056
vn -0.7054 0.1959 0.6812
vn -0.7053 0.3262 0.6294
vn -0.7052 0.4470 0.5503
vn -0.7052 0.5503 0.4470
vn -0.7053 0.6295 0.3260
vn -0.7054 0.6812 0.1960
vn -0.7054 0.6811 0.1960
vn -0.7056 0.7056 0.0648
vn -0.7071 0.7071 -0.0000
vn -0.7056 0.7056 -0.0647
vn -0.7054 0.6812 -0.1959
vn -0.7053 0.6295 -0.3261
vn -0.7052 0.6295 -0.3262
vn -0.7051 0.5505 -0.4471
vn -0.7052 0.5503 -0.4470
vn -0.7053 0.6294 -0.3262
vn -0.7052 0.4470 -0.5503
vn -0.7053 0.3260 -0.6295
vn -0.7054 0.1960 -0.6812
vn -0.7054 0.1960 -0.6811
vn -0.7056 0.0648 -0.7056
vn -0.7055 0.0648 -0.7058
vn -0.7053 0.1959 -0.6813
vn -0.7051 0.1961 -0.6815
vn -0.7050 0.3261 -0.6298
vn -0.7053 0.3261 -0.6295
vn -0.7056 0.7056 0.0647
vn -0.7055 0.7058 0.0648
vn -0.7053 0.6813 0.1959
vn -0.7051 0.6815 0.1961
vn -0.7050 0.6298 0.3261
vn -0.7053 0.6295 0.3261
vn -0.7051 0.4471 0.5504
vn -0.7052 0.3262 0.6296
vn -0.7053 0.3261 0.6295
vn -0.0000 0.9958 0.0914
vn -0.0267 0.9911 0.1305
vn 0.0168 0.9609 0.2763
vn -0.0312 0.9234 0.3825
vn 0.0150 0.8878 0.4599
vn -0.0211 0.7932 0.6086
vn -0.0000 0.7762 0.6305
vn -0.0000 0.6305 0.7762
vn -0.0211 0.6086 0.7932
vn 0.0150 0.4599 0.8878
vn -0.0312 0.3825 0.9234
vn 0.0168 0.2763 0.9609
vn -0.0267 0.1305 0.9911
vn -0.0000 0.0914 0.9958
vn -0.0000 -0.0914 0.9958
vn -0.0267 -0.1305 0.9911
vn 0.0168 -0.2763 0.9609
vn -0.0312 -0.3825 0.9234
vn 0.0150 -0.4599 0.8878
vn -0.0211 -0.6086 0.7932
vn -0.0000 -0.6305 0.7762
vn -0.0000 -0.7762 0.6305
vn -0.0211 -0.7932 0.6086
vn 0.0150 -0.8878 0.4599
vn -0.0312 -0.9234 0.3825
vn 0.0168 -0.9609 0.2763
vn -0.0267 -0.9911 0.1305
vn -0.0000 -0.9958 0.0914
vn -0.0000 -1.0000 -0.0000
vn -0.0000 0.0914 -0.9958
vn -0.0267 0.1305 -0.9911
vn 0.0168 0.2763 -0.9609
vn -0.0312 0.3825 -0.9234
vn 0.0150 0.4600 -0.8878
vn -0.0211 0.6086 -0.7932
vn -0.0000 0.6305 -0.7762
vn -0.0000 0.7762 -0.6305
vn -0.0211 0.7932 -0.6086
vn 0.0150 0.8878 -0.4599
vn -0.0312 0.9234 -0.3825
vn 0.0168 0.9609 -0.2763
vn -0.0267 0.9911 -0.1305
vn -0.0000 0.9958 -0.0914
vn -0.0000 -0.9958 -0.0914
vn -0.0267 -0.9911 -0.1305
vn 0.0168 -0.9609 -0.2763
vn -0.0312 -0.9234 -0.3825
vn 0.0150 -0.8878 -0.4599
vn -0.0211 -0.7932 -0.6086
vn -0.0000 -0.7762 -0.6305
vn -0.0000 -0.6305 -0.7762
vn -0.0211 -0.6086 -0.7932
vn 0.0150 -0.4600 -0.8878
vn -0.0312 -0.3825 -0.9234
vn 0.0168 -0.2763 -0.9609
vn -0.0267 -0.1305 -0.9911
vn -0.0000 -0.0914 -0.9958
vn 0.0267 -0.1305 0.9911
vn -0.0168 -0.2763 0.9609
vn 0.0312 -0.3825 0.9234
vn -0.0150 -0.4599 0.8878
vn 0.0211 -0.6086 0.7932
vn 0.0211 -0.7932 0.6086
vn -0.0150 -0.8878 0.4599
vn 0.0312 -0.9234 0.3825
vn -0.0168 -0.9609 0.2763
vn 0.0267 -0.9911 0.1305
vn 0.0267 0.9911 0.1305
vn -0.0168 0.9609 0.2763
vn 0.0312 0.9234 0.3825
vn -0.0150 0.8878 0.4599
vn 0.0211 0.7932 0.6086
vn 0.0211 0.6086 0.7932
vn -0.0150 0.4599 0.8878
vn 0.0312 0.3825 0.9234
vn -0.0168 0.2763 0.9609
vn 0.0267 0.1305 0.9911
vn 0.7071 -0.0000 0.7071
vn 0.7071 -0.0000 -0.7071
vn 0.7041 0.0927 -0.7041
vn 0.7041 0.2718 -0.6561
vn 0.7041 0.4323 -0.5634
vn 0.7041 0.5634 -0.4323
vn 0.7041 0.6561 -0.2718
vn 0.7041 0.7041 -0.0927
vn 0.7071 0.7071 -0.0000
vn 0.7041 0.7041 0.0927
vn 0.7041 0.6561 0.2718
vn 0.7041 0.5634 0.4323
vn 0.7041 0.4323 0.5634
vn 0.7041 0.2718 0.6561
vn 0.7041 0.0927 0.7041
vn 0.0267 0.1305 -0.9911
vn -0.0168 0.2763 -0.9609
vn 0.0312 0.3825 -0.9234
vn -0.0150 0.4600 -0.8878
vn 0.0211 0.6086 -0.7932
vn 0.0211 0.7932 -0.6086
vn -0.0150 0.8878 -0.4599
vn 0.0312 0.9234 -0.3825
vn -0.0168 0.9609 -0.2763
vn 0.0267 0.9911 -0.1305
vn -0.7041 -0.0927 0.7041
vn -0.7041 -0.2718 0.6561
vn -0.7040 -0.4323 0.5634
vn -0.7041 -0.4323 0.5634
vn -0.7041 -0.5634 0.4323
vn -0.7040 -0.6561 0.2718
vn -0.7041 -0.6561 0.2718
vn -0.7040 -0.7041 0.0927
vn -0.7041 -0.7041 0.0927
vn -0.7041 -0.7040 -0.0927
vn -0.7041 -0.7041 -0.0927
vn -0.7041 -0.6561 -0.2718
vn -0.7040 -0.5634 -0.4323
vn -0.7041 -0.5634 -0.4323
vn -0.7040 -0.4323 -0.5634
vn -0.7041 -0.4323 -0.5634
vn -0.7041 -0.2718 -0.6561
vn -0.7041 -0.0927 -0.7041
vn -0.7041 0.0927 -0.7041
vn -0.7041 0.2718 -0.6561
vn -0.7041 0.4323 -0.5634
vn -0.7041 0.5634 -0.4323
vn -0.7041 0.6561 -0.2718
vn -0.7041 0.7041 -0.0927
vn -0.7041 0.7041 0.0927
vn -0.7041 0.6561 0.2718
vn -0.7041 0.5634 0.4323
vn -0.7041 0.4323 0.5634
vn -0.7041 0.2718 0.6561
vn -0.7041 0.0927 0.7041
vn 0.0267 -0.9911 -0.1305
vn -0.0168 -0.9609 -0.2763
vn 0.0312 -0.9234 -0.3825
vn -0.0150 -0.8878 -0.4599
vn 0.0211 -0.7932 -0.6086
vn 0.0211 -0.6086 -0.7932
vn -0.0150 -0.4600 -0.8878
vn 0.0312 -0.3825 -0.9234
vn -0.0168 -0.2763 -0.9609
vn 0.0267 -0.1305 -0.9911
vn 0.7056 -0.0647 -0.7056
vn 0.7054 -0.1959 -0.6812
vn 0.7053 -0.3262 -0.6294
vn 0.7052 -0.4470 -0.5503
vn 0.7052 -0.4470 -0.5504
vn 0.7052 -0.5503 -0.4470
vn 0.7053 -0.6295 -0.3260
vn 0.7054 -0.6812 -0.1960
vn 0.7054 -0.6811 -0.1960
vn 0.7056 -0.7056 -0.0648
vn 0.7071 -0.7071 -0.0000
vn 0.7054 -0.1958 -0.6812
vn 0.7053 -0.3261 -0.6295
vn 0.7052 -0.3262 -0.6296
vn 0.7051 -0.4471 -0.5505
vn 0.7053 -0.6295 -0.3261
vn 0.7053 -0.6813 -0.1959
vn 0.7051 -0.6815 -0.1961
vn 0.7050 -0.6298 -0.3261
vn 0.7055 -0.7058 -0.0648
vn 0.7056 -0.7056 -0.0647
vn 0.7056 -0.7056 0.0647
vn 0.7054 -0.6812 0.1959
vn 0.7053 -0.6295 0.3261
vn 0.7052 -0.6296 0.3262
vn 0.7051 -0.5505 0.4471
vn 0.7052 -0.5503 0.4470
vn 0.7052 -0.4470 0.5503
vn 0.7053 -0.3260 0.6295
vn 0.7054 -0.1960 0.6812
vn 0.7054 -0.1960 0.6811
vn 0.7056 -0.0648 0.7056
vn 0.7055 -0.0648 0.7058
vn 0.7053 -0.1959 0.6813
vn 0.7051 -0.1961 0.6815
vn 0.7050 -0.3261 0.6298
vn 0.7053 -0.3261 0.6295
vn 0.7053 -0.6294 0.3262
vn 0.7056 0.0647 0.7056
vn 0.7054 0.1959 0.6812
vn 0.7053 0.3262 0.6294
vn 0.7052 0.4470 0.5503
vn 0.7052 0.5503 0.4470
vn 0.7053 0.6295 0.3260
vn 0.7054 0.6812 0.1960
vn 0.7054 0.6811 0.1960
vn 0.7056 0.7056 0.0648
vn 0.7053 0.3261 0.6295
vn 0.7052 0.3262 0.6296
vn 0.7051 0.4471 0.5504
vn 0.7053 0.6295 0.3261
vn 0.7053 0.6813 0.1959
vn 0.7051 0.6815 0.1961
vn 0.7050 0.6298 0.3261
vn 0.7055 0.7058 0.0648
vn 0.7056 0.7056 0.0647
vn 0.7056 0.7056 -0.0647
vn 0.7054 0.6812 -0.1959
vn 0.7053 0.6295 -0.3261
vn 0.7052 0.6295 -0.3262
vn 0.7051 0.5505 -0.4471
vn 0.7052 0.5503 -0.4470
vn 0.7052 0.4470 -0.5503
vn 0.7053 0.3260 -0.6295
vn 0.7054 0.1960 -0.6812
vn 0.7054 0.1960 -0.6811
vn 0.7056 0.0648 -0.7056
vn 0.7055 0.0648 -0.7058
vn 0.7053 0.1959 -0.6813
vn 0.7051 0.1961 -0.6815
vn 0.7050 0.3261 -0.6298
vn 0.7053 0.3261 -0.6295
vn 0.7053 0.6294 -0.3262
vn 0.7041 -0.0927 0.7041
vn 0.7041 -0.2718 0.6561
vn 0.7041 -0.4323 0.5634
vn 0.7041 -0.5634 0.4323
vn 0.7040 -0.5634 0.4323
vn 0.7041 -0.6561 0.2718
vn 0.7040 -0.7041 0.0927
vn 0.7041 -0.7040 0.0927
vn 0.7041 -0.7041 -0.0927
vn 0.7041 -0.6561 -0.2718
vn 0.7040 -0.5634 -0.4323
vn 0.7040 -0.4323 -0.5634
vn 0.7041 -0.4323 -0.5634
vn 0.7041 -0.2718 -0.6561
vn 0.7041 -0.0927 -0.7041
vt 0.643229 -0.692442
vt 0.643229 1.692441
vt 0.412322 -0.692442
vt 0.412322 1.692441
vt -0.258384 -0.582761
vt 1.318287 -0.582761
vt 1.529951 -0.692442
vt 1.369584 -0.576008
vt 1.417385 -0.556208
vt 1.458432 -0.524711
vt 1.489929 -0.483664
vt 1.509729 -0.435863
vt 1.516482 -0.384566
vt 1.516482 1.384566
vt 1.529951 1.692441
vt 1.509729 1.435862
vt 1.489929 1.483663
vt 1.458432 1.524710
vt 1.417385 1.556207
vt 1.369584 1.576007
vt 1.318287 1.582761
vt -0.258384 1.582761
vt -0.470048 1.692441
vt -0.309680 1.576007
vt -0.357481 1.556207
vt -0.398529 1.524710
vt -0.430026 1.483663
vt -0.449826 1.435862
vt -0.456579 1.384566
vt -0.456579 -0.384566
vt -0.470048 -0.692442
vt -0.449826 -0.435863
vt -0.430026 -0.483664
vt -0.398529 -0.524711
vt -0.357481 -0.556208
vt -0.309680 -0.576008
vt 1.526413 1.423086
vt 1.529951 1.384566
vt 1.549194 1.730926
vt 1.529951 -0.384566
vt 1.549194 -0.730926
vt 1.526418 -0.423081
vt 1.515090 -0.462479
vt 1.495446 -0.500389
vt 1.467956 -0.534235
vt 1.434112 -0.561728
vt 1.396201 -0.581358
vt 1.356807 -0.592692
vt 1.318287 -0.596231
vt -0.258384 -0.596231
vt -0.604744 -0.730926
vt -0.296899 -0.592697
vt -0.336296 -0.581369
vt -0.374207 -0.561725
vt -0.408053 -0.534235
vt -0.435546 -0.500391
vt -0.455176 -0.462481
vt -0.466510 -0.423086
vt -0.470048 -0.384566
vt -0.470048 1.384566
vt -0.604744 1.730926
vt -0.466515 1.423081
vt -0.455187 1.462478
vt -0.435542 1.500389
vt -0.408053 1.534235
vt -0.374209 1.561728
vt -0.336298 1.581357
vt -0.296904 1.592692
vt -0.258384 1.596230
vt 1.318287 1.596230
vt 1.356802 1.592696
vt 1.396200 1.581369
vt 1.434110 1.561724
vt 1.467956 1.534235
vt 1.495449 1.500390
vt 1.515079 1.462480
vt 0.335353 -0.730926
vt 0.335353 1.730926
vt 0.720198 -0.730926
vt 0.720198 1.730926
vt 0.335353 1.521419
vt 0.335353 -0.632519
vt 0.720198 1.521419
vt 0.720198 -0.632519
vt 0.354595 1.384566
vt 0.354595 -0.384566
vt 0.344974 1.384566
vt 0.335353 -0.384566
vt 0.335353 1.384566
vt 0.344974 1.421330
vt -0.457054 1.421330
vt -0.446241 1.458937
vt -0.427490 1.495124
vt -0.401250 1.527432
vt -0.368944 1.553675
vt -0.332754 1.572413
vt -0.295150 1.583232
vt 0.344974 -0.322925
vt 0.335353 -0.324679
vt 0.335353 -0.286159
vt 0.344974 -0.286159
vt 0.344974 0.764955
vt 0.354595 -0.286159
vt 0.354595 1.290512
vt 0.344974 1.290512
vt 0.354595 1.325526
vt 0.344974 1.327276
vt 1.353301 1.573776
vt 1.355051 1.583236
vt 1.389117 1.563478
vt 1.392658 1.572423
vt 1.423582 1.545622
vt 1.428845 1.553672
vt 1.461153 1.527431
vt 0.335353 1.290512
vt 1.487396 1.495126
vt 1.506135 1.458936
vt 1.516953 1.421332
vt 0.344974 1.421332
vt 0.335353 1.423086
vt 0.354595 1.419579
vt 1.507497 1.419579
vt 1.497199 1.455395
vt 1.479344 1.489861
vt 1.454350 1.520629
vt 0.354595 -0.321172
vt -0.293397 1.573776
vt -0.329213 1.563478
vt -0.363679 1.545622
vt -0.394447 1.520629
vt -0.419440 1.489861
vt -0.437296 1.455395
vt -0.447594 1.419579
vt 0.344974 -0.384566
vt 0.344974 -0.421330
vt 0.335353 -0.423081
vt 1.516957 -0.421330
vt 1.506145 -0.458937
vt 1.487393 -0.495124
vt 1.461153 -0.527432
vt 1.428847 -0.553675
vt 1.392657 -0.572414
vt 1.355054 -0.583232
vt 0.344974 1.327279
vt 0.335353 1.329032
vt 0.344974 0.239398
vt 0.344974 -0.322923
vt -0.293397 -0.573776
vt -0.295148 -0.583236
vt -0.329213 -0.563478
vt -0.332755 -0.572424
vt -0.363679 -0.545623
vt -0.368942 -0.553672
vt -0.401250 -0.527432
vt -0.427493 -0.495126
vt -0.446232 -0.458936
vt -0.457050 -0.421333
vt 0.344974 -0.421333
vt 0.335353 -0.423086
vt 0.354595 -0.419580
vt -0.447594 -0.419580
vt -0.437296 -0.455396
vt -0.419440 -0.489861
vt -0.394447 -0.520629
vt 1.353301 -0.573776
vt 1.389117 -0.563478
vt 1.423582 -0.545623
vt 1.454350 -0.520629
vt 1.479344 -0.489861
vt 1.497199 -0.455396
vt 1.507497 -0.419580
vt 0.406549 1.290512
vt 0.406549 1.340315
vt 0.354595 1.361342
vt 0.406549 1.386723
vt 0.354595 1.395808
vt 0.406549 1.426575
vt 0.354595 1.426575
vt 0.354595 -0.520629
vt 0.406549 -0.520629
vt 0.354595 -0.489861
vt 0.406549 -0.480777
vt 0.354595 -0.455396
vt 0.406549 -0.434369
vt 0.406549 -0.384566
vt 0.406549 1.384566
vt 0.406549 1.434368
vt 0.354595 1.455395
vt 0.406549 1.480777
vt 0.354595 1.489861
vt 0.406549 1.520629
vt 0.354595 1.520629
vt 0.406549 -0.286159
vt 0.354595 -0.422222
vt 0.406549 -0.422222
vt 0.354595 -0.391454
vt 0.406549 -0.382370
vt 0.354595 -0.356988
vt 0.406549 -0.335961
vt 0.700955 1.384566
vt 0.700955 1.419579
vt 0.649001 1.384566
vt 0.649001 1.434368
vt 0.700955 1.455395
vt 0.649001 1.480777
vt 0.700955 1.489861
vt 0.649001 1.520629
vt 0.700955 1.520629
vt 0.649001 1.426575
vt 0.700955 1.426575
vt 0.700955 1.395808
vt 0.649001 1.386723
vt 0.700955 1.361342
vt 0.649001 1.340315
vt 0.700955 1.325526
vt 0.649001 1.290512
vt 0.700955 1.290512
vt 0.700955 -0.384566
vt 0.649001 -0.384566
vt 0.649001 -0.520629
vt 0.700955 -0.520629
vt 0.700955 -0.489861
vt 0.649001 -0.480777
vt 0.700955 -0.455396
vt 0.649001 -0.434369
vt 0.700955 -0.419580
vt 0.700955 -0.286159
vt 0.649001 -0.286159
vt 0.412322 -0.384566
vt 0.412322 1.384566
vt 0.412322 -0.435863
vt -0.450806 -0.384566
vt -0.444250 -0.434369
vt -0.425026 -0.480777
vt -0.354595 -0.551209
vt -0.308186 -0.570432
vt 0.412322 -0.337455
vt 0.412322 -0.286159
vt 0.412322 1.290512
vt 0.412322 1.341809
vt 1.368090 -0.570432
vt 1.414498 -0.551209
vt 1.484930 -0.480777
vt 1.504153 -0.434369
vt 0.649001 -0.422222
vt 0.700955 -0.422222
vt 0.700955 -0.391454
vt 0.649001 -0.382370
vt 0.700955 -0.356988
vt 0.649001 -0.335961
vt 0.700955 -0.321172
vt 0.643229 -0.384566
vt 0.643229 1.384566
vt 0.643229 1.435862
vt 1.504153 1.434368
vt 1.484930 1.480777
vt 1.414498 1.551208
vt 1.368090 1.570431
vt 1.318287 1.576988
vt 0.643229 1.341809
vt 0.643229 1.290512
vt 0.643229 -0.286159
vt -0.308186 1.570431
vt -0.354595 1.551208
vt -0.425026 1.480777
vt -0.444250 1.434368
vt -0.450806 1.384566
vt 0.643229 -0.337455
vt 0.643229 -0.435863
vt 0.720198 1.384566
vt 0.720198 -0.384566
vt 0.710577 1.384566
vt 0.710577 1.421330
vt 0.720198 -0.324679
vt 0.710577 -0.322925
vt 0.720198 -0.286159
vt 0.710577 -0.286159
vt 0.710577 0.764955
vt 0.710577 1.290512
vt 0.710577 1.327276
vt 0.720198 1.423086
vt 0.710577 1.421332
vt 0.720198 1.290512
vt 0.710577 -0.384566
vt 0.710577 -0.421330
vt 0.720198 1.329032
vt 0.710577 1.327279
vt 0.710577 0.239398
vt 0.710577 -0.322923
vt 0.720198 -0.423086
vt 0.710577 -0.421333
vt 0.412322 1.435862
vt -0.258384 1.576988
s 0
f 4309/975/52 4310/976/52 4311/977/52
f 4312/977/52 4313/976/52 4314/978/52
f 4315/979/53 4316/980/53 4317/981/53
f 4318/981/53 4319/980/53 4320/982/53
f 4321/981/53 4322/982/53 4323/983/53
f 4324/983/53 4325/984/53 4326/981/53
f 4327/981/53 4328/984/53 4329/985/53
f 4330/981/53 4331/985/53 4332/986/53
f 4333/986/53 4334/987/53 4335/981/53
f 4336/981/53 4337/987/53 4338/988/53
f 4339/981/53 4340/988/53 4341/989/53
f 4342/989/53 4343/988/53 4344/990/53
f 4345/989/53 4346/990/53 4347/991/53
f 4348/991/53 4349/992/53 4350/989/53
f 4351/989/53 4352/992/53 4353/993/53
f 4354/989/53 4355/993/53 4356/994/53
f 4357/994/53 4358/995/53 4359/989/53
f 4360/989/53 4361/995/53 4362/996/53
f 4363/989/53 4364/996/53 4365/997/53
f 4366/997/53 4367/996/53 4368/998/53
f 4369/997/53 4370/998/53 4371/999/53
f 4372/999/53 4373/1000/53 4374/997/53
f 4375/997/53 4376/1000/53 4377/1001/53
f 4378/997/53 4379/1001/53 4380/1002/53
f 4381/1002/53 4382/1003/53 4383/997/53
f 4384/997/53 4385/1003/53 4386/1004/53
f 4387/997/53 4388/1004/53 4389/1005/53
f 4390/1005/53 4391/1004/53 4392/1006/53
f 4393/1005/53 4394/1006/53 4395/1007/53
f 4396/1007/53 4397/1008/53 4398/1005/53
f 4399/1005/53 4400/1008/53 4401/1009/53
f 4402/1005/53 4403/1009/53 4404/1010/53
f 4405/1010/53 4406/979/53 4407/1005/53
f 4408/1005/53 4409/979/53 4410/981/53
f 4411/977/54 4412/978/54 4413/975/54
f 4414/975/54 4415/978/54 4416/976/54
f 4417/1011/55 4418/1012/55 4419/1013/55
f 4420/1013/55 4421/1012/55 4422/1014/55
f 4423/1013/55 4424/1014/55 4425/1015/55
f 4426/1015/55 4427/1014/55 4428/1016/55
f 4429/1015/55 4430/1016/55 4431/1017/55
f 4432/1017/55 4433/1018/55 4434/1015/55
f 4435/1015/55 4436/1018/55 4437/1019/55
f 4438/1015/55 4439/1019/55 4440/1020/55
f 4441/1020/55 4442/1021/55 4443/1015/55
f 4444/1015/55 4445/1021/55 4446/1022/55
f 4447/1015/55 4448/1022/55 4449/1023/55
f 4450/1023/55 4451/1024/55 4452/1015/55
f 4453/1015/55 4454/1024/55 4455/1025/55
f 4456/1025/55 4457/1024/55 4458/1026/55
f 4459/1025/55 4460/1026/55 4461/1027/55
f 4462/1027/55 4463/1028/55 4464/1025/55
f 4465/1025/55 4466/1028/55 4467/1029/55
f 4468/1025/55 4469/1029/55 4470/1030/55
f 4471/1030/55 4472/1031/55 4473/1025/55
f 4474/1025/55 4475/1031/55 4476/1032/55
f 4477/1025/55 4478/1032/55 4479/1033/55
f 4480/1033/55 4481/1034/55 4482/1025/55
f 4483/1025/55 4484/1034/55 4485/1035/55
f 4486/1035/55 4487/1034/55 4488/1036/55
f 4489/1035/55 4490/1036/55 4491/1037/55
f 4492/1037/55 4493/1038/55 4494/1035/55
f 4495/1035/55 4496/1038/55 4497/1039/55
f 4498/1035/55 4499/1039/55 4500/1040/55
f 4501/1040/55 4502/1041/55 4503/1035/55
f 4504/1035/55 4505/1041/55 4506/1042/55
f 4507/1035/55 4508/1042/55 4509/1043/55
f 4510/1035/55 4511/1043/55 4512/1013/55
f 4513/1013/55 4514/1043/55 4515/1044/55
f 4516/1013/55 4517/1044/55 4518/1045/55
f 4519/1045/55 4520/1046/55 4521/1013/55
f 4522/1013/55 4523/1046/55 4524/1047/55
f 4525/1013/55 4526/1047/55 4527/1048/55
f 4528/1048/55 4529/1049/55 4530/1013/55
f 4531/1013/55 4532/1049/55 4533/1050/55
f 4534/1013/55 4535/1050/55 4536/1011/55
f 4537/1051/54 4538/1052/54 4539/1053/54
f 4540/1053/54 4541/1052/54 4542/1054/54
f 4543/1055/56 4544/1056/56 4545/1057/56
f 4546/1057/56 4547/1056/56 4548/1058/56
f 4549/1015/53 4550/1012/53 4551/1013/53
f 4552/1013/53 4553/1012/53 4554/1011/53
f 4555/1013/53 4556/1011/53 4557/1050/53
f 4558/1025/53 4559/1024/53 4560/1015/53
f 4561/1015/53 4562/1024/53 4563/1023/53
f 4564/1015/53 4565/1023/53 4566/1022/53
f 4567/1035/53 4568/1033/53 4569/1025/53
f 4570/1025/53 4571/1033/53 4572/1032/53
f 4573/1025/53 4574/1032/53 4575/1031/53
f 4576/1013/53 4577/1043/53 4578/1035/53
f 4579/1035/53 4580/1043/53 4581/1042/53
f 4582/1035/53 4583/1042/53 4584/1041/53
f 4585/1031/53 4586/1030/53 4587/1025/53
f 4588/1025/53 4589/1030/53 4590/1029/53
f 4591/1025/53 4592/1029/53 4593/1028/53
f 4594/1028/53 4595/1027/53 4596/1025/53
f 4597/1025/53 4598/1027/53 4599/1026/53
f 4600/1025/53 4601/1026/53 4602/1024/53
f 4603/1022/53 4604/1021/53 4605/1015/53
f 4606/1015/53 4607/1021/53 4608/1020/53
f 4609/1015/53 4610/1020/53 4611/1019/53
f 4612/1019/53 4613/1018/53 4614/1015/53
f 4615/1015/53 4616/1018/53 4617/1017/53
f 4618/1015/53 4619/1017/53 4620/1016/53
f 4621/1016/53 4622/1014/53 4623/1015/53
f 4624/1015/53 4625/1014/53 4626/1012/53
f 4627/1050/53 4628/1049/53 4629/1013/53
f 4630/1013/53 4631/1049/53 4632/1048/53
f 4633/1013/53 4634/1048/53 4635/1047/53
f 4636/1047/53 4637/1046/53 4638/1013/53
f 4639/1013/53 4640/1046/53 4641/1045/53
f 4642/1013/53 4643/1045/53 4644/1044/53
f 4645/1044/53 4646/1043/53 4647/1013/53
f 4648/1041/53 4649/1040/53 4650/1035/53
f 4651/1035/53 4652/1040/53 4653/1039/53
f 4654/1035/53 4655/1039/53 4656/1038/53
f 4657/1038/53 4658/1037/53 4659/1035/53
f 4660/1035/53 4661/1037/53 4662/1036/53
f 4663/1035/53 4664/1036/53 4665/1034/53
f 4666/1034/53 4667/1033/53 4668/1035/53
f 4669/1059/57 4670/1060/57 4671/1061/57
f 4672/1061/57 4673/1060/57 4674/1062/57
f 4675/1061/57 4676/1062/57 4677/1063/57
f 4678/1061/58 4679/1063/58 4680/1064/58
f 4681/1065/58 4682/1034/58 4683/1036/58
f 4684/1065/59 4685/1036/59 4686/1066/59
f 4687/1066/59 4688/1036/59 4689/1037/59
f 4690/1066/60 4691/1037/60 4692/1067/60
f 4693/1067/60 4694/1037/60 4695/1038/60
f 4696/1067/61 4697/1038/61 4698/1068/61
f 4699/1068/62 4700/1038/62 4701/1039/62
f 4702/1068/63 4703/1039/63 4704/1069/63
f 4705/1069/63 4706/1039/63 4707/1040/63
f 4708/1069/64 4709/1040/64 4710/1041/64
f 4711/1069/64 4712/1041/64 4713/1070/64
f 4714/1070/65 4715/1041/65 4716/1042/65
f 4717/1070/66 4718/1042/66 4719/1071/66
f 4720/1072/67 4721/1073/67 4722/1074/67
f 4723/1072/67 4724/1074/67 4725/1075/67
f 4726/1075/68 4727/1074/68 4728/1076/68
f 4729/1075/68 4730/1076/68 4731/1077/68
f 4732/1077/68 4733/1076/68 4734/1078/68
f 4735/1078/68 4736/1076/68 4737/1079/68
f 4738/1078/69 4739/1079/69 4740/1080/69
f 4741/1080/69 4742/1079/69 4743/1081/69
f 4744/1082/70 4745/1083/70 4746/1084/70
f 4747/1084/70 4748/1083/70 4749/1085/70
f 4750/1084/71 4751/1085/71 4752/1086/71
f 4753/1086/72 4754/1085/72 4755/1087/72
f 4756/1086/73 4757/1087/73 4758/1088/73
f 4759/1088/74 4760/1087/74 4761/1047/74
f 4762/1088/74 4763/1047/74 4764/1048/74
f 4765/1074/68 4766/1089/68 4767/1076/68
f 4768/1076/68 4769/1089/68 4770/1079/68
f 4771/1079/69 4772/1089/69 4773/1081/69
f 4774/1083/69 4775/1044/69 4776/1045/69
f 4777/1083/70 4778/1045/70 4779/1085/70
f 4780/1085/70 4781/1045/70 4782/1046/70
f 4783/1085/75 4784/1046/75 4785/1087/75
f 4786/1087/75 4787/1046/75 4788/1047/75
f 4789/1088/76 4790/1048/76 4791/1090/76
f 4792/1090/76 4793/1048/76 4794/1049/76
f 4795/1090/77 4796/1049/77 4797/1050/77
f 4798/1090/77 4799/1050/77 4800/1091/77
f 4801/1091/78 4802/1050/78 4803/1011/78
f 4804/1091/79 4805/1011/79 4806/1092/79
f 4807/1093/80 4808/1094/80 4809/1063/80
f 4810/1093/80 4811/1063/80 4812/1059/80
f 4813/1059/81 4814/1095/81 4815/1093/81
f 4816/1092/82 4817/1096/82 4818/1097/82
f 4819/1092/83 4820/1097/83 4821/1091/83
f 4822/1091/84 4823/1097/84 4824/1090/84
f 4825/1097/85 4826/1098/85 4827/1090/85
f 4828/1090/76 4829/1098/76 4830/1099/76
f 4831/1090/86 4832/1099/86 4833/1088/86
f 4834/1088/74 4835/1099/74 4836/1086/74
f 4837/1077/87 4838/1100/87 4839/1075/87
f 4840/1075/88 4841/1100/88 4842/1072/88
f 4843/1101/89 4844/1102/89 4845/1071/89
f 4846/1071/90 4847/1102/90 4848/1070/90
f 4849/1070/91 4850/1102/91 4851/1069/91
f 4852/1069/92 4853/1102/92 4854/1103/92
f 4855/1069/63 4856/1103/63 4857/1104/63
f 4858/1069/63 4859/1104/63 4860/1068/63
f 4861/1068/61 4862/1104/61 4863/1105/61
f 4864/1068/93 4865/1105/93 4866/1067/93
f 4867/1067/94 4868/1105/94 4869/1066/94
f 4870/1105/95 4871/1106/95 4872/1066/95
f 4873/1066/59 4874/1106/59 4875/1065/59
f 4876/1106/96 4877/1107/96 4878/1065/96
f 4879/1064/58 4880/1095/58 4881/1061/58
f 4882/1095/58 4883/1059/58 4884/1061/58
f 4885/1060/97 4886/1059/97 4887/1108/97
f 4888/1108/97 4889/1059/97 4890/1063/97
f 4891/1108/97 4892/1063/97 4893/1062/97
f 4894/1108/98 4895/1062/98 4896/1109/98
f 4897/1109/98 4898/1062/98 4899/1110/98
f 4900/1111/99 4901/1016/99 4902/1112/99
f 4903/1112/99 4904/1016/99 4905/1017/99
f 4906/1112/100 4907/1017/100 4908/1113/100
f 4909/1113/100 4910/1017/100 4911/1018/100
f 4912/1113/101 4913/1018/101 4914/1114/101
f 4915/1114/101 4916/1018/101 4917/1019/101
f 4918/1114/102 4919/1019/102 4920/1115/102
f 4921/1115/102 4922/1019/102 4923/1020/102
f 4924/1115/103 4925/1020/103 4926/1021/103
f 4927/1115/103 4928/1021/103 4929/1116/103
f 4930/1116/104 4931/1021/104 4932/1022/104
f 4933/1116/105 4934/1022/105 4935/1117/105
f 4936/1118/106 4937/1119/106 4938/1089/106
f 4939/1118/106 4940/1089/106 4941/1079/106
f 4942/1079/107 4943/1089/107 4944/1120/107
f 4945/1079/107 4946/1120/107 4947/1078/107
f 4948/1078/107 4949/1120/107 4950/1077/107
f 4951/1077/107 4952/1120/107 4953/1075/107
f 4954/1077/108 4955/1075/108 4956/1100/108
f 4957/1100/108 4958/1075/108 4959/1121/108
f 4960/1122/109 4961/1123/109 4962/1124/109
f 4963/1124/109 4964/1123/109 4965/1125/109
f 4966/1124/110 4967/1125/110 4968/1126/110
f 4969/1126/111 4970/1125/111 4971/1127/111
f 4972/1126/112 4973/1127/112 4974/1128/112
f 4975/1128/113 4976/1127/113 4977/1028/113
f 4978/1128/113 4979/1028/113 4980/1029/113
f 4981/1089/107 4982/1074/107 4983/1120/107
f 4984/1120/107 4985/1074/107 4986/1075/107
f 4987/1075/108 4988/1074/108 4989/1121/108
f 4990/1123/108 4991/1024/108 4992/1026/108
f 4993/1123/109 4994/1026/109 4995/1125/109
f 4996/1125/109 4997/1026/109 4998/1027/109
f 4999/1125/114 5000/1027/114 5001/1127/114
f 5002/1127/114 5003/1027/114 5004/1028/114
f 5005/1128/115 5006/1029/115 5007/1129/115
f 5008/1129/115 5009/1029/115 5010/1030/115
f 5011/1129/116 5012/1030/116 5013/1031/116
f 5014/1129/116 5015/1031/116 5016/1130/116
f 5017/1130/117 5018/1031/117 5019/1032/117
f 5020/1130/118 5021/1032/118 5022/1131/118
f 5023/1132/119 5024/1133/119 5025/1062/119
f 5026/1132/119 5027/1062/119 5028/1060/119
f 5029/1060/120 5030/1134/120 5031/1132/120
f 5032/1131/121 5033/1135/121 5034/1136/121
f 5035/1131/122 5036/1136/122 5037/1130/122
f 5038/1130/123 5039/1136/123 5040/1129/123
f 5041/1136/124 5042/1137/124 5043/1129/124
f 5044/1129/115 5045/1137/115 5046/1138/115
f 5047/1129/115 5048/1138/115 5049/1128/115
f 5050/1128/113 5051/1138/113 5052/1126/113
f 5053/1078/125 5054/1080/125 5055/1079/125
f 5056/1079/126 5057/1080/126 5058/1118/126
f 5059/1139/127 5060/1140/127 5061/1117/127
f 5062/1117/128 5063/1140/128 5064/1116/128
f 5065/1116/129 5066/1140/129 5067/1115/129
f 5068/1115/130 5069/1140/130 5070/1141/130
f 5071/1115/102 5072/1141/102 5073/1142/102
f 5074/1115/102 5075/1142/102 5076/1114/102
f 5077/1114/101 5078/1142/101 5079/1143/101
f 5080/1114/131 5081/1143/131 5082/1113/131
f 5083/1113/132 5084/1143/132 5085/1112/132
f 5086/1143/133 5087/1144/133 5088/1112/133
f 5089/1112/99 5090/1144/99 5091/1111/99
f 5092/1144/99 5093/1145/99 5094/1111/99
f 5095/1109/98 5096/1134/98 5097/1108/98
f 5098/1134/98 5099/1060/98 5100/1108/98
f 5101/1078/134 5102/1146/134 5103/1080/134
f 5104/1080/135 5105/1146/135 5106/1147/135
f 5107/1080/136 5108/1147/136 5109/1148/136
f 5110/1148/137 5111/1147/137 5112/1149/137
f 5113/1148/138 5114/1149/138 5115/1150/138
f 5116/1150/139 5117/1149/139 5118/1151/139
f 5119/1150/140 5120/1151/140 5121/1152/140
f 5122/1153/141 5123/1154/141 5124/1155/141
f 5125/1155/142 5126/1154/142 5127/1156/142
f 5128/1155/143 5129/1156/143 5130/1157/143
f 5131/1157/144 5132/1156/144 5133/1158/144
f 5134/1157/145 5135/1158/145 5136/1134/145
f 5137/1134/146 5138/1158/146 5139/1159/146
f 5140/1134/147 5141/1159/147 5142/1060/147
f 5143/1159/52 5144/1160/52 5145/1060/52
f 5146/1060/52 5147/1160/52 5148/1059/52
f 5149/1059/148 5150/1160/148 5151/1095/148
f 5152/1095/149 5153/1160/149 5154/1161/149
f 5155/1095/150 5156/1161/150 5157/1162/150
f 5158/1162/151 5159/1161/151 5160/1163/151
f 5161/1162/152 5162/1163/152 5163/1164/152
f 5164/1164/153 5165/1163/153 5166/1165/153
f 5167/1164/154 5168/1165/154 5169/1166/154
f 5170/1152/155 5171/1151/155 5172/1150/155
f 5173/1150/156 5174/1151/156 5175/1149/156
f 5176/1150/157 5177/1149/157 5178/1148/157
f 5179/1148/158 5180/1149/158 5181/1147/158
f 5182/1148/159 5183/1147/159 5184/1080/159
f 5185/1080/160 5186/1147/160 5187/1146/160
f 5188/1080/161 5189/1146/161 5190/1078/161
f 5191/1146/162 5192/1167/162 5193/1078/162
f 5194/1078/162 5195/1167/162 5196/1077/162
f 5197/1060/163 5198/1159/163 5199/1134/163
f 5200/1134/164 5201/1159/164 5202/1158/164
f 5203/1134/165 5204/1158/165 5205/1157/165
f 5206/1157/166 5207/1158/166 5208/1156/166
f 5209/1157/167 5210/1156/167 5211/1155/167
f 5212/1155/168 5213/1156/168 5214/1154/168
f 5215/1155/169 5216/1154/169 5217/1153/169
f 5218/1168/170 5219/1169/170 5220/1170/170
f 5221/1170/171 5222/1169/171 5223/1171/171
f 5224/1170/172 5225/1171/172 5226/1172/172
f 5227/1172/173 5228/1171/173 5229/1173/173
f 5230/1172/174 5231/1173/174 5232/1100/174
f 5233/1100/175 5234/1173/175 5235/1167/175
f 5236/1100/176 5237/1167/176 5238/1077/176
f 5239/1167/56 5240/1146/56 5241/1077/56
f 5242/1077/56 5243/1146/56 5244/1078/56
f 5245/1077/177 5246/1167/177 5247/1100/177
f 5248/1100/178 5249/1167/178 5250/1173/178
f 5251/1100/179 5252/1173/179 5253/1172/179
f 5254/1172/180 5255/1173/180 5256/1171/180
f 5257/1172/181 5258/1171/181 5259/1170/181
f 5260/1170/182 5261/1171/182 5262/1169/182
f 5263/1170/183 5264/1169/183 5265/1168/183
f 5266/1166/184 5267/1165/184 5268/1164/184
f 5269/1164/185 5270/1165/185 5271/1163/185
f 5272/1164/186 5273/1163/186 5274/1162/186
f 5275/1162/187 5276/1163/187 5277/1161/187
f 5278/1162/188 5279/1161/188 5280/1095/188
f 5281/1095/189 5282/1161/189 5283/1160/189
f 5284/1095/190 5285/1160/190 5286/1059/190
f 5287/1160/54 5288/1159/54 5289/1059/54
f 5290/1059/54 5291/1159/54 5292/1060/54
f 5293/1174/148 5294/1175/148 5295/1176/148
f 5296/1176/191 5297/1175/191 5298/1177/191
f 5299/1177/192 5300/1175/192 5301/1178/192
f 5302/1177/193 5303/1178/193 5304/1179/193
f 5305/1179/194 5306/1178/194 5307/1180/194
f 5308/1179/195 5309/1180/195 5310/1181/195
f 5311/1181/154 5312/1180/154 5313/1182/154
f 5314/1183/155 5315/1184/155 5316/1185/155
f 5317/1183/196 5318/1185/196 5319/1186/196
f 5320/1186/197 5321/1185/197 5322/1187/197
f 5323/1186/198 5324/1187/198 5325/1188/198
f 5326/1188/199 5327/1187/199 5328/1189/199
f 5329/1188/200 5330/1189/200 5331/1190/200
f 5332/1190/161 5333/1189/161 5334/1191/161
f 5335/1192/52 5336/1174/52 5337/1193/52
f 5338/1193/52 5339/1174/52 5340/1176/52
f 5341/1191/134 5342/1189/134 5343/1190/134
f 5344/1190/201 5345/1189/201 5346/1188/201
f 5347/1188/202 5348/1189/202 5349/1187/202
f 5350/1188/203 5351/1187/203 5352/1186/203
f 5353/1186/204 5354/1187/204 5355/1185/204
f 5356/1186/205 5357/1185/205 5358/1183/205
f 5359/1183/140 5360/1185/140 5361/1184/140
f 5362/1194/141 5363/1195/141 5364/1196/141
f 5365/1194/206 5366/1196/206 5367/1197/206
f 5368/1197/207 5369/1196/207 5370/1198/207
f 5371/1197/208 5372/1198/208 5373/1199/208
f 5374/1199/209 5375/1198/209 5376/1200/209
f 5377/1199/210 5378/1200/210 5379/1193/210
f 5380/1193/147 5381/1200/147 5382/1192/147
f 5383/1201/56 5384/1191/56 5385/1202/56
f 5386/1202/56 5387/1191/56 5388/1190/56
f 5389/1052/52 5390/1051/52 5391/1054/52
f 5392/1054/52 5393/1051/52 5394/1053/52
f 5395/1056/162 5396/1055/162 5397/1058/162
f 5398/1058/162 5399/1055/162 5400/1057/162
f 5401/1159/211 5402/1203/211 5403/1160/211
f 5404/1160/211 5405/1203/211 5406/1204/211
f 5407/1160/212 5408/1204/212 5409/1159/212
f 5410/1159/212 5411/1204/212 5412/1203/212
f 5413/1203/213 5414/1205/213 5415/1159/213
f 5416/1206/213 5417/1006/213 5418/1207/213
f 5419/1207/214 5420/1006/214 5421/1007/214
f 5422/1207/214 5423/1007/214 5424/1208/214
f 5425/1208/215 5426/1007/215 5427/1008/215
f 5428/1208/215 5429/1008/215 5430/1138/215
f 5431/1138/216 5432/1008/216 5433/1009/216
f 5434/1138/216 5435/1009/216 5436/1209/216
f 5437/1209/217 5438/1009/217 5439/1010/217
f 5440/1209/217 5441/1010/217 5442/1210/217
f 5443/1173/218 5444/1211/218 5445/1212/218
f 5446/1173/218 5447/1212/218 5448/1167/218
f 5449/1167/219 5450/1212/219 5451/1146/219
f 5452/1146/219 5453/1212/219 5454/1213/219
f 5455/1213/220 5456/1214/220 5457/1146/220
f 5458/1146/220 5459/1214/220 5460/1147/220
f 5461/1215/221 5462/982/221 5463/983/221
f 5464/1215/221 5465/983/221 5466/1216/221
f 5467/1216/222 5468/983/222 5469/984/222
f 5470/1216/222 5471/984/222 5472/1142/222
f 5473/1142/223 5474/984/223 5475/985/223
f 5476/1142/223 5477/985/223 5478/1217/223
f 5479/1217/224 5480/985/224 5481/986/224
f 5482/1217/224 5483/986/224 5484/1218/224
f 5485/1158/225 5486/1205/225 5487/1203/225
f 5488/1158/225 5489/1203/225 5490/1159/225
f 5491/981/55 5492/979/55 5493/1005/55
f 5494/1005/55 5495/979/55 5496/1010/55
f 5497/1005/55 5498/1010/55 5499/1009/55
f 5500/989/55 5501/987/55 5502/981/55
f 5503/981/55 5504/987/55 5505/986/55
f 5506/981/55 5507/986/55 5508/985/55
f 5509/997/55 5510/996/55 5511/989/55
f 5512/989/55 5513/996/55 5514/995/55
f 5515/989/55 5516/995/55 5517/994/55
f 5518/1005/55 5519/1003/55 5520/997/55
f 5521/997/55 5522/1003/55 5523/1002/55
f 5524/997/55 5525/1002/55 5526/1001/55
f 5527/985/55 5528/984/55 5529/981/55
f 5530/981/55 5531/984/55 5532/983/55
f 5533/981/55 5534/983/55 5535/982/55
f 5536/982/55 5537/980/55 5538/981/55
f 5539/981/55 5540/980/55 5541/979/55
f 5542/1009/55 5543/1008/55 5544/1005/55
f 5545/1005/55 5546/1008/55 5547/1007/55
f 5548/1005/55 5549/1007/55 5550/1006/55
f 5551/1006/55 5552/1004/55 5553/1005/55
f 5554/1005/55 5555/1004/55 5556/1003/55
f 5557/1001/55 5558/1000/55 5559/997/55
f 5560/997/55 5561/1000/55 5562/999/55
f 5563/997/55 5564/999/55 5565/998/55
f 5566/998/55 5567/996/55 5568/997/55
f 5569/994/55 5570/993/55 5571/989/55
f 5572/989/55 5573/993/55 5574/992/55
f 5575/989/55 5576/992/55 5577/991/55
f 5578/991/55 5579/990/55 5580/989/55
f 5581/989/55 5582/990/55 5583/988/55
f 5584/989/55 5585/988/55 5586/987/55
f 5587/1192/163 5588/1200/163 5589/1193/163
f 5590/1193/226 5591/1200/226 5592/1199/226
f 5593/1199/227 5594/1200/227 5595/1198/227
f 5596/1199/228 5597/1198/228 5598/1197/228
f 5599/1197/229 5600/1198/229 5601/1196/229
f 5602/1197/230 5603/1196/230 5604/1194/230
f 5605/1194/169 5606/1196/169 5607/1195/169
f 5608/1219/170 5609/1220/170 5610/1221/170
f 5611/1219/231 5612/1221/231 5613/1222/231
f 5614/1222/232 5615/1221/232 5616/1223/232
f 5617/1222/233 5618/1223/233 5619/1224/233
f 5620/1224/234 5621/1223/234 5622/1225/234
f 5623/1224/235 5624/1225/235 5625/1202/235
f 5626/1202/176 5627/1225/176 5628/1201/176
f 5629/1191/162 5630/1201/162 5631/1190/162
f 5632/1190/162 5633/1201/162 5634/1202/162
f 5635/1174/54 5636/1192/54 5637/1176/54
f 5638/1176/54 5639/1192/54 5640/1193/54
f 5641/1226/97 5642/1193/97 5643/1227/97
f 5644/1227/97 5645/1193/97 5646/1176/97
f 5647/1176/236 5648/1177/236 5649/1227/236
f 5650/1227/236 5651/1177/236 5652/1228/236
f 5653/990/237 5654/1229/237 5655/1230/237
f 5656/990/237 5657/1230/237 5658/991/237
f 5659/991/238 5660/1230/238 5661/1099/238
f 5662/991/239 5663/1099/239 5664/992/239
f 5665/992/240 5666/1099/240 5667/1231/240
f 5668/992/240 5669/1231/240 5670/993/240
f 5671/993/241 5672/1231/241 5673/1232/241
f 5674/993/242 5675/1232/242 5676/994/242
f 5677/994/243 5678/1232/243 5679/1233/243
f 5680/1234/244 5681/1190/244 5682/1235/244
f 5683/1235/68 5684/1190/68 5685/1236/68
f 5686/1236/68 5687/1190/68 5688/1202/68
f 5689/1202/245 5690/1224/245 5691/1236/245
f 5692/996/246 5693/1237/246 5694/998/246
f 5695/998/247 5696/1237/247 5697/1238/247
f 5698/998/247 5699/1238/247 5700/999/247
f 5701/999/248 5702/1238/248 5703/1104/248
f 5704/999/249 5705/1104/249 5706/1000/249
f 5707/1000/250 5708/1104/250 5709/1239/250
f 5710/1000/251 5711/1239/251 5712/1001/251
f 5713/1001/252 5714/1239/252 5715/1240/252
f 5716/1001/252 5717/1240/252 5718/1002/252
f 5719/1002/253 5720/1240/253 5721/1241/253
f 5722/1228/253 5723/1176/253 5724/1227/253
f 5725/1227/57 5726/1176/57 5727/1226/57
f 5728/1226/57 5729/1176/57 5730/1193/57
f 5731/1193/254 5732/1199/254 5733/1226/254
f 5734/1004/254 5735/1207/254 5736/1006/254
f 5737/1006/255 5738/1207/255 5739/1208/255
f 5740/1006/255 5741/1208/255 5742/1007/255
f 5743/1007/256 5744/1208/256 5745/1138/256
f 5746/1007/256 5747/1138/256 5748/1008/256
f 5749/1008/257 5750/1138/257 5751/1209/257
f 5752/1008/257 5753/1209/257 5754/1009/257
f 5755/1009/258 5756/1209/258 5757/1210/258
f 5758/1009/258 5759/1210/258 5760/1010/258
f 5761/1242/259 5762/1224/259 5763/1202/259
f 5764/1242/259 5765/1202/259 5766/1236/259
f 5767/1236/107 5768/1202/107 5769/1235/107
f 5770/1235/107 5771/1202/107 5772/1190/107
f 5773/1190/260 5774/1188/260 5775/1235/260
f 5776/1235/260 5777/1188/260 5778/1234/260
f 5779/982/261 5780/1215/261 5781/1216/261
f 5782/982/261 5783/1216/261 5784/983/261
f 5785/983/262 5786/1216/262 5787/1142/262
f 5788/983/262 5789/1142/262 5790/984/262
f 5791/984/263 5792/1142/263 5793/1217/263
f 5794/984/263 5795/1217/263 5796/985/263
f 5797/985/264 5798/1217/264 5799/1218/264
f 5800/985/264 5801/1218/264 5802/986/264
f 5803/1243/265 5804/1199/265 5805/1193/265
f 5806/1243/265 5807/1193/265 5808/1226/265
f 5809/1201/177 5810/1225/177 5811/1202/177
f 5812/1202/266 5813/1225/266 5814/1224/266
f 5815/1224/267 5816/1225/267 5817/1223/267
f 5818/1224/268 5819/1223/268 5820/1222/268
f 5821/1222/269 5822/1223/269 5823/1221/269
f 5824/1222/270 5825/1221/270 5826/1219/270
f 5827/1219/183 5828/1221/183 5829/1220/183
f 5830/1181/184 5831/1182/184 5832/1180/184
f 5833/1181/271 5834/1180/271 5835/1179/271
f 5836/1179/272 5837/1180/272 5838/1178/272
f 5839/1179/273 5840/1178/273 5841/1177/273
f 5842/1177/274 5843/1178/274 5844/1175/274
f 5845/1177/275 5846/1175/275 5847/1176/275
f 5848/1176/190 5849/1175/190 5850/1174/190
f 5851/1244/212 5852/1245/212 5853/1246/212
f 5854/1246/212 5855/1245/212 5856/1192/212
f 5857/1246/212 5858/1192/212 5859/1174/212
f 5860/1174/276 5861/1175/276 5862/1246/276
f 5863/1246/276 5864/1175/276 5865/1247/276
f 5866/1246/276 5867/1247/276 5868/1244/276
f 5869/1034/276 5870/1065/276 5871/1036/276
f 5872/1036/277 5873/1065/277 5874/1066/277
f 5875/1036/277 5876/1066/277 5877/1037/277
f 5878/1037/278 5879/1066/278 5880/1067/278
f 5881/1037/278 5882/1067/278 5883/1038/278
f 5884/1038/279 5885/1067/279 5886/1068/279
f 5887/1038/280 5888/1068/280 5889/1039/280
f 5890/1039/281 5891/1068/281 5892/1069/281
f 5893/1039/281 5894/1069/281 5895/1040/281
f 5896/1040/282 5897/1069/282 5898/1041/282
f 5899/1041/282 5900/1069/282 5901/1070/282
f 5902/1041/283 5903/1070/283 5904/1042/283
f 5905/1042/284 5906/1070/284 5907/1071/284
f 5908/1248/285 5909/1249/285 5910/1250/285
f 5911/1250/285 5912/1249/285 5913/1251/285
f 5914/1250/286 5915/1251/286 5916/1252/286
f 5917/1252/286 5918/1251/286 5919/1201/286
f 5920/1252/286 5921/1201/286 5922/1191/286
f 5923/1107/287 5924/1106/287 5925/1065/287
f 5926/1065/277 5927/1106/277 5928/1066/277
f 5929/1106/288 5930/1105/288 5931/1066/288
f 5932/1066/289 5933/1105/289 5934/1067/289
f 5935/1067/290 5936/1105/290 5937/1068/290
f 5938/1068/279 5939/1105/279 5940/1104/279
f 5941/1068/281 5942/1104/281 5943/1069/281
f 5944/1069/281 5945/1104/281 5946/1103/281
f 5947/1069/291 5948/1103/291 5949/1102/291
f 5950/1101/292 5951/1071/292 5952/1102/292
f 5953/1102/293 5954/1071/293 5955/1070/293
f 5956/1102/294 5957/1070/294 5958/1069/294
f 5959/1249/295 5960/1225/295 5961/1251/295
f 5962/1251/296 5963/1225/296 5964/1201/296
f 5965/1252/286 5966/1191/286 5967/1253/286
f 5968/1253/297 5969/1191/297 5970/1189/297
f 5971/1253/297 5972/1189/297 5973/1254/297
f 5974/1083/298 5975/1082/298 5976/1084/298
f 5977/1083/298 5978/1084/298 5979/1085/298
f 5980/1085/299 5981/1084/299 5982/1086/299
f 5983/1085/300 5984/1086/300 5985/1087/300
f 5986/1087/301 5987/1086/301 5988/1088/301
f 5989/1087/302 5990/1088/302 5991/1047/302
f 5992/1047/302 5993/1088/302 5994/1048/302
f 5995/1048/303 5996/1088/303 5997/1090/303
f 5998/1048/303 5999/1090/303 6000/1049/303
f 6001/1049/304 6002/1090/304 6003/1050/304
f 6004/1050/304 6005/1090/304 6006/1091/304
f 6007/1050/305 6008/1091/305 6009/1011/305
f 6010/1011/306 6011/1091/306 6012/1092/306
f 6013/1255/307 6014/1256/307 6015/1244/307
f 6016/1244/307 6017/1256/307 6018/1174/307
f 6019/1174/308 6020/1256/308 6021/1175/308
f 6022/1096/309 6023/1092/309 6024/1097/309
f 6025/1097/310 6026/1092/310 6027/1091/310
f 6028/1097/311 6029/1091/311 6030/1090/311
f 6031/1086/302 6032/1099/302 6033/1088/302
f 6034/1088/303 6035/1099/303 6036/1090/303
f 6037/1099/303 6038/1098/303 6039/1090/303
f 6040/1090/312 6041/1098/312 6042/1097/312
f 6043/1047/313 6044/1046/313 6045/1087/313
f 6046/1087/313 6047/1046/313 6048/1085/313
f 6049/1046/298 6050/1045/298 6051/1085/298
f 6052/1085/298 6053/1045/298 6054/1083/298
f 6055/1045/297 6056/1044/297 6057/1083/297
f 6058/1254/297 6059/1257/297 6060/1253/297
f 6061/1253/286 6062/1257/286 6063/1252/286
f 6064/1252/286 6065/1257/286 6066/1250/286
f 6067/1245/211 6068/1244/211 6069/1258/211
f 6070/1258/211 6071/1244/211 6072/1174/211
f 6073/1258/211 6074/1174/211 6075/1192/211
f 6076/1192/314 6077/1200/314 6078/1258/314
f 6079/1258/314 6080/1200/314 6081/1259/314
f 6082/1258/314 6083/1259/314 6084/1245/314
f 6085/1014/314 6086/1111/314 6087/1016/314
f 6088/1016/315 6089/1111/315 6090/1112/315
f 6091/1016/315 6092/1112/315 6093/1017/315
f 6094/1017/316 6095/1112/316 6096/1113/316
f 6097/1017/316 6098/1113/316 6099/1018/316
f 6100/1018/317 6101/1113/317 6102/1114/317
f 6103/1018/317 6104/1114/317 6105/1019/317
f 6106/1019/318 6107/1114/318 6108/1115/318
f 6109/1019/318 6110/1115/318 6111/1020/318
f 6112/1020/319 6113/1115/319 6114/1021/319
f 6115/1021/319 6116/1115/319 6117/1116/319
f 6118/1021/320 6119/1116/320 6120/1022/320
f 6121/1022/321 6122/1116/321 6123/1117/321
f 6124/1260/322 6125/1261/322 6126/1257/322
f 6127/1257/322 6128/1261/322 6129/1253/322
f 6130/1257/219 6131/1253/219 6132/1262/219
f 6133/1262/219 6134/1253/219 6135/1191/219
f 6136/1262/219 6137/1191/219 6138/1201/219
f 6139/1145/315 6140/1144/315 6141/1111/315
f 6142/1111/315 6143/1144/315 6144/1112/315
f 6145/1144/323 6146/1143/323 6147/1112/323
f 6148/1112/324 6149/1143/324 6150/1113/324
f 6151/1113/325 6152/1143/325 6153/1114/325
f 6154/1114/317 6155/1143/317 6156/1142/317
f 6157/1114/318 6158/1142/318 6159/1115/318
f 6160/1115/318 6161/1142/318 6162/1141/318
f 6163/1115/326 6164/1141/326 6165/1140/326
f 6166/1139/327 6167/1117/327 6168/1140/327
f 6169/1140/328 6170/1117/328 6171/1116/328
f 6172/1140/329 6173/1116/329 6174/1115/329
f 6175/1261/330 6176/1189/330 6177/1253/330
f 6178/1253/331 6179/1189/331 6180/1191/331
f 6181/1262/219 6182/1201/219 6183/1251/219
f 6184/1251/332 6185/1201/332 6186/1225/332
f 6187/1251/332 6188/1225/332 6189/1263/332
f 6190/1123/333 6191/1122/333 6192/1124/333
f 6193/1123/333 6194/1124/333 6195/1125/333
f 6196/1125/334 6197/1124/334 6198/1126/334
f 6199/1125/335 6200/1126/335 6201/1127/335
f 6202/1127/336 6203/1126/336 6204/1128/336
f 6205/1127/337 6206/1128/337 6207/1028/337
f 6208/1028/337 6209/1128/337 6210/1029/337
f 6211/1029/338 6212/1128/338 6213/1129/338
f 6214/1029/338 6215/1129/338 6216/1030/338
f 6217/1030/339 6218/1129/339 6219/1031/339
f 6220/1031/339 6221/1129/339 6222/1130/339
f 6223/1031/340 6224/1130/340 6225/1032/340
f 6226/1032/341 6227/1130/341 6228/1131/341
f 6229/1264/342 6230/1265/342 6231/1245/342
f 6232/1245/342 6233/1265/342 6234/1192/342
f 6235/1192/343 6236/1265/343 6237/1200/343
f 6238/1135/344 6239/1131/344 6240/1136/344
f 6241/1136/345 6242/1131/345 6243/1130/345
f 6244/1136/346 6245/1130/346 6246/1129/346
f 6247/1126/337 6248/1138/337 6249/1128/337
f 6250/1128/338 6251/1138/338 6252/1129/338
f 6253/1138/338 6254/1137/338 6255/1129/338
f 6256/1129/347 6257/1137/347 6258/1136/347
f 6259/1028/348 6260/1027/348 6261/1127/348
f 6262/1127/348 6263/1027/348 6264/1125/348
f 6265/1027/333 6266/1026/333 6267/1125/333
f 6268/1125/333 6269/1026/333 6270/1123/333
f 6271/1026/332 6272/1024/332 6273/1123/332
f 6274/1263/332 6275/1250/332 6276/1251/332
f 6277/1251/219 6278/1250/219 6279/1262/219
f 6280/1262/219 6281/1250/219 6282/1257/219
f 6283/1204/349 6284/1266/349 6285/1160/349
f 6286/1160/349 6287/1266/349 6288/1161/349
f 6289/1229/350 6290/990/350 6291/991/350
f 6292/1229/350 6293/991/350 6294/1230/350
f 6295/1230/351 6296/991/351 6297/992/351
f 6298/1230/351 6299/992/351 6300/1099/351
f 6301/1099/352 6302/992/352 6303/993/352
f 6304/1099/353 6305/993/353 6306/1231/353
f 6307/1231/354 6308/993/354 6309/994/354
f 6310/1231/354 6311/994/354 6312/1232/354
f 6313/1232/355 6314/994/355 6315/995/355
f 6316/1147/356 6317/1213/356 6318/1146/356
f 6319/1146/286 6320/1213/286 6321/1167/286
f 6322/1167/286 6323/1213/286 6324/1212/286
f 6325/1212/357 6326/1211/357 6327/1167/357
f 6328/1267/357 6329/998/357 6330/1237/357
f 6331/1237/358 6332/998/358 6333/999/358
f 6334/1237/358 6335/999/358 6336/1238/358
f 6337/1238/359 6338/999/359 6339/1000/359
f 6340/1238/359 6341/1000/359 6342/1104/359
f 6343/1104/360 6344/1000/360 6345/1001/360
f 6346/1104/361 6347/1001/361 6348/1239/361
f 6349/1239/362 6350/1001/362 6351/1002/362
f 6352/1239/362 6353/1002/362 6354/1240/362
f 6355/1240/363 6356/1002/363 6357/1003/363
f 6358/1161/363 6359/1204/363 6360/1160/363
o D4
v 2.000000 -28.200001 -5.000000
v 2.000000 -28.200001 5.000000
v 6.000000 -28.200001 -5.000000
v 6.000000 -28.200001 -5.000000
v 2.000000 -28.200001 5.000000
v 6.000000 -28.200001 5.000000
v -2.000000 -28.200001 5.000000
v -2.000000 -28.200001 -5.000000
v -6.000000 -28.200001 5.000000
v -6.000000 -28.200001 5.000000
v -2.000000 -28.200001 -5.000000
v -6.000000 -28.200001 -5.000000
v -2.000000 -27.971642 6.148048
v -2.000000 -27.321323 7.121319
v -2.000000 -28.200001 5.000000
v -2.000000 -28.200001 5.000000
v -2.000000 -27.321323 7.121319
v -2.000000 -26.348053 7.771637
v -2.000000 -28.200001 5.000000
v -2.000000 -26.348053 7.771637
v -2.000000 -25.200001 8.000000
v -2.000000 -18.800003 8.000000
v -2.000000 -25.200001 -8.000000
v -2.000000 -25.200001 8.000000
v -2.000000 -25.200001 8.000000
v -2.000000 -25.200001 -8.000000
v -2.000000 -28.200001 -5.000000
v -2.000000 -25.200001 8.000000
v -2.000000 -28.200001 -5.000000
v -2.000000 -28.200001 5.000000
v -2.000000 -17.651951 7.771637
v -2.000000 -15.800003 5.000000
v -2.000000 -18.800003 8.000000
v -2.000000 -18.800003 8.000000
v -2.000000 -15.800003 5.000000
v -2.000000 -18.800003 -8.000000
v -2.000000 -18.800003 8.000000
v -2.000000 -18.800003 -8.000000
v -2.000000 -25.200001 -8.000000
v -2.000000 -17.651951 7.771637
v -2.000000 -16.678680 7.121319
v -2.000000 -15.800003 5.000000
v -2.000000 -15.800003 5.000000
v -2.000000 -16.678680 7.121319
v -2.000000 -16.028362 6.148048
v -2.000000 -15.800003 5.000000
v -2.000000 -15.800003 -5.000000
v -2.000000 -18.800003 -8.000000
v -2.000000 -18.800003 -8.000000
v -2.000000 -15.800003 -5.000000
v -2.000000 -17.651951 -7.771637
v -2.000000 -17.651951 -7.771637
v -2.000000 -15.800003 -5.000000
v -2.000000 -16.678680 -7.121319
v -2.000000 -16.678680 -7.121319
v -2.000000 -15.800003 -5.000000
v -2.000000 -16.028362 -6.148048
v -2.000000 -25.200001 -8.000000
v -2.000000 -26.348053 -7.771637
v -2.000000 -28.200001 -5.000000
v -2.000000 -28.200001 -5.000000
v -2.000000 -26.348053 -7.771637
v -2.000000 -27.321323 -7.121319
v -2.000000 -28.200001 -5.000000
v -2.000000 -27.321323 -7.121319
v -2.000000 -27.971642 -6.148048
v 2.000000 -27.971642 -6.148048
v 2.000000 -27.321323 -7.121319
v 2.000000 -28.200001 -5.000000
v 2.000000 -28.200001 -5.000000
v 2.000000 -27.321323 -7.121319
v 2.000000 -26.348053 -7.771637
v 2.000000 -28.200001 -5.000000
v 2.000000 -26.348053 -7.771637
v 2.000000 -25.200001 -8.000000
v 2.000000 -18.800003 -8.000000
v 2.000000 -25.200001 8.000000
v 2.000000 -25.200001 -8.000000
v 2.000000 -25.200001 -8.000000
v 2.000000 -25.200001 8.000000
v 2.000000 -28.200001 5.000000
v 2.000000 -25.200001 -8.000000
v 2.000000 -28.200001 5.000000
v 2.000000 -28.200001 -5.000000
v 2.000000 -17.651951 -7.771637
v 2.000000 -15.800003 -5.000000
v 2.000000 -18.800003 -8.000000
v 2.000000 -18.800003 -8.000000
v 2.000000 -15.800003 -5.000000
v 2.000000 -18.800003 8.000000
v 2.000000 -18.800003 -8.000000
v 2.000000 -18.800003 8.000000
v 2.000000 -25.200001 8.000000
v 2.000000 -17.651951 -7.771637
v 2.000000 -16.678680 -7.121319
v 2.000000 -15.800003 -5.000000
v 2.000000 -15.800003 -5.000000
v 2.000000 -16.678680 -7.121319
v 2.000000 -16.028362 -6.148048
v 2.000000 -15.800003 -5.000000
v 2.000000 -15.800003 5.000000
v 2.000000 -18.800003 8.000000
v 2.000000 -18.800003 8.000000
v 2.000000 -15.800003 5.000000
v 2.000000 -17.651951 7.771637
v 2.000000 -17.651951 7.771637
v 2.000000 -15.800003 5.000000
v 2.000000 -16.678680 7.121319
v 2.000000 -16.678680 7.121319
v 2.000000 -15.800003 5.000000
v 2.000000 -16.028362 6.148048
v 2.000000 -25.200001 8.000000
v 2.000000 -26.348053 7.771637
v 2.000000 -28.200001 5.000000
v 2.000000 -28.200001 5.000000
v 2.000000 -26.348053 7.771637
v 2.000000 -27.321323 7.121319
v 2.000000 -28.200001 5.000000
v 2.000000 -27.321323 7.121319
v 2.000000 -27.971642 6.148048
v 2.000000 -25.200001 8.000000
v 2.000000 -18.800003 8.000000
v 6.000000 -25.200001 8.000000
v 6.000000 -25.200001 8.000000
v 2.000000 -18.800003 8.000000
v 6.000000 -18.800003 8.000000
v -6.000000 -25.200001 8.000000
v -6.000000 -18.800003 8.000000
v -2.000000 -25.200001 8.000000
v -2.000000 -25.200001 8.000000
v -6.000000 -18.800003 8.000000
v -2.000000 -18.800003 8.000000
v 6.000000 -25.200001 -8.000000
v 6.000000 -18.800003 -8.000000
v 2.000000 -25.200001 -8.000000
v 2.000000 -25.200001 -8.000000
v 6.000000 -18.800003 -8.000000
v 2.000000 -18.800003 -8.000000
v -2.000000 -25.200001 -8.000000
v -2.000000 -18.800003 -8.000000
v -6.000000 -25.200001 -8.000000
v -6.000000 -25.200001 -8.000000
v -2.000000 -18.800003 -8.000000
v -6.000000 -18.800003 -8.000000
v 2.000000 -15.800003 5.000000
v 2.000000 -15.800003 -5.000000
v 6.000000 -15.800003 5.000000
v 6.000000 -15.800003 5.000000
v 2.000000 -15.800003 -5.000000
v 6.000000 -15.800003 -5.000000
v -2.000000 -15.800003 -5.000000
v -2.000000 -15.800003 5.000000
v -6.000000 -15.800003 -5.000000
v -6.000000 -15.800003 -5.000000
v -2.000000 -15.800003 5.000000
v -6.000000 -15.800003 5.000000
v 2.000000 -15.800003 -5.000000
v 2.000000 -16.028362 -6.148048
v 6.000000 -15.800003 -5.000000
v 6.000000 -15.800003 -5.000000
v 2.000000 -16.028362 -6.148048
v 6.000000 -16.028362 -6.148048
v 6.000000 -16.028362 -6.148048
v 2.000000 -16.028362 -6.148048
v 2.000000 -16.678680 -7.121319
v 6.000000 -16.028362 -6.148048
v 2.000000 -16.678680 -7.121319
v 6.000000 -16.678680 -7.121319
v 6.000000 -16.678680 -7.121319
v 2.000000 -16.678680 -7.121319
v 2.000000 -17.651951 -7.771637
v 6.000000 -16.678680 -7.121319
v 2.000000 -17.651951 -7.771637
v 6.000000 -17.651951 -7.771637
v 6.000000 -17.651951 -7.771637
v 2.000000 -17.651951 -7.771637
v 2.000000 -18.800003 -8.000000
v 6.000000 -17.651951 -7.771637
v 2.000000 -18.800003 -8.000000
v 6.000000 -18.800003 -8.000000
v 2.000000 -25.200001 -8.000000
v 2.000000 -26.348053 -7.771637
v 6.000000 -25.200001 -8.000000
v 6.000000 -25.200001 -8.000000
v 2.000000 -26.348053 -7.771637
v 6.000000 -26.348053 -7.771637
v 6.000000 -26.348053 -7.771637
v 2.000000 -26.348053 -7.771637
v 2.000000 -27.321323 -7.121319
v 6.000000 -26.348053 -7.771637
v 2.000000 -27.321323 -7.121319
v 6.000000 -27.321323 -7.121319
v 6.000000 -27.321323 -7.121319
v 2.000000 -27.321323 -7.121319
v 2.000000 -27.971642 -6.148048
v 6.000000 -27.321323 -7.121319
v 2.000000 -27.971642 -6.148048
v 6.000000 -27.971642 -6.148048
v 6.000000 -27.971642 -6.148048
v 2.000000 -27.971642 -6.148048
v 2.000000 -28.200001 -5.000000
v 6.000000 -27.971642 -6.148048
v 2.000000 -28.200001 -5.000000
v 6.000000 -28.200001 -5.000000
v -2.000000 -18.800003 -8.000000
v -2.000000 -17.651951 -7.771637
v -6.000000 -18.800003 -8.000000
v -6.000000 -18.800003 -8.000000
v -2.000000 -17.651951 -7.771637
v -6.000000 -17.651951 -7.771637
v -6.000000 -17.651951 -7.771637
v -2.000000 -17.651951 -7.771637
v -2.000000 -16.678680 -7.121319
v -6.000000 -17.651951 -7.771637
v -2.000000 -16.678680 -7.121319
v -6.000000 -16.678680 -7.121319
v -6.000000 -16.678680 -7.121319
v -2.000000 -16.678680 -7.121319
v -2.000000 -16.028362 -6.148048
v -6.000000 -16.678680 -7.121319
v -2.000000 -16.028362 -6.148048
v -6.000000 -16.028362 -6.148048
v -6.000000 -16.028362 -6.148048
v -2.000000 -16.028362 -6.148048
v -2.000000 -15.800003 -5.000000
v -6.000000 -16.028362 -6.148048
v -2.000000 -15.800003 -5.000000
v -6.000000 -15.800003 -5.000000
v -2.000000 -28.200001 -5.000000
v -2.000000 -27.971642 -6.148048
v -6.000000 -28.200001 -5.000000
v -6.000000 -28.200001 -5.000000
v -2.000000 -27.971642 -6.148048
v -6.000000 -27.971642 -6.148048
v -6.000000 -27.971642 -6.148048
v -2.000000 -27.971642 -6.148048
v -2.000000 -27.321323 -7.121319
v -6.000000 -27.971642 -6.148048
v -2.000000 -27.321323 -7.121319
v -6.000000 -27.321323 -7.121319
v -6.000000 -27.321323 -7.121319
v -2.000000 -27.321323 -7.121319
v -2.000000 -26.348053 -7.771637
v -6.000000 -27.321323 -7.121319
v -2.000000 -26.348053 -7.771637
v -6.000000 -26.348053 -7.771637
v -6.000000 -26.348053 -7.771637
v -2.000000 -26.348053 -7.771637
v -2.000000 -25.200001 -8.000000
v -6.000000 -26.348053 -7.771637
v -2.000000 -25.200001 -8.000000
v -6.000000 -25.200001 -8.000000
v 2.000000 -18.800003 8.000000
v 2.000000 -17.651951 7.771637
v 6.000000 -18.800003 8.000000
v 6.000000 -18.800003 8.000000
v 2.000000 -17.651951 7.771637
v 6.000000 -17.651951 7.771637
v 6.000000 -17.651951 7.771637
v 2.000000 -17.651951 7.771637
v 2.000000 -16.678680 7.121319
v 6.000000 -17.651951 7.771637
v 2.000000 -16.678680 7.121319
v 6.000000 -16.678680 7.121319
v 6.000000 -16.678680 7.121319
v 2.000000 -16.678680 7.121319
v 2.000000 -16.028362 6.148048
v 6.000000 -16.678680 7.121319
v 2.000000 -16.028362 6.148048
v 6.000000 -16.028362 6.148048
v 6.000000 -16.028362 6.148048
v 2.000000 -16.028362 6.148048
v 2.000000 -15.800003 5.000000
v 6.000000 -16.028362 6.148048
v 2.000000 -15.800003 5.000000
v 6.000000 -15.800003 5.000000
v 2.000000 -28.200001 5.000000
v 2.000000 -27.971642 6.148048
v 6.000000 -28.200001 5.000000
v 6.000000 -28.200001 5.000000
v 2.000000 -27.971642 6.148048
v 6.000000 -27.971642 6.148048
v 6.000000 -27.971642 6.148048
v 2.000000 -27.971642 6.148048
v 2.000000 -27.321323 7.121319
v 6.000000 -27.971642 6.148048
v 2.000000 -27.321323 7.121319
v 6.000000 -27.321323 7.121319
v 6.000000 -27.321323 7.121319
v 2.000000 -27.321323 7.121319
v 2.000000 -26.348053 7.771637
v 6.000000 -27.321323 7.121319
v 2.000000 -26.348053 7.771637
v 6.000000 -26.348053 7.771637
v 6.000000 -26.348053 7.771637
v 2.000000 -26.348053 7.771637
v 2.000000 -25.200001 8.000000
v 6.000000 -26.348053 7.771637
v 2.000000 -25.200001 8.000000
v 6.000000 -25.200001 8.000000
v -2.000000 -15.800003 5.000000
v -2.000000 -16.028362 6.148048
v -6.000000 -15.800003 5.000000
v -6.000000 -15.800003 5.000000
v -2.000000 -16.028362 6.148048
v -6.000000 -16.028362 6.148048
v -6.000000 -16.028362 6.148048
v -2.000000 -16.028362 6.148048
v -2.000000 -16.678680 7.121319
v -6.000000 -16.028362 6.148048
v -2.000000 -16.678680 7.121319
v -6.000000 -16.678680 7.121319
v -6.000000 -16.678680 7.121319
v -2.000000 -16.678680 7.121319
v -2.000000 -17.651951 7.771637
v -6.000000 -16.678680 7.121319
v -2.000000 -17.651951 7.771637
v -6.000000 -17.651951 7.771637
v -6.000000 -17.651951 7.771637
v -2.000000 -17.651951 7.771637
v -2.000000 -18.800003 8.000000
v -6.000000 -17.651951 7.771637
v -2.000000 -18.800003 8.000000
v -6.000000 -18.800003 8.000000
v -2.000000 -25.200001 8.000000
v -2.000000 -26.348053 7.771637
v -6.000000 -25.200001 8.000000
v -6.000000 -25.200001 8.000000
v -2.000000 -26.348053 7.771637
v -6.000000 -26.348053 7.771637
v -6.000000 -26.348053 7.771637
v -2.000000 -26.348053 7.771637
v -2.000000 -27.321323 7.121319
v -6.000000 -26.348053 7.771637
v -2.000000 -27.321323 7.121319
v -6.000000 -27.321323 7.121319
v -6.000000 -27.321323 7.121319
v -2.000000 -27.321323 7.121319
v -2.000000 -27.971642 6.148048
v -6.000000 -27.321323 7.121319
v -2.000000 -27.971642 6.148048
v -6.000000 -27.971642 6.148048
v -6.000000 -27.971642 6.148048
v -2.000000 -27.971642 6.148048
v -2.000000 -28.200001 5.000000
v -6.000000 -27.971642 6.148048
v -2.000000 -28.200001 5.000000
v -6.000000 -28.200001 5.000000
vn -0.0000 1.0000 -0.0000
vn -1.0000 -0.0000 -0.0000
vn 1.0000 -0.0000 -0.0000
vn -0.0000 -0.0000 -1.0000
vn -0.0000 -0.0000 1.0000
vn -0.0000 -1.0000 -0.0000
vn -0.0000 -0.9808 0.1951
vn -0.0000 -0.8315 0.5556
vn -0.0000 -0.5556 0.8315
vn -0.0000 -0.1951 0.9808
vn -0.0000 0.1951 0.9808
vn -0.0000 0.5556 0.8315
vn -0.0000 0.8315 0.5556
vn -0.0000 0.9808 0.1951
vn -0.0000 -0.1951 -0.9808
vn -0.0000 -0.5556 -0.8315
vn -0.0000 -0.8315 -0.5556
vn -0.0000 -0.9808 -0.1951
vn -0.0000 0.9808 -0.1951
vn -0.0000 0.8315 -0.5556
vn -0.0000 0.5556 -0.8315
vn -0.0000 0.1951 -0.9808
vt 0.566260 0.596211
vt 0.566260 0.403789
vt 0.643229 0.596211
vt 0.643229 0.403789
vt 0.489291 0.403789
vt 0.489291 0.596211
vt 0.412322 0.403789
vt 0.412322 0.596211
vt 0.409473 0.385092
vt 0.390745 0.397606
vt 0.431564 0.380698
vt 0.378231 0.416334
vt 0.373837 0.438425
vt 0.373837 0.561575
vt 0.681713 0.438425
vt 0.623986 0.380698
vt 0.378231 0.583666
vt 0.431564 0.619302
vt 0.681713 0.561575
vt 0.390745 0.602394
vt 0.409473 0.614908
vt 0.623986 0.619302
vt 0.677319 0.583666
vt 0.664805 0.602394
vt 0.646077 0.614908
vt 0.677319 0.416334
vt 0.664805 0.397606
vt 0.646077 0.385092
vt 0.566260 0.438425
vt 0.566260 0.561575
vt 0.643229 0.438425
vt 0.643229 0.561575
vt 0.412322 0.438425
vt 0.412322 0.561575
vt 0.489291 0.438425
vt 0.489291 0.561575
vt 0.566260 0.618302
vt 0.643229 0.618302
vt 0.566260 0.637030
vt 0.643229 0.637030
vt 0.643229 0.602394
vt 0.566260 0.602394
vt 0.566260 0.583666
vt 0.643229 0.583666
vt 0.566260 0.416334
vt 0.643229 0.416334
vt 0.566260 0.397606
vt 0.643229 0.397606
vt 0.489291 0.583666
vt 0.412322 0.583666
vt 0.489291 0.602394
vt 0.412322 0.602394
vt 0.412322 0.637030
vt 0.489291 0.637030
vt 0.489291 0.618302
vt 0.412322 0.618302
vt 0.412322 0.397606
vt 0.489291 0.397606
vt 0.489291 0.416334
vt 0.412322 0.416334
vt 0.643229 0.362970
vt 0.566260 0.362970
vt 0.566260 0.381698
vt 0.643229 0.381698
vt 0.489291 0.381698
vt 0.412322 0.381698
vt 0.489291 0.362970
vt 0.412322 0.362970
s 0
f 6361/1268/364 6362/1269/364 6363/1270/364
f 6364/1270/364 6365/1269/364 6366/1271/364
f 6367/1272/364 6368/1273/364 6369/1274/364
f 6370/1274/364 6371/1273/364 6372/1275/364
f 6373/1276/365 6374/1277/365 6375/1278/365
f 6376/1278/365 6377/1277/365 6378/1279/365
f 6379/1278/365 6380/1279/365 6381/1280/365
f 6382/1281/365 6383/1282/365 6384/1280/365
f 6385/1280/365 6386/1282/365 6387/1283/365
f 6388/1280/365 6389/1283/365 6390/1278/365
f 6391/1284/365 6392/1285/365 6393/1281/365
f 6394/1281/365 6395/1285/365 6396/1286/365
f 6397/1281/365 6398/1286/365 6399/1282/365
f 6400/1284/365 6401/1287/365 6402/1285/365
f 6403/1285/365 6404/1287/365 6405/1288/365
f 6406/1285/365 6407/1289/365 6408/1286/365
f 6409/1286/365 6410/1289/365 6411/1290/365
f 6412/1290/365 6413/1289/365 6414/1291/365
f 6415/1291/365 6416/1289/365 6417/1292/365
f 6418/1282/365 6419/1293/365 6420/1283/365
f 6421/1283/365 6422/1293/365 6423/1294/365
f 6424/1283/365 6425/1294/365 6426/1295/365
f 6427/1295/366 6428/1294/366 6429/1283/366
f 6430/1283/366 6431/1294/366 6432/1293/366
f 6433/1283/366 6434/1293/366 6435/1282/366
f 6436/1286/366 6437/1280/366 6438/1282/366
f 6439/1282/366 6440/1280/366 6441/1278/366
f 6442/1282/366 6443/1278/366 6444/1283/366
f 6445/1290/366 6446/1289/366 6447/1286/366
f 6448/1286/366 6449/1289/366 6450/1281/366
f 6451/1286/366 6452/1281/366 6453/1280/366
f 6454/1290/366 6455/1291/366 6456/1289/366
f 6457/1289/366 6458/1291/366 6459/1292/366
f 6460/1289/366 6461/1285/366 6462/1281/366
f 6463/1281/366 6464/1285/366 6465/1284/366
f 6466/1284/366 6467/1285/366 6468/1287/366
f 6469/1287/366 6470/1285/366 6471/1288/366
f 6472/1280/366 6473/1279/366 6474/1278/366
f 6475/1278/366 6476/1279/366 6477/1277/366
f 6478/1278/366 6479/1277/366 6480/1276/366
f 6481/1296/367 6482/1297/367 6483/1298/367
f 6484/1298/367 6485/1297/367 6486/1299/367
f 6487/1300/367 6488/1301/367 6489/1302/367
f 6490/1302/367 6491/1301/367 6492/1303/367
f 6493/1298/368 6494/1299/368 6495/1296/368
f 6496/1296/368 6497/1299/368 6498/1297/368
f 6499/1302/368 6500/1303/368 6501/1300/368
f 6502/1300/368 6503/1303/368 6504/1301/368
f 6505/1269/369 6506/1268/369 6507/1271/369
f 6508/1271/369 6509/1268/369 6510/1270/369
f 6511/1273/369 6512/1272/369 6513/1275/369
f 6514/1275/369 6515/1272/369 6516/1274/369
f 6517/1268/370 6518/1304/370 6519/1270/370
f 6520/1270/370 6521/1304/370 6522/1305/370
f 6523/1305/371 6524/1304/371 6525/1306/371
f 6526/1305/371 6527/1306/371 6528/1307/371
f 6529/1308/372 6530/1309/372 6531/1310/372
f 6532/1308/372 6533/1310/372 6534/1311/372
f 6535/1311/373 6536/1310/373 6537/1297/373
f 6538/1311/373 6539/1297/373 6540/1299/373
f 6541/1296/374 6542/1312/374 6543/1298/374
f 6544/1298/374 6545/1312/374 6546/1313/374
f 6547/1313/375 6548/1312/375 6549/1314/375
f 6550/1313/375 6551/1314/375 6552/1315/375
f 6553/1307/376 6554/1306/376 6555/1304/376
f 6556/1307/376 6557/1304/376 6558/1305/376
f 6559/1305/377 6560/1304/377 6561/1268/377
f 6562/1305/377 6563/1268/377 6564/1270/377
f 6565/1303/373 6566/1316/373 6567/1301/373
f 6568/1301/373 6569/1316/373 6570/1317/373
f 6571/1317/372 6572/1316/372 6573/1318/372
f 6574/1317/372 6575/1318/372 6576/1319/372
f 6577/1320/371 6578/1321/371 6579/1322/371
f 6580/1320/371 6581/1322/371 6582/1323/371
f 6583/1323/370 6584/1322/370 6585/1273/370
f 6586/1323/370 6587/1273/370 6588/1275/370
f 6589/1273/377 6590/1322/377 6591/1275/377
f 6592/1275/377 6593/1322/377 6594/1323/377
f 6595/1323/376 6596/1322/376 6597/1321/376
f 6598/1323/376 6599/1321/376 6600/1320/376
f 6601/1324/375 6602/1325/375 6603/1326/375
f 6604/1324/375 6605/1326/375 6606/1327/375
f 6607/1327/374 6608/1326/374 6609/1302/374
f 6610/1327/374 6611/1302/374 6612/1300/374
f 6613/1297/378 6614/1310/378 6615/1299/378
f 6616/1299/378 6617/1310/378 6618/1311/378
f 6619/1311/379 6620/1310/379 6621/1309/379
f 6622/1311/379 6623/1309/379 6624/1308/379
f 6625/1328/380 6626/1329/380 6627/1330/380
f 6628/1328/380 6629/1330/380 6630/1331/380
f 6631/1331/381 6632/1330/381 6633/1269/381
f 6634/1331/381 6635/1269/381 6636/1271/381
f 6637/1269/382 6638/1330/382 6639/1271/382
f 6640/1271/382 6641/1330/382 6642/1331/382
f 6643/1331/383 6644/1330/383 6645/1329/383
f 6646/1331/383 6647/1329/383 6648/1328/383
f 6649/1315/384 6650/1314/384 6651/1312/384
f 6652/1315/384 6653/1312/384 6654/1313/384
f 6655/1313/385 6656/1312/385 6657/1296/385
f 6658/1313/385 6659/1296/385 6660/1298/385
f 6661/1272/381 6662/1332/381 6663/1274/381
f 6664/1274/381 6665/1332/381 6666/1333/381
f 6667/1333/380 6668/1332/380 6669/1334/380
f 6670/1333/380 6671/1334/380 6672/1335/380
f 6673/1319/379 6674/1318/379 6675/1316/379
f 6676/1319/379 6677/1316/379 6678/1317/379
f 6679/1317/378 6680/1316/378 6681/1303/378
f 6682/1317/378 6683/1303/378 6684/1301/378
f 6685/1302/385 6686/1326/385 6687/1300/385
f 6688/1300/385 6689/1326/385 6690/1327/385
f 6691/1327/384 6692/1326/384 6693/1325/384
f 6694/1327/384 6695/1325/384 6696/1324/384
f 6697/1335/383 6698/1334/383 6699/1332/383
f 6700/1335/383 6701/1332/383 6702/1333/383
f 6703/1333/382 6704/1332/382 6705/1272/382
f 6706/1333/382 6707/1272/382 6708/1274/382
