# Blender 5.1.2
# www.blender.org
o Cylinder.002
v 4.197882 -43.174847 -0.260564
v 4.075897 -24.828331 -0.215463
v 4.366704 -43.171383 -0.205852
v 4.218144 -24.825413 -0.169364
v 4.471045 -43.169243 -0.062614
v 4.306057 -24.823614 -0.048678
v 4.471045 -43.169243 0.114435
v 4.306057 -24.823614 0.100496
v 4.366704 -43.171383 0.257672
v 4.218144 -24.825413 0.221182
v 4.197882 -43.174847 0.312385
v 4.075897 -24.828331 0.267281
v 4.029054 -43.178310 0.257672
v 3.933655 -24.831245 0.221182
v 3.924712 -43.180450 0.114435
v 3.845742 -24.833050 0.100496
v 3.924712 -43.180450 -0.062614
v 3.845742 -24.833050 -0.048678
v 4.029054 -43.178310 -0.205852
v 3.933655 -24.831245 -0.169364
v 4.197882 -43.174847 -0.260564
v 4.366704 -43.171383 -0.205852
v 4.471045 -43.169243 -0.062614
v 4.471045 -43.169243 0.114435
v 4.366704 -43.171383 0.257672
v 4.197882 -43.174847 0.312385
v 4.029054 -43.178310 0.257672
v 3.924712 -43.180450 0.114435
v 3.924712 -43.180450 -0.062614
v 4.029054 -43.178310 -0.205852
v 4.197882 -43.174847 -0.260564
v 4.366704 -43.171383 -0.205852
v 4.471045 -43.169243 -0.062614
v 4.471045 -43.169243 0.114435
v 4.366704 -43.171383 0.257672
v 4.197882 -43.174847 0.312385
v 4.029054 -43.178310 0.257672
v 3.924712 -43.180450 0.114435
v 3.924712 -43.180450 -0.062614
v 4.029054 -43.178310 -0.205852
v 4.197882 -43.174847 -0.260564
v 4.366704 -43.171383 -0.205852
v 4.471045 -43.169243 -0.062614
v 4.471045 -43.169243 0.114435
v 4.366704 -43.171383 0.257672
v 4.197882 -43.174847 0.312385
v 4.029054 -43.178310 0.257672
v 3.924712 -43.180450 0.114435
v 3.924712 -43.180450 -0.062614
v 4.029054 -43.178310 -0.205852
v 4.076795 -24.963284 -0.215463
v 4.219041 -24.960365 -0.169364
v 4.306954 -24.958565 -0.048678
v 4.306954 -24.958565 0.100496
v 4.219041 -24.960365 0.221182
v 4.076795 -24.963284 0.267281
v 3.934552 -24.966198 0.221182
v 3.846639 -24.968002 0.100496
v 3.846639 -24.968002 -0.048678
v 3.934552 -24.966198 -0.169364
v 4.272706 -12.120115 -0.222917
v 4.350146 -12.053936 -0.222917
v 4.454087 -12.089347 -0.280024
v 4.322949 -12.148479 -0.280024
v 5.727241 -12.795465 -0.280024
v 5.809798 -12.862583 -0.222917
v 5.806282 -12.970666 -0.222917
v 5.755711 -12.943115 -0.280024
v 3.472290 -14.414560 -0.280024
v 3.404438 -14.361891 -0.222917
v 3.415655 -14.251785 -0.222917
v 3.466227 -14.279332 -0.280024
v 3.493073 -14.849235 -0.222917
v 3.554664 -14.867499 -0.280024
v 3.532973 -14.986169 -0.280024
v 3.482053 -14.959419 -0.222917
v 3.928697 -12.975739 -0.222917
v 3.979268 -13.003288 -0.280024
v 3.935919 -13.111107 -0.280024
v 3.885675 -13.082743 -0.222917
v 5.462274 -13.826289 -0.222909
v 5.394224 -13.913620 -0.222909
v 5.334003 -13.886513 -0.280016
v 5.412030 -13.797924 -0.280016
v 4.747900 -14.383385 -0.222917
v 4.679852 -14.470712 -0.222917
v 4.629282 -14.443161 -0.280024
v 4.672631 -14.335343 -0.280024
v 4.828725 -14.253765 -0.280024
v 3.617207 -13.750481 -0.222917
v 3.667778 -13.778032 -0.280024
v 3.624429 -13.885851 -0.280024
v 3.574185 -13.857486 -0.222917
v 5.102636 -12.449043 -0.280024
v 5.202986 -12.504702 -0.280024
v 5.157559 -12.611369 -0.280024
v 5.056745 -12.555454 -0.280024
v 4.159138 -14.795498 -0.280024
v 4.200021 -14.686311 -0.280024
v 4.300837 -14.742222 -0.280024
v 4.260827 -14.851898 -0.280024
v 4.713062 -13.410267 -0.280024
v 4.813878 -13.466178 -0.280024
v 4.770527 -13.574000 -0.280024
v 4.669713 -13.518085 -0.280024
v 4.358222 -14.292829 -0.280024
v 4.401573 -14.185005 -0.280024
v 4.502388 -14.240921 -0.280024
v 4.459039 -14.348740 -0.280024
v 5.404326 -11.814990 -0.222909
v 5.478250 -11.856893 -0.222909
v 5.451571 -11.959282 -0.280016
v 5.360181 -11.883968 -0.280016
v 4.471080 -14.836644 -0.280024
v 4.521323 -14.865008 -0.222917
v 4.476677 -14.971333 -0.222917
v 4.426340 -14.943694 -0.280024
v 5.471967 -12.653884 -0.280024
v 5.428618 -12.761703 -0.280024
v 5.327802 -12.705791 -0.280024
v 5.371153 -12.597969 -0.280024
v 4.940772 -13.668419 -0.280024
v 4.984121 -13.560600 -0.280024
v 5.084937 -13.616511 -0.280024
v 5.041586 -13.724334 -0.280024
v 4.091701 -15.277098 -0.280024
v 3.986359 -15.221511 -0.280024
v 4.048195 -15.123677 -0.280024
v 4.150628 -15.177877 -0.280024
v 4.189465 -15.330193 -0.280024
v 4.290509 -15.253846 -0.280024
v 4.340875 -15.281425 -0.222917
v 4.265581 -15.358310 -0.222917
v 2.833375 -16.590237 -0.222916
v 2.874284 -16.642145 -0.280024
v 2.835595 -16.696196 -0.222916
v 3.048422 -17.169830 -0.222916
v 3.067501 -17.072140 -0.280024
v 3.092334 -17.168262 -0.222916
v 3.652347 -15.685767 -0.222916
v 3.600535 -15.661074 -0.280024
v 3.660405 -15.561899 -0.280024
v 3.923238 -15.453015 -0.280024
v 3.724888 -15.607758 -0.222916
v 3.266897 -15.500340 -0.222916
v 3.309520 -15.393180 -0.222916
v 3.361239 -15.417916 -0.280024
v 3.318509 -15.525335 -0.280024
v 5.610008 -12.256553 -0.222917
v 5.586585 -12.368805 -0.280024
v 5.531034 -12.200310 -0.280024
v 5.574018 -12.147392 -0.222917
v 4.272706 -12.120115 0.274732
v 4.322949 -12.148479 0.331840
v 4.454087 -12.089346 0.331840
v 4.350146 -12.053936 0.274732
v 5.727241 -12.795465 0.331840
v 5.755711 -12.943115 0.331840
v 5.806282 -12.970666 0.274732
v 5.809798 -12.862583 0.274732
v 3.472290 -14.414559 0.331840
v 3.466227 -14.279332 0.331840
v 3.415655 -14.251785 0.274733
v 3.404438 -14.361891 0.274733
v 3.493073 -14.849235 0.274733
v 3.482053 -14.959419 0.274733
v 3.532973 -14.986169 0.331840
v 3.554664 -14.867499 0.331840
v 3.928697 -12.975739 0.274732
v 3.885675 -13.082743 0.274732
v 3.935919 -13.111107 0.331840
v 3.979268 -13.003288 0.331840
v 5.462274 -13.826289 0.274724
v 5.412030 -13.797924 0.331832
v 5.334003 -13.886513 0.331832
v 5.394224 -13.913620 0.274724
v 4.747900 -14.383385 0.274732
v 4.828725 -14.253765 0.331840
v 4.672631 -14.335343 0.331840
v 4.629282 -14.443161 0.331840
v 4.679852 -14.470712 0.274732
v 3.617207 -13.750481 0.274732
v 3.574185 -13.857486 0.274732
v 3.624429 -13.885850 0.331840
v 3.667778 -13.778031 0.331840
v 5.102636 -12.449043 0.331840
v 5.056745 -12.555454 0.331840
v 5.157559 -12.611369 0.331840
v 5.202986 -12.504702 0.331840
v 4.159138 -14.795498 0.331840
v 4.260827 -14.851898 0.331840
v 4.300837 -14.742222 0.331840
v 4.200021 -14.686310 0.331840
v 4.713062 -13.410267 0.331840
v 4.669713 -13.518085 0.331840
v 4.770527 -13.574000 0.331840
v 4.813878 -13.466178 0.331840
v 4.358222 -14.292829 0.331840
v 4.459039 -14.348740 0.331840
v 4.502388 -14.240921 0.331840
v 4.401573 -14.185005 0.331840
v 5.404326 -11.814990 0.274724
v 5.360181 -11.883968 0.331831
v 5.451571 -11.959282 0.331831
v 5.478250 -11.856893 0.274724
v 4.471080 -14.836644 0.331840
v 4.426340 -14.943694 0.331840
v 4.476677 -14.971333 0.274733
v 4.521323 -14.865008 0.274733
v 5.471967 -12.653884 0.331840
v 5.371153 -12.597969 0.331840
v 5.327802 -12.705791 0.331840
v 5.428618 -12.761703 0.331840
v 4.940772 -13.668419 0.331840
v 5.041586 -13.724334 0.331840
v 5.084937 -13.616511 0.331840
v 4.984121 -13.560600 0.331840
v 4.091701 -15.277098 0.331840
v 4.150628 -15.177877 0.331840
v 4.048195 -15.123677 0.331840
v 3.986359 -15.221511 0.331840
v 4.189465 -15.330193 0.331840
v 4.265581 -15.358310 0.274733
v 4.340875 -15.281425 0.274733
v 4.290509 -15.253846 0.331840
v 2.833375 -16.590237 0.274733
v 2.835595 -16.696196 0.274733
v 2.874284 -16.642145 0.331840
v 3.048422 -17.169830 0.274733
v 3.092334 -17.168262 0.274733
v 3.067501 -17.072140 0.331840
v 3.652347 -15.685767 0.274733
v 3.724888 -15.607758 0.274733
v 3.923238 -15.453014 0.331840
v 3.660405 -15.561899 0.331840
v 3.600535 -15.661074 0.331840
v 3.266897 -15.500340 0.274733
v 3.318509 -15.525335 0.331840
v 3.361239 -15.417916 0.331840
v 3.309520 -15.393180 0.274733
v 5.610008 -12.256553 0.274732
v 5.574018 -12.147392 0.274732
v 5.531034 -12.200310 0.331835
v 5.586585 -12.368805 0.331840
v -5.315958 -0.763113 -0.738923
v -5.422983 -0.710239 -0.640498
v -7.378663 -1.981575 -0.640494
v -7.342669 -1.845415 -0.640498
v -7.292822 -1.932099 -0.738918
v -7.027546 -2.592203 -0.640478
v -6.925271 -2.571306 -0.738902
v -6.880252 -2.665629 -0.640474
v -2.659904 -2.135916 -0.640474
v -2.532345 -2.019928 -0.738898
v -2.485038 -2.185446 -0.640474
v -1.751547 -2.775500 -0.640494
v -1.645389 -2.733429 -0.738919
v -1.576752 -2.824451 -0.640498
v -0.434484 -2.674202 -0.640498
v -0.394994 -2.568960 -0.738923
v -0.283716 -2.577175 -0.640498
v 0.128732 -1.920341 -0.640498
v 0.118398 -1.751368 -0.738923
v 0.276530 -1.808611 -0.640498
v 1.985817 -1.312079 -0.640499
v 2.106772 -1.173770 -0.738923
v 2.153636 -1.351047 -0.640499
v 2.853080 -1.989914 -0.640499
v 2.951934 -1.945738 -0.738911
v 3.020900 -2.028877 -0.640486
v 3.078496 -1.908972 -0.738960
v 3.115862 -2.001293 -0.640474
v 5.919198 0.628755 -0.640475
v 5.849231 0.706184 -0.738899
v -1.908495 1.214079 -0.640499
v -1.852951 1.133018 -0.738923
v -1.446210 1.927896 -0.640499
v -1.299922 2.047018 -0.640499
v -1.325286 1.947790 -0.738923
v 1.698380 3.207851 -0.640499
v 1.883055 3.209202 -0.640499
v 1.845498 3.169252 -0.738923
v 3.586507 2.575375 -0.640499
v 3.717695 2.431128 -0.738923
v 4.181936 2.551292 -0.640475
v 4.284463 2.437836 -0.738899
v 10.647184 4.496607 -0.640500
v 10.712262 4.430235 -0.640500
v 10.588674 4.365196 -0.738924
v 10.338469 3.233055 -0.640499
v 10.222837 3.089018 -0.640499
v 10.227756 3.209261 -0.738924
v 5.509362 0.326184 -0.640499
v 5.478934 0.494495 -0.738923
v 5.635208 0.466408 -0.640491
v 4.966217 -0.915355 -0.640499
v 4.839568 -1.054115 -0.640495
v 4.854384 -0.933121 -0.738923
v -5.422983 -0.710239 0.692312
v -5.315958 -0.763113 0.790736
v -7.378663 -1.981575 0.692308
v -7.292822 -1.932099 0.790733
v -7.342669 -1.845415 0.692312
v -7.027546 -2.592203 0.692292
v -6.880252 -2.665629 0.692288
v -6.925271 -2.571306 0.790716
v -2.659904 -2.135916 0.692288
v -2.485038 -2.185446 0.692288
v -2.532345 -2.019928 0.790712
v -1.751547 -2.775500 0.692308
v -1.576752 -2.824451 0.692312
v -1.645389 -2.733429 0.790732
v -0.434484 -2.674202 0.692312
v -0.283716 -2.577175 0.692312
v -0.394994 -2.568960 0.790736
v 0.128732 -1.920341 0.692312
v 0.276530 -1.808611 0.692312
v 0.118398 -1.751368 0.790736
v 1.985817 -1.312079 0.692312
v 2.153636 -1.351047 0.692312
v 2.106772 -1.173770 0.790736
v 2.853080 -1.989913 0.692312
v 3.020900 -2.028877 0.692300
v 2.951934 -1.945738 0.790724
v 3.115862 -2.001293 0.692287
v 3.078496 -1.908972 0.790773
v 5.849231 0.706184 0.790711
v 5.919198 0.628755 0.692287
v -1.852951 1.133018 0.790736
v -1.908495 1.214079 0.692312
v -1.446210 1.927896 0.692312
v -1.325286 1.947790 0.790736
v -1.299922 2.047018 0.692312
v 1.698380 3.207851 0.692311
v 1.845498 3.169252 0.790736
v 1.883055 3.209202 0.692311
v 3.717695 2.431128 0.790736
v 3.586507 2.575375 0.692311
v 4.284463 2.437836 0.790711
v 4.181936 2.551292 0.692287
v 10.647184 4.496607 0.692311
v 10.588674 4.365196 0.790735
v 10.712262 4.430235 0.692311
v 10.338469 3.233055 0.692311
v 10.227756 3.209261 0.790735
v 10.222837 3.089018 0.692311
v 5.509362 0.326184 0.692311
v 5.635208 0.466408 0.692303
v 5.478934 0.494495 0.790736
v 4.966217 -0.915355 0.692312
v 4.854384 -0.933120 0.790736
v 4.839568 -1.054115 0.692308
v 4.392367 -7.364571 -0.687934
v 3.243146 -8.572027 -0.687934
v 4.213163 -7.192462 -0.687934
v 4.392367 -7.364570 0.739748
v 3.243146 -8.572027 0.739748
v 4.213163 -7.192462 0.739748
v 3.942524 -3.190127 -0.626099
v 4.025831 -3.147514 -0.626099
v 4.005208 -3.200240 -0.687934
v 3.605411 -4.028600 -0.626099
v 3.648070 -4.088519 -0.687934
v 3.601713 -4.145589 -0.626099
v 3.931120 -4.941721 -0.687934
v 3.877030 -4.975483 -0.626099
v 4.240770 -5.361610 -0.626099
v 4.347005 -5.383202 -0.687934
v 4.274091 -5.468482 -0.626099
v 4.097453 -7.055950 -0.687934
v 4.041490 -7.027585 -0.626099
v 3.059630 -8.383474 -0.626099
v 3.063123 -8.484298 -0.687930
v 2.966122 -8.459112 -0.626099
v 1.439311 -9.200342 -0.687933
v 1.423607 -9.139309 -0.626099
v 0.776173 -9.206614 -0.626098
v 0.771731 -9.269740 -0.687933
v 0.687601 -9.269388 -0.626098
v 0.363271 -10.108057 -0.687913
v 0.301226 -10.079889 -0.626078
v 5.938963 -3.635818 -0.626099
v 6.040678 -3.697062 -0.626099
v 5.938405 -3.688946 -0.687934
v 6.719514 -4.444718 -0.626099
v 6.755778 -4.552800 -0.626099
v 6.691865 -4.516280 -0.687934
v 6.655022 -5.705560 -0.626099
v 6.598364 -5.803140 -0.626099
v 6.581625 -5.777529 -0.687934
v 5.724925 -6.407107 -0.626099
v 5.659591 -6.503344 -0.626099
v 5.616727 -6.413988 -0.687934
v 5.381294 -7.443794 -0.626099
v 5.391192 -7.386320 -0.687934
v 5.457089 -7.376372 -0.626099
v 4.627561 -7.524594 -0.626099
v 4.530815 -7.582848 -0.626099
v 4.515546 -7.482870 -0.687934
v 3.715574 -8.783798 -0.626078
v 3.627013 -8.804235 -0.626082
v 3.656657 -8.749252 -0.687917
v 3.433527 -8.691395 -0.626099
v 3.452364 -8.630108 -0.687934
v 2.856380 -9.343134 -0.626078
v 2.834505 -9.284755 -0.687917
v 2.897922 -9.256620 -0.626082
v 2.269116 -9.614157 -0.626099
v 2.202193 -9.576570 -0.687933
v 1.337492 -9.759724 -0.626098
v 1.249233 -9.825628 -0.626098
v 1.226673 -9.720283 -0.687933
v 0.920211 -10.360937 -0.687933
v 0.980143 -10.388149 -0.626098
v 0.154754 -10.391582 -0.626078
v 0.214254 -10.425159 -0.687913
v 0.182066 -10.478671 -0.626078
v 0.813065 -10.765463 -0.626098
v 0.733917 -10.791970 -0.626098
v 0.755663 -10.732529 -0.687933
v 4.237701 -6.115865 -0.687914
v 4.176183 -6.124746 -0.626079
v 5.449224 -7.136139 -0.687934
v 5.516171 -7.121667 -0.626099
v 1.928376 -8.916720 -0.626099
v 2.127386 -8.896923 -0.687934
v 2.872848 -9.002895 -0.626099
v 2.864491 -9.121275 -0.626095
v 2.774468 -9.064957 -0.687934
v 2.925001 -8.873178 -0.626099
v 2.810447 -8.828964 -0.687934
v 3.000913 -8.781963 -0.626095
v 3.118730 -8.707424 -0.626082
v 3.155649 -8.610582 -0.687921
v 3.233199 -8.678209 -0.626082
v 5.584343 -6.827744 -0.626099
v 5.516575 -6.845770 -0.687934
v 4.146630 -6.322854 -0.626099
v 4.206125 -6.327517 -0.687934
v 3.942524 -3.190127 0.677913
v 4.005208 -3.200240 0.739748
v 4.025831 -3.147514 0.677913
v 3.605411 -4.028600 0.677913
v 3.601713 -4.145589 0.677913
v 3.648070 -4.088519 0.739748
v 3.877030 -4.975483 0.677913
v 3.931120 -4.941721 0.739748
v 4.240770 -5.361610 0.677913
v 4.274091 -5.468482 0.677913
v 4.347005 -5.383202 0.739748
v 4.041490 -7.027585 0.677913
v 4.097453 -7.055950 0.739748
v 3.059630 -8.383474 0.677913
v 2.966122 -8.459112 0.677913
v 3.063123 -8.484298 0.739744
v 1.423607 -9.139309 0.677913
v 1.439311 -9.200342 0.739748
v 0.776173 -9.206614 0.677914
v 0.687601 -9.269388 0.677914
v 0.771731 -9.269740 0.739748
v 0.301226 -10.079889 0.677893
v 0.363271 -10.108057 0.739728
v 5.938963 -3.635818 0.677913
v 5.938405 -3.688946 0.739748
v 6.040678 -3.697062 0.677913
v 6.719514 -4.444718 0.677913
v 6.691865 -4.516280 0.739748
v 6.755778 -4.552800 0.677913
v 6.655022 -5.705560 0.677913
v 6.581625 -5.777529 0.739748
v 6.598364 -5.803140 0.677913
v 5.724925 -6.407106 0.677913
v 5.616727 -6.413987 0.739748
v 5.659591 -6.503344 0.677913
v 5.381294 -7.443794 0.677913
v 5.457089 -7.376372 0.677913
v 5.391192 -7.386319 0.739748
v 4.627561 -7.524594 0.677913
v 4.515546 -7.482870 0.739748
v 4.530815 -7.582848 0.677913
v 3.715574 -8.783798 0.677893
v 3.656658 -8.749252 0.739732
v 3.627013 -8.804235 0.677897
v 3.452364 -8.630108 0.739748
v 3.433527 -8.691394 0.677913
v 2.856380 -9.343133 0.677893
v 2.897922 -9.256620 0.677897
v 2.834505 -9.284755 0.739732
v 2.202193 -9.576570 0.739748
v 2.269116 -9.614157 0.677913
v 1.337492 -9.759724 0.677914
v 1.226673 -9.720283 0.739748
v 1.249233 -9.825628 0.677914
v 0.980143 -10.388149 0.677914
v 0.920211 -10.360937 0.739749
v 0.154754 -10.391582 0.677893
v 0.182066 -10.478671 0.677893
v 0.214254 -10.425159 0.739728
v 0.813065 -10.765463 0.677914
v 0.755663 -10.732529 0.739749
v 0.733917 -10.791970 0.677914
v 4.176183 -6.124746 0.677893
v 4.237702 -6.115865 0.739728
v 5.516171 -7.121667 0.677913
v 5.449224 -7.136139 0.739748
v 2.127386 -8.896923 0.739748
v 1.928376 -8.916719 0.677913
v 2.872848 -9.002895 0.677913
v 2.774468 -9.064957 0.739748
v 2.864491 -9.121275 0.677909
v 2.925001 -8.873178 0.677913
v 3.000913 -8.781963 0.677909
v 2.810447 -8.828963 0.739748
v 3.118734 -8.707426 0.677897
v 3.233199 -8.678209 0.677897
v 3.155649 -8.610582 0.739736
v 5.516575 -6.845769 0.739748
v 5.584343 -6.827744 0.677913
v 4.206125 -6.327517 0.739748
v 4.146630 -6.322854 0.677913
v 3.934993 -44.556625 -0.354714
v 3.776708 -44.491440 -0.119477
v 3.776708 -44.491440 0.171297
v 3.934993 -44.556625 0.406534
v 4.191100 -44.662102 0.496389
v 4.447207 -44.767578 0.406534
v 4.605494 -44.832764 0.171297
v 4.605494 -44.832764 -0.119477
v 4.447207 -44.767578 -0.354714
v 4.191100 -44.662102 -0.444568
v 3.934993 -44.556625 -0.354714
v 3.776708 -44.491440 -0.119477
v 3.776708 -44.491440 0.171297
v 3.934993 -44.556625 0.406534
v 4.191100 -44.662102 0.496389
v 4.447207 -44.767578 0.406534
v 4.605494 -44.832764 0.171297
v 4.605494 -44.832764 -0.119477
v 4.447207 -44.767578 -0.354714
v 4.191100 -44.662102 -0.444568
v 3.934993 -44.556625 -0.354714
v 3.776708 -44.491440 -0.119477
v 3.776708 -44.491440 0.171297
v 3.934993 -44.556625 0.406534
v 4.191100 -44.662102 0.496389
v 4.447207 -44.767578 0.406534
v 4.605494 -44.832764 0.171297
v 4.605494 -44.832764 -0.119477
v 4.447207 -44.767578 -0.354714
v 4.191100 -44.662102 -0.444568
v 4.191100 -44.662102 -0.444568
v 4.447207 -44.767578 -0.354714
v 4.605494 -44.832764 -0.119477
v 4.605494 -44.832764 0.171297
v 4.447207 -44.767578 0.406534
v 4.191100 -44.662102 0.496389
v 3.934993 -44.556625 0.406534
v 3.776708 -44.491440 0.171297
v 3.776708 -44.491440 -0.119477
v 3.934993 -44.556625 -0.354714
v 3.341002 -44.891525 -0.272283
v 4.621227 -45.406250 -0.272275
v 3.402123 -45.514946 -0.272283
v 4.638829 -46.012169 -0.272275
v 4.046858 -49.469315 -0.272283
v 4.872108 -49.711510 -0.272283
v 4.903954 -49.515549 -0.272283
v 4.042956 -49.169380 -0.272283
v 4.881783 -49.659637 -0.272283
v 4.040656 -49.375870 -0.272283
v 3.832252 -45.936813 -0.272275
v 4.658260 -46.268913 -0.272283
v 4.760098 -47.614639 -0.272283
v 3.919587 -47.276711 -0.272283
v 4.897179 -49.426041 -0.272283
v 4.037149 -49.080261 -0.272275
v 3.661057 -45.020210 -0.272283
v 3.981112 -45.148888 -0.272283
v 4.301169 -45.277569 -0.272283
v 4.329653 -45.887863 -0.272283
v 4.020476 -45.763557 -0.272283
v 3.711300 -45.639252 -0.272283
v 4.708432 -49.894753 -0.272283
v 4.497716 -49.892883 -0.272283
v 4.275046 -49.720505 -0.272275
v 4.688701 -49.429008 -0.272283
v 4.473455 -49.342468 -0.272283
v 4.258209 -49.255928 -0.272283
v 4.704179 -49.837051 -0.272283
v 4.492068 -49.812721 -0.272283
v 4.268478 -49.624481 -0.272283
v 4.451756 -46.185890 -0.272283
v 4.245252 -46.102863 -0.272283
v 4.038750 -46.019836 -0.272283
v 4.555206 -47.709236 -0.272283
v 4.339841 -47.445671 -0.272283
v 4.129715 -47.361191 -0.272283
v 4.664199 -49.296974 -0.272283
v 4.467166 -49.253151 -0.272283
v 4.252156 -49.166702 -0.272283
v 3.934993 -44.556625 -0.354714
v 3.776708 -44.491440 -0.119477
v 3.776708 -44.491440 0.171297
v 3.934993 -44.556625 0.406534
v 4.191100 -44.662102 0.496389
v 4.447207 -44.767578 0.406534
v 4.605494 -44.832764 0.171297
v 4.605494 -44.832764 -0.119477
v 4.447207 -44.767578 -0.354714
v 4.191100 -44.662102 -0.444568
v 3.934993 -44.556625 -0.354714
v 3.776708 -44.491440 -0.119477
v 3.776708 -44.491440 0.171297
v 3.934993 -44.556625 0.406534
v 4.191100 -44.662102 0.496389
v 4.447207 -44.767578 0.406534
v 4.605494 -44.832764 0.171297
v 4.605494 -44.832764 -0.119477
v 4.447207 -44.767578 -0.354714
v 4.191100 -44.662102 -0.444568
v 3.934993 -44.556625 -0.354714
v 3.776708 -44.491440 -0.119477
v 3.776708 -44.491440 0.171297
v 3.934993 -44.556625 0.406534
v 4.191100 -44.662102 0.496389
v 4.447207 -44.767578 0.406534
v 4.605494 -44.832764 0.171297
v 4.605494 -44.832764 -0.119477
v 4.447207 -44.767578 -0.354714
v 4.191100 -44.662102 -0.444568
v 4.191100 -44.662102 -0.444568
v 4.447207 -44.767578 -0.354714
v 4.605494 -44.832764 -0.119477
v 4.605494 -44.832764 0.171297
v 4.447207 -44.767578 0.406534
v 4.191100 -44.662102 0.496389
v 3.934993 -44.556625 0.406534
v 3.776708 -44.491440 0.171297
v 3.776708 -44.491440 -0.119477
v 3.934993 -44.556625 -0.354714
v 3.341002 -44.891525 0.324104
v 4.621227 -45.406250 0.324096
v 3.402123 -45.514946 0.324104
v 4.638829 -46.012169 0.324096
v 4.046858 -49.469315 0.324105
v 4.872108 -49.711510 0.324105
v 4.903954 -49.515549 0.324105
v 4.042956 -49.169380 0.324105
v 4.881783 -49.659637 0.324105
v 4.040656 -49.375870 0.324105
v 3.832252 -45.936813 0.324096
v 4.658260 -46.268913 0.324104
v 4.760098 -47.614639 0.324104
v 3.919587 -47.276711 0.324104
v 4.897179 -49.426041 0.324105
v 4.037149 -49.080261 0.324096
v 3.661057 -45.020210 0.324104
v 3.981112 -45.148888 0.324104
v 4.301169 -45.277569 0.324104
v 4.329653 -45.887863 0.324104
v 4.020476 -45.763557 0.324104
v 3.711300 -45.639252 0.324104
v 4.708432 -49.894753 0.324105
v 4.497716 -49.892883 0.324105
v 4.275046 -49.720505 0.324097
v 4.688701 -49.429008 0.324105
v 4.473455 -49.342468 0.324105
v 4.258209 -49.255928 0.324105
v 4.704179 -49.837051 0.324105
v 4.492068 -49.812721 0.324105
v 4.268478 -49.624481 0.324105
v 4.451756 -46.185890 0.324104
v 4.245252 -46.102863 0.324104
v 4.038750 -46.019836 0.324104
v 4.555203 -47.709244 0.324104
v 4.339841 -47.445671 0.324104
v 4.129715 -47.361191 0.324104
v 4.664199 -49.296974 0.324105
v 4.467166 -49.253151 0.324105
v 4.252156 -49.166702 0.324105
v 4.908226 -45.275829 0.091482
v 4.915320 -45.534481 0.160394
v 4.932485 -46.131203 0.268437
v 4.932485 -46.131203 -0.216616
v 4.948292 -46.340027 0.268445
v 4.948292 -46.340027 -0.216624
v 4.985567 -47.442848 0.268445
v 4.985567 -47.442848 -0.216624
v 4.908226 -45.275829 -0.039661
v 4.915320 -45.534481 -0.108573
v 4.843402 -47.609795 0.324104
v 4.741563 -46.264072 0.324104
v 4.722134 -46.007324 0.324096
v 4.704534 -45.401409 0.324096
v 4.688801 -44.827911 0.171297
v 4.688801 -44.827911 -0.119477
v 4.843402 -47.609795 -0.272283
v 4.741563 -46.264072 -0.272283
v 4.722134 -46.007324 -0.272275
v 4.704534 -45.401409 -0.272275
v 5.809669 -46.421272 -0.216624
v 5.746053 -47.523445 -0.216624
v 5.813015 -46.211758 -0.216616
v 5.850424 -45.615669 -0.108573
v 5.866987 -45.357327 -0.039661
v 5.866987 -45.357327 0.091482
v 5.850424 -45.615669 0.160394
v 5.813015 -46.211758 0.268437
v 5.809669 -46.421272 0.268445
v 5.746053 -47.523445 0.268445
v 4.989288 -48.018486 -0.216624
v 4.989288 -48.018486 0.268445
v 5.723461 -47.797531 -0.216624
v 5.723461 -47.797531 0.268445
v 4.907802 -42.555328 -0.039661
v 4.907802 -42.555328 0.091481
v 5.492793 -42.728645 -0.039661
v 5.492793 -42.728645 0.091481
v 4.986633 -44.638809 0.091482
v 4.986633 -44.638809 -0.039661
v 5.953371 -44.617470 -0.039661
v 5.953371 -44.617470 0.091482
v 4.981242 -44.496307 0.091482
v 4.981242 -44.496307 -0.039661
v 5.862531 -44.508469 -0.039661
v 5.862531 -44.508469 0.091482
v 4.972457 -44.264076 0.091482
v 4.972457 -44.264076 -0.039661
v 5.714487 -44.330826 -0.039661
v 5.714487 -44.330826 0.091482
v 4.964176 -44.045288 0.091482
v 4.964176 -44.045288 -0.039661
v 5.780750 -44.141445 -0.039661
v 5.780750 -44.141445 0.091482
v 6.065922 -45.174675 -0.014232
v 6.065922 -45.174675 0.066053
v 6.115878 -44.708904 -0.014232
v 6.115878 -44.708904 0.066053
v 4.958085 -43.884315 0.091482
v 4.958085 -43.884315 -0.039661
v 5.608388 -43.945564 -0.039661
v 5.608388 -43.945564 0.091482
v 5.015870 -42.397499 -0.039661
v 5.015870 -42.397499 0.091481
v 4.843402 -47.609795 0.025911
v 4.688801 -44.827911 0.025910
v 3.341002 -44.891525 0.025910
v 3.402123 -45.514946 0.025910
v 4.046858 -49.469315 0.025911
v 4.872108 -49.711510 0.025911
v 4.903954 -49.515549 0.025911
v 4.042956 -49.169380 0.025911
v 4.881783 -49.659637 0.025911
v 4.040656 -49.375870 0.025911
v 3.832252 -45.936813 0.025910
v 4.760098 -47.614639 0.025911
v 3.919587 -47.276711 0.025911
v 4.897179 -49.426041 0.025911
v 4.037149 -49.080261 0.025911
v 4.708432 -49.894753 0.025911
v 4.497716 -49.892883 0.025911
v 4.275046 -49.720505 0.025911
v 4.908226 -45.275829 0.025910
v 4.985567 -47.442848 0.025911
v 5.866987 -45.357327 0.025910
v 5.850424 -45.615669 0.025910
v 5.813015 -46.211758 0.025910
v 5.809669 -46.421272 0.025910
v 5.746053 -47.523445 0.025911
v 4.989288 -48.018486 0.025911
v 5.723461 -47.797531 0.025911
v 4.907802 -42.555328 0.025910
v 5.492793 -42.728645 0.025910
v 5.953371 -44.617470 0.025910
v 4.986633 -44.638809 0.025910
v 5.862531 -44.508469 0.025910
v 4.981242 -44.496307 0.025910
v 5.714487 -44.330826 0.025910
v 4.972457 -44.264076 0.025910
v 5.780750 -44.141445 0.025910
v 4.964176 -44.045288 0.025910
v 6.065922 -45.174675 0.025910
v 6.115878 -44.708904 0.025910
v 5.608388 -43.945564 0.025910
v 4.958085 -43.884315 0.025910
v 5.015870 -42.397499 0.025910
v 4.374085 -56.297729 -0.100814
v 3.981163 -55.532921 -0.100814
v 2.865770 -48.453369 -0.100814
v 2.932972 -48.879929 -0.100814
v 2.964061 -49.077240 -0.100814
v 3.004383 -49.333183 -0.100814
v 3.032742 -49.513184 -0.100814
v 3.067542 -49.734039 -0.100814
v 3.096048 -49.914986 -0.100814
v 4.111975 -55.911522 -0.100814
v 4.441388 -55.625633 -0.100814
v 3.130519 -50.133774 -0.100814
v 3.155068 -50.289612 -0.100814
v 3.187428 -50.494995 -0.100814
v 3.222119 -50.715187 -0.100814
v 3.257771 -50.941475 -0.100814
v 3.284321 -51.109985 -0.100814
v 3.322140 -51.350021 -0.100814
v 2.828541 -49.386887 -0.041276
v 2.788215 -49.130959 -0.041276
v 3.780692 -55.437675 -0.041275
v 2.920201 -49.968689 -0.041276
v 3.921696 -55.812332 -0.041275
v 2.856902 -49.566895 -0.041276
v 2.757126 -48.933640 -0.041276
v 2.689924 -48.507080 -0.041276
v 4.487312 -55.887383 -0.041275
v 4.456503 -56.660545 -0.041275
v 2.891695 -49.787750 -0.041276
v 2.953718 -50.181686 -0.041276
v 2.977582 -50.333389 -0.041276
v 3.009044 -50.533325 -0.041276
v 3.042769 -50.747681 -0.041276
v 3.077430 -50.967964 -0.041276
v 3.103240 -51.132011 -0.041276
v 3.140007 -51.365685 -0.041276
v 4.774003 -54.704208 0.025911
v 4.374085 -56.297729 0.152637
v 3.981163 -55.532921 0.152637
v 2.865770 -48.453369 0.152636
v 2.932972 -48.879929 0.152636
v 2.964061 -49.077240 0.152636
v 3.004383 -49.333183 0.152636
v 3.032742 -49.513184 0.152636
v 3.067542 -49.734039 0.152636
v 3.096048 -49.914986 0.152636
v 4.111975 -55.911522 0.152637
v 4.441388 -55.625633 0.152637
v 4.549511 -57.069992 0.025912
v 3.554459 -55.330200 0.025912
v 2.491484 -48.567680 0.025911
v 2.558686 -48.994255 0.025911
v 2.589776 -49.191559 0.025911
v 2.630095 -49.447502 0.025911
v 2.658458 -49.627495 0.025911
v 2.693254 -49.848358 0.025911
v 2.721765 -50.029297 0.025911
v 3.706964 -55.700394 0.025912
v 4.539141 -56.182777 0.025912
v 3.130519 -50.133774 0.152636
v 2.754191 -50.235756 0.025911
v 3.155068 -50.289612 0.152636
v 2.777289 -50.382790 0.025911
v 3.187428 -50.494995 0.152636
v 2.807731 -50.576576 0.025911
v 3.222119 -50.715187 0.152636
v 2.840369 -50.784340 0.025911
v 3.257771 -50.941475 0.152636
v 2.873912 -50.997864 0.025911
v 3.284321 -51.109985 0.152636
v 2.898888 -51.156868 0.025911
v 3.322140 -51.350021 0.152636
v 2.934466 -51.383362 0.025911
v 2.828541 -49.386887 0.093098
v 2.788215 -49.130959 0.093098
v 3.780692 -55.437675 0.093098
v 2.920201 -49.968689 0.093098
v 3.921696 -55.812332 0.093098
v 2.856902 -49.566895 0.093098
v 2.757126 -48.933640 0.093098
v 2.689924 -48.507080 0.093098
v 4.487312 -55.887383 0.093098
v 4.456503 -56.660545 0.093098
v 2.891695 -49.787750 0.093098
v 2.953718 -50.181686 0.093098
v 2.977582 -50.333389 0.093098
v 3.009044 -50.533325 0.093098
v 3.042769 -50.747681 0.093098
v 3.077430 -50.967964 0.093098
v 3.103240 -51.132011 0.093098
v 3.140007 -51.365685 0.093098
v 4.620943 -7.642626 -0.406476
v 4.711087 -7.589918 -0.406476
v 4.780851 -7.640985 -0.463584
v 4.661501 -7.684446 -0.463584
v 6.043266 -8.906187 -0.463584
v 6.086178 -8.957464 -0.406476
v 6.032355 -9.057688 -0.406476
v 5.991305 -9.017189 -0.463584
v 3.780643 -8.839633 -0.406476
v 3.818810 -8.884859 -0.463584
v 3.731092 -8.959559 -0.463579
v 3.696303 -8.912853 -0.406472
v 4.994751 -10.405642 -0.406476
v 4.908380 -10.477352 -0.406476
v 4.871583 -10.431665 -0.463583
v 4.959653 -10.357413 -0.463583
v 3.296929 -9.190708 -0.463571
v 3.261824 -9.145390 -0.406460
v 3.358797 -9.084449 -0.406464
v 3.395590 -9.130135 -0.463571
v 4.570871 -10.648942 -0.406476
v 4.473903 -10.709885 -0.406476
v 4.438789 -10.664577 -0.463583
v 4.536086 -10.602239 -0.463583
v 2.756202 -9.585607 -0.463571
v 2.721929 -9.537312 -0.406464
v 2.821167 -9.481546 -0.406460
v 2.856278 -9.526859 -0.463571
v 4.033243 -11.046045 -0.406476
v 3.936941 -11.054171 -0.406476
v 3.778306 -10.904898 -0.463583
v 3.998142 -11.000729 -0.463583
v 2.374353 -9.734543 -0.463583
v 2.258697 -9.773186 -0.463583
v 2.225830 -9.721655 -0.406476
v 2.335253 -9.688133 -0.406476
v 3.405935 -10.950727 -0.406476
v 3.300454 -10.996031 -0.406476
v 3.258525 -10.952297 -0.463583
v 3.369043 -10.903457 -0.463583
v 1.531897 -9.940262 -0.463583
v 1.498293 -9.890303 -0.406476
v 1.609205 -9.861225 -0.406476
v 1.654076 -9.910040 -0.463583
v 2.758024 -11.251013 -0.406464
v 2.679974 -11.326888 -0.406460
v 2.637721 -11.283720 -0.463567
v 2.721654 -11.204667 -0.463571
v 1.347001 -10.052251 -0.463583
v 1.306939 -9.995586 -0.406476
v 1.381875 -9.925066 -0.406476
v 1.428928 -9.971005 -0.463583
v 2.651998 -11.382101 -0.406460
v 2.606918 -11.487972 -0.406460
v 2.560837 -11.446440 -0.463571
v 2.613480 -11.331562 -0.463567
v 0.962008 -11.061255 -0.406476
v 0.951781 -10.958376 -0.406476
v 0.995275 -11.005739 -0.463583
v 2.127670 -12.859669 -0.406476
v 2.090793 -12.968934 -0.406476
v 2.045921 -12.922007 -0.463583
v 2.094327 -12.781688 -0.463583
v 5.150451 -8.011401 -0.463584
v 5.039082 -8.062860 -0.463584
v 4.957177 -7.980778 -0.463584
v 5.051733 -7.912464 -0.463584
v 4.070424 -9.209637 -0.463584
v 4.143496 -9.303955 -0.463584
v 4.055422 -9.378191 -0.463583
v 3.983840 -9.285800 -0.463583
v 3.648339 -9.456372 -0.463579
v 3.719920 -9.548767 -0.463583
v 3.621259 -9.609341 -0.463583
v 3.551046 -9.518711 -0.463579
v 3.007159 -9.909534 -0.463579
v 3.110395 -9.854862 -0.463579
v 3.180608 -9.945491 -0.463583
v 3.080532 -10.004239 -0.463583
v 2.625310 -10.058470 -0.463583
v 2.703781 -10.151186 -0.463583
v 2.585510 -10.191257 -0.463583
v 2.505288 -10.091477 -0.463583
v 1.900667 -10.228331 -0.463583
v 1.982558 -10.327731 -0.463583
v 1.856385 -10.356663 -0.463583
v 1.777434 -10.257188 -0.463583
v 1.695102 -10.276731 -0.463583
v 1.780400 -10.374701 -0.463583
v 1.695022 -10.451979 -0.463583
v 1.609105 -10.353295 -0.463583
v 1.216537 -11.472546 -0.406476
v 1.233324 -11.390401 -0.463583
v 1.310065 -11.514406 -0.463583
v 1.262818 -11.656593 -0.463583
v 1.228864 -11.576148 -0.406476
v 0.966793 -12.380682 -0.406476
v 1.002513 -12.271030 -0.406476
v 1.047666 -12.317081 -0.463583
v 1.002009 -12.457245 -0.463583
v 0.873111 -12.809711 -0.406476
v 0.860788 -12.706110 -0.406476
v 0.905660 -12.753038 -0.463583
v 1.454883 -13.749797 -0.406476
v 1.509713 -13.729121 -0.463583
v 1.539267 -13.779671 -0.406476
v 1.775090 -13.636584 -0.463583
v 1.846174 -13.535212 -0.463583
v 1.881395 -13.611772 -0.406476
v 1.809334 -13.685498 -0.406476
v 5.784123 -7.522689 -0.406464
v 5.721531 -7.549704 -0.463572
v 5.679873 -7.495909 -0.406460
v 6.315276 -8.169633 -0.406476
v 6.318962 -8.277096 -0.406476
v 6.276328 -8.225008 -0.463584
v 6.169193 -7.823816 -0.406476
v 6.111900 -7.835777 -0.463584
v 5.998825 -7.739466 -0.463580
v 6.099625 -7.738596 -0.406472
v 3.545779 -10.896183 -0.406476
v 3.501583 -10.851759 -0.463583
v 3.635296 -10.829154 -0.463583
v 3.649820 -10.902094 -0.406476
v 2.582082 -9.591860 -0.406472
v 2.621179 -9.638268 -0.463579
v 2.509372 -9.681881 -0.463583
v 2.475099 -9.633585 -0.406476
v 2.836324 -10.099489 -0.463583
v 2.760333 -10.005809 -0.463583
v 2.872139 -9.962196 -0.463583
v 2.950609 -10.054915 -0.463583
v 4.620943 -7.642626 0.458291
v 4.661501 -7.684446 0.515398
v 4.780851 -7.640985 0.515398
v 4.711088 -7.589918 0.458291
v 6.043266 -8.906187 0.515398
v 5.991305 -9.017189 0.515398
v 6.032355 -9.057688 0.458291
v 6.086178 -8.957463 0.458291
v 3.780643 -8.839633 0.458291
v 3.696303 -8.912853 0.458291
v 3.731092 -8.959558 0.515398
v 3.818810 -8.884859 0.515398
v 4.994751 -10.405641 0.458291
v 4.959653 -10.357413 0.515398
v 4.871583 -10.431665 0.515398
v 4.908380 -10.477352 0.458291
v 3.296929 -9.190708 0.515386
v 3.395590 -9.130135 0.515386
v 3.358797 -9.084449 0.458279
v 3.261824 -9.145390 0.458275
v 4.570871 -10.648942 0.458291
v 4.536086 -10.602239 0.515398
v 4.438789 -10.664577 0.515398
v 4.473903 -10.709885 0.458291
v 2.756202 -9.585606 0.515390
v 2.856278 -9.526859 0.515386
v 2.821167 -9.481546 0.458275
v 2.721929 -9.537312 0.458279
v 4.033243 -11.046045 0.458291
v 3.998142 -11.000729 0.515399
v 3.778306 -10.904898 0.515399
v 3.936941 -11.054171 0.458291
v 2.374353 -9.734543 0.515398
v 2.335253 -9.688133 0.458291
v 2.225830 -9.721655 0.458291
v 2.258697 -9.773186 0.515398
v 3.405935 -10.950727 0.458291
v 3.369044 -10.903457 0.515399
v 3.258525 -10.952297 0.515399
v 3.300454 -10.996031 0.458291
v 1.531897 -9.940261 0.515399
v 1.654076 -9.910040 0.515399
v 1.609205 -9.861225 0.458291
v 1.498293 -9.890303 0.458291
v 2.758024 -11.251013 0.458279
v 2.721654 -11.204667 0.515386
v 2.637721 -11.283720 0.515386
v 2.679974 -11.326887 0.458275
v 1.347001 -10.052251 0.515399
v 1.428928 -9.971005 0.515399
v 1.381875 -9.925066 0.458291
v 1.306939 -9.995585 0.458291
v 2.651998 -11.382101 0.458275
v 2.613480 -11.331561 0.515386
v 2.560837 -11.446440 0.515386
v 2.606918 -11.487971 0.458279
v 0.962008 -11.061255 0.458291
v 0.995275 -11.005739 0.515399
v 0.951781 -10.958376 0.458291
v 2.127670 -12.859668 0.458292
v 2.094328 -12.781688 0.515399
v 2.045921 -12.922007 0.515399
v 2.090793 -12.968934 0.458292
v 5.150451 -8.011400 0.515398
v 5.051733 -7.912464 0.515398
v 4.957177 -7.980778 0.515398
v 5.039082 -8.062860 0.515398
v 4.070425 -9.209637 0.515398
v 3.983840 -9.285800 0.515398
v 4.055422 -9.378191 0.515398
v 4.143496 -9.303954 0.515398
v 3.648339 -9.456371 0.515398
v 3.551046 -9.518711 0.515398
v 3.621259 -9.609341 0.515398
v 3.719920 -9.548767 0.515398
v 3.007159 -9.909534 0.515398
v 3.080532 -10.004239 0.515398
v 3.180608 -9.945491 0.515398
v 3.110396 -9.854862 0.515398
v 2.625310 -10.058470 0.515398
v 2.505288 -10.091476 0.515399
v 2.585510 -10.191257 0.515399
v 2.703781 -10.151186 0.515399
v 1.900667 -10.228331 0.515399
v 1.777434 -10.257188 0.515399
v 1.856385 -10.356663 0.515399
v 1.982558 -10.327730 0.515399
v 1.695102 -10.276731 0.515399
v 1.609105 -10.353295 0.515399
v 1.695022 -10.451979 0.515399
v 1.780400 -10.374701 0.515399
v 1.216537 -11.472545 0.458291
v 1.228864 -11.576148 0.458291
v 1.262818 -11.656593 0.515399
v 1.310065 -11.514406 0.515399
v 1.233324 -11.390401 0.515399
v 0.966793 -12.380682 0.458292
v 1.002009 -12.457245 0.515399
v 1.047666 -12.317081 0.515399
v 1.002513 -12.271030 0.458292
v 0.873111 -12.809711 0.458292
v 0.905660 -12.753038 0.515399
v 0.860788 -12.706110 0.458292
v 1.454883 -13.749797 0.458292
v 1.539267 -13.779671 0.458292
v 1.509713 -13.729121 0.515399
v 1.775090 -13.636584 0.515399
v 1.809334 -13.685498 0.458292
v 1.881395 -13.611771 0.458292
v 1.846174 -13.535212 0.515399
v 5.784123 -7.522689 0.458279
v 5.679873 -7.495909 0.458279
v 5.721531 -7.549704 0.515386
v 6.315276 -8.169633 0.458291
v 6.276328 -8.225008 0.515398
v 6.318962 -8.277096 0.458291
v 6.169193 -7.823816 0.458291
v 6.099625 -7.738596 0.458291
v 5.998825 -7.739466 0.515398
v 6.111900 -7.835777 0.515398
v 3.545779 -10.896183 0.458291
v 3.649820 -10.902094 0.458291
v 3.635296 -10.829154 0.515399
v 3.501583 -10.851759 0.515399
v 2.582082 -9.591860 0.458287
v 2.475099 -9.633585 0.458291
v 2.509372 -9.681881 0.515398
v 2.621179 -9.638268 0.515394
v 2.836324 -10.099489 0.515398
v 2.950609 -10.054914 0.515398
v 2.872139 -9.962196 0.515398
v 2.760333 -10.005809 0.515398
v 2.859989 -11.454515 -0.349369
v 2.920512 -11.384842 -0.349369
v 2.990319 -11.403186 -0.398318
v 2.905041 -11.474041 -0.398318
v 3.993826 -11.836418 -0.398318
v 4.073327 -11.889202 -0.349369
v 4.075958 -11.979531 -0.349369
v 4.030927 -11.960108 -0.398318
v 2.187285 -13.276012 -0.349368
v 2.231142 -13.298773 -0.398318
v 2.193043 -13.390456 -0.398318
v 2.149685 -13.367364 -0.349368
v 3.314438 -13.873594 -0.349368
v 3.273548 -13.963481 -0.349368
v 3.230224 -13.940509 -0.398318
v 3.270986 -13.850242 -0.398318
v 2.057979 -13.844454 -0.398305
v 1.989453 -13.804938 -0.349356
v 1.991838 -13.714158 -0.349356
v 2.037892 -13.731325 -0.398305
v 3.174210 -14.158258 -0.349356
v 3.160393 -14.250834 -0.349356
v 3.108335 -14.238779 -0.398305
v 3.128161 -14.140633 -0.398309
v 2.512535 -14.996382 -0.349368
v 2.446892 -14.963078 -0.349368
v 2.494688 -14.950109 -0.398317
v 3.249535 -14.751976 -0.349368
v 3.210615 -14.813018 -0.349368
v 3.201830 -14.764369 -0.398317
v 3.605585 -11.016912 -0.349369
v 3.670057 -11.038078 -0.349369
v 3.652556 -11.116149 -0.398318
v 3.552960 -11.101015 -0.398318
v 3.456274 -11.604345 -0.398318
v 3.420140 -11.696421 -0.398318
v 3.330040 -11.657522 -0.398318
v 3.366222 -11.565472 -0.398318
v 2.621305 -13.505694 -0.398318
v 2.708572 -13.551976 -0.398318
v 2.669325 -13.643043 -0.398318
v 2.582606 -13.597052 -0.398318
v 2.446569 -13.884750 -0.398317
v 2.538686 -13.919332 -0.398317
v 2.551395 -14.029695 -0.398317
v 2.432398 -13.985020 -0.398317
v 2.753454 -14.933100 -0.349368
v 2.737472 -14.886338 -0.398317
v 2.832867 -14.861280 -0.398317
v 2.848563 -14.908118 -0.349368
v 2.859989 -11.454515 0.401184
v 2.905041 -11.474041 0.450133
v 2.990319 -11.403186 0.450133
v 2.920512 -11.384842 0.401184
v 3.993826 -11.836418 0.450133
v 4.030927 -11.960108 0.450133
v 4.075958 -11.979530 0.401184
v 4.073327 -11.889202 0.401184
v 2.187285 -13.276012 0.401184
v 2.149685 -13.367364 0.401184
v 2.193043 -13.390456 0.450133
v 2.231141 -13.298777 0.450133
v 3.314438 -13.873594 0.401184
v 3.270986 -13.850242 0.450133
v 3.230224 -13.940509 0.450133
v 3.273548 -13.963480 0.401184
v 2.057979 -13.844454 0.450121
v 2.037892 -13.731325 0.450121
v 1.991838 -13.714158 0.401172
v 1.989453 -13.804938 0.401172
v 3.174210 -14.158258 0.401172
v 3.128161 -14.140632 0.450125
v 3.108335 -14.238779 0.450121
v 3.160393 -14.250834 0.401172
v 2.512535 -14.996382 0.401184
v 2.494688 -14.950109 0.450134
v 2.446892 -14.963078 0.401184
v 3.249535 -14.751976 0.401184
v 3.201830 -14.764369 0.450134
v 3.210615 -14.813018 0.401184
v 3.605585 -11.016912 0.401184
v 3.552960 -11.101015 0.450133
v 3.652556 -11.116149 0.450133
v 3.670057 -11.038078 0.401184
v 3.456274 -11.604345 0.450133
v 3.366222 -11.565472 0.450133
v 3.330040 -11.657522 0.450133
v 3.420140 -11.696421 0.450133
v 2.621305 -13.505694 0.450133
v 2.582606 -13.597052 0.450133
v 2.669325 -13.643043 0.450133
v 2.708572 -13.551976 0.450133
v 2.446569 -13.884750 0.450133
v 2.432398 -13.985020 0.450133
v 2.551395 -14.029695 0.450133
v 2.538686 -13.919332 0.450133
v 2.753454 -14.933100 0.401184
v 2.848563 -14.908118 0.401184
v 2.832867 -14.861280 0.450134
v 2.737472 -14.886338 0.450134
v 5.572291 -0.736619 -0.486020
v 6.727364 -3.863861 -0.486019
v 7.455371 -0.610874 -0.486020
v 8.129593 -3.682062 -0.486019
v 8.007366 -0.783336 -0.486020
v 8.359872 -3.216226 -0.486019
v 9.717052 -0.949550 -0.486020
v 10.198805 -2.546439 -0.486020
v 10.162567 -0.992864 -0.486020
v 10.626481 -2.695113 -0.486020
v 13.257740 -1.725827 -0.486020
v 13.185974 -1.451969 -0.486020
v 12.618426 -1.231625 -0.486020
v 12.864973 -1.870511 -0.486020
v 5.066850 -1.486912 -0.486019
v 5.848546 -3.089420 -0.486019
v 5.572291 -0.736618 0.537832
v 6.727364 -3.863861 0.537833
v 7.455371 -0.610874 0.537832
v 8.129593 -3.682062 0.537832
v 8.007366 -0.783336 0.537832
v 8.359872 -3.216226 0.537832
v 9.717052 -0.949550 0.537832
v 10.198805 -2.546439 0.537832
v 10.162567 -0.992864 0.537832
v 10.626481 -2.695113 0.537832
v 13.257740 -1.725827 0.537832
v 13.185974 -1.451969 0.537832
v 12.618426 -1.231625 0.537832
v 12.864973 -1.870511 0.537832
v 5.066850 -1.486912 0.537832
v 5.848546 -3.089420 0.537832
v 3.271410 -2.092541 -0.375121
v 3.301443 -1.950967 -0.375121
v 3.378079 -2.047875 -0.486019
v 4.776779 -1.146566 -0.375121
v 4.927006 -0.994099 -0.375121
v 4.928212 -1.202696 -0.486019
v 3.961933 -2.988203 -0.375121
v 4.082285 -2.961287 -0.486019
v 4.138809 -3.098294 -0.375121
v 5.930773 -3.459324 -0.375121
v 5.965371 -3.328916 -0.486019
v 6.114462 -3.563631 -0.375121
v 5.310214 -0.267525 -0.375121
v 5.473172 -0.157538 -0.375121
v 5.408999 -0.294523 -0.486020
v 6.886044 -4.413542 -0.375121
v 6.867596 -4.243515 -0.486019
v 7.066219 -4.459661 -0.375121
v 7.205129 0.013704 -0.375121
v 7.410639 -0.033297 -0.375121
v 7.342405 -0.096288 -0.486020
v 8.108280 -4.101335 -0.375121
v 8.187183 -3.944394 -0.486019
v 8.255454 -3.961193 -0.375121
v 7.946123 -0.360690 -0.375105
v 7.964899 -0.490267 -0.486007
v 8.369786 -3.676826 -0.375121
v 8.383017 -3.375941 -0.486019
v 8.515726 -3.533201 -0.375121
v 9.585697 -0.514137 -0.375121
v 9.624079 -0.641366 -0.486020
v 10.187947 -2.895472 -0.375121
v 10.256582 -2.737960 -0.486020
v 10.394237 -2.899427 -0.375117
v 10.050014 -0.579879 -0.375105
v 10.084539 -0.706558 -0.486008
v 10.618033 -2.995155 -0.375109
v 10.686340 -2.914760 -0.486011
v 10.823923 -2.998048 -0.375109
v 12.465985 -0.836589 -0.375122
v 12.515488 -0.964861 -0.486020
v 12.929755 -2.038385 -0.486020
v 12.973935 -2.152869 -0.375121
v 13.491497 -1.655257 -0.375117
v 13.411905 -1.572720 -0.486016
v 13.466673 -1.486850 -0.375122
v 13.149033 -1.310995 -0.486020
v 13.114380 -1.178765 -0.375122
v 13.314344 -1.941844 -0.375109
v 13.279837 -1.810158 -0.486016
v 3.271410 -2.092541 0.426934
v 3.378079 -2.047875 0.537832
v 3.301443 -1.950967 0.426934
v 4.776779 -1.146566 0.426934
v 4.928212 -1.202696 0.537832
v 4.927006 -0.994099 0.426934
v 3.961933 -2.988203 0.426934
v 4.138809 -3.098294 0.426934
v 4.082285 -2.961287 0.537833
v 5.930773 -3.459324 0.426934
v 6.114462 -3.563631 0.426934
v 5.965371 -3.328916 0.537833
v 5.310214 -0.267525 0.426934
v 5.408999 -0.294523 0.537832
v 5.473172 -0.157538 0.426934
v 6.886044 -4.413542 0.426934
v 7.066219 -4.459661 0.426934
v 6.867596 -4.243515 0.537833
v 7.205129 0.013704 0.426934
v 7.342405 -0.096288 0.537832
v 7.410639 -0.033297 0.426934
v 8.108280 -4.101335 0.426934
v 8.255454 -3.961193 0.426934
v 8.187183 -3.944393 0.537832
v 7.964899 -0.490267 0.537820
v 7.946123 -0.360690 0.426922
v 8.369786 -3.676826 0.426934
v 8.515726 -3.533201 0.426934
v 8.383017 -3.375941 0.537832
v 9.624079 -0.641366 0.537832
v 9.585697 -0.514137 0.426934
v 10.187947 -2.895472 0.426934
v 10.394237 -2.899427 0.426930
v 10.256582 -2.737960 0.537832
v 10.084539 -0.706558 0.537824
v 10.050014 -0.579879 0.426922
v 10.618033 -2.995155 0.426922
v 10.823923 -2.998048 0.426922
v 10.686340 -2.914760 0.537824
v 12.515488 -0.964861 0.537832
v 12.465985 -0.836589 0.426938
v 12.973935 -2.152869 0.426934
v 12.929755 -2.038385 0.537832
v 13.491497 -1.655257 0.426930
v 13.466673 -1.486850 0.426934
v 13.411905 -1.572720 0.537828
v 13.114380 -1.178765 0.426934
v 13.149033 -1.310995 0.537832
v 13.279837 -1.810158 0.537828
v 13.314344 -1.941844 0.426918
v -22.738848 -17.250616 -0.404435
v -20.904572 -12.557617 -0.404435
v -22.963669 -18.462557 -0.404434
v -21.788794 -14.440036 -0.404435
v -19.065500 -9.336500 -0.404436
v -22.317678 -15.865911 -0.404435
v -19.878992 -10.869650 -0.404435
v -16.723738 -6.860920 -0.404436
v -17.655178 -7.806045 -0.404436
v -18.336489 -8.627838 -0.404436
v -19.770231 -8.741238 -0.404436
v -12.547190 -3.871462 -0.404437
v -15.428822 -5.875532 -0.404436
v -13.709624 -4.679891 -0.404436
v -10.040617 -2.128223 -0.404437
v -14.435870 -5.184971 -0.404436
v -11.337365 -3.030071 -0.404437
v -8.662368 -3.253984 -0.404437
v -7.020311 -0.221470 -0.404437
v -8.493364 -1.151423 -0.404437
v 3.684589 -3.082064 -0.404437
v -0.794889 -3.267647 -0.404437
v 1.377138 -2.629558 -0.404437
v 2.323725 -2.802227 -0.404437
v -0.182308 -2.920567 -0.404437
v 0.445422 -2.564897 -0.404437
v -0.372736 -9.173342 -0.404436
v 3.825200 -3.107130 -0.404437
v 3.474639 -3.902878 -0.404437
v 3.586704 -2.949734 -0.404437
v 3.232527 -3.600913 -0.404437
v 3.721423 -2.968008 -0.404437
v 3.353584 -3.751894 -0.404437
v 1.172333 -2.794153 -0.404437
v 1.405386 -8.968103 -0.404437
v 2.909710 -8.311566 -0.404437
v 3.880077 -6.991643 -0.404437
v 4.095075 -5.416952 -0.404437
v 3.292677 -3.852760 -0.404437
v 2.206622 -2.947243 -0.404437
v 0.508183 -2.738227 -0.404437
v -0.654315 -3.336405 -0.404437
v 3.809728 -5.006348 -0.404437
v -0.104168 -3.051891 -0.404437
v 3.392591 -3.957954 -0.404437
v 0.700321 -8.963255 -0.404437
v -0.252073 -8.894769 -0.404437
v 3.192767 -3.747567 -0.404437
v 3.502344 -4.197222 -0.404437
v 3.466902 -4.098562 -0.404437
v -0.695331 -8.927273 -0.404437
v -0.559307 -8.661685 -0.404437
v -0.886684 -3.776246 -0.404425
v -0.690855 -3.723619 -0.404437
v -22.738848 -17.250616 0.456254
v -20.904572 -12.557617 0.456253
v -22.963669 -18.462557 0.456254
v -21.788794 -14.440036 0.456253
v -19.065500 -9.336500 0.456253
v -22.317678 -15.865911 0.456253
v -19.878992 -10.869650 0.456253
v -16.723738 -6.860920 0.456252
v -17.655178 -7.806045 0.456252
v -18.336489 -8.627838 0.456252
v -19.770231 -8.741238 0.456252
v -12.547190 -3.871462 0.456252
v -15.428822 -5.875532 0.456252
v -13.709624 -4.679891 0.456252
v -10.040617 -2.128223 0.456251
v -14.435870 -5.184971 0.456252
v -11.337365 -3.030071 0.456251
v -8.662368 -3.253984 0.456251
v -7.020311 -0.221470 0.456251
v -8.493364 -1.151423 0.456251
v 3.684589 -3.082064 0.456251
v -0.794889 -3.267647 0.456251
v 1.377138 -2.629558 0.456251
v 2.323725 -2.802227 0.456251
v -0.182308 -2.920567 0.456251
v 0.445422 -2.564897 0.456251
v -0.372736 -9.173342 0.456252
v 3.825200 -3.107130 0.456251
v 3.474639 -3.902878 0.456251
v 3.586704 -2.949734 0.456251
v 3.232527 -3.600913 0.456251
v 3.721423 -2.968008 0.456251
v 3.353584 -3.751894 0.456251
v 1.172333 -2.794153 0.456251
v 1.405386 -8.968103 0.456252
v 2.909710 -8.311566 0.456251
v 3.880077 -6.991643 0.456251
v 4.095075 -5.416952 0.456251
v 3.292677 -3.852760 0.456251
v 2.206622 -2.947243 0.456251
v 0.508183 -2.738227 0.456251
v -0.654315 -3.336405 0.456251
v 3.809728 -5.006348 0.456251
v -0.104168 -3.051891 0.456251
v 3.392591 -3.957954 0.456251
v 0.700321 -8.963255 0.456252
v -0.252073 -8.894769 0.456252
v 3.192767 -3.747567 0.456251
v 3.502344 -4.197222 0.456251
v 3.466902 -4.098561 0.456251
v -0.695331 -8.927273 0.456252
v -0.559307 -8.661685 0.456252
v -0.886684 -3.776246 0.456239
v -0.690855 -3.723619 0.456251
v -0.131412 -8.616190 -0.371902
v -0.144934 -8.647413 -0.404437
v -1.373325 -7.720749 -0.371902
v -1.321335 -7.685343 -0.371898
v -1.324035 -7.716843 -0.404437
v -0.991487 -4.173698 -0.371902
v -0.966393 -4.143616 -0.404437
v -0.931266 -4.160292 -0.371902
v -0.482564 -3.848033 -0.371902
v -0.508101 -3.898012 -0.371902
v -0.517339 -3.865288 -0.404437
v -0.483958 -3.391606 -0.371902
v -0.511440 -3.437881 -0.371902
v -0.552109 -3.386394 -0.404437
v 0.603321 -2.915406 -0.371890
v 0.541157 -2.925111 -0.371890
v 0.559680 -2.880454 -0.404425
v 2.115550 -3.111889 -0.371902
v 2.057144 -3.088407 -0.371902
v 2.110267 -3.066567 -0.404437
v 3.323263 -4.043177 -0.371902
v 3.284513 -3.993397 -0.371898
v 3.339547 -3.993563 -0.404437
v 3.906853 -5.427146 -0.371902
v 3.943234 -5.425175 -0.404437
v 3.754312 -6.963638 -0.404437
v 3.718660 -6.955701 -0.371902
v 2.819392 -8.213969 -0.404425
v 2.796392 -8.189112 -0.371890
v 1.417211 -8.783937 -0.371902
v 1.390707 -8.830145 -0.404437
v 1.354790 -8.793045 -0.371902
v -3.583911 -3.865271 -0.371890
v -3.565772 -3.834363 -0.404425
v -5.619299 -3.967632 -0.371902
v -5.649317 -3.939143 -0.404437
v -7.464781 -4.232178 -0.371902
v -7.498936 -4.204285 -0.404437
v -9.143921 -4.563602 -0.371902
v -9.182553 -4.536594 -0.404437
v -10.667953 -4.989862 -0.371902
v -10.710714 -4.964413 -0.404437
v -12.509665 -5.645547 -0.371902
v -12.542596 -5.619046 -0.404436
v -14.007448 -6.407045 -0.371901
v -14.053184 -6.389944 -0.404436
v -15.515886 -7.456480 -0.371901
v -15.552708 -7.438323 -0.404436
v -16.771141 -8.492559 -0.371889
v -16.800211 -8.469987 -0.404424
v -18.301723 -9.981642 -0.371889
v -18.329275 -9.958370 -0.404423
v -19.471113 -11.221357 -0.371888
v -19.498320 -11.197901 -0.404423
v -20.539022 -12.764927 -0.371900
v -20.570215 -12.747240 -0.404435
v -21.514984 -14.589735 -0.371900
v -21.546442 -14.572538 -0.404435
v -22.113289 -16.077847 -0.371900
v -22.140371 -16.049770 -0.404435
v -22.562874 -17.381485 -0.371888
v -22.592134 -17.359726 -0.404422
v -22.873281 -18.478024 -0.371900
v -22.907066 -18.472244 -0.404434
v -23.165617 -19.565462 -0.371900
v -23.172544 -19.564404 -0.371900
v -23.126385 -19.288073 -0.404434
v -23.117411 -18.436241 -0.371887
v -23.085022 -18.441782 -0.404422
v -22.892868 -17.136072 -0.371900
v -22.863323 -17.158047 -0.404435
v -22.468441 -15.709581 -0.371900
v -22.440865 -15.738177 -0.404435
v -22.034472 -14.305714 -0.371900
v -22.003321 -14.322744 -0.404435
v -21.221987 -12.377600 -0.371900
v -21.191050 -12.395144 -0.404435
v -20.287651 -10.517263 -0.371888
v -20.258018 -10.537404 -0.404423
v -19.957348 -8.583185 -0.371901
v -19.928446 -8.607601 -0.404436
v -19.438770 -7.830357 -0.371901
v -19.389111 -7.813263 -0.371901
v -19.403942 -7.843009 -0.404436
v -19.220053 -7.867494 -0.371901
v -19.167675 -7.852509 -0.371901
v -19.178505 -7.915318 -0.404436
v -18.626656 -7.220422 -0.371901
v -18.598337 -7.237495 -0.404436
v -17.786795 -6.336760 -0.371901
v -17.756464 -6.351711 -0.404436
v -16.766552 -5.375295 -0.371889
v -16.733473 -5.387666 -0.404424
v -16.075798 -4.819512 -0.371901
v -16.050568 -4.766143 -0.371901
v -16.012899 -4.807887 -0.404436
v -16.054296 -4.379059 -0.371902
v -16.029076 -4.325676 -0.371902
v -16.018599 -4.359161 -0.404436
v -15.089859 -3.569162 -0.371902
v -15.063824 -3.590116 -0.404436
v -14.170631 -2.905304 -0.371902
v -14.140451 -2.923262 -0.404437
v -12.729774 -2.056583 -0.371902
v -12.702032 -2.075975 -0.404437
v -11.230815 -1.156059 -0.371902
v -11.205374 -1.176841 -0.404437
v -9.581383 -0.391198 -0.371902
v -9.553356 -0.410781 -0.404437
v -8.161320 0.127667 -0.371902
v -8.114601 0.113371 -0.404437
v -6.163868 0.804817 -0.371903
v -6.129782 0.782668 -0.371903
v -6.161787 0.774410 -0.404437
v -6.089950 0.365879 -0.371890
v -6.120874 0.346354 -0.404425
v -5.440200 -0.682462 -0.371902
v -5.451176 -0.726912 -0.371902
v -5.471232 -0.700798 -0.404437
v -7.399764 -1.879181 -0.371902
v -7.411664 -1.924188 -0.371902
v -7.472446 -1.884186 -0.404437
v -6.994546 -2.649594 -0.371902
v -6.945858 -2.673866 -0.371902
v -6.995764 -2.713178 -0.404437
v -2.594298 -2.127680 -0.371902
v -2.536494 -2.144053 -0.371902
v -2.582835 -2.159288 -0.404437
v -1.700091 -2.816893 -0.371902
v -1.642311 -2.833075 -0.371902
v -1.688868 -2.872272 -0.404437
v -0.368925 -2.665579 -0.371902
v -0.319086 -2.633508 -0.371902
v -0.318306 -2.691990 -0.404437
v 0.164104 -1.864013 -0.371903
v 0.212959 -1.827076 -0.371903
v 0.195288 -1.874083 -0.404437
v 2.049389 -1.293613 -0.371903
v 2.104864 -1.306492 -0.371903
v 2.057634 -1.328732 -0.404437
v 2.901857 -2.034466 -0.371903
v 2.957331 -2.047345 -0.371903
v 2.913656 -2.094137 -0.404437
v 3.084471 -2.010412 -0.371903
v 3.135480 -2.027400 -0.371903
v 3.106606 -2.038090 -0.404437
v 3.946192 -3.106091 -0.371898
v 3.953560 -3.162677 -0.371903
v 3.928317 -3.125514 -0.404437
v 3.594375 -4.056049 -0.371902
v 3.592427 -4.117604 -0.371902
v 3.545776 -4.080828 -0.404437
v 3.877030 -4.975483 -0.371902
v 3.847127 -4.989195 -0.404437
v 4.260924 -5.383001 -0.371902
v 4.278453 -5.439232 -0.371902
v 4.242560 -5.408961 -0.404437
v 4.041490 -7.027585 -0.371902
v 4.006400 -7.019773 -0.404437
v 3.042285 -8.407425 -0.371902
v 2.993087 -8.447225 -0.371902
v 3.000164 -8.409317 -0.404437
v 1.423607 -9.139309 -0.371902
v 1.420070 -9.106083 -0.404437
v 0.746938 -9.209652 -0.371902
v 0.700328 -9.242683 -0.371902
v 0.693333 -9.181631 -0.404437
v 0.315365 -10.050232 -0.371902
v 0.270301 -10.069617 -0.371902
v 0.284304 -10.039652 -0.404436
v -0.631269 -9.770214 -0.371902
v -0.618159 -9.739953 -0.404436
v -2.121674 -8.679472 -0.371902
v -2.127101 -8.634890 -0.371902
v -2.098326 -8.655867 -0.404436
v -17.565306 -9.215113 -0.404436
v -17.536436 -9.237100 -0.371901
v -13.384844 -6.050149 -0.404424
v -13.354541 -6.075096 -0.371889
v -6.074687 -1.057643 -0.404437
v -6.048951 -1.080399 -0.371902
v 3.742426 -5.037213 -0.371902
v 3.773605 -5.022914 -0.404437
v 3.041809 -2.056911 -0.404437
v 3.020900 -2.028877 -0.371903
v 3.231775 -3.953628 -0.371890
v 3.248923 -3.925224 -0.404429
v -0.042994 -3.154713 -0.404437
v -0.026033 -3.183216 -0.371902
v 0.688045 -8.746531 -0.404437
v 0.686172 -8.713482 -0.371902
v -1.722276 -8.143941 -0.371890
v -1.693993 -8.165514 -0.404424
v 0.999780 -2.932823 -0.404437
v 0.967525 -2.958748 -0.371902
v 3.162308 -3.859907 -0.404437
v 3.153002 -3.894224 -0.371902
v 3.815051 -2.980707 -0.404429
v 3.856148 -2.986281 -0.371890
v 3.377115 -4.170893 -0.371902
v 3.417944 -4.179478 -0.404437
v 3.590540 -4.215763 -0.404437
v 3.627573 -4.223549 -0.371902
v 3.387329 -4.106873 -0.404437
v 3.351688 -4.110595 -0.371902
v -0.715832 -3.988316 -0.404437
v -0.719685 -4.029154 -0.371902
v -1.509016 -7.941185 -0.404437
v -1.537359 -7.919681 -0.371902
v -0.397254 -8.415721 -0.371902
v -0.456198 -8.412687 -0.404437
v -0.422721 -8.363277 -0.371902
v -0.978721 -9.475661 -0.404436
v -0.993825 -9.504882 -0.371902
v -0.871402 -7.567611 -0.371902
v -0.906847 -7.582008 -0.404437
v -0.928539 -7.558059 -0.371898
v -0.440962 -7.892205 -0.371902
v -0.415494 -7.944649 -0.371902
v -0.447833 -7.928144 -0.404437
v -0.451952 -8.166710 -0.404437
v -0.419748 -8.190996 -0.371902
v -1.130997 -7.654642 -0.404424
v -1.159733 -7.632976 -0.371890
v -0.530350 -3.680489 -0.404437
v -0.495028 -3.670998 -0.371902
v -0.144934 -8.647413 0.456252
v -0.131412 -8.616190 0.423717
v -1.373325 -7.720749 0.423717
v -1.324035 -7.716843 0.456252
v -1.321335 -7.685343 0.423713
v -0.991487 -4.173698 0.423716
v -0.931266 -4.160292 0.423716
v -0.966393 -4.143616 0.456251
v -0.482564 -3.848033 0.423716
v -0.517339 -3.865288 0.456251
v -0.508101 -3.898012 0.423716
v -0.483958 -3.391606 0.423716
v -0.552109 -3.386394 0.456251
v -0.511440 -3.437881 0.423716
v 0.603321 -2.915406 0.423704
v 0.559680 -2.880454 0.456239
v 0.541157 -2.925111 0.423704
v 2.115550 -3.111889 0.423716
v 2.110267 -3.066567 0.456251
v 2.057144 -3.088407 0.423716
v 3.323263 -4.043177 0.423716
v 3.339547 -3.993563 0.456251
v 3.284513 -3.993397 0.423712
v 3.943234 -5.425175 0.456251
v 3.906853 -5.427146 0.423716
v 3.718660 -6.955701 0.423716
v 3.754312 -6.963638 0.456251
v 2.796392 -8.189112 0.423704
v 2.819392 -8.213969 0.456239
v 1.417211 -8.783937 0.423717
v 1.354790 -8.793045 0.423717
v 1.390707 -8.830145 0.456252
v -3.565772 -3.834363 0.456239
v -3.583911 -3.865271 0.423704
v -5.649317 -3.939143 0.456251
v -5.619299 -3.967632 0.423717
v -7.498936 -4.204285 0.456251
v -7.464781 -4.232178 0.423717
v -9.182553 -4.536594 0.456252
v -9.143921 -4.563602 0.423717
v -10.710714 -4.964413 0.456252
v -10.667953 -4.989862 0.423717
v -12.542596 -5.619046 0.456252
v -12.509665 -5.645547 0.423717
v -14.053184 -6.389944 0.456252
v -14.007448 -6.407045 0.423717
v -15.552708 -7.438323 0.456252
v -15.515886 -7.456480 0.423717
v -16.800211 -8.469987 0.456240
v -16.771141 -8.492559 0.423705
v -18.329275 -9.958370 0.456240
v -18.301723 -9.981642 0.423705
v -19.498320 -11.197901 0.456241
v -19.471113 -11.221357 0.423706
v -20.570215 -12.747240 0.456253
v -20.539022 -12.764927 0.423718
v -21.546442 -14.572538 0.456253
v -21.514984 -14.589735 0.423718
v -22.140371 -16.049770 0.456253
v -22.113289 -16.077847 0.423719
v -22.592134 -17.359726 0.456241
v -22.562874 -17.381485 0.423707
v -22.907066 -18.472244 0.456254
v -22.873281 -18.478024 0.423719
v -23.165617 -19.565462 0.423719
v -23.126385 -19.288073 0.456254
v -23.172544 -19.564404 0.423719
v -23.085024 -18.441784 0.456242
v -23.117411 -18.436241 0.423707
v -22.863327 -17.158045 0.456254
v -22.892868 -17.136072 0.423719
v -22.440866 -15.738173 0.456253
v -22.468441 -15.709581 0.423719
v -22.003323 -14.322743 0.456253
v -22.034472 -14.305714 0.423718
v -21.191053 -12.395142 0.456253
v -21.221987 -12.377600 0.423718
v -20.258018 -10.537391 0.456241
v -20.287651 -10.517263 0.423706
v -19.928446 -8.607601 0.456252
v -19.957348 -8.583185 0.423718
v -19.438770 -7.830357 0.423718
v -19.403942 -7.843009 0.456252
v -19.389111 -7.813263 0.423718
v -19.220053 -7.867494 0.423718
v -19.178505 -7.915318 0.456252
v -19.167675 -7.852509 0.423718
v -18.598337 -7.237495 0.456252
v -18.626656 -7.220422 0.423717
v -17.756464 -6.351711 0.456252
v -17.786795 -6.336760 0.423717
v -16.733473 -5.387666 0.456240
v -16.766552 -5.375295 0.423705
v -16.075798 -4.819512 0.423717
v -16.012899 -4.807887 0.456252
v -16.050568 -4.766146 0.423717
v -16.054296 -4.379059 0.423717
v -16.018599 -4.359161 0.456252
v -16.029076 -4.325676 0.423717
v -15.063824 -3.590116 0.456252
v -15.089859 -3.569162 0.423717
v -14.140451 -2.923262 0.456252
v -14.170631 -2.905304 0.423717
v -12.702032 -2.075975 0.456251
v -12.729774 -2.056583 0.423717
v -11.205374 -1.176841 0.456251
v -11.230815 -1.156059 0.423716
v -9.553356 -0.410781 0.456251
v -9.581383 -0.391198 0.423716
v -8.114601 0.113371 0.456251
v -8.161320 0.127667 0.423716
v -6.163868 0.804817 0.423716
v -6.161787 0.774410 0.456251
v -6.129782 0.782668 0.423716
v -6.120874 0.346354 0.456239
v -6.089950 0.365879 0.423704
v -5.440200 -0.682462 0.423716
v -5.471232 -0.700798 0.456251
v -5.451176 -0.726912 0.423716
v -7.399764 -1.879181 0.423716
v -7.472446 -1.884186 0.456251
v -7.411664 -1.924188 0.423716
v -6.994546 -2.649594 0.423716
v -6.995764 -2.713178 0.456251
v -6.945858 -2.673866 0.423716
v -2.594298 -2.127680 0.423716
v -2.582835 -2.159288 0.456251
v -2.536494 -2.144053 0.423716
v -1.700091 -2.816893 0.423716
v -1.688868 -2.872272 0.456251
v -1.642311 -2.833075 0.423716
v -0.368925 -2.665579 0.423716
v -0.318306 -2.691990 0.456251
v -0.319086 -2.633508 0.423716
v 0.164104 -1.864013 0.423716
v 0.195288 -1.874083 0.456251
v 0.212959 -1.827076 0.423716
v 2.049389 -1.293613 0.423716
v 2.057634 -1.328732 0.456251
v 2.104864 -1.306492 0.423716
v 2.901857 -2.034466 0.423716
v 2.913656 -2.094137 0.456251
v 2.957331 -2.047345 0.423716
v 3.084471 -2.010412 0.423716
v 3.106606 -2.038090 0.456251
v 3.135480 -2.027400 0.423716
v 3.946192 -3.106091 0.423712
v 3.928317 -3.125513 0.456251
v 3.953560 -3.162677 0.423716
v 3.594375 -4.056049 0.423716
v 3.545776 -4.080828 0.456251
v 3.592427 -4.117603 0.423716
v 3.847127 -4.989195 0.456251
v 3.877030 -4.975483 0.423716
v 4.260924 -5.383001 0.423716
v 4.242560 -5.408961 0.456251
v 4.278453 -5.439232 0.423716
v 4.006400 -7.019773 0.456251
v 4.041490 -7.027585 0.423716
v 3.042285 -8.407425 0.423717
v 3.000164 -8.409317 0.456251
v 2.993087 -8.447225 0.423717
v 1.420070 -9.106083 0.456252
v 1.423607 -9.139309 0.423717
v 0.746938 -9.209651 0.423717
v 0.693333 -9.181631 0.456252
v 0.700328 -9.242683 0.423717
v 0.315365 -10.050232 0.423717
v 0.284304 -10.039652 0.456252
v 0.270301 -10.069617 0.423717
v -0.618159 -9.739953 0.456252
v -0.631269 -9.770214 0.423717
v -2.121674 -8.679472 0.423717
v -2.098326 -8.655867 0.456252
v -2.127101 -8.634890 0.423717
v -17.536436 -9.237100 0.423718
v -17.565306 -9.215113 0.456252
v -13.354541 -6.075096 0.423705
v -13.384844 -6.050149 0.456240
v -6.048951 -1.080399 0.423716
v -6.074687 -1.057643 0.456251
v 3.773605 -5.022913 0.456251
v 3.742426 -5.037212 0.423716
v 3.020900 -2.028877 0.423716
v 3.041809 -2.056911 0.456251
v 3.248923 -3.925224 0.456243
v 3.231775 -3.953628 0.423704
v -0.026033 -3.183216 0.423716
v -0.042994 -3.154713 0.456251
v 0.686172 -8.713482 0.423717
v 0.688045 -8.746531 0.456252
v -1.693993 -8.165514 0.456239
v -1.722276 -8.143941 0.423705
v 0.967525 -2.958748 0.423716
v 0.999780 -2.932823 0.456251
v 3.153002 -3.894224 0.423716
v 3.162308 -3.859907 0.456251
v 3.856148 -2.986281 0.423704
v 3.815051 -2.980707 0.456243
v 3.417944 -4.179478 0.456251
v 3.377115 -4.170893 0.423716
v 3.627573 -4.223549 0.423716
v 3.590540 -4.215763 0.456251
v 3.351688 -4.110595 0.423716
v 3.387329 -4.106873 0.456251
v -0.719685 -4.029154 0.423716
v -0.715832 -3.988316 0.456251
v -1.537359 -7.919681 0.423717
v -1.509016 -7.941185 0.456252
v -0.397254 -8.415721 0.423717
v -0.422721 -8.363277 0.423717
v -0.456198 -8.412687 0.456252
v -0.993825 -9.504882 0.423717
v -0.978721 -9.475661 0.456252
v -0.871402 -7.567611 0.423717
v -0.928539 -7.558059 0.423713
v -0.906847 -7.582008 0.456252
v -0.440962 -7.892205 0.423717
v -0.447833 -7.928144 0.456252
v -0.415494 -7.944649 0.423717
v -0.419748 -8.190996 0.423717
v -0.451952 -8.166710 0.456252
v -1.159733 -7.632976 0.423704
v -1.130997 -7.654642 0.456239
v -0.495028 -3.670998 0.423716
v -0.530350 -3.680489 0.456251
vn 0.3082 0.0032 -0.9513
vn 0.3083 0.0020 -0.9513
vn 0.8082 0.0066 -0.5888
vn 0.8082 0.0054 -0.5888
vn 1.0000 0.0078 -0.0000
vn 1.0000 0.0067 -0.0000
vn 0.8082 0.0066 0.5888
vn 0.8082 0.0054 0.5888
vn 0.3082 0.0032 0.9513
vn 0.3083 0.0020 0.9513
vn -0.3083 -0.0009 0.9513
vn -0.3083 -0.0021 0.9513
vn -0.8082 -0.0042 0.5888
vn -0.8082 -0.0054 0.5888
vn -1.0000 -0.0055 -0.0000
vn -1.0000 -0.0066 -0.0000
vn -0.0205 0.9998 -0.0000
vn -0.8082 -0.0042 -0.5888
vn -0.8082 -0.0054 -0.5888
vn -0.3083 -0.0009 -0.9513
vn -0.3083 -0.0020 -0.9513
vn 0.3730 0.9278 -0.0000
vn 0.0205 -0.9998 -0.0000
vn -0.3083 0.0003 -0.9513
vn -0.8083 -0.0030 -0.5888
vn -1.0000 -0.0043 -0.0000
vn -0.8083 -0.0030 0.5888
vn -0.3083 0.0003 0.9513
vn 0.3082 0.0044 0.9513
vn 0.8082 0.0077 0.5888
vn 1.0000 0.0090 -0.0000
vn 0.8082 0.0077 -0.5888
vn 0.3082 0.0044 -0.9513
vn 0.9497 0.3131 -0.0000
vn -0.0000 -0.0000 -1.0000
vn 0.5879 -0.8089 -0.0000
vn -0.9839 -0.1789 -0.0000
vn -0.2211 0.9753 -0.0000
vn 0.9278 -0.3730 -0.0000
vn 0.4189 -0.9080 -0.0000
vn -0.9121 -0.4099 -0.0000
vn -0.9292 0.3696 -0.0000
vn -0.0000 -0.0000 1.0000
vn -0.9278 0.3730 -0.0000
vn 0.9355 -0.3534 -0.0000
vn 0.9160 -0.4012 -0.0000
vn -0.3340 0.5559 -0.7612
vn 0.6763 0.0660 -0.7336
vn -0.6890 0.0145 -0.7246
vn -0.6892 0.0985 -0.7178
vn -0.6555 0.2636 -0.7077
vn 0.5294 -0.4396 -0.7256
vn 0.4237 -0.4096 -0.8079
vn 0.3090 0.4357 -0.8454
vn 0.6519 -0.2728 -0.7075
vn 0.6556 -0.2639 -0.7075
vn 0.6519 -0.2734 -0.7073
vn 0.6477 -0.2833 -0.7072
vn 0.4424 -0.5092 -0.7382
vn -0.8201 -0.0172 -0.5719
vn 0.0181 -0.5072 -0.8616
vn 0.3713 -0.5130 -0.7739
vn -0.6565 0.2611 -0.7077
vn 0.6699 0.2208 -0.7089
vn 0.6699 0.2209 -0.7089
vn -0.3340 0.5559 0.7612
vn 0.6763 0.0660 0.7336
vn -0.6890 0.0145 0.7246
vn -0.6892 0.0985 0.7178
vn -0.6555 0.2636 0.7077
vn 0.5294 -0.4396 0.7256
vn 0.4237 -0.4096 0.8079
vn 0.3090 0.4357 0.8454
vn 0.6519 -0.2728 0.7075
vn 0.6477 -0.2833 0.7072
vn 0.6519 -0.2734 0.7073
vn 0.6556 -0.2639 0.7075
vn 0.4424 -0.5092 0.7382
vn -0.8201 -0.0172 0.5719
vn 0.0181 -0.5072 0.8616
vn 0.3713 -0.5130 0.7739
vn -0.6565 0.2611 0.7077
vn 0.6699 0.2209 0.7089
vn 0.6699 0.2208 0.7089
vn 0.6555 -0.2636 -0.7077
vn 0.4149 -0.5709 -0.7085
vn -0.6943 -0.1263 -0.7085
vn -0.1558 0.6872 -0.7096
vn 0.6472 -0.2834 -0.7077
vn -0.6431 -0.2890 -0.7092
vn 0.6610 -0.2497 -0.7077
vn 0.2954 -0.6403 -0.7090
vn 0.6555 -0.2636 0.7077
vn 0.4149 -0.5709 0.7085
vn -0.6943 -0.1263 0.7085
vn -0.1558 0.6872 0.7096
vn 0.6472 -0.2834 0.7077
vn -0.6431 -0.2890 0.7092
vn 0.6610 -0.2497 0.7077
vn 0.2954 -0.6403 0.7090
vn -0.6497 0.7602 -0.0000
vn 0.9995 -0.0325 -0.0000
vn -0.9949 0.1014 -0.0000
vn -0.9950 0.0995 -0.0000
vn 0.7888 -0.6146 -0.0000
vn 0.7888 -0.6147 -0.0000
vn 0.4931 0.8700 -0.0000
vn 0.9220 -0.3872 -0.0000
vn 0.7145 -0.6997 -0.0000
vn -0.9998 -0.0210 -0.0000
vn 0.0357 -0.9994 -0.0000
vn 0.7323 -0.6810 -0.0000
vn -0.5090 0.8608 -0.0000
vn -0.6744 -0.7384 -0.0000
vn 0.2789 -0.9603 -0.0000
vn 0.0404 0.9992 -0.0000
vn 0.1304 -0.9915 -0.0000
vn 0.4963 -0.8682 -0.0000
vn 0.1245 -0.9922 -0.0000
vn -0.6268 -0.7792 -0.0000
vn 0.8469 -0.5318 -0.0000
vn 0.2790 -0.9603 -0.0000
vn 0.4816 -0.8764 -0.0000
vn -0.3610 0.9325 -0.0000
vn 0.3487 0.9372 -0.0000
vn -0.2881 0.9576 -0.0000
vn 0.9546 -0.2980 -0.0000
vn 0.9162 -0.4008 -0.0000
vn -0.8394 0.5436 -0.0000
vn -0.8669 -0.4985 -0.0000
vn -0.7865 0.2079 -0.5815
vn -0.3734 -0.7491 -0.5471
vn -0.1521 -0.5369 -0.8298
vn -0.2207 -0.7880 -0.5748
vn 0.4471 -0.6947 -0.5635
vn 0.3451 -0.4565 -0.8200
vn -0.1174 -0.5056 -0.8547
vn -0.1883 -0.8114 -0.5534
vn -0.5369 0.6593 -0.5263
vn -0.0068 0.9275 -0.3739
vn 0.4231 0.4149 -0.8055
vn 0.6311 -0.5066 -0.5874
vn 0.4383 -0.3934 -0.8082
vn 0.6001 -0.5477 -0.5830
vn -0.7865 0.2079 0.5815
vn -0.3734 -0.7491 0.5471
vn -0.1521 -0.5369 0.8298
vn -0.2207 -0.7880 0.5748
vn 0.4471 -0.6947 0.5635
vn 0.3451 -0.4565 0.8200
vn -0.1174 -0.5056 0.8547
vn -0.1883 -0.8114 0.5534
vn -0.5369 0.6593 0.5263
vn -0.0068 0.9275 0.3739
vn 0.4231 0.4149 0.8055
vn 0.6311 -0.5066 0.5874
vn 0.4383 -0.3934 0.8082
vn 0.6001 -0.5477 0.5830
vn -0.6110 -0.3513 -0.7094
vn 0.0877 -0.6989 -0.7099
vn -0.4412 -0.5485 -0.7103
vn 0.0919 -0.6983 -0.7099
vn 0.5983 -0.3757 -0.7078
vn 0.1966 -0.6768 -0.7095
vn -0.4748 -0.5198 -0.7102
vn 0.1965 -0.6769 -0.7093
vn -0.3407 0.6223 -0.7048
vn -0.6173 0.3998 -0.6776
vn -0.2710 0.7017 -0.6589
vn 0.2930 0.7637 -0.5752
vn 0.0092 0.6122 -0.7906
vn -0.1808 0.5963 -0.7822
vn 0.6744 -0.2106 -0.7077
vn 0.3447 -0.6030 -0.7194
vn 0.6581 -0.2879 -0.6958
vn 0.3398 -0.6183 -0.7087
vn -0.3571 0.6038 -0.7127
vn -0.6110 -0.3513 0.7094
vn 0.0877 -0.6989 0.7099
vn -0.4412 -0.5485 0.7103
vn 0.0919 -0.6983 0.7099
vn 0.5983 -0.3757 0.7078
vn 0.1966 -0.6768 0.7095
vn -0.4748 -0.5198 0.7102
vn 0.1965 -0.6769 0.7093
vn -0.3407 0.6223 0.7048
vn -0.6173 0.3998 0.6776
vn -0.2710 0.7017 0.6589
vn 0.2930 0.7637 0.5752
vn 0.0092 0.6122 0.7906
vn -0.1808 0.5963 0.7822
vn 0.6744 -0.2106 0.7077
vn 0.3447 -0.6030 0.7194
vn 0.6581 -0.2879 0.6958
vn 0.3398 -0.6183 0.7087
vn -0.3571 0.6038 0.7127
vn -0.9668 0.2556 -0.0000
vn -0.4461 -0.8950 -0.0000
vn -0.2725 -0.9621 -0.0000
vn -0.2697 -0.9630 -0.0000
vn 0.5412 -0.8409 -0.0000
vn 0.6030 -0.7977 -0.0000
vn -0.2262 -0.9741 -0.0000
vn -0.6314 0.7754 -0.0000
vn -0.0073 1.0000 -0.0000
vn 0.7140 0.7001 -0.0000
vn 0.7798 -0.6260 -0.0000
vn 0.7442 -0.6679 -0.0000
vn 0.7386 -0.6741 -0.0000
vn -0.4803 0.8771 -0.0000
vn -0.9039 0.4278 -0.0000
vn -0.9051 0.4253 -0.0000
vn 0.9741 -0.2260 -0.0000
vn -0.1034 0.9946 -0.0000
vn -0.9891 0.1476 -0.0000
vn -0.0000 -0.0001 -1.0000
vn 0.2473 0.9689 -0.0000
vn -0.5038 -0.8638 -0.0000
vn 0.4190 -0.9080 -0.0000
vn -0.4035 0.9150 -0.0000
vn -0.0657 -0.9978 -0.0000
vn -0.9027 0.4303 -0.0000
vn -0.8099 0.5865 -0.0000
vn -0.0000 -0.0001 1.0000
vn -0.7279 -0.6857 -0.0000
vn -0.9491 -0.3149 -0.0000
vn 0.9962 -0.0871 -0.0000
vn 0.5688 -0.8225 -0.0000
vn 0.1066 -0.9943 -0.0000
vn 0.9708 0.2398 -0.0000
vn 0.9021 -0.4315 -0.0000
vn -0.4937 -0.8696 -0.0000
vn 0.9144 -0.4049 -0.0000
vn 0.7404 0.6722 -0.0000
vn 0.8274 -0.5616 -0.0000
vn 0.5346 -0.8451 -0.0000
vn 0.1544 -0.9880 -0.0000
vn -0.3892 0.7610 -0.5191
vn -0.8111 0.0256 -0.5844
vn -0.5208 -0.1624 -0.8381
vn -0.3828 0.4733 -0.7934
vn -0.4534 0.6398 -0.6206
vn 0.4145 0.6884 -0.5952
vn 0.7432 0.2494 -0.6209
vn 0.7910 -0.4592 -0.4043
vn 0.4843 -0.3288 -0.8108
vn 0.5729 -0.6441 -0.5069
vn 0.2845 -0.4725 -0.8342
vn 0.1792 -0.7763 -0.6044
vn 0.7289 -0.3501 -0.5883
vn 0.3195 -0.4279 -0.8455
vn -0.7613 -0.2387 -0.6029
vn 0.2480 -0.7405 -0.6246
vn 0.5492 -0.0388 -0.8348
vn 0.3608 -0.3002 -0.8830
vn 0.1458 -0.5713 -0.8077
vn -0.3892 0.7610 0.5191
vn -0.8111 0.0256 0.5844
vn -0.5208 -0.1624 0.8381
vn -0.3828 0.4733 0.7934
vn -0.4534 0.6398 0.6206
vn 0.4145 0.6884 0.5952
vn 0.7432 0.2494 0.6209
vn 0.7910 -0.4592 0.4043
vn 0.4843 -0.3288 0.8108
vn 0.5729 -0.6441 0.5069
vn 0.2845 -0.4725 0.8342
vn 0.1792 -0.7763 0.6044
vn 0.7289 -0.3501 0.5883
vn 0.3195 -0.4279 0.8455
vn -0.7613 -0.2387 0.6029
vn 0.2480 -0.7405 0.6246
vn 0.5492 -0.0388 0.8348
vn 0.3608 -0.3002 0.8830
vn 0.1458 -0.5713 0.8077
vn -0.6704 -0.2224 -0.7079
vn -0.5118 -0.4822 -0.7110
vn -0.7125 0.1063 -0.6936
vn -0.5721 0.4143 -0.7079
vn -0.2845 0.6452 -0.7091
vn -0.0728 0.7005 -0.7099
vn -0.5868 0.2828 -0.7588
vn 0.1856 0.7306 -0.6571
vn 0.4922 0.4476 -0.7466
vn 0.6764 -0.0591 -0.7341
vn 0.4602 -0.6821 -0.5683
vn 0.6882 -0.1596 -0.7077
vn 0.0810 -0.7438 -0.6635
vn 0.5547 -0.3764 -0.7421
vn -0.3545 -0.6079 -0.7105
vn 0.2955 -0.6403 -0.7090
vn 0.1153 -0.7603 -0.6393
vn 0.6261 -0.2772 -0.7288
vn 0.6177 -0.2955 -0.7288
vn -0.6082 0.2858 -0.7405
vn -0.3475 -0.6120 -0.7105
vn 0.5061 -0.1220 -0.8538
vn 0.3772 -0.5963 -0.7086
vn 0.6371 0.1676 -0.7523
vn -0.0463 -0.7024 -0.7102
vn -0.6704 -0.2224 0.7079
vn -0.5118 -0.4822 0.7110
vn -0.7125 0.1063 0.6936
vn -0.5721 0.4143 0.7079
vn -0.2845 0.6452 0.7091
vn -0.0728 0.7005 0.7099
vn -0.5868 0.2828 0.7588
vn 0.1856 0.7306 0.6571
vn 0.4922 0.4476 0.7466
vn 0.6764 -0.0591 0.7341
vn 0.4602 -0.6821 0.5683
vn 0.6882 -0.1596 0.7077
vn 0.0810 -0.7438 0.6635
vn 0.5547 -0.3764 0.7421
vn -0.3545 -0.6079 0.7105
vn 0.2955 -0.6403 0.7090
vn 0.1153 -0.7603 0.6393
vn 0.6261 -0.2772 0.7288
vn 0.6177 -0.2955 0.7288
vn -0.6082 0.2858 0.7405
vn -0.3475 -0.6120 0.7105
vn 0.5061 -0.1220 0.8538
vn 0.3772 -0.5962 0.7086
vn 0.6371 0.1676 0.7523
vn -0.0463 -0.7024 0.7102
vn -0.4554 0.8903 -0.0000
vn -0.9995 0.0316 -0.0000
vn -0.9547 -0.2977 -0.0000
vn -0.6289 0.7775 -0.0000
vn -0.5782 0.8159 -0.0000
vn 0.5158 0.8567 -0.0000
vn 0.9481 0.3181 -0.0000
vn 0.8648 -0.5021 -0.0000
vn 0.8274 -0.5617 -0.0000
vn 0.6646 -0.7472 -0.0000
vn 0.5158 -0.8567 -0.0000
vn 0.2248 -0.9744 -0.0000
vn 0.9015 -0.4329 -0.0000
vn 0.5983 -0.8013 -0.0000
vn -0.9542 -0.2992 -0.0000
vn 0.3176 -0.9482 -0.0000
vn 0.9975 -0.0704 -0.0000
vn 0.7686 -0.6397 -0.0000
vn 0.2473 -0.9689 -0.0000
vn -0.3808 -0.9247 -0.0000
vn -0.0001 -0.0000 -1.0000
vn 0.3808 0.9247 -0.0000
vn -0.0001 -0.0000 1.0000
vn -0.9952 -0.0976 -0.0000
vn -0.6764 0.7366 -0.0000
vn -0.7402 -0.6724 -0.0000
vn 0.9830 -0.1834 -0.0000
vn -0.7002 -0.7139 -0.0000
vn 0.9971 0.0755 -0.0000
vn -0.9999 0.0111 -0.0000
vn 0.9884 -0.1521 -0.0000
vn -0.9978 -0.0662 -0.0000
vn -0.9979 -0.0650 -0.0000
vn -0.0150 0.2570 -0.9663
vn 0.0439 -0.2620 -0.9641
vn -0.2119 -0.1509 -0.9656
vn -0.3077 0.3257 -0.8940
vn 0.7458 -0.6662 -0.0000
vn -0.0089 -1.0000 -0.0000
vn 0.5035 0.0917 -0.8591
vn 0.2669 0.0202 0.9635
vn 0.6781 0.2065 -0.7053
vn -0.9993 -0.0378 -0.0000
vn 0.0159 0.1780 -0.9839
vn 0.0221 0.2571 -0.9661
vn -0.0150 0.2570 0.9663
vn -0.0581 0.9983 -0.0000
vn 0.0581 -0.9983 -0.0000
vn 0.2999 0.0170 0.9538
vn 0.2999 0.0170 -0.9538
vn 0.8980 0.4399 -0.0000
vn 0.6781 0.2065 0.7053
vn 0.0439 -0.2620 0.9641
vn -0.2119 -0.1509 0.9656
vn -0.3077 0.3257 0.8940
vn 0.4429 0.0050 -0.8965
vn 0.4429 0.0050 0.8965
vn -0.6121 -0.7908 -0.0000
vn -0.6121 -0.7907 -0.0000
vn 0.7613 -0.6483 -0.0000
vn 0.5035 0.0917 0.8591
vn 0.2669 0.0202 -0.9635
vn 0.9980 -0.0633 -0.0000
vn 0.9980 -0.0640 -0.0000
vn 0.9980 -0.0632 -0.0000
vn 0.9980 -0.0626 -0.0000
vn 0.9999 -0.0160 -0.0000
vn 0.9983 -0.0576 -0.0000
vn 0.0221 0.2572 0.9661
vn 0.0159 0.1780 0.9839
vn 0.2882 -0.9576 -0.0000
vn -1.0000 -0.0065 -0.0000
vn 0.9966 -0.0821 -0.0000
vn 0.9955 0.0946 -0.0000
vn 0.6763 -0.7366 -0.0000
vn -0.9925 0.1222 -0.0000
vn 0.7682 0.6402 -0.0000
vn 0.9439 -0.3303 -0.0000
vn 0.9943 -0.1066 -0.0000
vn 0.1433 -0.0162 -0.9895
vn 0.4904 0.8715 -0.0000
vn 0.1433 -0.0162 0.9895
vn 0.7507 0.6606 -0.0000
vn 0.5703 0.8214 -0.0000
vn -0.8251 0.5650 -0.0000
vn -0.3070 -0.0484 -0.9505
vn -0.3063 -0.0482 -0.9507
vn -0.3059 -0.0481 -0.9508
vn -0.3510 -0.1383 -0.9261
vn 0.6586 -0.0081 -0.7524
vn 0.5603 -0.0890 -0.8235
vn -0.3833 -0.2454 -0.8904
vn -0.3835 -0.2452 -0.8904
vn -0.3896 -0.2420 -0.8886
vn -0.3070 -0.0483 -0.9505
vn -0.3069 -0.0483 -0.9505
vn -0.3068 -0.0483 -0.9506
vn -0.3067 -0.0483 -0.9506
vn -0.3068 -0.0482 -0.9506
vn -0.3066 -0.0482 -0.9506
vn -0.3068 -0.0483 -0.9505
vn -0.3815 -0.2463 -0.8909
vn 0.5716 -0.0388 -0.8196
vn -0.3455 -0.1247 -0.9301
vn -0.3059 -0.0482 -0.9508
vn -0.3070 -0.0484 0.9505
vn -0.3063 -0.0482 0.9507
vn -0.3059 -0.0481 0.9508
vn -0.3510 -0.1383 0.9261
vn 0.6586 -0.0081 0.7524
vn 0.5603 -0.0890 0.8235
vn -0.3833 -0.2454 0.8904
vn -0.3896 -0.2420 0.8886
vn -0.3836 -0.2452 0.8904
vn -0.3070 -0.0483 0.9505
vn -0.3069 -0.0483 0.9505
vn -0.3068 -0.0483 0.9506
vn -0.3068 -0.0482 0.9506
vn -0.3067 -0.0483 0.9506
vn -0.3066 -0.0482 0.9506
vn -0.3068 -0.0483 0.9505
vn -0.3815 -0.2463 0.8909
vn 0.5716 -0.0388 0.8196
vn -0.3455 -0.1247 0.9301
vn -0.3059 -0.0482 0.9508
vn -0.2921 0.9564 -0.0000
vn -0.9878 -0.1556 -0.0000
vn -0.9879 -0.1554 -0.0000
vn -0.9878 -0.1554 -0.0000
vn 0.2921 -0.9564 -0.0000
vn -0.1207 0.9927 -0.0000
vn -0.1783 0.9840 -0.0000
vn -0.2395 0.9709 -0.0000
vn 0.2615 -0.9652 -0.0000
vn 0.2101 -0.9777 -0.0000
vn 0.1453 -0.9894 -0.0000
vn 0.9462 -0.3237 -0.0000
vn 0.4254 -0.9050 -0.0000
vn -0.8503 -0.5262 -0.0000
vn -0.9382 0.3461 -0.0000
vn -0.2861 0.9582 -0.0000
vn -0.2208 0.9753 -0.0000
vn -0.3634 0.9316 -0.0000
vn -0.6065 0.7951 -0.0000
vn -0.4532 0.8914 -0.0000
vn 0.9508 -0.3097 -0.0000
vn 0.9492 -0.3148 -0.0000
vn -0.0966 0.9953 -0.0000
vn -0.4681 -0.8837 -0.0000
vn 0.4532 -0.8914 -0.0000
vn 0.6065 -0.7951 -0.0000
vn 0.3634 -0.9316 -0.0000
vn 0.8920 -0.4520 -0.0000
vn 0.9458 -0.3248 -0.0000
vn 0.9440 -0.3298 -0.0000
vn 0.3293 -0.9442 -0.0000
vn -0.9508 0.3097 -0.0000
vn 0.5648 0.8253 -0.0000
vn 0.9212 0.3891 -0.0000
vn 0.7924 -0.6100 -0.0000
vn -0.2748 0.5987 -0.7524
vn 0.6269 -0.3139 -0.7131
vn -0.4549 0.5290 -0.7164
vn 0.4460 -0.5330 -0.7190
vn -0.3714 0.5980 -0.7103
vn 0.3773 -0.5946 -0.7100
vn -0.3499 0.6091 -0.7117
vn -0.1721 -0.6205 -0.7651
vn -0.2149 0.6703 -0.7102
vn 0.2817 -0.6462 -0.7093
vn -0.1737 0.6827 -0.7097
vn 0.4785 -0.5004 -0.7216
vn -0.4504 0.4656 -0.7618
vn 0.6454 -0.2857 -0.7084
vn -0.8245 -0.0820 -0.5600
vn 0.6673 -0.2322 -0.7077
vn 0.6690 -0.2275 -0.7076
vn 0.6716 -0.2198 -0.7076
vn 0.6683 -0.2292 -0.7077
vn -0.6262 -0.0708 -0.7765
vn -0.6718 0.2188 -0.7077
vn -0.8199 -0.0975 -0.5641
vn -0.2783 -0.7861 -0.5518
vn 0.5040 -0.4120 -0.7591
vn 0.2009 0.7820 -0.5901
vn 0.8130 0.0279 -0.5815
vn 0.4848 0.4878 -0.7259
vn 0.0480 -0.6842 -0.7277
vn -0.2562 0.6568 -0.7092
vn -0.2748 0.5987 0.7524
vn 0.6269 -0.3139 0.7131
vn -0.4548 0.5291 0.7164
vn 0.4460 -0.5330 0.7190
vn -0.3714 0.5980 0.7103
vn 0.3773 -0.5946 0.7100
vn -0.3499 0.6091 0.7117
vn -0.1721 -0.6205 0.7651
vn -0.2149 0.6703 0.7102
vn 0.2817 -0.6462 0.7093
vn -0.1737 0.6827 0.7097
vn 0.4786 -0.5004 0.7215
vn -0.4504 0.4656 0.7618
vn 0.6454 -0.2857 0.7084
vn -0.8245 -0.0820 0.5600
vn 0.6673 -0.2323 0.7077
vn 0.6683 -0.2292 0.7077
vn 0.6715 -0.2198 0.7076
vn 0.6690 -0.2275 0.7076
vn -0.6262 -0.0708 0.7765
vn -0.6718 0.2188 0.7077
vn -0.8199 -0.0975 0.5641
vn -0.2783 -0.7861 0.5518
vn 0.5040 -0.4120 0.7591
vn 0.2009 0.7820 0.5901
vn 0.8130 0.0279 0.5815
vn 0.4849 0.4878 0.7259
vn 0.0480 -0.6842 0.7277
vn -0.2562 0.6568 0.7092
vn -0.5782 0.4059 -0.7078
vn 0.5597 -0.4309 -0.7079
vn 0.3196 -0.6287 -0.7089
vn -0.3197 0.6287 -0.7089
vn 0.4281 -0.5612 -0.7084
vn -0.4281 0.5612 -0.7084
vn 0.2562 -0.6568 -0.7092
vn 0.3000 -0.6382 -0.7090
vn -0.1555 0.6872 -0.7096
vn 0.6302 -0.3193 -0.7077
vn -0.2016 0.6753 -0.7094
vn -0.5992 -0.3708 -0.7095
vn 0.6670 -0.2330 -0.7077
vn -0.6629 0.2445 -0.7077
vn 0.6718 -0.2188 -0.7077
vn 0.2321 -0.6656 -0.7093
vn 0.6495 0.2744 -0.7091
vn 0.3975 0.5808 -0.7104
vn -0.0680 0.7010 -0.7099
vn 0.6685 -0.2287 -0.7077
vn -0.3294 -0.6218 -0.7105
vn -0.5782 0.4059 0.7078
vn 0.5597 -0.4309 0.7079
vn 0.3196 -0.6287 0.7089
vn -0.3197 0.6287 0.7089
vn 0.4281 -0.5612 0.7084
vn -0.4281 0.5612 0.7084
vn 0.2562 -0.6568 0.7092
vn 0.3000 -0.6382 0.7090
vn -0.1555 0.6872 0.7096
vn 0.6303 -0.3193 0.7077
vn -0.2016 0.6753 0.7094
vn -0.5992 -0.3708 0.7095
vn 0.6670 -0.2330 0.7077
vn -0.6629 0.2445 0.7077
vn 0.6718 -0.2188 0.7077
vn 0.2321 -0.6656 0.7093
vn 0.6495 0.2744 0.7091
vn 0.3975 0.5808 0.7104
vn -0.0680 0.7010 0.7099
vn 0.6685 -0.2287 0.7077
vn -0.3294 -0.6218 0.7105
vn -0.5048 0.8633 -0.0000
vn 0.8810 -0.4731 -0.0000
vn -0.6556 0.7551 -0.0000
vn 0.6388 -0.7694 -0.0000
vn -0.5321 0.8467 -0.0000
vn 0.5321 -0.8467 -0.0000
vn -0.4899 0.8718 -0.0000
vn 0.0841 -0.9965 -0.0000
vn -0.2929 0.9561 -0.0000
vn 0.3946 -0.9188 -0.0000
vn -0.2536 0.9673 -0.0000
vn 0.6970 -0.7170 -0.0000
vn -0.6853 0.7282 -0.0000
vn 0.9201 -0.3918 -0.0000
vn -0.9951 -0.0989 -0.0000
vn -0.9930 -0.1182 -0.0000
vn -0.9930 -0.1181 -0.0000
vn -0.3337 -0.9427 -0.0000
vn 0.7151 -0.6990 -0.0000
vn 0.2488 0.9686 -0.0000
vn 0.9994 0.0343 -0.0000
vn 0.7747 0.6324 -0.0000
vn -0.0567 -0.9984 -0.0000
vn -0.8185 0.5746 -0.0000
vn 0.9037 0.4282 -0.0000
vn 0.2541 -0.9672 -0.0000
vn 0.2540 -0.9672 -0.0000
vn -0.9301 -0.3674 -0.0000
vn -0.9102 0.4143 -0.0000
vn -0.4731 0.8810 -0.0000
vn 0.8908 -0.4543 -0.0000
vn 0.9845 0.1751 -0.0000
vn -0.4685 0.4861 -0.7377
vn 0.6561 0.1218 -0.7448
vn -0.6527 0.2699 -0.7079
vn 0.6432 -0.2915 -0.7080
vn -0.6649 -0.0577 -0.7447
vn 0.6827 -0.1204 -0.7207
vn -0.3745 -0.7381 -0.5612
vn 0.6954 -0.4434 -0.5655
vn 0.1062 0.4798 -0.8709
vn 0.1790 -0.6815 -0.7095
vn -0.4685 0.4861 0.7377
vn 0.6561 0.1218 0.7448
vn -0.6527 0.2699 0.7079
vn 0.6432 -0.2915 0.7080
vn -0.6649 -0.0577 0.7447
vn 0.6827 -0.1204 0.7207
vn -0.3745 -0.7381 0.5612
vn 0.6954 -0.4434 0.5655
vn 0.1062 0.4798 0.8709
vn 0.1790 -0.6815 0.7095
vn -0.6628 0.2448 -0.7077
vn 0.6294 -0.3210 -0.7077
vn -0.6431 0.2927 -0.7077
vn 0.6948 0.1236 -0.7085
vn -0.6559 -0.2590 -0.7090
vn -0.3337 0.6214 -0.7089
vn 0.1790 -0.6816 -0.7095
vn 0.6371 0.3019 -0.7092
vn -0.6628 0.2448 0.7077
vn 0.6294 -0.3210 0.7077
vn -0.6431 0.2927 0.7077
vn 0.6948 0.1236 0.7085
vn -0.6559 -0.2590 0.7090
vn -0.3337 0.6214 0.7089
vn 0.1790 -0.6816 0.7095
vn 0.6371 0.3019 0.7092
vn -0.7549 0.6558 -0.0000
vn 0.9996 0.0291 -0.0000
vn -0.9247 0.3806 -0.0000
vn 0.9102 -0.4141 -0.0000
vn -0.9997 0.0263 -0.0000
vn 0.9890 -0.1476 -0.0000
vn -0.4525 -0.8918 -0.0000
vn 0.8432 -0.5376 -0.0000
vn 0.3119 0.9501 -0.0000
vn -0.9381 0.3464 -0.0000
vn -0.4787 0.8780 -0.0000
vn -0.7404 -0.6722 -0.0000
vn 0.3252 -0.9457 -0.0000
vn 0.3563 -0.9344 -0.0000
vn -0.3933 -0.9194 -0.0000
vn 0.3659 -0.9307 -0.0000
vn 0.5269 -0.8499 -0.0000
vn 0.6583 0.7528 -0.0000
vn -0.1975 -0.9803 -0.0000
vn -0.8845 0.4665 -0.0000
vn -0.0984 0.9951 -0.0000
vn 0.5216 0.8532 -0.0000
vn 0.0932 0.9956 -0.0000
vn 0.1402 0.9901 -0.0000
vn 0.1057 0.9944 -0.0000
vn 0.4667 0.8844 -0.0000
vn 0.8506 -0.5258 -0.0000
vn -0.7427 0.1575 -0.6509
vn -0.4285 0.4222 -0.7988
vn -0.4168 -0.6696 -0.6148
vn -0.3198 -0.5631 -0.7620
vn -0.4583 0.6790 -0.5735
vn -0.1412 -0.5515 -0.8221
vn 0.1834 0.8020 -0.5684
vn 0.6082 -0.6388 -0.4712
vn 0.3335 -0.3389 -0.8797
vn -0.0110 -0.5725 -0.8199
vn -0.0113 -0.8063 -0.5914
vn 0.8478 0.1250 -0.5154
vn -0.7427 0.1575 0.6509
vn -0.4285 0.4222 0.7988
vn -0.4168 -0.6696 0.6148
vn -0.3198 -0.5631 0.7620
vn -0.4583 0.6790 0.5735
vn -0.1412 -0.5515 0.8221
vn 0.1834 0.8020 0.5684
vn 0.6082 -0.6388 0.4712
vn 0.3335 -0.3389 0.8797
vn -0.0110 -0.5725 0.8199
vn -0.0113 -0.8063 0.5914
vn 0.8478 0.1250 0.5155
vn -0.5579 -0.4301 -0.7098
vn -0.3223 0.5912 -0.7393
vn -0.1268 -0.6394 -0.7584
vn -0.6588 0.3482 -0.6669
vn -0.5922 -0.5617 -0.5778
vn -0.0661 0.6558 -0.7520
vn 0.1322 -0.4748 -0.8701
vn 0.4019 0.6452 -0.6498
vn 0.7617 -0.2770 -0.5858
vn 0.0609 0.6602 -0.7486
vn 0.1937 -0.5384 -0.8201
vn 0.0949 0.6702 -0.7361
vn -0.2880 -0.6908 -0.6632
vn 0.0710 0.6679 -0.7409
vn 0.2419 -0.6173 -0.7486
vn 0.6294 -0.3714 -0.6825
vn 0.5350 0.5776 -0.6165
vn 0.3595 0.6695 -0.6500
vn 0.3563 -0.5600 -0.7479
vn -0.5579 -0.4301 0.7098
vn -0.3223 0.5912 0.7393
vn -0.1268 -0.6394 0.7584
vn -0.6588 0.3482 0.6669
vn -0.5922 -0.5617 0.5778
vn -0.0661 0.6558 0.7520
vn 0.1322 -0.4748 0.8701
vn 0.4019 0.6452 0.6498
vn 0.7617 -0.2770 0.5858
vn 0.0609 0.6602 0.7487
vn 0.1937 -0.5384 0.8201
vn 0.0949 0.6702 0.7361
vn -0.2880 -0.6908 0.6632
vn 0.0710 0.6679 0.7409
vn 0.2419 -0.6173 0.7486
vn 0.6294 -0.3714 0.6825
vn 0.5350 0.5776 0.6165
vn 0.3595 0.6695 0.6500
vn 0.3563 -0.5600 0.7479
vn -0.9782 0.2075 -0.0000
vn -0.7123 0.7019 -0.0000
vn -0.5284 -0.8490 -0.0000
vn -0.4938 -0.8696 -0.0000
vn -0.5594 0.8289 -0.0000
vn -0.2480 -0.9688 -0.0000
vn 0.2229 0.9748 -0.0000
vn 0.6896 -0.7242 -0.0000
vn 0.7014 -0.7127 -0.0000
vn -0.0192 -0.9998 -0.0000
vn -0.0140 -0.9999 -0.0000
vn 0.9893 0.1458 -0.0000
vn -0.7920 -0.6106 -0.0000
vn -0.3152 -0.9490 -0.0000
vn 0.1034 -0.9946 -0.0000
vn 0.4035 -0.9150 -0.0000
vn 0.8099 -0.5865 -0.0000
vn 0.6744 0.7384 -0.0000
vn 0.5268 -0.8500 -0.0000
vn 0.1419 -0.9899 -0.0000
vn -0.9854 0.1702 -0.0000
vn 0.9657 -0.2596 -0.0000
vn 0.9640 -0.2660 -0.0000
vn 0.9622 -0.2724 -0.0000
vn 0.9454 -0.3260 -0.0000
vn 0.8818 -0.4716 -0.0000
vn -0.8936 0.4488 -0.0000
vn -0.9569 0.2903 -0.0000
vn -0.9585 0.2852 -0.0000
vn -0.9857 0.1683 -0.0000
vn -0.9554 0.2953 -0.0000
vn -0.8235 0.5673 -0.0000
vn -0.9215 0.3883 -0.0000
vn -0.9988 0.0488 -0.0000
vn 0.7274 -0.6862 -0.0000
vn -0.6269 0.7791 -0.0000
vn 0.6973 -0.7168 -0.0000
vn 0.3055 0.9522 -0.0000
vn -0.7248 0.6889 -0.0000
vn 0.5090 -0.8608 -0.0000
vn -0.6273 0.7788 -0.0000
vn 0.3354 -0.9421 -0.0000
vn -0.5113 0.8594 -0.0000
vn -0.5075 0.8616 -0.0000
vn -0.5150 0.8572 -0.0000
vn -1.0000 -0.0096 -0.0000
vn -0.4207 0.9072 -0.0000
vn -0.6858 0.7278 -0.0000
vn 0.1936 -0.9811 -0.0000
vn 0.5711 -0.8209 -0.0000
vn 0.2694 -0.9630 -0.0000
vn -0.3432 0.9393 -0.0000
vn -0.3211 0.9471 -0.0000
vn 0.8669 0.4985 -0.0000
vn 0.9955 0.0951 -0.0000
vn -0.2789 0.9603 -0.0000
vn -0.2790 0.9603 -0.0000
vn -0.8469 0.5318 -0.0000
vn 0.0502 -0.9987 -0.0000
vn -0.5906 -0.8070 -0.0000
vn 0.7994 0.6008 -0.0000
vn -0.9214 -0.3886 -0.0000
vn -0.9214 -0.3885 -0.0000
vn 0.9491 0.3149 -0.0000
vn 0.9999 -0.0173 -0.0000
vn -0.6021 -0.7984 -0.0000
vn 0.7279 0.6857 -0.0000
vn -0.1182 -0.9930 -0.0000
vn 0.9027 -0.4303 -0.0000
vn 0.4142 -0.9102 -0.0000
vn 0.9975 0.0702 -0.0000
vn -0.3960 0.9182 -0.0000
vn 0.1182 0.9930 -0.0000
vn -0.7715 0.6362 -0.0000
vn -0.3083 0.9513 -0.0000
vn 0.0001 -0.0000 1.0000
vn 0.0001 0.0001 1.0000
vn 0.6366 -0.7712 -0.0000
vn 0.8224 -0.5690 -0.0000
vn -0.7597 0.6503 -0.0000
vn -0.5855 0.8107 -0.0000
vn 0.8500 0.5268 -0.0000
vn -0.1245 0.9922 -0.0000
vn 0.6268 0.7792 -0.0000
vn -0.1304 0.9915 -0.0000
vn 0.0001 -0.0000 -1.0000
vn 0.0001 0.0001 -1.0000
vn 0.9891 -0.1476 -0.0000
vn -0.8009 0.5988 -0.0000
vn 0.6021 0.7984 -0.0000
vn -0.1181 -0.9930 -0.0000
vn -0.4495 0.6602 -0.6018
vn 0.1751 -0.7865 -0.5922
vn 0.7259 -0.3709 -0.5792
vn 0.4033 -0.2395 -0.8832
vn 0.0955 -0.6117 -0.7853
vn -0.2351 -0.5848 -0.7764
vn -0.4739 -0.3688 -0.7996
vn -0.0886 0.6069 -0.7898
vn -0.0174 -0.1141 -0.9933
vn -0.2646 0.7688 -0.5822
vn -0.1356 0.4740 -0.8700
vn -0.4802 0.2270 -0.8473
vn -0.7300 0.3449 -0.5900
vn 0.4361 0.6712 -0.5994
vn 0.7615 -0.1880 -0.6203
vn 0.4124 -0.1090 -0.9045
vn 0.2199 0.4410 -0.8701
vn 0.2088 0.7372 -0.6426
vn 0.1465 0.5230 -0.8397
vn -0.2968 0.4612 -0.8362
vn -0.4652 0.6153 -0.6364
vn 0.1604 0.6908 -0.7050
vn 0.1144 0.4929 -0.8625
vn 0.2719 0.8164 -0.5095
vn 0.8421 0.1097 -0.5281
vn 0.5625 -0.0178 -0.8266
vn 0.7541 0.2351 -0.6132
vn 0.4985 -0.6163 -0.6096
vn 0.2990 -0.4219 -0.8559
vn 0.3274 -0.7610 -0.5600
vn -0.7751 -0.0943 -0.6247
vn 0.4791 0.2327 -0.8463
vn 0.1404 0.8398 -0.5245
vn 0.7464 0.3625 -0.5581
vn -0.4495 0.6602 0.6018
vn 0.1751 -0.7865 0.5922
vn 0.7259 -0.3709 0.5792
vn 0.4033 -0.2395 0.8832
vn 0.0955 -0.6117 0.7853
vn -0.2351 -0.5848 0.7764
vn -0.4739 -0.3688 0.7996
vn -0.0886 0.6069 0.7898
vn -0.0174 -0.1141 0.9933
vn -0.2646 0.7688 0.5822
vn -0.1356 0.4740 0.8700
vn -0.4802 0.2270 0.8473
vn -0.7300 0.3449 0.5900
vn 0.4361 0.6712 0.5994
vn 0.7615 -0.1880 0.6203
vn 0.4124 -0.1090 0.9045
vn 0.2199 0.4410 0.8701
vn 0.2088 0.7372 0.6426
vn 0.1465 0.5230 0.8397
vn -0.2968 0.4612 0.8362
vn -0.4652 0.6153 0.6364
vn 0.1604 0.6908 0.7050
vn 0.1144 0.4929 0.8625
vn 0.2719 0.8164 0.5095
vn 0.8421 0.1097 0.5281
vn 0.5625 -0.0178 0.8266
vn 0.7541 0.2351 0.6132
vn 0.4985 -0.6163 0.6096
vn 0.2990 -0.4219 0.8559
vn 0.3274 -0.7610 0.5600
vn -0.7751 -0.0943 0.6247
vn 0.4791 0.2327 0.8463
vn 0.1404 0.8398 0.5245
vn 0.7464 0.3625 0.5581
vn 0.4223 0.5600 -0.7128
vn -0.0832 -0.6989 -0.7104
vn 0.3717 -0.5997 -0.7087
vn 0.6697 0.0472 -0.7412
vn 0.6699 0.0472 -0.7410
vn 0.6651 0.0481 -0.7452
vn 0.2909 -0.6393 -0.7118
vn -0.0888 -0.7424 -0.6641
vn -0.0875 -0.7350 -0.6724
vn -0.0877 -0.7363 -0.6709
vn -0.4227 -0.5606 -0.7121
vn -0.4227 -0.5605 -0.7122
vn -0.4227 -0.5605 -0.7121
vn -0.6343 -0.2675 -0.7254
vn -0.6644 0.0817 -0.7429
vn -0.5596 0.4185 -0.7153
vn -0.2826 0.6553 -0.7005
vn 0.0835 0.7015 -0.7078
vn 0.0370 -0.7347 -0.6774
vn 0.1005 -0.7008 -0.7063
vn 0.1339 -0.6785 -0.7223
vn 0.1801 -0.6435 -0.7440
vn 0.2212 -0.6203 -0.7526
vn 0.3040 -0.5979 -0.7417
vn 0.3716 -0.5329 -0.7602
vn 0.4226 -0.5115 -0.7481
vn 0.4684 -0.4812 -0.7410
vn 0.4683 -0.4814 -0.7409
vn 0.4675 -0.4804 -0.7421
vn 0.4882 -0.4604 -0.7414
vn 0.5538 -0.3831 -0.7393
vn 0.5926 -0.3170 -0.7405
vn 0.6259 -0.2516 -0.7382
vn 0.6461 -0.2228 -0.7300
vn 0.6644 -0.1881 -0.7233
vn 0.6670 -0.1795 -0.7231
vn 0.6651 -0.1879 -0.7227
vn 0.6663 -0.1791 -0.7238
vn -0.7054 0.0345 -0.7080
vn -0.6934 0.1197 -0.7105
vn -0.6567 0.1954 -0.7284
vn -0.6563 0.1960 -0.7286
vn -0.6530 0.2010 -0.7302
vn -0.6525 0.2017 -0.7304
vn -0.6243 0.2631 -0.7355
vn -0.6036 0.3031 -0.7374
vn -0.6963 0.1189 -0.7078
vn -0.5462 0.3755 -0.7488
vn 0.2149 0.6700 -0.7105
vn -0.5365 0.4592 -0.7080
vn -0.5145 0.4890 -0.7044
vn -0.4913 0.5214 -0.6977
vn -0.4582 0.5695 -0.6824
vn -0.6648 -0.0075 -0.7470
vn -0.4428 0.5497 -0.7084
vn -0.4160 0.5760 -0.7037
vn -0.3686 0.6258 -0.6874
vn -0.3729 0.6218 -0.6887
vn -0.3690 0.6253 -0.6876
vn -0.3733 0.6214 -0.6888
vn -0.3114 0.6715 -0.6724
vn -0.2569 0.7043 -0.6618
vn -0.2395 0.7071 -0.6654
vn 0.7027 0.0671 -0.7083
vn 0.5672 0.3517 -0.7447
vn 0.3591 -0.6072 -0.7087
vn 0.6110 0.3513 -0.7094
vn -0.0877 0.6989 -0.7099
vn 0.4033 0.5035 -0.7641
vn -0.0919 0.6983 -0.7099
vn -0.6060 0.3805 -0.6986
vn -0.1818 0.6234 -0.7605
vn 0.4089 0.4526 -0.7924
vn -0.1966 0.6768 -0.7095
vn 0.6047 0.4647 -0.6468
vn 0.6695 0.2221 -0.7089
vn 0.5256 0.4951 -0.6918
vn 0.6444 -0.0953 -0.7587
vn 0.5686 -0.4117 -0.7122
vn 0.2884 -0.6541 -0.6993
vn 0.0721 -0.6939 -0.7165
vn 0.6378 -0.3040 -0.7077
vn -0.2218 -0.6678 -0.7105
vn -0.4171 -0.5694 -0.7084
vn -0.4168 -0.5694 -0.7086
vn -0.4192 -0.5721 -0.7050
vn -0.5209 0.4295 -0.7377
vn 0.4665 -0.4792 -0.7435
vn 0.3591 -0.6072 -0.7088
vn 0.2988 -0.5857 -0.7535
vn -0.6342 -0.2675 -0.7254
vn -0.0890 -0.7436 -0.6627
vn -0.4228 -0.5605 -0.7121
vn 0.6169 -0.2475 -0.7471
vn 0.5922 0.4451 -0.6717
vn -0.4191 -0.5723 -0.7049
vn 0.4238 0.5620 -0.7103
vn 0.7061 -0.0122 -0.7080
vn -0.2285 0.7053 -0.6710
vn -0.2285 0.7051 -0.6713
vn -0.2284 0.7069 -0.6694
vn -0.2284 0.7072 -0.6691
vn 0.6649 0.0481 -0.7454
vn 0.4223 0.5600 0.7128
vn -0.0832 -0.6989 0.7104
vn 0.3717 -0.5997 0.7087
vn 0.6651 0.0481 0.7452
vn 0.6699 0.0472 0.7410
vn 0.6697 0.0472 0.7412
vn 0.2909 -0.6393 0.7118
vn -0.0877 -0.7363 0.6709
vn -0.0875 -0.7350 0.6724
vn -0.0888 -0.7424 0.6641
vn -0.4227 -0.5605 0.7121
vn -0.4227 -0.5605 0.7122
vn -0.4227 -0.5606 0.7121
vn -0.6343 -0.2675 0.7254
vn -0.6644 0.0817 0.7429
vn -0.5596 0.4185 0.7153
vn -0.2826 0.6553 0.7005
vn 0.0835 0.7015 0.7078
vn 0.0370 -0.7347 0.6774
vn 0.1005 -0.7008 0.7063
vn 0.1339 -0.6785 0.7223
vn 0.1801 -0.6435 0.7440
vn 0.2212 -0.6203 0.7526
vn 0.3040 -0.5979 0.7417
vn 0.3716 -0.5329 0.7602
vn 0.4226 -0.5115 0.7481
vn 0.4675 -0.4804 0.7421
vn 0.4683 -0.4814 0.7409
vn 0.4684 -0.4812 0.7410
vn 0.4882 -0.4604 0.7414
vn 0.5538 -0.3831 0.7393
vn 0.5926 -0.3170 0.7405
vn 0.6259 -0.2516 0.7382
vn 0.6461 -0.2228 0.7300
vn 0.6644 -0.1881 0.7233
vn 0.6651 -0.1879 0.7227
vn 0.6670 -0.1795 0.7231
vn 0.6663 -0.1791 0.7238
vn -0.7054 0.0345 0.7080
vn -0.6934 0.1197 0.7105
vn -0.6568 0.1954 0.7283
vn -0.6530 0.2010 0.7302
vn -0.6563 0.1961 0.7286
vn -0.6526 0.2017 0.7304
vn -0.6244 0.2631 0.7355
vn -0.6036 0.3032 0.7374
vn -0.6963 0.1189 0.7078
vn -0.5462 0.3755 0.7488
vn 0.2149 0.6700 0.7105
vn -0.5365 0.4592 0.7080
vn -0.5145 0.4890 0.7044
vn -0.4913 0.5214 0.6977
vn -0.4582 0.5695 0.6824
vn -0.6648 -0.0075 0.7470
vn -0.4428 0.5497 0.7084
vn -0.4160 0.5760 0.7037
vn -0.3686 0.6258 0.6874
vn -0.3690 0.6253 0.6876
vn -0.3729 0.6218 0.6887
vn -0.3733 0.6214 0.6888
vn -0.3114 0.6715 0.6724
vn -0.2569 0.7043 0.6618
vn -0.2395 0.7071 0.6654
vn 0.7027 0.0671 0.7083
vn 0.5672 0.3517 0.7447
vn 0.3591 -0.6072 0.7087
vn 0.3591 -0.6072 0.7088
vn 0.6110 0.3513 0.7094
vn -0.0877 0.6989 0.7099
vn 0.4033 0.5035 0.7641
vn -0.0919 0.6983 0.7099
vn -0.6060 0.3805 0.6986
vn -0.1818 0.6234 0.7605
vn 0.4089 0.4526 0.7924
vn -0.1966 0.6768 0.7095
vn 0.6047 0.4647 0.6468
vn 0.6695 0.2221 0.7089
vn 0.5256 0.4951 0.6918
vn 0.6444 -0.0953 0.7587
vn 0.5686 -0.4117 0.7122
vn 0.2884 -0.6541 0.6993
vn 0.0721 -0.6939 0.7165
vn 0.6378 -0.3040 0.7077
vn -0.2218 -0.6678 0.7105
vn -0.4192 -0.5720 0.7050
vn -0.4168 -0.5694 0.7086
vn -0.4170 -0.5694 0.7085
vn -0.5209 0.4295 0.7377
vn 0.4665 -0.4792 0.7435
vn 0.2988 -0.5857 0.7535
vn -0.6342 -0.2675 0.7254
vn -0.0890 -0.7436 0.6627
vn -0.4228 -0.5605 0.7121
vn 0.6169 -0.2475 0.7471
vn 0.5922 0.4451 0.6717
vn -0.4191 -0.5723 0.7049
vn 0.4238 0.5620 0.7103
vn 0.7061 -0.0122 0.7080
vn -0.2284 0.7069 0.6694
vn -0.2285 0.7051 0.6713
vn -0.2285 0.7053 0.6711
vn -0.2284 0.7072 0.6691
vn 0.6649 0.0481 0.7454
vn -0.5629 0.8265 -0.0000
vn 0.2173 -0.9761 -0.0000
vn 0.8905 -0.4550 -0.0000
vn 0.8598 -0.5106 -0.0000
vn 0.1542 -0.9880 -0.0000
vn -0.3730 -0.9278 -0.0000
vn -0.7891 -0.6143 -0.0000
vn -0.1444 0.9895 -0.0000
vn -0.1517 -0.9884 -0.0000
vn -0.3255 0.9456 -0.0000
vn -0.2751 0.9614 -0.0000
vn -0.9041 0.4274 -0.0000
vn -0.9042 0.4272 -0.0000
vn 0.5449 0.8385 -0.0000
vn 0.9708 -0.2397 -0.0000
vn 0.9668 -0.2556 -0.0000
vn 0.4461 0.8950 -0.0000
vn 0.2725 0.9621 -0.0000
vn 0.2697 0.9629 -0.0000
vn -0.5411 0.8409 -0.0000
vn -0.6031 0.7977 -0.0000
vn 0.2262 0.9741 -0.0000
vn 0.3160 0.9488 -0.0000
vn 0.9916 0.1291 -0.0000
vn 0.9995 -0.0316 -0.0000
vn 0.9547 0.2976 -0.0000
vn 0.6289 -0.7775 -0.0000
vn 0.5782 -0.8159 -0.0000
vn 0.3952 -0.9186 -0.0000
vn -0.9927 -0.1208 -0.0000
vn 0.8995 0.4368 -0.0000
vn 0.1649 0.9863 -0.0000
vt 0.360889 0.641581
vt 0.358419 0.641581
vt 0.358419 0.358419
vt 0.360889 0.358419
vt 0.360889 0.641581
vt 0.360889 0.641581
vt 0.360889 0.358419
vt 0.360889 0.641581
vt 0.500000 0.358419
vt 0.416781 0.385458
vt 0.365348 0.456249
vt 0.365348 0.543751
vt 0.416781 0.614542
vt 0.500000 0.641581
vt 0.583219 0.614542
vt 0.634652 0.543751
vt 0.634652 0.456249
vt 0.583219 0.385458
vt 0.360889 0.641581
vt 0.360889 0.358419
vt 0.641581 0.641581
vt 0.641581 0.358419
vt 0.000000 0.000000
vt -1.600577 -0.937690
vt -1.634901 -1.015594
vt -1.582074 -1.056005
vt -1.546175 -0.973950
vt -1.810835 -1.131610
vt -1.786276 -1.172750
vt -1.468887 -1.142588
vt -1.610494 -1.297414
vt -1.793608 -1.183916
vt -1.931259 -1.243514
vt -2.306756 -1.280272
vt -2.320452 -1.277951
vt -2.659357 -1.121166
vt -2.610910 -1.077878
vt -2.810804 -0.803137
vt -2.840889 -0.817961
vt -2.632127 -1.096835
vt -2.435643 0.083401
vt -2.441998 0.123436
vt -2.614362 0.010378
vt -2.557465 0.000925
vt -3.005378 -0.289721
vt -3.010140 -0.325681
vt -2.875256 -0.418431
vt -2.868019 -0.376389
vt -3.029352 -0.307779
vt -3.034525 -0.345678
vt -3.052408 -0.360344
vt -2.877260 -0.502296
vt -2.882493 -0.460473
vt -2.970934 -0.040154
vt -2.895005 0.185593
vt -2.148148 0.094003
vt -2.128240 0.122490
vt -2.283375 0.123057
vt -2.284456 0.089391
vt -2.099852 0.023886
vt -2.056573 0.036236
vt -1.999718 -0.036237
vt -2.060021 -0.033998
vt -0.725017 0.701064
vt -1.112567 0.539963
vt 3.725701 -0.018678
vt 3.916446 -0.244146
vt 4.053666 -0.456852
vt 3.873873 -0.280297
vt 3.689551 -0.104061
vt 3.689550 -0.104061
vt 3.454808 0.096196
vt 3.170358 0.315004
vt 2.774601 0.555455
vt 1.796404 0.899561
vt 2.028604 0.843766
vt 2.100838 1.048624
vt 1.879329 1.101752
vt 1.563774 0.955587
vt 1.654252 1.182231
vt 2.471363 0.960962
vt 2.863075 0.708857
vt 2.471364 0.960962
vt 3.481920 0.208216
vt 2.188341 1.296783
vt 3.238853 0.429639
vt 2.002606 1.382648
vt 4.054887 -0.455850
vt 4.054888 -0.455850
vt 2.392878 0.730977
vt 2.025900 0.836100
vt 1.010020 1.577819
vt 1.206802 1.549838
vt 1.793299 0.891991
vt 1.560698 0.947882
vt 1.961797 1.336296
vt 2.169981 1.244717
vt 1.964431 1.350317
vt 1.991048 1.380240
vt 0.733642 1.318593
vt 0.627963 1.030509
vt 0.795944 1.041695
vt 1.004243 1.299316
vt 2.432084 0.845859
vt 2.467902 0.953662
vt 1.513370 1.481342
vt 1.776175 1.407138
vt -1.356271 1.147398
vt -1.512129 1.146973
vt 0.677386 1.706095
vt 0.945044 1.667891
vt 0.415945 1.016970
vt 0.535724 1.332692
vt 0.412565 1.008061
vt -0.018549 0.922990
vt 0.624916 1.022202
vt 0.048793 1.727025
vt 0.424093 1.728689
vt -0.343632 1.728691
vt 0.955975 1.660474
vt 0.999087 1.585232
vt -0.749851 1.686833
vt -0.362125 0.830110
vt 1.200143 1.003773
vt 0.789018 1.033130
vt -1.083769 1.623807
vt -1.547489 1.524975
vt -0.995347 0.952858
vt -0.996671 1.141028
vt -0.464163 1.403924
vt -0.874583 1.414779
vt -0.989423 1.155750
vt -0.603738 1.027846
vt -1.512107 1.431639
vt -1.551586 1.516774
vt -1.265320 1.425112
vt -1.353861 1.154755
vt -2.889243 -0.502792
vt -3.053313 -0.370200
vt -2.860855 -0.462177
vt -2.852817 -0.431203
vt -3.008621 -0.055265
vt -2.994429 -0.051941
vt -2.885703 0.194057
vt -2.475721 0.290076
vt -2.065345 -0.026261
vt -1.994506 -0.028836
vt -2.980236 -0.048617
vt -2.462397 0.288268
vt -2.287670 0.192850
vt -2.844779 -0.400230
vt -1.518548 0.325676
vt -2.778100 -0.124998
vt -2.740157 -0.140169
vt -1.427348 -1.052520
vt -3.053326 -0.325837
vt -3.016628 -0.064034
vt -2.966860 -0.052877
vt -2.835240 -0.501357
vt -2.813418 -0.707017
vt -2.877823 -0.538513
vt -2.882325 -0.514391
vt -1.658576 -0.895196
vt -1.677464 -0.862465
vt -2.845874 -0.709714
vt -2.830378 -0.443975
vt -2.836296 -0.457302
vt -2.876402 -0.829362
vt -2.509528 -0.007040
vt -2.708935 -0.152653
vt -2.500567 -0.008529
vt -2.696394 -0.151104
vt -1.621224 -1.298563
vt -1.781132 -1.185219
vt -1.781131 -1.185219
vt -1.494475 -0.696877
vt -1.435042 -0.719933
vt -2.285549 0.055726
vt -2.422118 0.043982
vt -2.846865 -0.463278
vt -2.860202 -0.497179
vt -2.844011 -0.490178
vt -2.143745 0.012681
vt -2.164994 0.059153
vt -2.164994 0.059152
vt -2.135828 0.014702
vt -2.162564 0.073407
vt -2.285312 0.063033
vt -2.430430 0.050549
vt -2.838664 -0.709115
vt -2.829646 -0.708365
vt -2.856532 -0.519935
vt -2.871527 -0.533019
vt -2.803596 -0.799586
vt -2.296357 -1.209508
vt -1.967808 -1.174647
vt -1.954832 -1.169651
vt -1.834666 -1.082163
vt -1.646883 -0.901059
vt -1.681808 -0.979713
vt -1.687729 -0.975184
vt -1.553910 -0.673819
vt -1.597657 -0.682737
vt -1.673850 -0.854326
vt -1.431895 -0.712739
vt -1.301825 -0.763199
vt -1.491309 -0.689690
vt -1.646873 -0.686077
vt -1.594433 -0.675477
vt -1.557778 -0.668067
vt -2.116792 -0.030940
vt -2.127302 -0.023795
vt -1.433360 -1.048545
vt -1.474626 -1.138198
vt -1.934111 -1.236758
vt -1.945955 -1.208701
vt -2.312148 -1.273764
vt -2.305138 -1.245241
vt -2.653437 -1.115877
vt -2.298140 -1.216761
vt -2.883555 0.186428
vt -1.998067 0.299537
vt -1.994402 -0.029009
vt -0.721558 0.710383
vt -1.109977 0.548921
vt -0.987911 0.940709
vt 3.889636 -0.266912
vt 3.708828 -0.058530
vt 3.722464 -0.026322
vt 3.910799 -0.248941
vt 4.014650 -0.407751
vt 3.879764 -0.275294
vt 3.692756 -0.096490
vt 3.456875 0.104738
vt 3.470411 0.160664
vt 3.174505 0.321945
vt 3.206460 0.375426
vt 2.778642 0.562461
vt 2.821956 0.637561
vt 2.395493 0.738639
vt 2.467900 0.953664
vt 2.859068 0.701909
vt 3.479815 0.199519
vt 2.185505 1.288741
vt 3.234746 0.422766
vt 1.997290 1.376197
vt 0.996516 1.572833
vt 1.201794 1.543644
vt 1.772621 1.400582
vt 1.205222 1.011517
vt 1.366742 1.257782
vt 1.509186 1.474963
vt -1.353862 1.154756
vt 0.218936 1.355260
vt 0.420279 1.721747
vt 0.674713 1.699051
vt -0.013145 0.932827
vt 0.795943 1.041695
vt -0.110769 1.378748
vt 0.045613 1.720086
vt -0.346208 1.721749
vt 0.946805 1.660215
vt -0.753064 1.679825
vt -0.357698 0.839773
vt -1.091202 1.615672
vt -1.503903 1.431422
vt -1.544450 1.518858
vt -1.511200 1.154326
vt -1.998427 0.299542
vt -2.281593 0.181551
vt -3.009937 -0.062966
vt -2.995471 -0.059577
vt -3.046013 -0.320328
vt -2.467324 0.282968
vt -1.525563 0.329564
vt -1.905711 0.540273
vt -1.305130 -0.770331
vt -2.836697 -0.440379
vt -2.826978 -0.418491
vt -1.700003 -0.809003
vt -1.648500 -0.693015
vt -2.870109 -0.832359
vt -1.616374 -1.293178
vt -2.820936 -0.707641
vt -1.957797 -1.180649
vt -1.831513 -1.088706
vt -2.842182 -0.507414
vt -1.994214 -0.029135
vt -1.998193 0.299666
vt -2.118509 -0.023421
vt 3.722464 -0.026323
vt 3.479815 0.199518
vt 3.234746 0.422765
vt 2.859068 0.701908
vt 2.185505 1.288740
vt 1.952585 1.347190
vt -0.346208 1.721748
vt -1.519289 1.154301
vt -1.907070 0.547700
vt -1.002033 0.942568
vt -1.907069 0.547700
vt -2.002289 0.311660
vt -1.916416 0.537888
vt -2.274665 0.192192
vt -2.011585 0.301996
vt -1.998428 0.299542
vt -2.873796 -0.842044
vt -1.004073 1.148359
vt -2.604896 -1.072504
vt -2.838458 -0.471038
vt -2.836759 -0.487042
vt -2.705134 -0.161919
vt -2.821539 -0.424071
vt -1.544012 -0.669244
vt -3.057912 -0.358548
vt -2.175157 0.065068
vt -1.298130 -0.772338
vt -1.705147 -0.802851
vt -1.656849 -0.694082
vt -1.704470 -0.815663
vt -1.985945 -0.032064
vt -2.435109 0.039129
vt -1.657900 -0.908008
s 1
usemtl carbon_fiber
f 51/1/1 2/2/2 4/3/2 52/4/1
f 52/5/3 4/2/4 6/3/4 53/4/3
f 53/6/5 6/2/6 8/3/6 54/7/5
f 54/8/7 8/2/8 10/3/8 55/4/7
f 55/6/9 10/2/10 12/3/10 56/4/9
f 56/6/11 12/2/12 14/3/12 57/4/11
f 57/1/13 14/2/14 16/3/14 58/7/13
f 58/8/15 16/2/16 18/3/16 59/4/15
f 4/9/17 2/10/17 20/11/17 18/12/17 16/13/17 14/14/17 12/15/17 10/16/17 8/17/17 6/18/17
f 59/19/18 18/2/19 20/3/19 60/4/18
f 60/5/20 20/2/21 2/3/21 51/20/20
s 0
f 19/21/22 1/2/22 21/3/22 30/22/22
f 26/21/22 27/2/22 37/3/22 36/22/22
f 17/21/22 19/2/22 30/3/22 29/22/22
f 15/21/22 17/2/22 29/3/22 28/22/22
f 13/21/22 15/2/22 28/3/22 27/22/22
f 11/21/22 13/2/22 27/3/22 26/22/22
f 9/21/22 11/2/22 26/3/22 25/22/22
f 7/21/22 9/2/22 25/3/22 24/22/22
f 1/21/22 3/2/22 22/3/22 21/22/22
f 5/21/22 7/2/22 24/3/22 23/22/22
f 3/21/22 5/2/22 23/3/22 22/22/22
f 33/21/22 34/2/22 44/3/22 43/22/22
f 23/21/22 24/2/22 34/3/22 33/22/22
f 30/21/22 21/2/22 31/3/22 40/22/22
f 27/21/22 28/2/22 38/3/22 37/22/22
f 24/21/22 25/2/22 35/3/22 34/22/22
f 21/21/22 22/2/22 32/3/22 31/22/22
f 28/21/22 29/2/22 39/3/22 38/22/22
f 25/21/22 26/2/22 36/3/22 35/22/22
f 22/21/22 23/2/22 33/3/22 32/22/22
f 29/21/22 30/2/22 40/3/22 39/22/22
s 1
f 41/9/23 42/10/23 43/11/23 44/12/23 45/13/23 46/14/23 47/15/23 48/16/23 49/17/23 50/18/23
s 0
f 40/21/22 31/2/22 41/3/22 50/22/22
f 37/21/22 38/2/22 48/3/22 47/22/22
f 34/21/22 35/2/22 45/3/22 44/22/22
f 31/21/22 32/2/22 42/3/22 41/22/22
f 38/21/22 39/2/22 49/3/22 48/22/22
f 35/21/22 36/2/22 46/3/22 45/22/22
f 32/21/22 33/2/22 43/3/22 42/22/22
f 39/21/22 40/2/22 50/3/22 49/22/22
f 36/21/22 37/2/22 47/3/22 46/22/22
s 1
f 19/21/24 60/5/20 51/20/20 1/22/24
f 17/21/25 59/19/18 60/4/18 19/22/25
f 15/21/26 58/8/15 59/4/15 17/22/26
f 13/21/27 57/1/13 58/7/13 15/22/27
f 11/21/28 56/6/11 57/4/11 13/22/28
f 9/21/29 55/6/9 56/4/9 11/22/29
f 7/21/30 54/8/7 55/4/7 9/22/30
f 5/21/31 53/6/5 54/7/5 7/22/31
f 3/21/32 52/5/3 53/4/3 5/22/32
f 1/21/33 51/1/1 52/4/1 3/22/33
f 1425/24/35 1420/25/35 1400/26/35 1424/27/35
f 1420/25/35 1419/28/35 1648/29/35 1400/26/35
f 1652/30/756 1650/31/756 1877/31/756 1879/30/756
f 1646/32/757 1644/33/757 1871/33/757 1872/32/757
f 1644/33/758 1642/34/758 1869/34/758 1871/33/758
f 1641/35/759 1639/36/759 1866/36/759 1867/35/759
f 1507/37/35 1506/38/35 1411/39/35 1410/40/35
f 1414/41/35 1399/42/35 1396/43/35 1407/44/35
f 1403/45/35 1394/46/35 1406/47/35 1404/48/35
f 1405/49/35 1401/50/35 1394/46/35 1403/45/35
f 1401/50/35 1630/51/35 1633/52/35 1402/53/35
f 1622/54/760 1620/55/760 1847/55/760 1848/54/760
f 1415/56/35 1395/57/35 1398/58/35 1417/59/35
f 1427/60/35 1426/61/35 1395/57/35 1415/56/35
f 1489/62/761 1688/63/761 1913/63/761 1714/62/761
f 1518/64/762 1516/65/762 1743/65/762 1745/64/762
f 1551/66/763 1549/67/763 1776/67/763 1778/66/763
f 1546/68/764 1544/69/765 1771/69/765 1772/68/764
f 1544/69/765 1542/70/766 1769/71/766 1771/69/765
f 1542/70/767 1540/72/767 1767/72/767 1769/71/767
f 1540/72/39 1538/73/39 1765/73/39 1767/72/39
f 1538/73/768 1536/74/768 1763/74/768 1765/73/768
f 1657/75/35 1533/76/35 1378/77/35 1383/78/35
f 1531/79/35 1657/75/35 1383/78/35 1382/80/35
f 1559/81/769 1557/82/769 1784/82/769 1786/83/769
f 1553/84/770 1551/66/771 1778/66/771 1780/84/770
f 1561/85/772 1559/81/772 1786/83/772 1788/85/772
f 1555/86/773 1553/84/770 1780/84/770 1782/86/773
f 1563/87/774 1561/85/774 1788/85/774 1789/87/774
f 1557/82/775 1555/86/775 1782/86/775 1784/82/775
f 1549/67/776 1547/88/776 1774/89/776 1776/67/776
f 1534/90/777 1532/91/777 1759/91/777 1761/90/777
f 1575/92/778 1573/93/778 1800/93/778 1801/92/778
f 1658/94/779 1530/95/779 1757/95/779 1883/94/779
f 1568/96/35 1383/78/35 1378/77/35 1384/97/35
f 1566/98/780 1564/99/780 1791/99/780 1792/98/780
f 1389/100/35 1659/101/35 1527/102/35 1386/103/35
f 1380/104/35 1560/105/35 1384/97/35 1378/77/35
f 1571/106/781 1569/107/781 1796/107/781 1798/106/781
f 1662/108/782 1599/109/782 1826/109/782 1887/108/782
f 1581/110/783 1579/111/783 1806/111/783 1808/110/783
f 1525/112/35 1659/101/35 1389/100/35 1387/113/35
f 1524/114/784 1522/115/784 1749/115/784 1751/114/784
f 1660/116/475 1524/114/475 1751/114/475 1885/116/475
f 1585/117/785 1583/118/786 1810/118/786 1812/117/785
f 1587/119/787 1585/117/785 1812/117/785 1814/119/787
f 1578/120/788 1576/121/788 1803/121/788 1804/120/788
f 1589/122/789 1587/119/789 1814/119/789 1816/122/789
f 1573/93/790 1571/106/790 1798/106/790 1800/93/790
f 1520/123/791 1518/64/791 1745/64/791 1747/123/791
f 1528/124/792 1526/125/792 1753/125/792 1755/124/792
f 1522/115/793 1520/123/793 1747/123/793 1749/115/793
f 1591/126/794 1589/122/794 1816/122/794 1818/126/794
f 1593/127/795 1591/126/795 1818/126/795 1819/127/795
f 1604/128/796 1602/129/796 1829/129/796 1830/128/796
f 1388/130/35 1393/131/35 1603/132/35 1391/133/35
f 1596/134/797 1594/135/797 1821/135/797 1823/134/797
f 1393/131/35 1392/136/35 1661/137/35 1603/132/35
f 1631/138/39 1629/139/39 1856/139/39 1857/138/39
f 1402/53/35 1406/47/35 1394/46/35 1401/50/35
f 1418/140/35 1412/141/35 1406/47/35 1402/53/35
f 1625/142/798 1666/143/799 1891/143/799 1851/142/798
f 1619/144/799 1617/145/799 1844/145/799 1845/144/799
f 1687/146/35 1488/147/35 1426/61/35 1427/60/35
f 1666/143/799 1623/148/799 1850/148/799 1891/143/799
f 1417/59/35 1398/58/35 1399/42/35 1414/41/35
f 1616/149/800 1614/150/800 1841/150/800 1842/149/800
f 1412/141/35 1421/151/35 1404/48/35 1406/47/35
f 1516/65/801 1514/152/801 1741/152/801 1743/65/801
f 1407/44/35 1396/43/35 1397/153/35 1413/154/35
f 1695/155/802 1652/30/802 1879/30/802 1920/155/802
f 1680/156/803 1626/157/803 1853/157/803 1905/156/803
f 1404/48/35 1397/153/35 1624/158/35 1403/45/35
f 1413/154/35 1397/153/35 1404/48/35 1421/151/35
f 1681/159/804 1663/160/805 1890/160/805 1908/159/804
f 1684/161/806 1632/162/806 1859/162/806 1909/161/806
f 1693/163/807 1703/164/807 1928/164/807 1918/163/807
f 1634/165/806 1684/161/806 1909/161/806 1861/165/806
f 1667/166/808 1503/167/808 1730/167/808 1894/166/808
f 1636/168/809 1634/165/809 1861/165/809 1862/168/809
f 1675/169/35 1407/44/35 1413/154/35 1501/170/35
f 1676/171/810 1500/172/810 1727/172/810 1901/171/810
f 1649/173/811 1647/174/811 1874/175/811 1875/173/811
f 1689/176/35 1425/24/35 1424/27/35 1674/177/35
f 1670/178/812 1497/179/812 1724/179/812 1895/178/812
f 1504/180/35 1418/140/35 1423/181/35 1685/182/35
f 1707/183/813 1494/184/813 1721/185/813 1932/183/813
f 1706/186/35 1427/60/35 1415/56/35 1495/187/35
f 1669/188/35 1417/59/35 1414/41/35 1498/189/35
f 1635/190/35 1416/191/35 1422/192/35 1683/193/35
f 1663/160/805 1505/194/805 1732/194/805 1890/160/805
f 1510/195/814 1511/196/814 1737/196/814 1735/195/814
f 1513/197/815 1672/198/815 1897/198/815 1738/197/815
f 1692/199/35 1483/200/35 1420/25/35 1425/24/35
f 1672/198/815 1482/201/815 1709/201/815 1897/198/815
f 1692/199/35 1486/202/35 1704/203/35 1702/204/35
f 1673/205/816 1655/206/816 1882/206/816 1900/205/816
f 1690/207/816 1673/205/816 1900/205/816 1915/207/816
f 1698/208/817 1705/209/817 1930/209/817 1923/208/817
f 1705/209/817 1485/210/817 1712/210/817 1930/209/817
f 1688/63/761 1491/211/761 1718/211/761 1913/63/761
f 1490/212/813 1707/183/813 1932/183/813 1716/212/813
f 1479/24/43 1478/27/43 1454/26/43 1474/25/43
f 1474/25/43 1454/26/43 1873/29/43 1473/28/43
f 1478/27/43 1921/213/43 1878/214/43 1454/26/43
f 1873/29/43 1870/215/43 1462/216/43 1473/28/43
f 1462/216/43 1870/215/43 1868/217/43 1463/218/43
f 1463/218/43 1868/217/43 1865/219/43 1464/40/43
f 1736/220/43 1463/218/43 1464/40/43 1734/37/43
f 1468/41/43 1461/44/43 1450/43/43 1453/42/43
f 1457/45/43 1458/48/43 1460/47/43 1448/46/43
f 1459/49/43 1457/45/43 1448/46/43 1455/50/43
f 1455/50/43 1456/53/43 1858/52/43 1855/51/43
f 1451/153/43 1849/158/43 1846/221/43 1450/43/43
f 1469/56/43 1471/59/43 1452/58/43 1449/57/43
f 1481/60/43 1469/56/43 1449/57/43 1480/61/43
f 1449/57/43 1837/222/43 1715/223/43 1480/61/43
f 1744/224/43 1742/225/43 1831/226/43 1445/133/43
f 1430/227/43 1428/228/43 1777/229/43 1775/230/348
f 1430/227/43 1773/231/348 1770/232/43
f 1768/233/43 1428/228/43 1430/227/43 1770/232/43
f 1766/234/43 1433/235/43 1428/228/43 1768/233/43
f 1764/236/43 1431/237/43 1433/235/43 1766/234/43
f 1762/238/43 1429/239/43 1431/237/43 1764/236/43
f 1760/240/43 1434/104/43 1429/239/43 1762/238/43
f 1756/79/43 1436/80/43 1437/78/43 1884/75/43
f 1429/239/43 1434/104/43 1785/241/43 1783/242/43
f 1428/228/43 1433/235/43 1779/243/43 1777/229/43
f 1785/241/43 1438/97/43 1787/244/43
f 1433/235/43 1431/237/43 1781/245/43 1779/243/43
f 1790/246/43 1787/244/43 1438/97/43 1793/96/43
f 1431/237/43 1429/239/43 1783/242/43 1781/245/43
f 1773/231/348 1430/227/43 1775/230/348
f 1758/76/43 1432/77/43 1434/104/43 1760/240/43
f 1440/103/43 1443/100/43 1802/247/43 1799/248/43
f 1884/75/43 1437/78/43 1432/77/43 1758/76/43
f 1793/96/43 1438/97/43 1432/77/43 1437/78/43
f 1795/249/43 1793/96/43 1437/78/43 1436/80/43
f 1754/250/43 1435/251/43 1436/80/43 1756/79/43
f 1434/104/43 1432/77/43 1438/97/43 1785/241/43
f 1797/252/43 1795/249/43 1436/80/43 1435/251/43
f 1447/131/43 1828/132/43 1888/253/43 1446/136/43
f 1441/113/43 1439/254/43 1809/255/43 1807/256/43
f 1750/112/43 1441/113/43 1443/100/43 1886/101/43
f 1748/257/43 1439/254/43 1441/113/43 1750/112/43
f 1443/100/43 1440/103/43 1752/258/43 1886/101/43
f 1439/254/43 1444/259/43 1811/260/43 1809/255/43
f 1444/259/43 1442/130/43 1813/261/43 1811/260/43
f 1802/247/43 1443/100/43 1441/113/43 1807/256/43 1805/262/43
f 1813/261/43 1442/130/43 1447/131/43 1815/263/43
f 1799/248/43 1797/252/43 1435/251/43 1440/103/43
f 1444/259/43 1746/264/43 1744/224/43 1445/133/43 1442/130/43
f 1752/258/43 1440/103/43 1435/251/43 1754/250/43
f 1746/264/43 1444/259/43 1439/254/43 1748/257/43
f 1815/263/43 1447/131/43 1446/136/43 1817/265/43
f 1822/266/43 1820/267/43 1817/265/43 1446/136/43
f 1445/133/43 1831/226/43 1828/132/43
f 1442/130/43 1445/133/43 1828/132/43 1447/131/43
f 1822/266/43 1446/136/43 1888/253/43 1825/268/43
f 1837/269/43 1449/57/43 1452/58/43 1840/270/43
f 1472/140/43 1477/181/43 1858/52/43 1456/53/43
f 1456/53/43 1455/50/43 1448/46/43 1460/47/43
f 1472/140/43 1456/53/43 1460/47/43 1466/141/43
f 1852/271/818 1892/272/43 1459/49/43 1906/273/819
f 1846/221/43 1843/274/43 1453/42/43 1450/43/43
f 1914/146/43 1481/60/43 1480/61/43 1715/147/43
f 1892/272/43 1849/158/43 1457/45/43 1459/49/43
f 1471/59/43 1468/41/43 1453/42/43 1452/58/43
f 1452/58/43 1453/42/43 1843/274/43 1840/270/43
f 1466/141/43 1460/47/43 1458/48/43 1475/151/43
f 1740/275/43 1834/276/43 1831/226/43 1742/225/43
f 1461/44/43 1467/154/43 1451/153/43 1450/43/43
f 1899/177/43 1881/277/43 1921/213/43 1478/27/43
f 1906/273/819 1459/49/43 1455/50/43 1855/51/43
f 1458/48/43 1457/45/43 1849/158/43 1451/153/43
f 1467/154/43 1475/151/43 1458/48/43 1451/153/43
f 1893/278/43 1466/141/43 1475/151/43 1904/279/43
f 1477/181/43 1476/192/43 1910/193/43 1858/52/43
f 1929/204/43 1926/280/43 1924/281/43 1931/203/43
f 1860/190/43 1910/193/43 1476/192/43 1470/191/43
f 1729/180/43 1472/140/43 1466/141/43 1893/278/43
f 1860/190/43 1470/191/43 1465/39/43 1863/282/43
f 1902/169/43 1726/170/43 1467/154/43 1461/44/43
f 1729/180/43 1912/182/43 1477/181/43 1472/140/43
f 1876/283/43 1873/29/43 1454/26/43 1878/214/43
f 1916/176/43 1899/177/43 1478/27/43 1479/24/43
f 1726/170/43 1904/279/43 1475/151/43 1467/154/43
f 1734/37/43 1464/40/43 1465/39/43 1731/38/43
f 1723/189/43 1902/169/43 1461/44/43 1468/41/43
f 1933/186/43 1720/187/43 1469/56/43 1481/60/43
f 1896/188/43 1723/189/43 1468/41/43 1471/59/43
f 1464/40/43 1865/219/43 1863/282/43 1465/39/43
f 1470/191/43 1889/284/43 1731/38/43 1465/39/43
f 1739/285/43 1462/216/43 1463/218/43 1736/220/43
f 1473/28/43 1462/216/43 1739/285/43 1898/286/43
f 1711/202/43 1916/176/43 1479/24/43 1919/199/43
f 1708/200/43 1474/25/43 1473/28/43 1898/286/43
f 1919/199/43 1929/204/43 1931/203/43 1711/202/43
f 1470/191/43 1476/192/43 1907/287/43 1889/284/43
f 1912/182/43 1907/287/43 1476/192/43 1477/181/43
f 1715/288/43 1837/289/43 1834/276/43 1740/275/43
f 1720/187/43 1896/188/43 1471/59/43 1469/56/43
f 1717/290/43 1933/186/43 1481/60/43 1914/146/43
f 1483/200/35 1671/286/35 1419/28/35 1420/25/35
f 1488/288/35 1515/275/35 1609/276/35 1612/289/35
f 1395/57/35 1426/61/35 1488/223/35 1612/222/35
f 1492/290/35 1687/146/35 1427/60/35 1706/186/35
f 1495/187/35 1415/56/35 1417/59/35 1669/188/35
f 1498/189/35 1414/41/35 1407/44/35 1675/169/35
f 1501/170/35 1413/154/35 1421/151/35 1677/279/35
f 1504/180/35 1668/278/35 1412/141/35 1418/140/35
f 1416/191/35 1411/39/35 1506/38/35 1664/284/35
f 1509/220/35 1507/37/35 1410/40/35 1409/218/35
f 1512/285/35 1509/220/35 1409/218/35 1408/216/35
f 1419/28/35 1671/286/35 1512/285/35 1408/216/35
f 1515/275/35 1517/225/35 1606/226/35 1609/276/35
f 1519/224/35 1391/133/35 1606/226/35 1517/225/35
f 1390/259/35 1388/130/35 1391/133/35 1519/224/35 1521/264/35
f 1521/264/35 1523/257/35 1385/254/35 1390/259/35
f 1523/257/35 1525/112/35 1387/113/35 1385/254/35
f 1527/102/35 1529/250/35 1381/251/35 1386/103/35
f 1530/95/820 1528/124/820 1755/124/820 1757/95/820
f 1529/250/35 1531/79/35 1382/80/35 1381/251/35
f 1533/76/35 1535/240/35 1380/104/35 1378/77/35
f 1536/74/821 1534/90/821 1761/90/821 1763/74/821
f 1535/240/35 1537/238/35 1375/239/35 1380/104/35
f 1537/238/35 1539/236/35 1377/237/35 1375/239/35
f 1539/236/35 1541/234/35 1379/235/35 1377/237/35
f 1541/234/35 1543/233/35 1374/228/35 1379/235/35
f 1543/233/35 1545/232/35 1376/227/35 1374/228/35
f 1376/227/35 1545/232/35 1548/231/346
f 1548/231/346 1550/230/346 1376/227/35
f 1376/227/35 1550/230/346 1552/291/35 1374/228/35
f 1374/228/35 1552/291/35 1554/292/35 1379/235/35
f 1379/235/35 1554/292/35 1556/293/35 1377/237/35
f 1377/237/35 1556/293/35 1558/294/35 1375/239/35
f 1375/239/35 1558/294/35 1560/105/35 1380/104/35
f 1560/105/35 1562/295/35 1384/97/35
f 1565/246/35 1568/96/35 1384/97/35 1562/295/35
f 1569/107/822 1567/296/822 1794/296/822 1796/107/822
f 1570/249/35 1382/80/35 1383/78/35 1568/96/35
f 1572/252/35 1381/251/35 1382/80/35 1570/249/35
f 1574/248/35 1386/103/35 1381/251/35 1572/252/35
f 1386/103/35 1574/248/35 1577/247/35 1389/100/35
f 1577/247/35 1580/262/35 1582/256/35 1387/113/35 1389/100/35
f 1583/118/823 1581/110/823 1808/110/823 1810/118/823
f 1387/113/35 1582/256/35 1584/255/35 1385/254/35
f 1385/254/35 1584/255/35 1586/260/35 1390/259/35
f 1390/259/35 1586/260/35 1588/297/35 1388/130/35
f 1588/297/35 1590/263/35 1393/131/35 1388/130/35
f 1590/263/35 1592/265/35 1392/136/35 1393/131/35
f 1597/266/35 1392/136/35 1592/265/35 1595/267/35
f 1598/298/824 1596/134/824 1823/134/824 1824/298/824
f 1597/266/35 1600/268/35 1661/137/35 1392/136/35
f 1391/133/35 1603/132/35 1606/226/35
f 1607/299/825 1605/300/825 1832/300/825 1833/301/825
f 1610/302/826 1608/303/826 1835/303/826 1836/302/826
f 1613/304/827 1611/305/827 1838/305/827 1839/304/827
f 1612/306/35 1615/270/35 1398/58/35 1395/57/35
f 1398/58/35 1615/270/35 1618/274/35 1399/42/35
f 1621/221/35 1396/43/35 1399/42/35 1618/274/35
f 1397/153/35 1396/43/35 1621/221/35 1624/158/35
f 1627/271/828 1679/273/829 1405/49/35 1665/272/35
f 1679/273/829 1630/51/35 1401/50/35 1405/49/35
f 1665/272/35 1405/49/35 1403/45/35 1624/158/35
f 1635/190/35 1638/282/35 1411/39/35 1416/191/35
f 1639/36/830 1637/307/830 1864/307/830 1866/36/830
f 1410/40/35 1411/39/35 1638/282/35 1640/219/35
f 1409/218/35 1410/40/35 1640/219/35 1643/217/35
f 1408/216/35 1409/218/35 1643/217/35 1645/215/35
f 1648/29/35 1419/28/35 1408/216/35 1645/215/35
f 1651/283/35 1653/214/35 1400/26/35 1648/29/35
f 1424/27/35 1400/26/35 1653/214/35 1694/213/35
f 1674/177/35 1424/27/35 1694/213/35 1656/277/35
f 1486/202/35 1692/199/35 1425/24/35 1689/176/35
f 1532/91/779 1658/94/779 1883/94/779 1759/91/779
f 1601/308/782 1662/108/782 1887/108/782 1827/308/782
f 1526/125/475 1660/116/475 1885/116/475 1753/125/475
f 1508/309/831 1510/195/831 1735/195/831 1733/309/831
f 1502/310/805 1686/311/805 1911/311/805 1728/310/805
f 1505/194/401 1508/309/401 1733/309/401 1732/194/401
f 1418/140/35 1402/53/35 1633/52/35 1423/181/35
f 1499/312/808 1678/313/808 1903/313/808 1725/312/808
f 1484/314/816 1690/207/816 1915/207/816 1710/314/816
f 1416/191/35 1664/284/35 1682/287/35 1422/192/35
f 1668/278/35 1677/279/35 1421/151/35 1412/141/35
f 1628/315/803 1680/156/803 1905/156/803 1854/315/803
f 1678/313/808 1667/166/808 1894/166/808 1903/313/808
f 1423/181/35 1633/52/35 1683/193/35 1422/192/35
f 1685/182/35 1423/181/35 1422/192/35 1682/287/35
f 1493/316/812 1670/178/812 1895/178/812 1719/316/812
f 1686/311/805 1681/159/804 1908/159/804 1911/311/805
f 1654/317/802 1695/155/802 1920/155/802 1880/317/802
f 1702/204/35 1704/203/35 1697/281/35 1701/280/35
f 1699/318/832 1696/319/832 1922/319/832 1925/318/832
f 1703/164/807 1700/320/807 1927/320/807 1928/164/807
f 1919/199/43 1479/24/43 1474/25/43 1708/200/43
f 1514/152/833 1487/321/833 1713/321/833 1741/152/833
f 1496/322/810 1676/171/810 1901/171/810 1722/322/810
f 1484/314/834 1485/210/834 1486/202/834
f 1487/321/835 1488/147/835 1489/62/835
f 1490/212/836 1491/211/836 1492/290/836
f 1493/316/837 1494/184/837 1495/187/837
f 1496/322/838 1497/179/838 1498/189/838
f 1499/312/839 1500/172/839 1501/170/839
f 1502/310/840 1503/167/840 1504/180/840
f 1511/196/841 1512/285/841 1513/197/841
f 1546/68/842 1547/88/842 1548/231/842
f 1563/87/843 1564/99/843 1565/246/843
f 1566/98/844 1567/296/844 1568/96/844
f 1575/92/845 1576/121/845 1577/247/845
f 1578/120/846 1579/111/846 1580/262/846
f 1593/127/847 1594/135/847 1595/267/847
f 1598/298/848 1599/109/848 1600/268/848
f 1601/308/849 1602/129/849 1603/132/849
f 1604/128/850 1605/300/850 1606/226/850
f 1607/299/851 1608/303/851 1609/276/851
f 1610/302/852 1611/305/852 1612/289/852
f 1613/304/853 1614/150/853 1615/270/853
f 1616/149/854 1617/145/854 1618/274/854
f 1619/144/855 1620/55/855 1621/221/855
f 1622/54/856 1623/148/856 1624/158/856
f 1625/142/857 1626/157/857 1627/271/857
f 1628/315/858 1629/139/858 1630/51/858
f 1631/138/859 1632/162/859 1633/52/859
f 1636/168/860 1637/307/860 1638/282/860
f 1641/35/861 1642/34/861 1643/217/861
f 1646/32/862 1647/174/862 1648/29/862
f 1649/173/863 1650/31/863 1651/283/863
f 1654/317/864 1655/206/864 1656/277/864
f 1691/323/865 1692/199/865 1693/163/865
f 1696/319/866 1697/281/866 1698/208/866
f 1699/318/867 1700/320/867 1701/280/867
f 1710/314/868 1711/202/868 1712/210/868
f 1713/321/869 1714/62/869 1715/288/869
f 1716/212/870 1717/290/870 1718/211/870
f 1719/316/871 1720/187/871 1721/185/871
f 1722/322/872 1723/189/872 1724/179/872
f 1725/312/873 1726/170/873 1727/172/873
f 1728/310/874 1729/180/874 1730/167/874
f 1737/196/875 1738/197/875 1739/285/875
f 1772/68/876 1773/231/876 1774/89/876
f 1789/87/877 1790/246/877 1791/99/877
f 1792/98/878 1793/96/878 1794/296/878
f 1801/92/879 1802/247/879 1803/121/879
f 1804/120/880 1805/262/880 1806/111/880
f 1819/127/881 1820/267/881 1821/135/881
f 1824/298/882 1825/268/882 1826/109/882
f 1827/308/883 1828/132/883 1829/129/883
f 1830/128/884 1831/226/884 1832/300/884
f 1833/301/885 1834/276/885 1835/303/885
f 1836/302/886 1837/269/886 1838/305/886
f 1839/304/887 1840/270/887 1841/150/887
f 1842/149/888 1843/274/888 1844/145/888
f 1845/144/889 1846/221/889 1847/55/889
f 1848/54/890 1849/158/890 1850/148/890
f 1851/142/891 1852/271/891 1853/157/891
f 1854/315/892 1855/51/892 1856/139/892
f 1857/138/893 1858/52/893 1859/162/893
f 1862/168/894 1863/282/894 1864/307/894
f 1867/35/895 1868/217/895 1869/34/895
f 1872/32/896 1873/29/896 1874/175/896
f 1875/173/897 1876/283/897 1877/31/897
f 1880/317/898 1881/277/898 1882/206/898
f 1917/323/899 1918/163/899 1919/199/899
f 1922/319/900 1923/208/900 1924/281/900
f 1925/318/901 1926/280/901 1927/320/901
f 1691/323/902 1482/201/902 1483/200/902 1692/199/902
f 1487/321/903 1514/152/903 1515/275/903 1488/288/903
f 1688/63/904 1489/62/904 1488/147/904 1687/146/904
f 1707/183/905 1490/212/906 1492/290/906 1706/186/907
f 1670/178/908 1493/316/908 1495/187/908 1669/188/908
f 1676/171/909 1496/322/910 1498/189/910 1675/169/911
f 1678/313/912 1499/312/913 1501/170/913 1677/279/914
f 1686/311/915 1502/310/915 1504/180/915 1685/182/915
f 1508/309/916 1505/194/916 1506/38/916 1507/37/916
f 1510/195/917 1508/309/917 1507/37/917 1509/220/917
f 1511/196/918 1510/195/918 1509/220/918 1512/285/918
f 1672/198/919 1513/197/919 1512/285/919 1671/286/919
f 1514/152/920 1516/65/920 1517/225/920 1515/275/920
f 1516/65/921 1518/64/921 1519/224/921 1517/225/921
f 1518/64/922 1520/123/922 1521/264/922 1519/224/922
f 1520/123/923 1522/115/923 1523/257/923 1521/264/923
f 1522/115/924 1524/114/924 1525/112/924 1523/257/924
f 1660/116/925 1526/125/925 1527/102/925 1659/101/925
f 1526/125/926 1528/124/926 1529/250/926 1527/102/926
f 1528/124/927 1530/95/927 1531/79/927 1529/250/927
f 1658/94/928 1532/91/929 1533/76/929 1657/75/930
f 1532/91/931 1534/90/931 1535/240/931 1533/76/931
f 1534/90/932 1536/74/932 1537/238/932 1535/240/932
f 1536/74/933 1538/73/933 1539/236/933 1537/238/933
f 1538/73/934 1540/72/934 1541/234/934 1539/236/934
f 1540/72/935 1542/70/935 1543/233/935 1541/234/935
f 1542/70/936 1544/69/937 1545/232/938 1543/233/936
f 1544/69/937 1546/68/939 1548/231/939 1545/232/938
f 1547/88/940 1549/67/940 1550/230/940 1548/231/940
f 1549/67/941 1551/66/941 1552/291/941 1550/230/941
f 1551/66/942 1553/84/943 1554/292/944 1552/291/942
f 1553/84/943 1555/86/945 1556/293/945 1554/292/944
f 1555/86/946 1557/82/946 1558/294/946 1556/293/946
f 1557/82/947 1559/81/947 1560/105/947 1558/294/947
f 1559/81/948 1561/85/948 1562/295/948 1560/105/948
f 1561/85/949 1563/87/949 1565/246/949 1562/295/949
f 1564/99/950 1566/98/950 1568/96/950 1565/246/950
f 1567/296/951 1569/107/951 1570/249/951 1568/96/951
f 1569/107/952 1571/106/952 1572/252/952 1570/249/952
f 1571/106/953 1573/93/953 1574/248/953 1572/252/953
f 1573/93/954 1575/92/954 1577/247/954 1574/248/954
f 1576/121/955 1578/120/955 1580/262/955 1577/247/955
f 1579/111/956 1581/110/956 1582/256/956 1580/262/956
f 1581/110/957 1583/118/957 1584/255/957 1582/256/957
f 1583/118/958 1585/117/959 1586/260/960 1584/255/958
f 1585/117/959 1587/119/961 1588/297/961 1586/260/960
f 1587/119/962 1589/122/962 1590/263/962 1588/297/962
f 1589/122/963 1591/126/963 1592/265/963 1590/263/963
f 1591/126/964 1593/127/964 1595/267/964 1592/265/964
f 1594/135/965 1596/134/965 1597/266/965 1595/267/965
f 1596/134/966 1598/298/966 1600/268/966 1597/266/966
f 1662/108/967 1601/308/967 1603/132/967 1661/137/967
f 1602/129/968 1604/128/968 1606/226/968 1603/132/968
f 1605/300/969 1607/299/969 1609/276/969 1606/226/969
f 1608/303/970 1610/302/970 1612/289/970 1609/276/970
f 1611/305/971 1613/304/971 1615/270/971 1612/306/971
f 1614/150/972 1616/149/972 1618/274/972 1615/270/972
f 1617/145/973 1619/144/973 1621/221/973 1618/274/973
f 1620/55/974 1622/54/974 1624/158/974 1621/221/974
f 1666/143/975 1625/142/975 1627/271/975 1665/272/975
f 1680/156/976 1628/315/976 1630/51/976 1679/273/976
f 1623/148/975 1666/143/975 1665/272/975 1624/158/975
f 1684/161/977 1634/165/977 1635/190/977 1683/193/977
f 1634/165/978 1636/168/978 1638/282/978 1635/190/978
f 1637/307/979 1639/36/979 1640/219/979 1638/282/979
f 1639/36/980 1641/35/980 1643/217/980 1640/219/980
f 1642/34/981 1644/33/981 1645/215/981 1643/217/981
f 1644/33/982 1646/32/982 1648/29/982 1645/215/982
f 1647/174/983 1649/173/983 1651/283/983 1648/29/983
f 1650/31/984 1652/30/984 1653/214/984 1651/283/984
f 1695/155/985 1654/317/986 1656/277/986 1694/213/987
f 1690/207/988 1484/314/988 1486/202/988 1689/176/988
f 1530/95/989 1658/94/928 1657/75/930 1531/79/989
f 1599/109/990 1662/108/967 1661/137/967 1600/268/990
f 1524/114/991 1660/116/991 1659/101/991 1525/112/991
f 1505/194/992 1663/160/915 1664/284/915 1506/38/992
f 1500/172/993 1676/171/909 1675/169/911 1501/170/993
f 1503/167/994 1667/166/914 1668/278/914 1504/180/994
f 1633/52/995 1630/51/995 1629/139/995 1631/138/995
f 1497/179/908 1670/178/908 1669/188/908 1498/189/908
f 1482/201/919 1672/198/919 1671/286/919 1483/200/919
f 1655/206/988 1673/205/988 1674/177/988 1656/277/988
f 1667/166/914 1678/313/912 1677/279/914 1668/278/914
f 1626/157/996 1680/156/996 1679/273/996 1627/271/996
f 1663/160/915 1681/159/915 1682/287/915 1664/284/915
f 1632/162/977 1684/161/977 1683/193/977 1633/52/977
f 1681/159/915 1686/311/915 1685/182/915 1682/287/915
f 1491/211/904 1688/63/904 1687/146/904 1492/290/904
f 1673/205/988 1690/207/988 1689/176/988 1674/177/988
f 1652/30/997 1695/155/985 1694/213/987 1653/214/997
f 1696/319/998 1699/318/998 1701/280/998 1697/281/998
f 1703/164/999 1693/163/999 1692/199/999 1702/204/999
f 1705/209/1000 1698/208/1001 1697/281/1001 1704/203/1002
f 1700/320/999 1703/164/999 1702/204/999 1701/280/999
f 1485/210/1003 1705/209/1000 1704/203/1002 1486/202/1003
f 1494/184/1004 1707/183/905 1706/186/907 1495/187/1004
f 1919/199/1005 1708/200/1005 1709/201/1005 1917/323/1005
f 1715/288/1006 1740/275/1006 1741/152/1006 1713/321/1006
f 1914/146/1007 1715/147/1007 1714/62/1007 1913/63/1007
f 1933/186/1008 1717/290/1009 1716/212/1009 1932/183/1010
f 1896/188/1011 1720/187/1011 1719/316/1011 1895/178/1011
f 1902/169/1012 1723/189/1013 1722/322/1013 1901/171/1014
f 1904/279/1015 1726/170/1016 1725/312/1016 1903/313/1017
f 1912/182/1018 1729/180/1018 1728/310/1018 1911/311/1018
f 1734/37/1019 1731/38/1019 1732/194/1019 1733/309/1019
f 1736/220/1020 1734/37/1020 1733/309/1020 1735/195/1020
f 1739/285/1021 1736/220/1021 1735/195/1021 1737/196/1021
f 1898/286/1022 1739/285/1022 1738/197/1022 1897/198/1022
f 1740/275/1023 1742/225/1023 1743/65/1023 1741/152/1023
f 1742/225/1024 1744/224/1024 1745/64/1024 1743/65/1024
f 1744/224/1025 1746/264/1025 1747/123/1025 1745/64/1025
f 1746/264/1026 1748/257/1026 1749/115/1026 1747/123/1026
f 1748/257/1027 1750/112/1027 1751/114/1027 1749/115/1027
f 1886/101/1028 1752/258/1028 1753/125/1028 1885/116/1028
f 1752/258/1029 1754/250/1029 1755/124/1029 1753/125/1029
f 1754/250/1030 1756/79/1030 1757/95/1030 1755/124/1030
f 1884/75/1031 1758/76/1032 1759/91/1032 1883/94/1033
f 1758/76/1034 1760/240/1034 1761/90/1034 1759/91/1034
f 1760/240/1035 1762/238/1035 1763/74/1035 1761/90/1035
f 1762/238/1036 1764/236/1036 1765/73/1036 1763/74/1036
f 1764/236/1037 1766/234/1037 1767/72/1037 1765/73/1037
f 1766/234/1038 1768/233/1038 1769/71/1038 1767/72/1038
f 1768/233/1039 1770/232/1040 1771/69/1041 1769/71/1039
f 1770/232/1040 1773/231/1042 1772/68/1042 1771/69/1041
f 1773/231/1043 1775/230/1043 1776/67/1043 1774/89/1043
f 1775/230/1044 1777/229/1044 1778/66/1044 1776/67/1044
f 1777/229/1045 1779/243/1046 1780/84/1047 1778/66/1045
f 1779/243/1046 1781/245/1048 1782/86/1048 1780/84/1047
f 1781/245/1049 1783/242/1049 1784/82/1049 1782/86/1049
f 1783/242/1050 1785/241/1050 1786/83/1050 1784/82/1050
f 1785/241/1051 1787/244/1051 1788/85/1051 1786/83/1051
f 1787/244/1052 1790/246/1052 1789/87/1052 1788/85/1052
f 1790/246/1053 1793/96/1053 1792/98/1053 1791/99/1053
f 1793/96/1054 1795/249/1054 1796/107/1054 1794/296/1054
f 1795/249/1055 1797/252/1055 1798/106/1055 1796/107/1055
f 1797/252/1056 1799/248/1056 1800/93/1056 1798/106/1056
f 1799/248/1057 1802/247/1057 1801/92/1057 1800/93/1057
f 1802/247/1058 1805/262/1058 1804/120/1058 1803/121/1058
f 1805/262/1059 1807/256/1059 1808/110/1059 1806/111/1059
f 1807/256/1060 1809/255/1060 1810/118/1060 1808/110/1060
f 1809/255/1061 1811/260/1062 1812/117/1063 1810/118/1061
f 1811/260/1062 1813/261/1064 1814/119/1064 1812/117/1063
f 1813/261/1065 1815/263/1065 1816/122/1065 1814/119/1065
f 1815/263/1066 1817/265/1066 1818/126/1066 1816/122/1066
f 1817/265/1067 1820/267/1067 1819/127/1067 1818/126/1067
f 1820/267/1068 1822/266/1068 1823/134/1068 1821/135/1068
f 1822/266/1069 1825/268/1069 1824/298/1069 1823/134/1069
f 1888/253/1070 1828/132/1070 1827/308/1070 1887/108/1071
f 1828/132/1072 1831/226/1072 1830/128/1072 1829/129/1072
f 1831/226/1073 1834/276/1073 1833/301/1073 1832/300/1073
f 1834/276/1074 1837/289/1074 1836/302/1074 1835/303/1074
f 1837/269/1075 1840/270/1075 1839/304/1075 1838/305/1075
f 1840/270/1076 1843/274/1076 1842/149/1076 1841/150/1076
f 1843/274/1077 1846/221/1077 1845/144/1077 1844/145/1077
f 1846/221/1078 1849/158/1078 1848/54/1078 1847/55/1078
f 1892/272/1079 1852/271/1079 1851/142/1079 1891/143/1079
f 1906/273/1080 1855/51/1080 1854/315/1080 1905/156/1080
f 1849/158/1079 1892/272/1079 1891/143/1079 1850/148/1079
f 1910/193/1081 1860/190/1081 1861/165/1081 1909/161/1081
f 1860/190/1082 1863/282/1082 1862/168/1082 1861/165/1082
f 1863/282/1083 1865/219/1083 1866/36/1083 1864/307/1083
f 1865/219/1084 1868/217/1084 1867/35/1084 1866/36/1084
f 1868/217/1085 1870/215/1085 1871/33/1085 1869/34/1085
f 1870/215/1086 1873/29/1086 1872/32/1086 1871/33/1086
f 1873/29/1087 1876/283/1087 1875/173/1087 1874/175/1087
f 1876/283/1088 1878/214/1088 1879/30/1088 1877/31/1088
f 1921/213/1089 1881/277/1090 1880/317/1090 1920/155/1091
f 1916/176/1092 1711/202/1092 1710/314/1092 1915/207/1092
f 1756/79/1093 1884/75/1031 1883/94/1033 1757/95/1093
f 1825/268/1071 1888/253/1070 1887/108/1071 1826/109/1071
f 1750/112/1094 1886/101/1094 1885/116/1094 1751/114/1094
f 1731/38/1095 1889/284/1018 1890/160/1018 1732/194/1095
f 1726/170/1096 1902/169/1012 1901/171/1014 1727/172/1096
f 1729/180/1097 1893/278/1015 1894/166/1015 1730/167/1097
f 1857/138/1098 1856/139/1098 1855/51/1098 1858/52/1098
f 1723/189/1011 1896/188/1011 1895/178/1011 1724/179/1011
f 1708/200/1022 1898/286/1022 1897/198/1022 1709/201/1022
f 1881/277/1092 1899/177/1092 1900/205/1092 1882/206/1092
f 1893/278/1015 1904/279/1015 1903/313/1017 1894/166/1015
f 1852/271/1099 1906/273/1099 1905/156/1099 1853/157/1099
f 1889/284/1018 1907/287/1018 1908/159/1018 1890/160/1018
f 1858/52/1081 1910/193/1081 1909/161/1081 1859/162/1081
f 1907/287/1018 1912/182/1018 1911/311/1018 1908/159/1018
f 1717/290/1007 1914/146/1007 1913/63/1007 1718/211/1007
f 1899/177/1092 1916/176/1092 1915/207/1092 1900/205/1092
f 1878/214/1100 1921/213/1089 1920/155/1091 1879/30/1100
f 1924/281/1101 1926/280/1101 1925/318/1101 1922/319/1101
f 1929/204/1102 1919/199/1102 1918/163/1102 1928/164/1102
f 1931/203/1103 1924/281/1104 1923/208/1104 1930/209/1105
f 1926/280/1102 1929/204/1102 1928/164/1102 1927/320/1102
f 1711/202/1106 1931/203/1103 1930/209/1105 1712/210/1106
f 1720/187/1107 1933/186/1008 1932/183/1010 1721/185/1107
f 1484/314/1108 1710/314/1108 1712/210/1108 1485/210/1108
f 1489/62/1109 1714/62/1109 1713/321/1109 1487/321/1109
f 1490/212/1110 1716/212/1110 1718/211/1110 1491/211/1110
f 1493/316/1111 1719/316/1111 1721/185/1111 1494/184/1111
f 1496/322/1112 1722/322/1112 1724/179/1112 1497/179/1112
f 1499/312/1113 1725/312/1113 1727/172/1113 1500/172/1113
f 1502/310/1114 1728/310/1114 1730/167/1114 1503/167/1114
f 1513/197/1115 1738/197/1115 1737/196/1115 1511/196/1115
f 1546/68/1116 1772/68/1116 1774/89/1116 1547/88/1116
f 1563/87/1117 1789/87/1117 1791/99/1117 1564/99/1117
f 1566/98/1118 1792/98/1118 1794/296/1118 1567/296/1118
f 1575/92/1119 1801/92/1119 1803/121/1119 1576/121/1119
f 1578/120/1120 1804/120/1120 1806/111/1120 1579/111/1120
f 1593/127/1121 1819/127/1121 1821/135/1121 1594/135/1121
f 1598/298/1122 1824/298/1122 1826/109/1122 1599/109/1122
f 1601/308/1123 1827/308/1123 1829/129/1123 1602/129/1123
f 1604/128/1124 1830/128/1124 1832/300/1124 1605/300/1124
f 1607/299/1125 1833/301/1125 1835/303/1125 1608/303/1125
f 1610/302/1126 1836/302/1126 1838/305/1126 1611/305/1126
f 1613/304/1127 1839/304/1127 1841/150/1127 1614/150/1127
f 1616/149/1128 1842/149/1128 1844/145/1128 1617/145/1128
f 1619/144/1129 1845/144/1129 1847/55/1129 1620/55/1129
f 1622/54/1129 1848/54/1129 1850/148/1129 1623/148/1129
f 1625/142/1130 1851/142/1130 1853/157/1130 1626/157/1130
f 1628/315/1131 1854/315/1131 1856/139/1131 1629/139/1131
f 1631/138/1132 1857/138/1132 1859/162/1132 1632/162/1132
f 1636/168/1133 1862/168/1133 1864/307/1133 1637/307/1133
f 1641/35/1134 1867/35/1134 1869/34/1134 1642/34/1134
f 1646/32/1135 1872/32/1135 1874/175/1135 1647/174/1135
f 1649/173/1136 1875/173/1136 1877/31/1136 1650/31/1136
f 1654/317/1137 1880/317/1137 1882/206/1137 1655/206/1137
f 1693/163/1138 1918/163/1138 1917/323/1138 1691/323/1138
f 1698/208/1139 1923/208/1139 1922/319/1139 1696/319/1139
f 1699/318/1138 1925/318/1138 1927/320/1138 1700/320/1138
f 1482/201/832 1691/323/832 1917/323/832 1709/201/832
usemtl light_smooth_black
f 152/23/34 111/23/34 205/23/34 242/23/34
f 66/23/34 149/23/34 241/23/34 160/23/34
f 109/23/35 87/23/35 114/23/35 100/23/35
f 85/23/36 82/23/36 176/23/36 177/23/36
f 94/23/35 63/23/35 113/23/35
f 70/23/37 73/23/37 165/23/37 164/23/37
f 110/23/38 62/23/38 156/23/38 202/23/38
f 119/23/35 68/23/35 84/23/35 124/23/35
f 96/23/35 120/23/35 123/23/35 103/23/35
f 151/23/35 121/23/35 95/23/35 112/23/35
f 115/23/39 86/23/39 181/23/39 209/23/39
f 92/23/35 106/23/35 99/23/35 72/23/35
f 144/23/40 133/23/40 223/23/40 233/23/40
f 136/23/41 137/23/41 229/23/41 227/23/41
f 76/23/42 146/23/42 240/23/42 166/23/42
f 101/23/35 117/23/35 131/23/35 129/23/35
f 222/23/43 218/23/43 234/23/43
f 161/23/43 168/23/43 220/23/43 190/23/43
f 199/23/43 192/23/43 206/23/43 180/23/43
f 215/23/43 178/23/43 175/23/43
f 186/23/43 203/23/43 155/23/43
f 167/23/43 239/23/43 235/23/43 221/23/43
f 157/23/43 244/23/43 210/23/43
f 213/23/43 216/23/43 174/23/43 158/23/43
f 188/23/43 197/23/43 217/23/43 212/23/43
f 243/23/43 204/23/43 189/23/43 211/23/43
f 196/23/43 200/23/43 179/23/43 214/23/43
f 184/23/43 162/23/43 193/23/43 198/23/43
f 238/23/43 228/23/43 231/23/43 236/23/43
f 171/23/43 185/23/43 201/23/43 195/23/43
f 191/23/43 219/23/43 225/23/43 207/23/43
f 64/23/35 97/23/35 102/23/35 78/23/35
f 79/23/35 105/23/35 107/23/35 91/23/35
f 69/23/35 98/23/35 128/23/35 74/23/35
f 125/23/35 83/23/35 89/23/35
f 75/23/35 127/23/35 142/23/35 147/23/35
f 148/23/35 141/23/35 138/23/35 135/23/35
f 93/23/44 71/23/44 163/23/44 183/23/44
f 65/23/35 118/23/35 150/23/35
f 81/23/39 67/23/39 159/23/39 173/23/39
f 130/23/35 143/23/35 126/23/35
f 104/23/35 122/23/35 88/23/35 108/23/35
f 139/23/45 140/23/45 232/23/45 230/23/45
f 154/23/43 172/23/43 194/23/43 187/23/43
f 145/23/42 134/23/42 226/23/42 237/23/42
f 80/23/44 90/23/44 182/23/44 170/23/44
f 132/23/46 116/23/46 208/23/46 224/23/46
f 61/23/47 62/23/47 63/23/47 64/23/47
f 65/23/48 66/23/48 67/23/48 68/23/48
f 69/23/49 70/23/49 71/23/49 72/23/49
f 73/23/50 74/23/50 75/23/50 76/23/50
f 77/23/51 78/23/51 79/23/51 80/23/51
f 81/23/52 82/23/52 83/23/52 84/23/52
f 85/23/53 86/23/53 87/23/53 88/23/53 89/23/53
f 90/23/51 91/23/51 92/23/51 93/23/51
f 94/23/35 95/23/35 96/23/35 97/23/35
f 98/23/35 99/23/35 100/23/35 101/23/35
f 102/23/35 103/23/35 104/23/35 105/23/35
f 106/23/35 107/23/35 108/23/35 109/23/35
f 110/23/54 111/23/54 112/23/54 113/23/54
f 114/23/55 115/23/56 116/23/57 117/23/58
f 118/23/35 119/23/35 120/23/35 121/23/35
f 122/23/35 123/23/35 124/23/35 125/23/35
f 126/23/35 127/23/35 128/23/35 129/23/35
f 130/23/59 131/23/59 132/23/59 133/23/59
f 134/23/60 135/23/60 136/23/60
f 137/23/61 138/23/61 139/23/61
f 140/23/62 141/23/62 142/23/62 143/23/62 144/23/62
f 145/23/63 146/23/63 147/23/63 148/23/63
f 149/23/64 150/23/64 151/23/65 152/23/65
f 153/23/66 154/23/66 155/23/66 156/23/66
f 157/23/67 158/23/67 159/23/67 160/23/67
f 161/23/68 162/23/68 163/23/68 164/23/68
f 165/23/69 166/23/69 167/23/69 168/23/69
f 169/23/70 170/23/70 171/23/70 172/23/70
f 173/23/71 174/23/71 175/23/71 176/23/71
f 177/23/72 178/23/72 179/23/72 180/23/72 181/23/72
f 182/23/70 183/23/70 184/23/70 185/23/70
f 186/23/43 187/23/43 188/23/43 189/23/43
f 190/23/43 191/23/43 192/23/43 193/23/43
f 194/23/43 195/23/43 196/23/43 197/23/43
f 198/23/43 199/23/43 200/23/43 201/23/43
f 202/23/73 203/23/73 204/23/73 205/23/73
f 206/23/74 207/23/75 208/23/76 209/23/77
f 210/23/43 211/23/43 212/23/43 213/23/43
f 214/23/43 215/23/43 216/23/43 217/23/43
f 218/23/43 219/23/43 220/23/43 221/23/43
f 222/23/78 223/23/78 224/23/78 225/23/78
f 226/23/79 227/23/79 228/23/79
f 229/23/80 230/23/80 231/23/80
f 232/23/81 233/23/81 234/23/81 235/23/81 236/23/81
f 237/23/82 238/23/82 239/23/82 240/23/82
f 241/23/83 242/23/83 243/23/83 244/23/84
f 77/23/51 61/23/51 64/23/51 78/23/51
f 118/23/35 65/23/35 68/23/35 119/23/35
f 130/23/35 126/23/35 129/23/35 131/23/35
f 98/23/35 69/23/35 72/23/35 99/23/35
f 90/23/51 80/23/51 79/23/51 91/23/51
f 67/23/85 81/23/85 84/23/85 68/23/85
f 105/23/35 79/23/35 78/23/35 102/23/35
f 82/23/86 85/23/86 89/23/86 83/23/86
f 71/23/51 93/23/51 92/23/51 72/23/51
f 106/23/35 92/23/35 91/23/35 107/23/35
f 63/23/35 94/23/35 97/23/35 64/23/35
f 117/23/35 101/23/35 100/23/35 114/23/35
f 122/23/35 104/23/35 103/23/35 123/23/35
f 148/23/63 135/23/63 134/23/63 145/23/63
f 104/23/35 108/23/35 107/23/35 105/23/35
f 96/23/35 103/23/35 102/23/35 97/23/35
f 109/23/35 100/23/35 99/23/35 106/23/35
f 73/23/87 70/23/87 69/23/87 74/23/87
f 83/23/35 125/23/35 124/23/35 84/23/35
f 62/23/88 110/23/88 113/23/88 63/23/88
f 127/23/35 75/23/35 74/23/35 128/23/35
f 95/23/35 121/23/35 120/23/35 96/23/35
f 112/23/35 95/23/35 94/23/35 113/23/35
f 149/23/64 66/23/64 65/23/64 150/23/64
f 128/23/35 98/23/35 101/23/35 129/23/35
f 119/23/35 124/23/35 123/23/35 120/23/35
f 116/23/57 132/23/89 131/23/89 117/23/58
f 87/23/35 109/23/35 108/23/35 88/23/35
f 125/23/35 89/23/35 88/23/35 122/23/35
f 86/23/85 115/23/56 114/23/55 87/23/85
f 135/23/90 138/23/90 137/23/90 136/23/90
f 138/23/91 141/23/91 140/23/91 139/23/91
f 126/23/35 143/23/35 142/23/35 127/23/35
f 143/23/92 130/23/92 133/23/92 144/23/92
f 75/23/63 147/23/63 146/23/63 76/23/63
f 141/23/35 148/23/35 147/23/35 142/23/35
f 111/23/65 152/23/65 151/23/65 112/23/65
f 121/23/35 151/23/35 150/23/35 118/23/35
f 172/23/70 154/23/70 153/23/70 169/23/70
f 213/23/43 158/23/43 157/23/43 210/23/43
f 225/23/43 219/23/43 218/23/43 222/23/43
f 193/23/43 162/23/43 161/23/43 190/23/43
f 185/23/70 171/23/70 170/23/70 182/23/70
f 158/23/93 174/23/93 173/23/93 159/23/93
f 194/23/43 172/23/43 171/23/43 195/23/43
f 175/23/94 178/23/94 177/23/94 176/23/94
f 162/23/70 184/23/70 183/23/70 163/23/70
f 201/23/43 185/23/43 184/23/43 198/23/43
f 154/23/43 187/23/43 186/23/43 155/23/43
f 206/23/43 192/23/43 191/23/43 207/23/43
f 217/23/43 197/23/43 196/23/43 214/23/43
f 237/23/82 226/23/82 228/23/82 238/23/82
f 195/23/43 201/23/43 200/23/43 196/23/43
f 187/23/43 194/23/43 197/23/43 188/23/43
f 198/23/43 193/23/43 192/23/43 199/23/43
f 168/23/95 161/23/95 164/23/95 165/23/95
f 174/23/43 216/23/43 215/23/43 175/23/43
f 155/23/96 203/23/96 202/23/96 156/23/96
f 220/23/43 168/23/43 167/23/43 221/23/43
f 188/23/43 212/23/43 211/23/43 189/23/43
f 203/23/43 186/23/43 189/23/43 204/23/43
f 244/23/84 157/23/84 160/23/84 241/23/83
f 219/23/43 191/23/43 190/23/43 220/23/43
f 212/23/43 217/23/43 216/23/43 213/23/43
f 207/23/75 225/23/97 224/23/97 208/23/76
f 179/23/43 200/23/43 199/23/43 180/23/43
f 214/23/43 179/23/43 178/23/43 215/23/43
f 180/23/93 206/23/74 209/23/77 181/23/93
f 227/23/98 229/23/98 231/23/98 228/23/98
f 230/23/99 232/23/99 236/23/99 231/23/99
f 221/23/43 235/23/43 234/23/43 218/23/43
f 233/23/100 223/23/100 222/23/100 234/23/100
f 166/23/82 240/23/82 239/23/82 167/23/82
f 235/23/43 239/23/43 238/23/43 236/23/43
f 204/23/84 243/23/83 242/23/83 205/23/84
f 210/23/43 244/23/43 243/23/43 211/23/43
f 61/23/101 153/23/101 156/23/101 62/23/101
f 66/23/102 160/23/102 159/23/102 67/23/102
f 70/23/103 164/23/103 163/23/103 71/23/103
f 76/23/104 166/23/104 165/23/104 73/23/104
f 80/23/44 170/23/44 169/23/44 77/23/44
f 81/23/105 173/23/105 176/23/105 82/23/105
f 85/23/106 177/23/106 181/23/106 86/23/106
f 93/23/44 183/23/44 182/23/44 90/23/44
f 110/23/107 202/23/107 205/23/107 111/23/107
f 115/23/108 209/23/108 208/23/108 116/23/108
f 132/23/109 224/23/109 223/23/109 133/23/109
f 136/23/110 227/23/110 226/23/110 134/23/110
f 139/23/111 230/23/111 229/23/111 137/23/111
f 144/23/112 233/23/112 232/23/112 140/23/112
f 145/23/42 237/23/42 240/23/42 146/23/42
f 152/23/34 242/23/34 241/23/34 149/23/34
f 61/23/44 77/23/44 169/23/44 153/23/44
f 381/23/211 415/23/212 496/23/212 461/23/211
f 420/23/35 416/23/35 380/23/35 413/23/35
f 409/23/35 375/23/35 429/23/35 406/23/35
f 396/23/213 424/23/213 504/23/213 476/23/213
f 376/23/214 377/23/214 458/23/214 456/23/214
f 437/23/35 355/23/35 370/23/35 393/23/35
f 436/23/213 392/23/213 474/23/213 518/23/213
f 438/23/215 371/23/215 451/23/215 520/23/215
f 369/23/215 422/23/215 502/23/215 449/23/215
f 426/23/35 373/23/35 434/23/216 431/23/35
f 424/23/213 436/23/213 518/23/213 504/23/213
f 382/23/217 360/23/217 442/23/217 463/23/217
f 403/23/218 401/23/218 483/23/218 485/23/218
f 408/23/219 405/23/219 486/23/219 490/23/219
f 425/23/220 376/23/220 456/23/220 507/23/220
f 435/23/221 403/23/221 485/23/221 515/23/221
f 379/23/222 381/23/211 461/23/211 459/23/222
f 374/23/220 425/23/220 507/23/220 454/23/220
f 371/23/223 372/23/223 453/23/223 451/23/223
f 503/23/43 519/23/43 473/23/43 470/23/43
f 500/23/43 495/23/43 462/23/43 498/23/43
f 489/23/43 488/23/43 509/23/43 457/23/43
f 479/23/43 356/23/43 484/23/43 482/23/43
f 457/23/43 460/23/43 492/23/43 489/23/43
f 517/23/43 473/23/43 452/23/43 358/23/43
f 477/23/43 505/23/43 356/23/43 479/23/43
f 519/23/43 452/23/43 473/23/43
f 470/23/43 467/23/43 450/23/43 503/23/43
f 457/23/43 509/23/43 513/23/43 506/23/43
f 447/23/43 450/23/43 467/23/43 464/23/43
f 484/23/43 357/23/224 516/23/224
f 505/23/43 517/23/43 358/23/43 356/23/43
f 357/23/224 455/23/43 516/23/224
f 357/23/224 484/23/43 356/23/43 358/23/43
f 460/23/43 462/23/43 495/23/43 492/23/43
f 506/23/43 513/23/43 516/23/224 455/23/43
f 455/23/43 357/23/224 358/23/43 452/23/43
f 361/23/35 384/23/35 365/23/35 363/23/35
f 366/23/225 367/23/225 448/23/225 446/23/225
f 365/23/35 384/23/35 387/23/35 368/23/35
f 439/23/35 393/23/35 370/23/35
f 373/23/35 370/23/35 355/23/35 354/23/216
f 375/23/35 426/23/35 431/23/35 429/23/35
f 375/23/35 409/23/35 412/23/35 378/23/35
f 378/23/35 412/23/35 413/23/35 380/23/35
f 364/23/226 366/23/226 446/23/226 444/23/226
f 388/23/227 386/23/227 468/23/227 469/23/227
f 391/23/228 389/23/228 471/23/228 472/23/228
f 421/23/35 390/23/35 393/23/35 439/23/35
f 397/23/229 394/23/229 475/23/229 478/23/229
f 395/23/35 399/23/35 353/23/35 423/23/35
f 399/23/35 402/23/35 404/23/35 353/23/35
f 404/23/35 434/23/216 354/23/216
f 407/23/230 428/23/230 510/23/230 487/23/230
f 414/23/231 411/23/231 493/23/231 494/23/231
f 417/23/232 419/23/232 501/23/232 497/23/232
f 418/23/233 414/23/233 494/23/233 499/23/233
f 385/23/234 383/23/234 465/23/234 466/23/234
f 422/23/215 438/23/215 520/23/215 502/23/215
f 400/23/235 398/23/235 480/23/235 481/23/235
f 390/23/35 421/23/35 368/23/35 387/23/35
f 354/23/216 434/23/216 373/23/35
f 427/23/39 430/23/39 511/23/39 508/23/39
f 432/23/236 433/23/236 514/23/236 512/23/236
f 441/23/43 445/23/43 447/23/43 464/23/43
f 410/23/237 408/23/237 490/23/237 491/23/237
f 354/23/216 355/23/35 353/23/35 404/23/35
f 423/23/35 353/23/35 355/23/35 437/23/35
f 359/23/238 360/23/238 361/23/238
f 362/23/239 363/23/239 364/23/239
f 367/23/240 368/23/240 369/23/240
f 372/23/241 373/23/241 374/23/241
f 377/23/242 378/23/242 379/23/242
f 382/23/243 383/23/243 384/23/243
f 385/23/244 386/23/244 387/23/244
f 388/23/245 389/23/245 390/23/245
f 391/23/246 392/23/246 393/23/246
f 394/23/247 395/23/247 396/23/247
f 397/23/248 398/23/248 399/23/248
f 400/23/249 401/23/249 402/23/249
f 405/23/250 406/23/250 407/23/250
f 410/23/251 411/23/251 412/23/251
f 415/23/252 416/23/252 417/23/252
f 418/23/253 419/23/253 420/23/253
f 427/23/254 428/23/254 429/23/254
f 430/23/255 431/23/255 432/23/255
f 433/23/256 434/23/256 435/23/256
f 440/23/257 441/23/257 442/23/257
f 443/23/258 444/23/258 445/23/258
f 448/23/259 449/23/259 450/23/259
f 453/23/260 454/23/260 455/23/260
f 458/23/261 459/23/261 460/23/261
f 463/23/262 464/23/262 465/23/262
f 466/23/263 467/23/263 468/23/263
f 469/23/264 470/23/264 471/23/264
f 472/23/265 473/23/265 474/23/265
f 475/23/266 476/23/266 477/23/266
f 478/23/267 479/23/267 480/23/267
f 481/23/268 482/23/268 483/23/268
f 486/23/269 487/23/269 488/23/269
f 491/23/270 492/23/270 493/23/270
f 496/23/271 497/23/271 498/23/271
f 499/23/272 500/23/272 501/23/272
f 508/23/273 509/23/273 510/23/273
f 511/23/274 512/23/274 513/23/274
f 514/23/275 515/23/275 516/23/275
f 361/23/51 363/23/51 362/23/51 359/23/51
f 363/23/276 365/23/276 366/23/276 364/23/276
f 365/23/277 368/23/277 367/23/277 366/23/277
f 439/23/278 370/23/278 371/23/278 438/23/278
f 370/23/279 373/23/279 372/23/279 371/23/279
f 426/23/280 375/23/280 376/23/280 425/23/280
f 375/23/281 378/23/281 377/23/281 376/23/281
f 378/23/282 380/23/282 381/23/282 379/23/282
f 384/23/283 361/23/283 360/23/283 382/23/283
f 387/23/284 384/23/284 383/23/284 385/23/284
f 390/23/285 387/23/285 386/23/285 388/23/285
f 393/23/286 390/23/286 389/23/286 391/23/286
f 437/23/287 393/23/287 392/23/287 436/23/287
f 399/23/288 395/23/288 394/23/288 397/23/288
f 402/23/289 399/23/289 398/23/289 400/23/289
f 404/23/290 402/23/290 401/23/290 403/23/290
f 409/23/291 406/23/291 405/23/291 408/23/291
f 412/23/292 409/23/292 408/23/292 410/23/292
f 420/23/293 413/23/293 414/23/293 418/23/293
f 413/23/294 412/23/294 411/23/294 414/23/294
f 380/23/295 416/23/295 415/23/295 381/23/295
f 416/23/296 420/23/296 419/23/296 417/23/296
f 395/23/287 423/23/287 424/23/287 396/23/287
f 368/23/278 421/23/278 422/23/278 369/23/278
f 373/23/280 426/23/280 425/23/280 374/23/280
f 423/23/287 437/23/287 436/23/287 424/23/287
f 430/23/297 427/23/297 429/23/297 431/23/297
f 433/23/298 432/23/298 431/23/298 434/23/298
f 428/23/299 407/23/299 406/23/299 429/23/299
f 403/23/300 435/23/300 434/23/300 404/23/300
f 421/23/278 439/23/278 438/23/278 422/23/278
f 440/23/70 443/23/70 445/23/70 441/23/70
f 444/23/301 446/23/301 447/23/301 445/23/301
f 446/23/302 448/23/302 450/23/302 447/23/302
f 520/23/303 451/23/303 452/23/303 519/23/303
f 451/23/304 453/23/304 455/23/304 452/23/304
f 507/23/305 456/23/305 457/23/305 506/23/305
f 456/23/306 458/23/306 460/23/306 457/23/306
f 459/23/307 461/23/307 462/23/307 460/23/307
f 463/23/308 442/23/308 441/23/308 464/23/308
f 466/23/309 465/23/309 464/23/309 467/23/309
f 469/23/310 468/23/310 467/23/310 470/23/310
f 472/23/311 471/23/311 470/23/311 473/23/311
f 518/23/312 474/23/312 473/23/312 517/23/312
f 478/23/313 475/23/313 477/23/313 479/23/313
f 481/23/314 480/23/314 479/23/314 482/23/314
f 485/23/315 483/23/315 482/23/315 484/23/315
f 490/23/316 486/23/316 488/23/316 489/23/316
f 491/23/317 490/23/317 489/23/317 492/23/317
f 499/23/318 494/23/318 495/23/318 500/23/318
f 494/23/319 493/23/319 492/23/319 495/23/319
f 461/23/320 496/23/320 498/23/320 462/23/320
f 497/23/321 501/23/321 500/23/321 498/23/321
f 476/23/312 504/23/312 505/23/312 477/23/312
f 449/23/303 502/23/303 503/23/303 450/23/303
f 454/23/305 507/23/305 506/23/305 455/23/305
f 504/23/312 518/23/312 517/23/312 505/23/312
f 513/23/322 509/23/322 508/23/322 511/23/322
f 516/23/323 513/23/323 512/23/323 514/23/323
f 509/23/324 488/23/324 487/23/324 510/23/324
f 484/23/325 516/23/325 515/23/325 485/23/325
f 502/23/303 520/23/303 519/23/303 503/23/303
f 359/23/326 440/23/326 442/23/326 360/23/326
f 364/23/327 444/23/327 443/23/327 362/23/327
f 369/23/328 449/23/328 448/23/328 367/23/328
f 374/23/329 454/23/329 453/23/329 372/23/329
f 379/23/330 459/23/330 458/23/330 377/23/330
f 382/23/331 463/23/331 465/23/331 383/23/331
f 385/23/332 466/23/332 468/23/332 386/23/332
f 388/23/333 469/23/333 471/23/333 389/23/333
f 391/23/334 472/23/334 474/23/334 392/23/334
f 396/23/335 476/23/335 475/23/335 394/23/335
f 397/23/336 478/23/336 480/23/336 398/23/336
f 400/23/337 481/23/337 483/23/337 401/23/337
f 407/23/338 487/23/338 486/23/338 405/23/338
f 410/23/339 491/23/339 493/23/339 411/23/339
f 417/23/340 497/23/340 496/23/340 415/23/340
f 418/23/341 499/23/341 501/23/341 419/23/341
f 427/23/342 508/23/342 510/23/342 428/23/342
f 432/23/343 512/23/343 511/23/343 430/23/343
f 435/23/344 515/23/344 514/23/344 433/23/344
f 359/23/44 362/23/44 443/23/44 440/23/44
f 883/23/462 992/23/462 1125/23/462 1017/23/462
f 894/23/35 952/23/35 954/23/35 905/23/35
f 902/23/35 953/23/35 1008/23/35 1003/23/35
f 922/23/463 915/23/463 1049/23/463 1054/23/463
f 1006/23/35 999/23/35 917/23/35 958/23/35
f 926/23/35 968/23/35 970/23/35 936/23/35
f 934/23/464 969/23/464 1101/23/464 1066/23/464
f 927/23/465 935/23/465 1068/23/465 1061/23/465
f 919/23/466 928/23/466 1060/23/466 1053/23/466
f 912/23/467 920/23/467 1052/23/467 1044/23/467
f 1005/23/468 913/23/468 1043/23/468 1135/23/468
f 895/23/469 904/23/469 1036/23/469 1029/23/469
f 889/23/470 896/23/470 1028/23/470 1019/23/470
f 944/23/35 880/23/35 989/23/35 996/23/35
f 986/23/471 938/23/472 1072/23/472 1118/23/471
f 978/23/464 981/23/464 1113/23/464 1110/23/464
f 990/23/473 879/23/473 1013/23/473 1121/23/473
f 942/23/35 885/23/35 893/23/35 946/23/35
f 903/23/468 1002/23/468 1134/23/468 1037/23/468
f 1001/23/474 907/23/474 1041/23/474 1131/23/474
f 1020/23/43 1027/23/43 1081/23/43 1078/23/43
f 1026/23/43 1035/23/43 1088/23/43 1082/23/43
f 1034/23/43 1137/23/43 1140/23/43 1085/23/43
f 1091/23/43 1096/23/43 1055/23/43 1048/23/43
f 1050/23/43 1059/23/43 1097/23/43 1094/23/43
f 1058/23/43 1067/23/43 1105/23/43 1098/23/43
f 1103/23/43 1108/23/43 1119/23/43 1071/23/43
f 1099/23/43 1104/23/43 1070/23/43 1064/23/43
f 1095/23/43 1100/23/43 1063/23/43 1056/23/43
f 1138/23/43 1092/23/43 1047/23/43 1133/23/43
f 1045/23/43 1051/23/43 1093/23/43 1090/23/43
f 1083/23/43 1087/23/43 1039/23/43 1032/23/43
f 1079/23/43 1084/23/43 1031/23/43 1024/23/43
f 1074/23/43 1128/23/43 1122/23/43 1012/23/43
f 1107/23/43 1111/23/43 1115/23/43 1116/23/43
f 1014/23/43 1124/23/43 1129/23/43 1073/23/43
f 1076/23/43 1080/23/43 1023/23/43 1015/23/43
f 1086/23/43 1139/23/43 1132/23/43 1040/23/43
f 1136/23/43 1042/23/43 1089/23/43 1141/23/43
f 881/23/35 943/23/35 945/23/35 887/23/35
f 888/23/35 948/23/35 949/23/35 897/23/35
f 947/23/35 892/23/35 901/23/35 950/23/35
f 898/23/475 891/23/475 1025/23/475 1030/23/475
f 951/23/35 900/23/35 909/23/35 955/23/35
f 906/23/476 899/23/476 1033/23/476 1038/23/476
f 959/23/35 916/23/35 925/23/35 962/23/35
f 956/23/35 908/23/35 1000/23/35 1009/23/35
f 918/23/35 964/23/35 965/23/35 929/23/35
f 914/23/477 998/23/477 1130/23/477 1046/23/477
f 963/23/35 924/23/35 933/23/35 966/23/35
f 930/23/478 923/23/478 1057/23/478 1062/23/478
f 972/23/35 939/23/35 985/23/35 976/23/35
f 967/23/35 932/23/35 940/23/35 971/23/35
f 937/23/479 931/23/480 1065/23/480 1069/23/479
f 983/23/481 987/23/481 1117/23/481 1114/23/481
f 977/23/35 984/23/35 982/23/35 980/23/35
f 974/23/482 979/23/482 1112/23/482 1106/23/482
f 973/23/482 975/23/482 1109/23/482 1102/23/482
f 997/23/483 988/23/483 1120/23/483 1127/23/483
f 1011/23/43 1021/23/43 1077/23/43 1075/23/43
f 991/23/484 994/23/484 1126/23/484 1123/23/484
f 882/23/35 941/23/35 995/23/35 993/23/35
f 890/23/485 884/23/485 1016/23/485 1022/23/485
f 1004/23/35 1007/23/35 957/23/35 910/23/35
f 911/23/35 960/23/35 961/23/35 921/23/35
f 878/23/486 879/23/486 880/23/486 881/23/486
f 882/23/487 883/23/487 884/23/487 885/23/487
f 886/23/488 887/23/488 888/23/488 889/23/488
f 890/23/489 891/23/489 892/23/489 893/23/489
f 894/23/490 895/23/490 896/23/490 897/23/490
f 898/23/491 899/23/491 900/23/491 901/23/491
f 902/23/492 903/23/492 904/23/492 905/23/492
f 906/23/493 907/23/493 908/23/493 909/23/493
f 910/23/494 911/23/494 912/23/494 913/23/494
f 914/23/495 915/23/495 916/23/495 917/23/495
f 918/23/496 919/23/496 920/23/496 921/23/496
f 922/23/497 923/23/497 924/23/497 925/23/497
f 926/23/498 927/23/498 928/23/498 929/23/498
f 930/23/499 931/23/499 932/23/499 933/23/499
f 934/23/500 935/23/500 936/23/500
f 937/23/501 938/23/502 939/23/503 940/23/504
f 941/23/35 942/23/35 943/23/35 944/23/35
f 945/23/35 946/23/35 947/23/35 948/23/35
f 949/23/35 950/23/35 951/23/35 952/23/35
f 953/23/35 954/23/35 955/23/35 956/23/35
f 957/23/35 958/23/35 959/23/35 960/23/35
f 961/23/35 962/23/35 963/23/35 964/23/35
f 965/23/35 966/23/35 967/23/35 968/23/35
f 969/23/505 970/23/505 971/23/505 972/23/505 973/23/505
f 974/23/506 975/23/506 976/23/506 977/23/506
f 978/23/507 979/23/507 980/23/507
f 981/23/508 982/23/508 983/23/508
f 984/23/509 985/23/509 986/23/509 987/23/509
f 988/23/510 989/23/510 990/23/510
f 991/23/511 992/23/511 993/23/511
f 994/23/512 995/23/512 996/23/512 997/23/512
f 998/23/513 999/23/513 1000/23/513 1001/23/513
f 1002/23/514 1003/23/514 1004/23/514 1005/23/514
f 1006/23/35 1007/23/35 1008/23/35 1009/23/35
f 1010/23/515 1011/23/515 1012/23/515 1013/23/515
f 1014/23/516 1015/23/516 1016/23/516 1017/23/516
f 1018/23/517 1019/23/517 1020/23/517 1021/23/517
f 1022/23/518 1023/23/518 1024/23/518 1025/23/518
f 1026/23/519 1027/23/519 1028/23/519 1029/23/519
f 1030/23/520 1031/23/520 1032/23/520 1033/23/520
f 1034/23/521 1035/23/521 1036/23/521 1037/23/521
f 1038/23/522 1039/23/522 1040/23/522 1041/23/522
f 1042/23/523 1043/23/523 1044/23/523 1045/23/523
f 1046/23/524 1047/23/524 1048/23/524 1049/23/524
f 1050/23/525 1051/23/525 1052/23/525 1053/23/525
f 1054/23/526 1055/23/526 1056/23/526 1057/23/526
f 1058/23/527 1059/23/527 1060/23/527 1061/23/527
f 1062/23/528 1063/23/528 1064/23/528 1065/23/528
f 1066/23/529 1067/23/529 1068/23/529
f 1069/23/530 1070/23/531 1071/23/532 1072/23/533
f 1073/23/43 1074/23/43 1075/23/43 1076/23/43
f 1077/23/43 1078/23/43 1079/23/43 1080/23/43
f 1081/23/43 1082/23/43 1083/23/43 1084/23/43
f 1085/23/43 1086/23/43 1087/23/43 1088/23/43
f 1089/23/43 1090/23/43 1091/23/43 1092/23/43
f 1093/23/43 1094/23/43 1095/23/43 1096/23/43
f 1097/23/43 1098/23/43 1099/23/43 1100/23/43
f 1101/23/534 1102/23/534 1103/23/534 1104/23/534 1105/23/534
f 1106/23/535 1107/23/535 1108/23/535 1109/23/535
f 1110/23/536 1111/23/536 1112/23/536
f 1113/23/537 1114/23/537 1115/23/537
f 1116/23/538 1117/23/538 1118/23/538 1119/23/538
f 1120/23/539 1121/23/539 1122/23/539
f 1123/23/540 1124/23/540 1125/23/540
f 1126/23/541 1127/23/541 1128/23/541 1129/23/541
f 1130/23/542 1131/23/542 1132/23/542 1133/23/542
f 1134/23/543 1135/23/543 1136/23/543 1137/23/543
f 1138/23/43 1139/23/43 1140/23/43 1141/23/43
f 886/23/544 878/23/544 881/23/544 887/23/544
f 941/23/35 882/23/35 885/23/35 942/23/35
f 884/23/545 890/23/545 893/23/545 885/23/545
f 948/23/35 888/23/35 887/23/35 945/23/35
f 952/23/35 894/23/35 897/23/35 949/23/35
f 891/23/546 898/23/546 901/23/546 892/23/546
f 896/23/547 889/23/547 888/23/547 897/23/547
f 953/23/35 902/23/35 905/23/35 954/23/35
f 899/23/548 906/23/548 909/23/548 900/23/548
f 904/23/549 895/23/549 894/23/549 905/23/549
f 960/23/35 911/23/35 910/23/35 957/23/35
f 998/23/550 914/23/550 917/23/550 999/23/550
f 1002/23/514 903/23/514 902/23/514 1003/23/514
f 964/23/35 918/23/35 921/23/35 961/23/35
f 915/23/551 922/23/551 925/23/551 916/23/551
f 920/23/552 912/23/552 911/23/552 921/23/552
f 968/23/35 926/23/35 929/23/35 965/23/35
f 923/23/553 930/23/553 933/23/553 924/23/553
f 928/23/554 919/23/554 918/23/554 929/23/554
f 969/23/555 934/23/555 936/23/555 970/23/555
f 931/23/556 937/23/501 940/23/504 932/23/556
f 935/23/557 927/23/557 926/23/557 936/23/557
f 880/23/35 944/23/35 943/23/35 881/23/35
f 892/23/35 947/23/35 946/23/35 893/23/35
f 900/23/35 951/23/35 950/23/35 901/23/35
f 908/23/35 956/23/35 955/23/35 909/23/35
f 916/23/35 959/23/35 958/23/35 917/23/35
f 924/23/35 963/23/35 962/23/35 925/23/35
f 932/23/35 967/23/35 966/23/35 933/23/35
f 939/23/35 972/23/35 971/23/35 940/23/35
f 967/23/35 971/23/35 970/23/35 968/23/35
f 963/23/35 966/23/35 965/23/35 964/23/35
f 959/23/35 962/23/35 961/23/35 960/23/35
f 1006/23/35 958/23/35 957/23/35 1007/23/35
f 951/23/35 955/23/35 954/23/35 952/23/35
f 947/23/35 950/23/35 949/23/35 948/23/35
f 942/23/35 946/23/35 945/23/35 943/23/35
f 981/23/555 978/23/555 980/23/555 982/23/555
f 979/23/506 974/23/506 977/23/506 980/23/506
f 975/23/506 973/23/506 972/23/506 976/23/506
f 984/23/35 977/23/35 976/23/35 985/23/35
f 938/23/502 986/23/558 985/23/558 939/23/503
f 982/23/559 984/23/559 987/23/559 983/23/559
f 994/23/560 991/23/560 993/23/560 995/23/560
f 988/23/561 997/23/561 996/23/561 989/23/561
f 879/23/562 990/23/562 989/23/562 880/23/562
f 995/23/35 941/23/35 944/23/35 996/23/35
f 992/23/563 883/23/563 882/23/563 993/23/563
f 907/23/564 1001/23/564 1000/23/564 908/23/564
f 913/23/514 1005/23/514 1004/23/514 910/23/514
f 956/23/35 1009/23/35 1008/23/35 953/23/35
f 1007/23/35 1004/23/35 1003/23/35 1008/23/35
f 999/23/35 1006/23/35 1009/23/35 1000/23/35
f 1021/23/565 1011/23/565 1010/23/565 1018/23/565
f 1076/23/43 1015/23/43 1014/23/43 1073/23/43
f 1015/23/566 1023/23/566 1022/23/566 1016/23/566
f 1077/23/43 1021/23/43 1020/23/43 1078/23/43
f 1081/23/43 1027/23/43 1026/23/43 1082/23/43
f 1024/23/567 1031/23/567 1030/23/567 1025/23/567
f 1027/23/568 1020/23/568 1019/23/568 1028/23/568
f 1088/23/43 1035/23/43 1034/23/43 1085/23/43
f 1032/23/569 1039/23/569 1038/23/569 1033/23/569
f 1035/23/570 1026/23/570 1029/23/570 1036/23/570
f 1089/23/43 1042/23/43 1045/23/43 1090/23/43
f 1133/23/571 1047/23/571 1046/23/571 1130/23/571
f 1137/23/543 1034/23/543 1037/23/543 1134/23/543
f 1093/23/43 1051/23/43 1050/23/43 1094/23/43
f 1048/23/572 1055/23/572 1054/23/572 1049/23/572
f 1051/23/573 1045/23/573 1044/23/573 1052/23/573
f 1097/23/43 1059/23/43 1058/23/43 1098/23/43
f 1056/23/574 1063/23/574 1062/23/574 1057/23/574
f 1059/23/575 1050/23/575 1053/23/575 1060/23/575
f 1105/23/576 1067/23/576 1066/23/576 1101/23/576
f 1064/23/577 1070/23/531 1069/23/530 1065/23/577
f 1067/23/578 1058/23/578 1061/23/578 1068/23/578
f 1011/23/43 1075/23/43 1074/23/43 1012/23/43
f 1023/23/43 1080/23/43 1079/23/43 1024/23/43
f 1031/23/43 1084/23/43 1083/23/43 1032/23/43
f 1039/23/43 1087/23/43 1086/23/43 1040/23/43
f 1047/23/43 1092/23/43 1091/23/43 1048/23/43
f 1055/23/43 1096/23/43 1095/23/43 1056/23/43
f 1063/23/43 1100/23/43 1099/23/43 1064/23/43
f 1070/23/43 1104/23/43 1103/23/43 1071/23/43
f 1098/23/43 1105/23/43 1104/23/43 1099/23/43
f 1094/23/43 1097/23/43 1100/23/43 1095/23/43
f 1090/23/43 1093/23/43 1096/23/43 1091/23/43
f 1141/23/43 1089/23/43 1092/23/43 1138/23/43
f 1082/23/43 1088/23/43 1087/23/43 1083/23/43
f 1078/23/43 1081/23/43 1084/23/43 1079/23/43
f 1075/23/43 1077/23/43 1080/23/43 1076/23/43
f 1115/23/576 1111/23/576 1110/23/576 1113/23/576
f 1111/23/535 1107/23/535 1106/23/535 1112/23/535
f 1108/23/535 1103/23/535 1102/23/535 1109/23/535
f 1119/23/43 1108/23/43 1107/23/43 1116/23/43
f 1071/23/532 1119/23/579 1118/23/579 1072/23/533
f 1114/23/580 1117/23/580 1116/23/580 1115/23/580
f 1129/23/581 1124/23/581 1123/23/581 1126/23/581
f 1122/23/582 1128/23/582 1127/23/582 1120/23/582
f 1012/23/583 1122/23/583 1121/23/583 1013/23/583
f 1128/23/43 1074/23/43 1073/23/43 1129/23/43
f 1124/23/584 1014/23/584 1017/23/584 1125/23/584
f 1040/23/585 1132/23/585 1131/23/585 1041/23/585
f 1042/23/543 1136/23/543 1135/23/543 1043/23/543
f 1085/23/43 1140/23/43 1139/23/43 1086/23/43
f 1140/23/43 1137/23/43 1136/23/43 1141/23/43
f 1132/23/43 1139/23/43 1138/23/43 1133/23/43
f 878/23/586 1010/23/586 1013/23/586 879/23/586
f 883/23/587 1017/23/587 1016/23/587 884/23/587
f 889/23/588 1019/23/588 1018/23/588 886/23/588
f 890/23/589 1022/23/589 1025/23/589 891/23/589
f 895/23/590 1029/23/590 1028/23/590 896/23/590
f 898/23/591 1030/23/591 1033/23/591 899/23/591
f 903/23/592 1037/23/592 1036/23/592 904/23/592
f 906/23/593 1038/23/593 1041/23/593 907/23/593
f 912/23/594 1044/23/594 1043/23/594 913/23/594
f 914/23/595 1046/23/595 1049/23/595 915/23/595
f 919/23/596 1053/23/596 1052/23/596 920/23/596
f 922/23/597 1054/23/597 1057/23/597 923/23/597
f 927/23/598 1061/23/598 1060/23/598 928/23/598
f 930/23/599 1062/23/599 1065/23/599 931/23/599
f 934/23/600 1066/23/600 1068/23/600 935/23/600
f 937/23/479 1069/23/479 1072/23/472 938/23/472
f 973/23/601 1102/23/601 1101/23/601 969/23/601
f 974/23/482 1106/23/482 1109/23/482 975/23/482
f 978/23/602 1110/23/602 1112/23/602 979/23/602
f 983/23/603 1114/23/603 1113/23/603 981/23/603
f 986/23/604 1118/23/604 1117/23/604 987/23/604
f 990/23/605 1121/23/605 1120/23/605 988/23/605
f 991/23/606 1123/23/606 1125/23/606 992/23/606
f 997/23/607 1127/23/607 1126/23/607 994/23/607
f 1001/23/608 1131/23/608 1130/23/608 998/23/608
f 1005/23/468 1135/23/468 1134/23/468 1002/23/468
f 878/23/609 886/23/609 1018/23/609 1010/23/609
f 1147/23/610 1173/23/610 1225/23/610 1199/23/610
f 1158/23/35 1187/23/35 1189/23/35 1168/23/35
f 1166/23/611 1188/23/612 1238/23/612 1216/23/611
f 1145/23/35 1178/23/35 1180/23/35 1151/23/35
f 1177/23/35 1149/23/35 1157/23/35 1181/23/35
f 1159/23/613 1167/23/613 1218/23/613 1211/23/613
f 1153/23/614 1160/23/614 1210/23/614 1201/23/614
f 1172/23/615 1143/23/615 1195/23/615 1222/23/615
f 1202/23/43 1209/23/43 1234/23/43 1231/23/43
f 1208/23/43 1217/23/43 1241/23/43 1235/23/43
f 1196/23/43 1224/23/43 1226/23/43
f 1229/23/43 1233/23/43 1205/23/43 1197/23/43
f 1236/23/43 1240/23/43 1220/23/43 1214/23/43
f 1232/23/43 1237/23/43 1213/23/43 1206/23/43
f 1227/23/43 1223/23/43 1194/23/43
f 1179/23/35 1144/23/35 1175/23/35
f 1152/23/35 1183/23/35 1184/23/35 1161/23/35
f 1182/23/35 1156/23/35 1165/23/35 1185/23/35
f 1162/23/616 1155/23/616 1207/23/616 1212/23/616
f 1191/23/612 1170/23/611 1221/23/611 1239/23/612
f 1186/23/35 1164/23/35 1171/23/35 1190/23/35
f 1169/23/617 1163/23/617 1215/23/617 1219/23/617
f 1146/23/35 1176/23/35 1174/23/35
f 1193/23/43 1203/23/43 1230/23/43 1228/23/43
f 1154/23/39 1148/23/39 1198/23/39 1204/23/39
f 1142/23/618 1143/23/618 1144/23/618 1145/23/618
f 1146/23/619 1147/23/619 1148/23/619 1149/23/619
f 1150/23/620 1151/23/620 1152/23/620 1153/23/620
f 1154/23/621 1155/23/621 1156/23/621 1157/23/621
f 1158/23/622 1159/23/622 1160/23/622 1161/23/622
f 1162/23/623 1163/23/623 1164/23/623 1165/23/623
f 1166/23/624 1167/23/624 1168/23/624
f 1169/23/625 1170/23/625 1171/23/625
f 1172/23/626 1173/23/626 1174/23/626 1175/23/626
f 1176/23/35 1177/23/35 1178/23/35 1179/23/35
f 1180/23/35 1181/23/35 1182/23/35 1183/23/35
f 1184/23/35 1185/23/35 1186/23/35 1187/23/35
f 1188/23/627 1189/23/627 1190/23/627 1191/23/627
f 1192/23/628 1193/23/628 1194/23/628 1195/23/628
f 1196/23/629 1197/23/629 1198/23/629 1199/23/629
f 1200/23/630 1201/23/630 1202/23/630 1203/23/630
f 1204/23/631 1205/23/631 1206/23/631 1207/23/631
f 1208/23/632 1209/23/632 1210/23/632 1211/23/632
f 1212/23/633 1213/23/633 1214/23/633 1215/23/633
f 1216/23/634 1217/23/634 1218/23/634
f 1219/23/635 1220/23/635 1221/23/635
f 1222/23/636 1223/23/636 1224/23/636 1225/23/636
f 1226/23/43 1227/23/43 1228/23/43 1229/23/43
f 1230/23/43 1231/23/43 1232/23/43 1233/23/43
f 1234/23/43 1235/23/43 1236/23/43 1237/23/43
f 1238/23/637 1239/23/637 1240/23/637 1241/23/637
f 1150/23/638 1142/23/638 1145/23/638 1151/23/638
f 1176/23/35 1146/23/35 1149/23/35 1177/23/35
f 1148/23/85 1154/23/85 1157/23/85 1149/23/85
f 1183/23/35 1152/23/35 1151/23/35 1180/23/35
f 1187/23/35 1158/23/35 1161/23/35 1184/23/35
f 1155/23/639 1162/23/639 1165/23/639 1156/23/639
f 1160/23/640 1153/23/640 1152/23/640 1161/23/640
f 1188/23/627 1166/23/627 1168/23/627 1189/23/627
f 1163/23/641 1169/23/641 1171/23/641 1164/23/641
f 1167/23/642 1159/23/642 1158/23/642 1168/23/642
f 1143/23/643 1172/23/643 1175/23/643 1144/23/643
f 1144/23/35 1179/23/35 1178/23/35 1145/23/35
f 1156/23/35 1182/23/35 1181/23/35 1157/23/35
f 1164/23/35 1186/23/35 1185/23/35 1165/23/35
f 1170/23/644 1191/23/627 1190/23/627 1171/23/644
f 1186/23/35 1190/23/35 1189/23/35 1187/23/35
f 1182/23/35 1185/23/35 1184/23/35 1183/23/35
f 1177/23/35 1181/23/35 1180/23/35 1178/23/35
f 1173/23/645 1147/23/645 1146/23/645 1174/23/645
f 1179/23/35 1175/23/35 1174/23/35 1176/23/35
f 1203/23/646 1193/23/646 1192/23/646 1200/23/646
f 1229/23/43 1197/23/43 1196/23/43 1226/23/43
f 1197/23/93 1205/23/93 1204/23/93 1198/23/93
f 1230/23/43 1203/23/43 1202/23/43 1231/23/43
f 1234/23/43 1209/23/43 1208/23/43 1235/23/43
f 1206/23/647 1213/23/647 1212/23/647 1207/23/647
f 1209/23/648 1202/23/648 1201/23/648 1210/23/648
f 1241/23/637 1217/23/637 1216/23/637 1238/23/637
f 1214/23/649 1220/23/649 1219/23/649 1215/23/649
f 1217/23/650 1208/23/650 1211/23/650 1218/23/650
f 1194/23/651 1223/23/651 1222/23/651 1195/23/651
f 1193/23/43 1228/23/43 1227/23/43 1194/23/43
f 1205/23/43 1233/23/43 1232/23/43 1206/23/43
f 1213/23/43 1237/23/43 1236/23/43 1214/23/43
f 1220/23/652 1240/23/637 1239/23/637 1221/23/652
f 1235/23/43 1241/23/43 1240/23/43 1236/23/43
f 1231/23/43 1234/23/43 1237/23/43 1232/23/43
f 1228/23/43 1230/23/43 1233/23/43 1229/23/43
f 1224/23/653 1196/23/653 1199/23/653 1225/23/653
f 1226/23/43 1224/23/43 1223/23/43 1227/23/43
f 1142/23/654 1192/23/654 1195/23/654 1143/23/654
f 1147/23/655 1199/23/655 1198/23/655 1148/23/655
f 1153/23/656 1201/23/656 1200/23/656 1150/23/656
f 1154/23/657 1204/23/657 1207/23/657 1155/23/657
f 1159/23/658 1211/23/658 1210/23/658 1160/23/658
f 1162/23/659 1212/23/659 1215/23/659 1163/23/659
f 1166/23/660 1216/23/660 1218/23/660 1167/23/660
f 1169/23/661 1219/23/661 1221/23/661 1170/23/661
f 1172/23/662 1222/23/662 1225/23/662 1173/23/662
f 1191/23/612 1239/23/612 1238/23/612 1188/23/612
f 1142/23/663 1150/23/663 1200/23/663 1192/23/663
f 1277/23/664 1275/23/664 1326/23/664 1327/23/664
f 1285/23/665 1289/23/665 1339/23/665 1334/23/665
f 1291/23/666 1295/23/666 1345/23/666 1340/23/666
f 1297/23/39 1300/23/39 1350/23/39 1346/23/39
f 1302/23/667 1305/23/667 1355/23/667 1351/23/667
f 1307/23/668 1310/23/668 1360/23/668 1356/23/668
f 1312/23/669 1316/23/669 1365/23/669 1361/23/669
f 1316/23/670 1322/23/670 1373/23/670 1365/23/670
f 1319/23/671 1321/23/671 1370/23/671 1368/23/671
f 1245/23/35 1243/23/35 1242/23/35 1244/23/35
f 1290/23/35 1243/23/35 1245/23/35 1296/23/35
f 1255/23/35 1251/23/35 1250/23/35 1254/23/35
f 1311/23/35 1251/23/35 1255/23/35 1315/23/35
f 1247/23/35 1245/23/35 1244/23/35 1246/23/35
f 1296/23/35 1245/23/35 1247/23/35 1301/23/35
f 1252/23/35 1255/23/35 1254/23/35 1253/23/35
f 1315/23/35 1255/23/35 1252/23/35 1323/23/35
f 1249/23/35 1247/23/35 1246/23/35 1248/23/35
f 1301/23/35 1247/23/35 1249/23/35 1306/23/35
f 1243/23/35 1257/23/35 1256/23/35 1242/23/35
f 1282/23/672 1283/23/672 1333/23/672 1331/23/672
f 1251/23/35 1249/23/35 1248/23/35 1250/23/35
f 1306/23/35 1249/23/35 1251/23/35 1311/23/35
f 1258/23/43 1337/23/43 1328/23/43 1272/23/43
f 1260/23/43 1343/23/43 1337/23/43 1258/23/43
f 1262/23/43 1348/23/43 1343/23/43 1260/23/43
f 1264/23/43 1353/23/43 1348/23/43 1262/23/43
f 1266/23/43 1358/23/43 1353/23/43 1264/23/43
f 1270/23/43 1363/23/43 1358/23/43 1266/23/43
f 1269/23/43 1371/23/43 1363/23/43 1270/23/43
f 1372/23/43 1369/23/43 1371/23/43 1269/23/43 1268/23/43
f 1261/23/43 1260/23/43 1258/23/43 1259/23/43
f 1341/23/43 1347/23/43 1261/23/43 1259/23/43
f 1271/23/43 1270/23/43 1266/23/43 1267/23/43
f 1362/23/43 1366/23/43 1271/23/43 1267/23/43
f 1263/23/43 1262/23/43 1260/23/43 1261/23/43
f 1347/23/43 1352/23/43 1263/23/43 1261/23/43
f 1268/23/43 1269/23/43 1270/23/43 1271/23/43
f 1366/23/43 1372/23/43 1268/23/43 1271/23/43
f 1265/23/43 1264/23/43 1262/23/43 1263/23/43
f 1352/23/43 1357/23/43 1265/23/43 1263/23/43
f 1259/23/43 1258/23/43 1272/23/43 1273/23/43
f 1335/23/43 1341/23/43 1259/23/43 1273/23/43
f 1267/23/43 1266/23/43 1264/23/43 1265/23/43
f 1357/23/43 1362/23/43 1267/23/43 1265/23/43
f 1276/23/35 1279/23/35 1256/23/35 1257/23/35 1284/23/35 1281/23/35
f 1286/23/673 1278/23/673 1329/23/673 1336/23/673
f 1284/23/35 1257/23/35 1243/23/35 1290/23/35
f 1242/23/35 1256/23/35 1279/23/35 1288/23/35
f 1292/23/674 1287/23/674 1338/23/674 1342/23/674
f 1244/23/35 1242/23/35 1288/23/35 1294/23/35
f 1298/23/675 1293/23/675 1344/23/675 1349/23/675
f 1246/23/35 1244/23/35 1294/23/35 1299/23/35
f 1303/23/676 1298/23/676 1349/23/676 1354/23/676
f 1248/23/35 1246/23/35 1299/23/35 1304/23/35
f 1308/23/677 1303/23/677 1354/23/677 1359/23/677
f 1250/23/35 1248/23/35 1304/23/35 1309/23/35
f 1313/23/678 1308/23/678 1359/23/678 1364/23/678
f 1254/23/35 1250/23/35 1309/23/35 1314/23/35
f 1321/23/679 1313/23/679 1364/23/679 1370/23/679
f 1323/23/35 1252/23/35 1253/23/35 1320/23/35 1318/23/35
f 1325/23/43 1332/23/43 1335/23/43 1273/23/43 1272/23/43 1328/23/43
f 1253/23/35 1254/23/35 1314/23/35 1320/23/35
f 1322/23/680 1317/23/680 1367/23/680 1373/23/680
f 1274/23/681 1275/23/681 1276/23/681
f 1277/23/682 1278/23/682 1279/23/682
f 1280/23/683 1281/23/683 1282/23/683
f 1283/23/684 1284/23/684 1285/23/684
f 1286/23/685 1287/23/685 1288/23/685
f 1289/23/686 1290/23/686 1291/23/686
f 1292/23/687 1293/23/687 1294/23/687
f 1295/23/688 1296/23/688 1297/23/688
f 1300/23/689 1301/23/689 1302/23/689
f 1305/23/690 1306/23/690 1307/23/690
f 1310/23/691 1311/23/691 1312/23/691
f 1317/23/692 1318/23/692 1319/23/692
f 1324/23/693 1325/23/693 1326/23/693
f 1327/23/694 1328/23/694 1329/23/694
f 1330/23/695 1331/23/695 1332/23/695
f 1333/23/696 1334/23/696 1335/23/696
f 1336/23/697 1337/23/697 1338/23/697
f 1339/23/698 1340/23/698 1341/23/698
f 1342/23/699 1343/23/699 1344/23/699
f 1345/23/700 1346/23/700 1347/23/700
f 1350/23/701 1351/23/701 1352/23/701
f 1355/23/702 1356/23/702 1357/23/702
f 1360/23/703 1361/23/703 1362/23/703
f 1367/23/704 1368/23/704 1369/23/704
f 1280/23/705 1274/23/705 1276/23/705 1281/23/705
f 1275/23/706 1277/23/706 1279/23/706 1276/23/706
f 1283/23/707 1282/23/707 1281/23/707 1284/23/707
f 1278/23/708 1286/23/708 1288/23/708 1279/23/708
f 1289/23/709 1285/23/709 1284/23/709 1290/23/709
f 1287/23/710 1292/23/710 1294/23/710 1288/23/710
f 1295/23/711 1291/23/711 1290/23/711 1296/23/711
f 1293/23/712 1298/23/712 1299/23/712 1294/23/712
f 1300/23/713 1297/23/713 1296/23/713 1301/23/713
f 1298/23/714 1303/23/714 1304/23/714 1299/23/714
f 1305/23/715 1302/23/715 1301/23/715 1306/23/715
f 1303/23/716 1308/23/716 1309/23/716 1304/23/716
f 1310/23/717 1307/23/717 1306/23/717 1311/23/717
f 1308/23/718 1313/23/718 1314/23/718 1309/23/718
f 1316/23/719 1312/23/719 1311/23/719 1315/23/719
f 1323/23/720 1318/23/720 1317/23/720 1322/23/720
f 1321/23/721 1319/23/721 1318/23/721 1320/23/721
f 1313/23/722 1321/23/722 1320/23/722 1314/23/722
f 1315/23/723 1323/23/723 1322/23/723 1316/23/723
f 1332/23/724 1325/23/724 1324/23/724 1330/23/724
f 1325/23/725 1328/23/725 1327/23/725 1326/23/725
f 1335/23/726 1332/23/726 1331/23/726 1333/23/726
f 1328/23/727 1337/23/727 1336/23/727 1329/23/727
f 1341/23/728 1335/23/728 1334/23/728 1339/23/728
f 1337/23/729 1343/23/729 1342/23/729 1338/23/729
f 1347/23/730 1341/23/730 1340/23/730 1345/23/730
f 1343/23/731 1348/23/731 1349/23/731 1344/23/731
f 1352/23/732 1347/23/732 1346/23/732 1350/23/732
f 1348/23/733 1353/23/733 1354/23/733 1349/23/733
f 1357/23/734 1352/23/734 1351/23/734 1355/23/734
f 1353/23/735 1358/23/735 1359/23/735 1354/23/735
f 1362/23/736 1357/23/736 1356/23/736 1360/23/736
f 1358/23/737 1363/23/737 1364/23/737 1359/23/737
f 1366/23/738 1362/23/738 1361/23/738 1365/23/738
f 1373/23/739 1367/23/739 1369/23/739 1372/23/739
f 1371/23/740 1369/23/740 1368/23/740 1370/23/740
f 1363/23/741 1371/23/741 1370/23/741 1364/23/741
f 1365/23/742 1373/23/742 1372/23/742 1366/23/742
f 1274/23/743 1324/23/743 1326/23/743 1275/23/743
f 1277/23/744 1327/23/744 1329/23/744 1278/23/744
f 1282/23/745 1331/23/745 1330/23/745 1280/23/745
f 1285/23/746 1334/23/746 1333/23/746 1283/23/746
f 1286/23/747 1336/23/747 1338/23/747 1287/23/747
f 1291/23/748 1340/23/748 1339/23/748 1289/23/748
f 1292/23/749 1342/23/749 1344/23/749 1293/23/749
f 1297/23/750 1346/23/750 1345/23/750 1295/23/750
f 1302/23/751 1351/23/751 1350/23/751 1300/23/751
f 1307/23/752 1356/23/752 1355/23/752 1305/23/752
f 1312/23/753 1361/23/753 1360/23/753 1310/23/753
f 1319/23/754 1368/23/754 1367/23/754 1317/23/754
f 1274/23/755 1280/23/755 1330/23/755 1324/23/755
usemtl smooth_black
f 246/23/113 248/23/113 303/23/113 299/23/113
f 267/23/114 268/23/114 322/23/114 320/23/114
f 266/23/35 298/23/35 271/23/35 269/23/35
f 270/23/115 272/23/115 325/23/115 323/23/115
f 285/23/116 283/23/116 338/23/116 340/23/116
f 258/23/117 259/23/117 313/23/117 311/23/117
f 295/23/118 273/23/118 328/23/118 348/23/118
f 286/23/35 274/23/35 294/23/35 284/23/35
f 249/23/35 245/23/35 254/23/35 251/23/35
f 312/23/43 315/23/43 318/23/43 309/23/43
f 321/23/43 324/23/43 326/23/43 351/23/43
f 342/23/43 339/23/43 327/23/43 345/23/43
f 332/23/43 321/23/43 351/23/43 335/23/43
f 318/23/43 321/23/43 332/23/43 329/23/43
f 337/23/43 335/23/43 351/23/43 349/23/43
f 339/23/43 337/23/43 349/23/43 327/23/43
f 302/23/43 306/23/43 309/23/43 300/23/43
f 252/23/119 253/23/119 307/23/119 305/23/119
f 255/23/120 256/23/120 310/23/120 308/23/120
f 257/23/35 254/23/35 263/23/35 260/23/35
f 261/23/121 262/23/121 316/23/121 314/23/121
f 264/23/122 265/23/122 319/23/122 317/23/122
f 263/23/35 276/23/35 279/23/35 266/23/35
f 279/23/35 282/23/35 298/23/35 266/23/35
f 272/23/123 297/23/123 352/23/123 325/23/123
f 276/23/35 263/23/35 254/23/35 245/23/35
f 280/23/124 278/23/124 333/23/124 334/23/124
f 283/23/125 281/23/125 336/23/125 338/23/125
f 284/23/35 294/23/35 298/23/35 282/23/35
f 287/23/126 285/23/126 340/23/126 341/23/126
f 290/23/127 288/23/127 343/23/127 344/23/127
f 296/23/128 293/23/128 347/23/128 350/23/128
f 289/23/35 292/23/35 274/23/35 286/23/35
f 329/23/43 300/23/43 309/23/43 318/23/43
f 273/23/118 291/23/118 346/23/118 328/23/118
f 277/23/129 275/23/129 330/23/129 331/23/129
f 247/23/130 250/23/130 304/23/130 301/23/130
f 247/23/131 248/23/131 249/23/131
f 250/23/132 251/23/132 252/23/132
f 253/23/133 254/23/133 255/23/133
f 256/23/134 257/23/134 258/23/134
f 259/23/135 260/23/135 261/23/135
f 262/23/136 263/23/136 264/23/136
f 265/23/137 266/23/137 267/23/137
f 268/23/138 269/23/138 270/23/138
f 277/23/139 278/23/139 279/23/139
f 280/23/140 281/23/140 282/23/140
f 287/23/141 288/23/141 289/23/141
f 290/23/142 291/23/142 292/23/142
f 293/23/143 294/23/143 295/23/143
f 296/23/144 297/23/144 298/23/144
f 301/23/145 302/23/145 303/23/145
f 304/23/146 305/23/146 306/23/146
f 307/23/147 308/23/147 309/23/147
f 310/23/148 311/23/148 312/23/148
f 313/23/149 314/23/149 315/23/149
f 316/23/150 317/23/150 318/23/150
f 319/23/151 320/23/151 321/23/151
f 322/23/152 323/23/152 324/23/152
f 331/23/153 332/23/153 333/23/153
f 334/23/154 335/23/154 336/23/154
f 341/23/155 342/23/155 343/23/155
f 344/23/156 345/23/156 346/23/156
f 347/23/157 348/23/157 349/23/157
f 350/23/158 351/23/158 352/23/158
f 249/23/159 251/23/159 250/23/159 247/23/159
f 251/23/160 254/23/160 253/23/160 252/23/160
f 254/23/161 257/23/161 256/23/161 255/23/161
f 257/23/162 260/23/162 259/23/162 258/23/162
f 260/23/163 263/23/163 262/23/163 261/23/163
f 263/23/164 266/23/164 265/23/164 264/23/164
f 266/23/165 269/23/165 268/23/165 267/23/165
f 269/23/166 271/23/166 272/23/166 270/23/166
f 276/23/167 245/23/167 246/23/167 275/23/167
f 279/23/168 276/23/168 275/23/168 277/23/168
f 282/23/169 279/23/169 278/23/169 280/23/169
f 284/23/170 282/23/170 281/23/170 283/23/170
f 286/23/171 284/23/171 283/23/171 285/23/171
f 289/23/172 286/23/172 285/23/172 287/23/172
f 292/23/173 289/23/173 288/23/173 290/23/173
f 274/23/174 292/23/174 291/23/174 273/23/174
f 298/23/175 294/23/175 293/23/175 296/23/175
f 271/23/176 298/23/176 297/23/176 272/23/176
f 294/23/174 274/23/174 273/23/174 295/23/174
f 245/23/177 249/23/177 248/23/177 246/23/177
f 301/23/178 304/23/178 306/23/178 302/23/178
f 305/23/179 307/23/179 309/23/179 306/23/179
f 308/23/180 310/23/180 312/23/180 309/23/180
f 311/23/181 313/23/181 315/23/181 312/23/181
f 314/23/182 316/23/182 318/23/182 315/23/182
f 317/23/183 319/23/183 321/23/183 318/23/183
f 320/23/184 322/23/184 324/23/184 321/23/184
f 323/23/185 325/23/185 326/23/185 324/23/185
f 330/23/186 299/23/186 300/23/186 329/23/186
f 331/23/187 330/23/187 329/23/187 332/23/187
f 334/23/188 333/23/188 332/23/188 335/23/188
f 338/23/189 336/23/189 335/23/189 337/23/189
f 340/23/190 338/23/190 337/23/190 339/23/190
f 341/23/191 340/23/191 339/23/191 342/23/191
f 344/23/192 343/23/192 342/23/192 345/23/192
f 328/23/193 346/23/193 345/23/193 327/23/193
f 350/23/194 347/23/194 349/23/194 351/23/194
f 325/23/195 352/23/195 351/23/195 326/23/195
f 348/23/193 328/23/193 327/23/193 349/23/193
f 299/23/196 303/23/196 302/23/196 300/23/196
f 247/23/197 301/23/197 303/23/197 248/23/197
f 252/23/198 305/23/198 304/23/198 250/23/198
f 255/23/199 308/23/199 307/23/199 253/23/199
f 258/23/200 311/23/200 310/23/200 256/23/200
f 261/23/201 314/23/201 313/23/201 259/23/201
f 264/23/202 317/23/202 316/23/202 262/23/202
f 267/23/203 320/23/203 319/23/203 265/23/203
f 270/23/203 323/23/203 322/23/203 268/23/203
f 277/23/204 331/23/204 333/23/204 278/23/204
f 280/23/205 334/23/205 336/23/205 281/23/205
f 287/23/206 341/23/206 343/23/206 288/23/206
f 290/23/207 344/23/207 346/23/207 291/23/207
f 295/23/208 348/23/208 347/23/208 293/23/208
f 296/23/209 350/23/209 352/23/209 297/23/209
f 275/23/210 246/23/210 299/23/210 330/23/210
s 0
f 532/23/22 531/23/22 521/23/22 522/23/22
f 539/23/22 538/23/22 528/23/22 529/23/22
f 536/23/22 535/23/22 525/23/22 526/23/22
f 533/23/22 532/23/22 522/23/22 523/23/22
f 540/23/22 539/23/22 529/23/22 530/23/22
f 537/23/22 536/23/22 526/23/22 527/23/22
f 534/23/22 533/23/22 523/23/22 524/23/22
f 531/23/22 540/23/22 530/23/22 521/23/22
f 538/23/22 537/23/22 527/23/22 528/23/22
f 528/23/22 527/23/22 554/23/22 553/23/22
f 549/23/22 548/23/22 538/23/22 539/23/22
f 548/23/22 547/23/22 537/23/22 538/23/22
f 550/23/22 549/23/22 539/23/22 540/23/22
f 547/23/22 546/23/22 536/23/22 537/23/22
f 546/23/22 545/23/22 535/23/22 536/23/22
f 545/23/22 544/23/22 534/23/22 535/23/22
f 544/23/22 543/23/22 533/23/22 534/23/22
f 543/23/22 542/23/22 532/23/22 533/23/22
f 542/23/22 541/23/22 531/23/22 532/23/22
f 535/23/22 534/23/22 524/23/22 525/23/22
f 541/23/22 550/23/22 540/23/22 531/23/22
s 1
f 551/23/345 552/23/345 553/23/345 554/23/345 555/23/345 556/23/345 557/23/345 558/23/345 559/23/345 560/23/345
s 0
f 521/23/22 530/23/22 551/23/22 560/23/22
f 524/23/22 523/23/22 558/23/22 557/23/22
f 527/23/22 526/23/22 555/23/22 554/23/22
f 530/23/22 529/23/22 552/23/22 551/23/22
f 523/23/22 522/23/22 559/23/22 558/23/22
f 526/23/22 525/23/22 556/23/22 555/23/22
f 529/23/22 528/23/22 553/23/22 552/23/22
f 522/23/22 521/23/22 560/23/22 559/23/22
f 525/23/22 524/23/22 557/23/22 556/23/22
s 1
f 579/23/35 562/23/35 564/23/35 580/23/35
f 589/23/35 569/23/35 566/23/35 583/23/35
f 598/23/35 575/23/35 567/23/35 586/23/35
f 586/23/35 567/23/35 569/23/35 589/23/35
f 580/23/35 564/23/35 572/23/35 592/23/35
f 592/23/35 572/23/35 573/23/35 595/23/35
f 595/23/35 573/23/35 575/23/35 598/23/35
f 574/23/35 597/23/35 600/23/35 576/23/35
f 597/23/35 596/23/35 599/23/35 600/23/35
f 596/23/35 595/23/35 598/23/35 599/23/35
f 571/23/35 594/23/35 597/23/35 574/23/35
f 594/23/35 593/23/35 596/23/35 597/23/35
f 593/23/35 592/23/35 595/23/35 596/23/35
f 563/23/35 582/23/35 594/23/35 571/23/35
f 582/23/35 581/23/35 593/23/35 594/23/35
f 581/23/35 580/23/35 592/23/35 593/23/35
f 568/23/35 588/23/35 591/23/35 570/23/35
f 588/23/35 587/23/35 590/23/35 591/23/35
f 587/23/35 586/23/35 589/23/35 590/23/35
f 576/23/35 600/23/35 588/23/35 568/23/35
f 600/23/35 599/23/35 587/23/35 588/23/35
f 599/23/35 598/23/35 586/23/35 587/23/35
f 570/23/35 591/23/35 585/23/346 565/23/35
f 591/23/35 590/23/35 584/23/35 585/23/346
f 590/23/35 589/23/35 583/23/35 584/23/35
f 561/23/35 577/23/35 582/23/35 563/23/35
f 577/23/35 578/23/35 581/23/35 582/23/35
f 578/23/35 579/23/35 580/23/35 581/23/35
s 0
f 612/23/22 602/23/22 601/23/22 611/23/22
f 619/23/22 609/23/22 608/23/22 618/23/22
f 616/23/22 606/23/22 605/23/22 615/23/22
f 613/23/22 603/23/22 602/23/22 612/23/22
f 620/23/22 610/23/22 609/23/22 619/23/22
f 617/23/22 607/23/22 606/23/22 616/23/22
f 614/23/22 604/23/22 603/23/22 613/23/22
f 611/23/22 601/23/22 610/23/22 620/23/22
f 618/23/22 608/23/22 607/23/22 617/23/22
f 608/23/22 633/23/22 634/23/22 607/23/22
f 629/23/22 619/23/22 618/23/22 628/23/22
f 628/23/22 618/23/22 617/23/22 627/23/22
f 630/23/22 620/23/22 619/23/22 629/23/22
f 627/23/22 617/23/22 616/23/22 626/23/22
f 626/23/22 616/23/22 615/23/22 625/23/22
f 625/23/22 615/23/22 614/23/22 624/23/22
f 624/23/22 614/23/22 613/23/22 623/23/22
f 623/23/22 613/23/22 612/23/22 622/23/22
f 622/23/22 612/23/22 611/23/22 621/23/22
f 615/23/22 605/23/22 604/23/22 614/23/22
f 621/23/22 611/23/22 620/23/22 630/23/22
s 1
f 631/23/347 640/23/347 639/23/347 638/23/347 637/23/347 636/23/347 635/23/347 634/23/347 633/23/347 632/23/347
s 0
f 601/23/22 640/23/22 631/23/22 610/23/22
f 604/23/22 637/23/22 638/23/22 603/23/22
f 607/23/22 634/23/22 635/23/22 606/23/22
f 610/23/22 631/23/22 632/23/22 609/23/22
f 603/23/22 638/23/22 639/23/22 602/23/22
f 606/23/22 635/23/22 636/23/22 605/23/22
f 609/23/22 632/23/22 633/23/22 608/23/22
f 602/23/22 639/23/22 640/23/22 601/23/22
f 605/23/22 636/23/22 637/23/22 604/23/22
s 1
f 659/23/43 660/23/43 644/23/43 642/23/43
f 669/23/43 663/23/43 646/23/43 649/23/43
f 678/23/43 666/23/43 647/23/43 655/23/43
f 666/23/43 669/23/43 649/23/43 647/23/43
f 660/23/43 672/23/43 652/23/43 644/23/43
f 672/23/43 675/23/43 653/23/43 652/23/43
f 675/23/43 678/23/43 655/23/43 653/23/43
f 654/23/43 656/23/43 680/23/43 677/23/43
f 677/23/43 680/23/43 679/23/43 676/23/43
f 676/23/43 679/23/43 678/23/43 675/23/43
f 651/23/43 654/23/43 677/23/43 674/23/43
f 674/23/43 677/23/43 676/23/43 673/23/43
f 673/23/43 676/23/43 675/23/43 672/23/43
f 643/23/43 651/23/43 674/23/43 662/23/43
f 662/23/43 674/23/43 673/23/43 661/23/43
f 661/23/43 673/23/43 672/23/43 660/23/43
f 648/23/43 650/23/43 671/23/43 668/23/43
f 668/23/43 671/23/43 670/23/43 667/23/43
f 667/23/43 670/23/43 669/23/43 666/23/43
f 656/23/43 648/23/43 668/23/43 680/23/43
f 680/23/43 668/23/43 667/23/43 679/23/43
f 679/23/43 667/23/43 666/23/43 678/23/43
f 650/23/43 645/23/43 665/23/348 671/23/43
f 671/23/43 665/23/348 664/23/43 670/23/43
f 670/23/43 664/23/43 663/23/43 669/23/43
f 641/23/43 643/23/43 662/23/43 657/23/43
f 657/23/43 662/23/43 661/23/43 658/23/43
f 658/23/43 661/23/43 660/23/43 659/23/43
s 0
f 550/23/22 541/23/22 621/23/22 630/23/22
f 541/23/22 542/23/22 622/23/22 621/23/22
f 542/23/22 543/23/22 623/23/22 622/23/22
f 543/23/22 544/23/22 624/23/22 623/23/22
f 544/23/22 545/23/22 625/23/22 624/23/22
f 545/23/22 546/23/22 626/23/22 625/23/22
f 546/23/22 547/23/22 627/23/22 626/23/22
f 547/23/22 548/23/22 628/23/22 627/23/22
f 548/23/22 549/23/22 629/23/22 628/23/22
f 549/23/22 550/23/22 630/23/22 629/23/22
s 1
f 642/23/43 644/23/43 693/23/43 694/23/43
f 747/23/349 748/23/349 643/23/349 641/23/349
f 641/23/350 638/23/350 639/23/350 561/23/350 747/23/350
f 573/23/35 572/23/35 698/23/35 697/23/35
f 749/23/351 762/23/351 665/23/351 645/23/351
f 750/23/352 753/23/352 649/23/352 646/23/352
f 748/23/353 755/23/353 651/23/353 643/23/353
f 751/23/354 758/23/354 655/23/354 647/23/354
f 752/23/355 754/23/355 650/23/355 648/23/355
f 753/23/356 751/23/356 647/23/356 649/23/356
f 754/23/357 749/23/357 645/23/357 650/23/357
f 755/23/358 757/23/358 654/23/358 651/23/358
f 564/23/35 562/23/35 700/23/35 699/23/35
f 562/23/359 633/23/359 696/23/359 700/23/359
f 757/23/358 759/23/358 656/23/358 654/23/358
f 758/23/354 756/23/354 653/23/354 655/23/354
f 759/23/358 752/23/358 648/23/358 656/23/358
f 578/23/360 631/23/360 632/23/360 579/23/360
f 577/23/361 640/23/361 631/23/361 578/23/361
f 561/23/362 639/23/362 640/23/362 577/23/362
f 760/23/363 750/23/363 646/23/363 663/23/363
f 761/23/364 760/23/364 663/23/364 664/23/364
f 699/23/365 700/23/365 690/23/365 684/23/365
f 693/23/366 692/23/366 685/23/366 683/23/366
f 700/23/367 696/23/367 689/23/367 690/23/367
f 785/23/368 739/23/368 716/23/368 772/23/368
f 685/23/43 687/23/43 710/23/43 709/23/43
f 684/23/369 690/23/369 704/23/369 703/23/369
f 690/23/370 689/23/370 705/23/370 704/23/370
f 644/23/43 652/23/43 692/23/43 693/23/43
f 634/23/371 642/23/371 694/23/371 695/23/371
f 572/23/35 564/23/35 699/23/35 698/23/35
f 633/23/372 634/23/372 695/23/372 746/23/372 696/23/372
f 652/23/43 653/23/43 691/23/43 692/23/43
f 756/23/373 573/23/373 697/23/373 745/23/373
f 692/23/374 691/23/374 687/23/374 685/23/374
f 697/23/375 698/23/375 686/23/375 688/23/375
f 746/23/376 695/23/376 681/23/376 763/23/376
f 695/23/377 694/23/377 682/23/377 681/23/377
f 659/23/378 635/23/378 636/23/378 658/23/378
f 658/23/379 636/23/379 637/23/379 657/23/379
f 657/23/380 637/23/380 638/23/380 641/23/380
f 579/23/381 632/23/381 633/23/381 562/23/381
f 634/23/382 635/23/382 659/23/382 642/23/382
f 762/23/383 761/23/383 664/23/384 665/23/384
f 745/23/385 697/23/385 688/23/385 764/23/385
f 694/23/386 693/23/386 683/23/386 682/23/386
f 698/23/387 699/23/387 684/23/387 686/23/387
f 766/23/388 765/23/389 706/23/389 707/23/390
f 767/23/391 766/23/388 707/23/390 708/23/391
f 768/23/392 767/23/392 708/23/392 709/23/392
f 769/23/393 768/23/393 709/23/393 710/23/393
f 688/23/35 686/23/35 701/23/35 702/23/35
f 681/23/394 682/23/394 707/23/394 706/23/394
f 682/23/395 683/23/395 708/23/395 707/23/395
f 688/23/35 702/23/35 713/23/35 711/23/35
f 686/23/35 684/23/35 703/23/35 701/23/35
f 683/23/43 685/23/43 709/23/43 708/23/43
f 770/23/396 711/23/396 713/23/396 771/23/396
f 764/23/397 688/23/397 711/23/397 770/23/397
f 710/23/43 687/23/43 712/23/43 714/23/43
f 769/23/398 710/23/398 714/23/398 771/23/398
f 716/23/43 718/23/43 744/23/43
f 741/23/35 740/23/35 715/23/35 717/23/35
f 784/23/399 741/23/399 717/23/399 773/23/399
f 739/23/43 742/23/43 718/23/43 716/23/43
f 681/23/43 706/23/43 722/23/43 719/23/43
f 765/23/400 705/23/400 735/23/400 782/23/400
f 705/23/35 689/23/35 720/23/35 721/23/35
f 763/23/401 681/23/401 719/23/401 775/23/401
f 719/23/43 722/23/43 726/23/43 723/23/43
f 774/23/402 721/23/402 725/23/402 776/23/402
f 721/23/35 720/23/35 724/23/35 725/23/35
f 775/23/368 719/23/368 723/23/368 777/23/368
f 723/23/43 726/23/43 730/23/43 727/23/43
f 776/23/402 725/23/402 729/23/402 778/23/402
f 725/23/35 724/23/35 728/23/35 729/23/35
f 777/23/368 723/23/368 727/23/368 779/23/368
f 727/23/43 730/23/43 734/23/43 731/23/43
f 778/23/403 729/23/403 733/23/403 780/23/403
f 729/23/35 728/23/35 732/23/35 733/23/35
f 779/23/368 727/23/368 731/23/368 781/23/368
f 782/23/404 735/23/404 737/23/404 783/23/404
f 705/23/405 721/23/405 737/23/405 735/23/405
f 774/23/406 722/23/406 738/23/406 783/23/406
f 722/23/407 706/23/407 736/23/407 738/23/407
f 731/23/43 734/23/43 742/23/43 739/23/43
f 780/23/408 733/23/408 741/23/408 784/23/408
f 733/23/35 732/23/35 740/23/35 741/23/35
f 781/23/368 731/23/368 739/23/368 785/23/368
f 717/23/35 715/23/35 743/23/35
f 773/23/409 717/23/409 743/23/409 786/23/409
f 772/23/410 716/23/410 744/23/410 786/23/410
f 715/23/410 772/23/410 786/23/410 743/23/410
f 718/23/409 773/23/409 786/23/409 744/23/409
f 732/23/368 781/23/368 785/23/368 740/23/368
f 734/23/408 780/23/408 784/23/408 742/23/408
f 721/23/406 774/23/406 783/23/406 737/23/406
f 736/23/404 782/23/404 783/23/404 738/23/404
f 728/23/368 779/23/368 781/23/368 732/23/368
f 730/23/403 778/23/403 780/23/403 734/23/403
f 724/23/368 777/23/368 779/23/368 728/23/368
f 726/23/402 776/23/402 778/23/402 730/23/402
f 720/23/368 775/23/368 777/23/368 724/23/368
f 722/23/402 774/23/402 776/23/402 726/23/402
f 689/23/401 763/23/401 775/23/401 720/23/401
f 706/23/400 765/23/400 782/23/400 736/23/400
f 742/23/399 784/23/399 773/23/399 718/23/399
f 702/23/398 769/23/398 771/23/398 713/23/398
f 687/23/397 764/23/397 770/23/397 712/23/397
f 712/23/396 770/23/396 771/23/396 714/23/396
f 702/23/393 701/23/393 768/23/393 769/23/393
f 701/23/392 703/23/392 767/23/392 768/23/392
f 703/23/391 704/23/390 766/23/388 767/23/391
f 704/23/390 705/23/389 765/23/389 766/23/388
f 691/23/385 745/23/385 764/23/385 687/23/385
f 585/23/383 584/23/383 761/23/383 762/23/383
f 696/23/376 746/23/376 763/23/376 689/23/376
f 653/23/373 756/23/373 745/23/373 691/23/373
f 740/23/368 785/23/368 772/23/368 715/23/368
f 584/23/364 583/23/364 760/23/364 761/23/364
f 583/23/363 566/23/363 750/23/363 760/23/363
f 576/23/358 568/23/358 752/23/358 759/23/358
f 575/23/354 573/23/354 756/23/354 758/23/354
f 574/23/358 576/23/358 759/23/358 757/23/358
f 571/23/358 574/23/358 757/23/358 755/23/358
f 570/23/357 565/23/357 749/23/357 754/23/357
f 569/23/356 567/23/356 751/23/356 753/23/356
f 568/23/355 570/23/355 754/23/355 752/23/355
f 567/23/354 575/23/354 758/23/354 751/23/354
f 563/23/353 571/23/353 755/23/353 748/23/353
f 566/23/352 569/23/352 753/23/352 750/23/352
f 565/23/351 585/23/351 762/23/351 749/23/351
f 561/23/349 563/23/349 748/23/349 747/23/349
usemtl red_blade
f 806/23/411 805/23/411 840/23/411 839/23/411
f 822/23/412 807/23/413 836/23/413 859/23/412
f 807/23/414 809/23/414 844/23/414 836/23/414
f 812/23/411 811/23/411 838/23/411 837/23/411
f 814/23/415 813/23/415 845/23/415 835/23/415
f 797/23/416 823/23/416 845/23/416 813/23/416
f 810/23/411 815/23/411 842/23/411 841/23/411
f 809/23/417 814/23/418 835/23/419 844/23/419
f 808/23/420 816/23/420 847/23/420 843/23/420
f 817/23/421 818/23/421 851/23/421 849/23/421
f 819/23/422 820/23/423 855/23/424 853/23/424
f 821/23/423 822/23/412 859/23/412 857/23/425
f 803/23/423 804/23/412 822/23/412 821/23/423
f 802/23/423 803/23/423 821/23/423 820/23/423
f 801/23/426 802/23/423 820/23/423 819/23/422
f 800/23/421 801/23/426 819/23/422 818/23/421
f 799/23/421 800/23/421 818/23/421 817/23/421
f 798/23/420 799/23/421 817/23/421 816/23/420
f 795/23/411 798/23/420 816/23/420 808/23/420
f 794/23/411 795/23/411 808/23/420 815/23/411
f 796/23/427 787/23/427 814/23/418 809/23/417
f 790/23/411 791/23/411 806/23/411 811/23/411
f 793/23/411 794/23/411 815/23/411 810/23/411
f 787/23/428 797/23/428 813/23/428 814/23/428
f 789/23/411 790/23/411 811/23/411 812/23/411
f 792/23/411 793/23/411 810/23/411 805/23/411
f 788/23/429 796/23/429 809/23/429 807/23/429
f 804/23/412 788/23/430 807/23/413 822/23/412
f 791/23/411 792/23/411 805/23/411 806/23/411
f 861/23/431 839/23/431 840/23/431 860/23/431
f 877/23/432 859/23/432 836/23/433 862/23/433
f 862/23/434 836/23/434 844/23/434 864/23/434
f 867/23/431 837/23/431 838/23/431 866/23/431
f 869/23/435 835/23/435 845/23/435 868/23/435
f 834/23/436 868/23/436 845/23/436 823/23/436
f 865/23/431 841/23/431 842/23/431 870/23/431
f 864/23/437 844/23/438 835/23/438 869/23/439
f 863/23/440 843/23/440 847/23/440 871/23/440
f 872/23/441 849/23/441 851/23/441 873/23/441
f 874/23/442 853/23/443 855/23/443 875/23/444
f 876/23/444 857/23/445 859/23/432 877/23/432
f 856/23/444 876/23/444 877/23/432 858/23/432
f 854/23/444 875/23/444 876/23/444 856/23/444
f 852/23/446 874/23/442 875/23/444 854/23/444
f 850/23/441 873/23/441 874/23/442 852/23/446
f 848/23/441 872/23/441 873/23/441 850/23/441
f 846/23/440 871/23/440 872/23/441 848/23/441
f 832/23/431 863/23/440 871/23/440 846/23/440
f 831/23/431 870/23/431 863/23/440 832/23/431
f 833/23/447 864/23/437 869/23/439 824/23/447
f 827/23/431 866/23/431 861/23/431 828/23/431
f 830/23/431 865/23/431 870/23/431 831/23/431
f 824/23/448 869/23/448 868/23/448 834/23/448
f 826/23/431 867/23/431 866/23/431 827/23/431
f 829/23/431 860/23/431 865/23/431 830/23/431
f 825/23/449 862/23/449 864/23/449 833/23/449
f 858/23/432 877/23/432 862/23/433 825/23/450
f 828/23/431 861/23/431 860/23/431 829/23/431
f 812/23/451 837/23/451 867/23/451
f 789/23/451 812/23/451 867/23/451 826/23/451
f 811/23/452 806/23/452 861/23/452 866/23/452
f 805/23/452 810/23/452 865/23/452 860/23/452
f 815/23/452 808/23/452 863/23/452 870/23/452
f 816/23/453 817/23/453 872/23/453 871/23/453
f 818/23/454 819/23/454 874/23/454 873/23/454
f 820/23/454 821/23/454 876/23/454 875/23/454
f 838/23/455 811/23/455 866/23/455
f 806/23/451 839/23/451 861/23/451
f 857/23/456 876/23/456 821/23/456
f 853/23/457 874/23/457 819/23/457
f 849/23/458 872/23/458 817/23/458
f 808/23/451 843/23/451 863/23/451
f 841/23/451 865/23/451 810/23/451
f 840/23/455 805/23/455 860/23/455
f 842/23/455 815/23/455 870/23/455
f 847/23/459 816/23/459 871/23/459
f 851/23/460 818/23/460 873/23/460
f 855/23/461 820/23/461 875/23/461
