# Blender 5.2.0 LTS
# www.blender.org
o V1
v 6.000000 -75.970001 -49.000000
v 6.000000 47.970001 -49.000000
v -6.000000 -75.970001 -49.000000
v -6.000000 -75.970001 -49.000000
v 6.000000 47.970001 -49.000000
v -6.000000 47.970001 -49.000000
v 6.000000 -70.270004 43.938004
v 6.000000 -70.270004 -38.000000
v 6.000000 -75.970001 -49.000000
v 6.000000 -75.970001 -49.000000
v 6.000000 -70.270004 -38.000000
v 6.000000 -69.919037 -40.665836
v 6.000000 -75.970001 -49.000000
v 6.000000 -69.919037 -40.665836
v 6.000000 -68.890060 -43.150002
v 6.000000 -68.890060 -43.150002
v 6.000000 -67.253204 -45.283199
v 6.000000 -75.970001 -49.000000
v 6.000000 -75.970001 -49.000000
v 6.000000 -67.253204 -45.283199
v 6.000000 -65.120003 -46.920063
v 6.000000 -75.970001 -49.000000
v 6.000000 -65.120003 -46.920063
v 6.000000 -62.635838 -47.949036
v 6.000000 -62.635838 -47.949036
v 6.000000 -59.970001 -48.299999
v 6.000000 -75.970001 -49.000000
v 6.000000 -75.970001 -49.000000
v 6.000000 -59.970001 -48.299999
v 6.000000 31.970001 -48.299999
v 6.000000 -75.970001 -49.000000
v 6.000000 31.970001 -48.299999
v 6.000000 47.970001 -49.000000
v 6.000000 47.970001 -49.000000
v 6.000000 31.970001 -48.299999
v 6.000000 34.635834 -47.949036
v 6.000000 47.970001 -49.000000
v 6.000000 34.635834 -47.949036
v 6.000000 37.119995 -46.920063
v 6.000000 37.119995 -46.920063
v 6.000000 39.253197 -45.283199
v 6.000000 47.970001 -49.000000
v 6.000000 47.970001 -49.000000
v 6.000000 39.253197 -45.283199
v 6.000000 40.890060 -43.150002
v 6.000000 47.970001 -49.000000
v 6.000000 40.890060 -43.150002
v 6.000000 41.919037 -40.665836
v 6.000000 41.919037 -40.665836
v 6.000000 42.269997 -38.000000
v 6.000000 47.970001 -49.000000
v 6.000000 47.970001 -49.000000
v 6.000000 42.269997 -38.000000
v 6.000000 42.269997 43.938004
v 6.000000 47.970001 -49.000000
v 6.000000 42.269997 43.938004
v 6.000000 47.970001 54.938004
v 6.000000 47.970001 54.938004
v 6.000000 42.269997 43.938004
v 6.000000 41.919037 46.603836
v 6.000000 47.970001 54.938004
v 6.000000 41.919037 46.603836
v 6.000000 40.890060 49.087997
v 6.000000 40.890060 49.087997
v 6.000000 39.253197 51.221199
v 6.000000 47.970001 54.938004
v 6.000000 47.970001 54.938004
v 6.000000 39.253197 51.221199
v 6.000000 37.119995 52.858063
v 6.000000 47.970001 54.938004
v 6.000000 37.119995 52.858063
v 6.000000 34.635834 53.887039
v 6.000000 34.635834 53.887039
v 6.000000 31.970001 54.237999
v 6.000000 47.970001 54.938004
v 6.000000 47.970001 54.938004
v 6.000000 31.970001 54.237999
v 6.000000 -59.970001 54.237999
v 6.000000 47.970001 54.938004
v 6.000000 -59.970001 54.237999
v 6.000000 -75.970001 54.938004
v 6.000000 -75.970001 54.938004
v 6.000000 -59.970001 54.237999
v 6.000000 -62.635838 53.887039
v 6.000000 -75.970001 54.938004
v 6.000000 -62.635838 53.887039
v 6.000000 -65.120003 52.858063
v 6.000000 -65.120003 52.858063
v 6.000000 -67.253204 51.221199
v 6.000000 -75.970001 54.938004
v 6.000000 -75.970001 54.938004
v 6.000000 -67.253204 51.221199
v 6.000000 -68.890060 49.087997
v 6.000000 -75.970001 54.938004
v 6.000000 -68.890060 49.087997
v 6.000000 -69.919037 46.603836
v 6.000000 -69.919037 46.603836
v 6.000000 -70.270004 43.938004
v 6.000000 -75.970001 54.938004
v 6.000000 -75.970001 54.938004
v 6.000000 -70.270004 43.938004
v 6.000000 -75.970001 -49.000000
v -6.000000 -75.970001 54.938004
v -6.000000 47.970001 54.938004
v 6.000000 -75.970001 54.938004
v 6.000000 -75.970001 54.938004
v -6.000000 47.970001 54.938004
v 6.000000 47.970001 54.938004
v 10.000000 33.971870 -48.816101
v 10.000000 31.970001 -49.000000
v 10.000000 49.970001 -50.000000
v 10.000000 49.970001 -50.000000
v 10.000000 31.970001 -49.000000
v 10.000000 -59.970001 -49.000000
v 10.000000 49.970001 -50.000000
v 10.000000 -59.970001 -49.000000
v 10.000000 -77.970001 -50.000000
v 10.000000 -77.970001 -50.000000
v 10.000000 -59.970001 -49.000000
v 10.000000 -61.971596 -48.816357
v 10.000000 -77.970001 -50.000000
v 10.000000 -61.971596 -48.816357
v 10.000000 -64.019043 -48.227669
v 10.000000 -64.019043 -48.227669
v 10.000000 -65.989220 -47.206757
v 10.000000 -77.970001 -50.000000
v 10.000000 -77.970001 -50.000000
v 10.000000 -65.989220 -47.206757
v 10.000000 -67.748161 -45.778152
v 10.000000 -77.970001 -50.000000
v 10.000000 -67.748161 -45.778152
v 10.000000 -69.176941 -44.019302
v 10.000000 -69.176941 -44.019302
v 10.000000 -70.197075 -42.049137
v 10.000000 -77.970001 -50.000000
v 10.000000 -77.970001 -50.000000
v 10.000000 -70.197075 -42.049137
v 10.000000 -70.786102 -40.001869
v 10.000000 -77.970001 -50.000000
v 10.000000 -70.786102 -40.001869
v 10.000000 -70.970001 -38.000000
v 10.000000 -70.970001 -38.000000
v 10.000000 -70.970001 43.938004
v 10.000000 -77.970001 -50.000000
v 10.000000 -77.970001 -50.000000
v 10.000000 -70.970001 43.938004
v 10.000000 -77.970001 61.938004
v 10.000000 -77.970001 61.938004
v 10.000000 -70.970001 43.938004
v 10.000000 -70.786362 45.939598
v 10.000000 -77.970001 61.938004
v 10.000000 -70.786362 45.939598
v 10.000000 -70.197670 47.987045
v 10.000000 -70.197670 47.987045
v 10.000000 -69.176758 49.957214
v 10.000000 -77.970001 61.938004
v 10.000000 -77.970001 61.938004
v 10.000000 -69.176758 49.957214
v 10.000000 -67.748154 51.716164
v 10.000000 -77.970001 61.938004
v 10.000000 -67.748154 51.716164
v 10.000000 -65.989304 53.144936
v 10.000000 -65.989304 53.144936
v 10.000000 -64.019135 54.165077
v 10.000000 -77.970001 61.938004
v 10.000000 -77.970001 61.938004
v 10.000000 -64.019135 54.165077
v 10.000000 -61.971870 54.754105
v 10.000000 -77.970001 61.938004
v 10.000000 -61.971870 54.754105
v 10.000000 -59.970001 54.938004
v 10.000000 -59.970001 54.938004
v 10.000000 31.970001 54.938004
v 10.000000 -77.970001 61.938004
v 10.000000 -77.970001 61.938004
v 10.000000 31.970001 54.938004
v 10.000000 49.970001 61.938004
v 10.000000 49.970001 61.938004
v 10.000000 31.970001 54.938004
v 10.000000 33.971596 54.754356
v 10.000000 49.970001 61.938004
v 10.000000 33.971596 54.754356
v 10.000000 36.019043 54.165665
v 10.000000 36.019043 54.165665
v 10.000000 37.989212 53.144753
v 10.000000 49.970001 61.938004
v 10.000000 49.970001 61.938004
v 10.000000 37.989212 53.144753
v 10.000000 39.748161 51.716156
v 10.000000 49.970001 61.938004
v 10.000000 39.748161 51.716156
v 10.000000 41.176933 49.957298
v 10.000000 41.176933 49.957298
v 10.000000 42.197075 47.987137
v 10.000000 49.970001 61.938004
v 10.000000 49.970001 61.938004
v 10.000000 42.197075 47.987137
v 10.000000 42.786102 45.939865
v 10.000000 49.970001 61.938004
v 10.000000 42.786102 45.939865
v 10.000000 42.970001 43.938004
v 10.000000 49.970001 61.938004
v 10.000000 42.970001 43.938004
v 10.000000 49.970001 -50.000000
v 10.000000 49.970001 -50.000000
v 10.000000 42.970001 43.938004
v 10.000000 42.970001 -38.000000
v 10.000000 49.970001 -50.000000
v 10.000000 42.970001 -38.000000
v 10.000000 42.786354 -40.001595
v 10.000000 42.786354 -40.001595
v 10.000000 42.197662 -42.049042
v 10.000000 49.970001 -50.000000
v 10.000000 49.970001 -50.000000
v 10.000000 42.197662 -42.049042
v 10.000000 41.176750 -44.019215
v 10.000000 49.970001 -50.000000
v 10.000000 41.176750 -44.019215
v 10.000000 39.748154 -45.778164
v 10.000000 39.748154 -45.778164
v 10.000000 37.989304 -47.206940
v 10.000000 49.970001 -50.000000
v 10.000000 49.970001 -50.000000
v 10.000000 37.989304 -47.206940
v 10.000000 36.019135 -48.227077
v 10.000000 49.970001 -50.000000
v 10.000000 36.019135 -48.227077
v 10.000000 33.971870 -48.816101
v -10.000000 -77.970001 -50.000000
v -10.000000 49.970001 -50.000000
v 10.000000 -77.970001 -50.000000
v 10.000000 -77.970001 -50.000000
v -10.000000 49.970001 -50.000000
v 10.000000 49.970001 -50.000000
v -10.000000 49.970001 -50.000000
v -10.000000 49.970001 61.938004
v 10.000000 49.970001 -50.000000
v 10.000000 49.970001 -50.000000
v -10.000000 49.970001 61.938004
v 10.000000 49.970001 61.938004
v -10.000000 -77.970001 -50.000000
v -10.000000 31.970001 -49.000000
v -10.000000 49.970001 -50.000000
v -10.000000 49.970001 -50.000000
v -10.000000 31.970001 -49.000000
v -10.000000 33.971870 -48.816101
v -10.000000 49.970001 -50.000000
v -10.000000 33.971870 -48.816101
v -10.000000 36.019135 -48.227077
v -10.000000 -77.970001 61.938004
v -10.000000 -70.970001 43.938004
v -10.000000 -77.970001 -50.000000
v -10.000000 -77.970001 -50.000000
v -10.000000 -70.970001 43.938004
v -10.000000 -70.970001 -38.000000
v -10.000000 -77.970001 -50.000000
v -10.000000 -70.970001 -38.000000
v -10.000000 -70.786102 -40.001869
v -10.000000 49.970001 61.938004
v -10.000000 -59.970001 54.938004
v -10.000000 -77.970001 61.938004
v -10.000000 -77.970001 61.938004
v -10.000000 -59.970001 54.938004
v -10.000000 -61.971870 54.754105
v -10.000000 -77.970001 61.938004
v -10.000000 -61.971870 54.754105
v -10.000000 -64.019135 54.165077
v -10.000000 49.970001 -50.000000
v -10.000000 42.970001 43.938004
v -10.000000 49.970001 61.938004
v -10.000000 49.970001 61.938004
v -10.000000 42.970001 43.938004
v -10.000000 42.786102 45.939865
v -10.000000 49.970001 61.938004
v -10.000000 42.786102 45.939865
v -10.000000 42.197075 47.987137
v -10.000000 -64.019135 54.165077
v -10.000000 -65.989304 53.144936
v -10.000000 -77.970001 61.938004
v -10.000000 -77.970001 61.938004
v -10.000000 -65.989304 53.144936
v -10.000000 -67.748154 51.716164
v -10.000000 -77.970001 61.938004
v -10.000000 -67.748154 51.716164
v -10.000000 -69.176758 49.957214
v -10.000000 -69.176758 49.957214
v -10.000000 -70.197670 47.987045
v -10.000000 -77.970001 61.938004
v -10.000000 -77.970001 61.938004
v -10.000000 -70.197670 47.987045
v -10.000000 -70.786362 45.939598
v -10.000000 -77.970001 61.938004
v -10.000000 -70.786362 45.939598
v -10.000000 -70.970001 43.938004
v -10.000000 -70.786102 -40.001869
v -10.000000 -70.197075 -42.049137
v -10.000000 -77.970001 -50.000000
v -10.000000 -77.970001 -50.000000
v -10.000000 -70.197075 -42.049137
v -10.000000 -69.176941 -44.019302
v -10.000000 -77.970001 -50.000000
v -10.000000 -69.176941 -44.019302
v -10.000000 -67.748161 -45.778152
v -10.000000 -67.748161 -45.778152
v -10.000000 -65.989220 -47.206757
v -10.000000 -77.970001 -50.000000
v -10.000000 -77.970001 -50.000000
v -10.000000 -65.989220 -47.206757
v -10.000000 -64.019043 -48.227669
v -10.000000 -77.970001 -50.000000
v -10.000000 -64.019043 -48.227669
v -10.000000 -61.971596 -48.816357
v -10.000000 -61.971596 -48.816357
v -10.000000 -59.970001 -49.000000
v -10.000000 -77.970001 -50.000000
v -10.000000 -77.970001 -50.000000
v -10.000000 -59.970001 -49.000000
v -10.000000 31.970001 -49.000000
v -10.000000 36.019135 -48.227077
v -10.000000 37.989304 -47.206940
v -10.000000 49.970001 -50.000000
v -10.000000 49.970001 -50.000000
v -10.000000 37.989304 -47.206940
v -10.000000 39.748154 -45.778164
v -10.000000 49.970001 -50.000000
v -10.000000 39.748154 -45.778164
v -10.000000 41.176750 -44.019215
v -10.000000 41.176750 -44.019215
v -10.000000 42.197662 -42.049042
v -10.000000 49.970001 -50.000000
v -10.000000 49.970001 -50.000000
v -10.000000 42.197662 -42.049042
v -10.000000 42.786354 -40.001595
v -10.000000 49.970001 -50.000000
v -10.000000 42.786354 -40.001595
v -10.000000 42.970001 -38.000000
v -10.000000 42.970001 -38.000000
v -10.000000 42.970001 43.938004
v -10.000000 49.970001 -50.000000
v -10.000000 42.197075 47.987137
v -10.000000 41.176933 49.957298
v -10.000000 49.970001 61.938004
v -10.000000 49.970001 61.938004
v -10.000000 41.176933 49.957298
v -10.000000 39.748161 51.716156
v -10.000000 49.970001 61.938004
v -10.000000 39.748161 51.716156
v -10.000000 37.989212 53.144753
v -10.000000 37.989212 53.144753
v -10.000000 36.019043 54.165665
v -10.000000 49.970001 61.938004
v -10.000000 49.970001 61.938004
v -10.000000 36.019043 54.165665
v -10.000000 33.971596 54.754356
v -10.000000 49.970001 61.938004
v -10.000000 33.971596 54.754356
v -10.000000 31.970001 54.938004
v -10.000000 31.970001 54.938004
v -10.000000 -59.970001 54.938004
v -10.000000 49.970001 61.938004
v -9.000000 31.970001 53.938004
v -9.000000 -59.970001 53.938004
v -9.500000 31.970001 54.438004
v -9.500000 31.970001 54.438004
v -9.000000 -59.970001 53.938004
v -10.000000 -59.970001 54.938004
v -9.500000 31.970001 54.438004
v -10.000000 -59.970001 54.938004
v -10.000000 31.970001 54.938004
v -9.500000 31.970001 54.438004
v -10.000000 31.970001 54.938004
v -9.500000 33.880615 54.262703
v -9.500000 33.880615 54.262703
v -10.000000 31.970001 54.938004
v -10.000000 33.971596 54.754356
v -9.500000 33.880615 54.262703
v -10.000000 33.971596 54.754356
v -9.500000 35.834991 53.700775
v -9.500000 35.834991 53.700775
v -10.000000 33.971596 54.754356
v -10.000000 36.019043 54.165665
v -9.500000 35.834991 53.700775
v -10.000000 36.019043 54.165665
v -9.500000 37.715599 52.726273
v -9.500000 37.715599 52.726273
v -10.000000 36.019043 54.165665
v -10.000000 37.989212 53.144753
v -9.500000 37.715599 52.726273
v -10.000000 37.989212 53.144753
v -9.500000 39.394608 51.362602
v -9.500000 39.394608 51.362602
v -10.000000 37.989212 53.144753
v -10.000000 39.748161 51.716156
v -9.500000 39.394608 51.362602
v -10.000000 39.748161 51.716156
v -9.500000 40.758438 49.683693
v -9.500000 40.758438 49.683693
v -10.000000 39.748161 51.716156
v -10.000000 41.176933 49.957298
v -9.500000 40.758438 49.683693
v -10.000000 41.176933 49.957298
v -10.000000 42.197075 47.987137
v -9.500000 40.758438 49.683693
v -10.000000 42.197075 47.987137
v -9.500000 41.732262 47.802948
v -9.500000 41.732262 47.802948
v -10.000000 42.197075 47.987137
v -10.000000 42.786102 45.939865
v -9.500000 41.732262 47.802948
v -10.000000 42.786102 45.939865
v -9.500000 42.294487 45.848724
v -9.500000 42.294487 45.848724
v -10.000000 42.786102 45.939865
v -10.000000 42.970001 43.938004
v -9.500000 42.294487 45.848724
v -10.000000 42.970001 43.938004
v -9.500000 42.470001 43.938004
v -9.500000 42.470001 43.938004
v -10.000000 42.970001 43.938004
v -9.500000 42.470001 -10.687332
v -9.500000 42.470001 43.938004
v -9.500000 42.470001 -10.687332
v -9.000000 41.970001 43.938004
v -9.000000 41.970001 43.938004
v -9.500000 42.470001 -10.687332
v -9.000000 41.970001 -38.000000
v -9.000000 41.970001 -38.000000
v -9.500000 42.470001 -10.687332
v -9.500000 42.470001 -38.000000
v -9.000000 41.970001 -38.000000
v -9.500000 42.470001 -38.000000
v -9.000000 41.803055 -39.819630
v -9.000000 41.803055 -39.819630
v -9.500000 42.470001 -38.000000
v -9.500000 42.294701 -39.910614
v -9.000000 41.803055 -39.819630
v -9.500000 42.294701 -39.910614
v -9.000000 41.267883 -41.680946
v -9.000000 41.267883 -41.680946
v -9.500000 42.294701 -39.910614
v -9.500000 41.732773 -41.864994
v -9.000000 41.267883 -41.680946
v -9.500000 41.732773 -41.864994
v -9.000000 40.339951 -43.472099
v -9.000000 40.339951 -43.472099
v -9.500000 41.732773 -41.864994
v -9.500000 40.758270 -43.745602
v -9.000000 40.339951 -43.472099
v -9.500000 40.758270 -43.745602
v -9.500000 39.394600 -45.424606
v -9.500000 39.394600 -45.424606
v -9.500000 40.758270 -43.745602
v -10.000000 41.176750 -44.019215
v -9.500000 39.394600 -45.424606
v -10.000000 41.176750 -44.019215
v -10.000000 39.748154 -45.778164
v -10.000000 42.970001 43.938004
v -10.000000 42.970001 -38.000000
v -9.500000 42.470001 -10.687332
v -9.500000 42.470001 -10.687332
v -10.000000 42.970001 -38.000000
v -9.500000 42.470001 -38.000000
v -9.500000 42.470001 -38.000000
v -10.000000 42.970001 -38.000000
v -9.500000 42.294701 -39.910614
v -9.500000 42.294701 -39.910614
v -10.000000 42.970001 -38.000000
v -10.000000 42.786354 -40.001595
v -9.500000 42.294701 -39.910614
v -10.000000 42.786354 -40.001595
v -9.500000 41.732773 -41.864994
v -9.500000 41.732773 -41.864994
v -10.000000 42.786354 -40.001595
v -10.000000 42.197662 -42.049042
v -9.500000 41.732773 -41.864994
v -10.000000 42.197662 -42.049042
v -9.500000 40.758270 -43.745602
v -9.500000 40.758270 -43.745602
v -10.000000 42.197662 -42.049042
v -10.000000 41.176750 -44.019215
v -9.500000 39.394600 -45.424606
v -10.000000 39.748154 -45.778164
v -9.500000 37.715698 -46.788441
v -9.500000 37.715698 -46.788441
v -10.000000 39.748154 -45.778164
v -10.000000 37.989304 -47.206940
v -9.500000 37.715698 -46.788441
v -10.000000 37.989304 -47.206940
v -10.000000 36.019135 -48.227077
v -9.500000 37.715698 -46.788441
v -10.000000 36.019135 -48.227077
v -9.500000 35.834946 -47.762264
v -9.500000 35.834946 -47.762264
v -10.000000 36.019135 -48.227077
v -10.000000 33.971870 -48.816101
v -9.500000 35.834946 -47.762264
v -10.000000 33.971870 -48.816101
v -9.500000 33.880722 -48.324490
v -9.500000 33.880722 -48.324490
v -10.000000 33.971870 -48.816101
v -10.000000 31.970001 -49.000000
v -9.500000 33.880722 -48.324490
v -10.000000 31.970001 -49.000000
v -9.000000 31.970001 -48.000000
v -9.000000 31.970001 -48.000000
v -9.000000 33.789627 -47.833054
v -9.500000 33.880722 -48.324490
v -9.500000 33.880722 -48.324490
v -9.000000 33.789627 -47.833054
v -9.000000 35.650948 -47.297882
v -9.500000 33.880722 -48.324490
v -9.000000 35.650948 -47.297882
v -9.500000 35.834946 -47.762264
v -9.500000 35.834946 -47.762264
v -9.000000 35.650948 -47.297882
v -9.500000 37.715698 -46.788441
v -9.000000 35.650948 -47.297882
v -9.000000 37.442093 -46.369957
v -9.500000 37.715698 -46.788441
v -9.500000 37.715698 -46.788441
v -9.000000 37.442093 -46.369957
v -9.000000 39.041069 -45.071068
v -9.500000 37.715698 -46.788441
v -9.000000 39.041069 -45.071068
v -9.500000 39.394600 -45.424606
v -9.500000 39.394600 -45.424606
v -9.000000 39.041069 -45.071068
v -9.000000 40.339951 -43.472099
v -9.000000 41.970001 43.938004
v -9.000000 41.803055 45.757629
v -9.500000 42.470001 43.938004
v -9.500000 42.470001 43.938004
v -9.000000 41.803055 45.757629
v -9.500000 42.294487 45.848724
v -9.000000 41.803055 45.757629
v -9.000000 41.267883 47.618950
v -9.500000 42.294487 45.848724
v -9.500000 42.294487 45.848724
v -9.000000 41.267883 47.618950
v -9.500000 41.732262 47.802948
v -9.500000 41.732262 47.802948
v -9.000000 41.267883 47.618950
v -9.500000 40.758438 49.683693
v -9.500000 40.758438 49.683693
v -9.000000 41.267883 47.618950
v -9.000000 40.339951 49.410095
v -9.500000 40.758438 49.683693
v -9.000000 40.339951 49.410095
v -9.000000 39.041069 51.009071
v -9.500000 40.758438 49.683693
v -9.000000 39.041069 51.009071
v -9.500000 39.394608 51.362602
v -9.500000 39.394608 51.362602
v -9.000000 39.041069 51.009071
v -9.000000 37.442093 52.307953
v -9.500000 39.394608 51.362602
v -9.000000 37.442093 52.307953
v -9.500000 37.715599 52.726273
v -9.500000 37.715599 52.726273
v -9.000000 37.442093 52.307953
v -9.500000 35.834991 53.700775
v -9.000000 37.442093 52.307953
v -9.000000 35.650948 53.235886
v -9.500000 35.834991 53.700775
v -9.500000 35.834991 53.700775
v -9.000000 35.650948 53.235886
v -9.500000 33.880615 54.262703
v -9.000000 35.650948 53.235886
v -9.000000 33.789627 53.771057
v -9.500000 33.880615 54.262703
v -9.500000 33.880615 54.262703
v -9.000000 33.789627 53.771057
v -9.500000 31.970001 54.438004
v -9.000000 33.789627 53.771057
v -9.000000 31.970001 53.938004
v -9.500000 31.970001 54.438004
v -9.000000 -59.970001 -48.000000
v -9.000000 31.970001 -48.000000
v -9.500000 -59.970001 -48.500000
v -9.500000 -59.970001 -48.500000
v -9.000000 31.970001 -48.000000
v -10.000000 31.970001 -49.000000
v -9.500000 -59.970001 -48.500000
v -10.000000 31.970001 -49.000000
v -10.000000 -59.970001 -49.000000
v -9.500000 -59.970001 -48.500000
v -10.000000 -59.970001 -49.000000
v -9.500000 -61.880615 -48.324703
v -9.500000 -61.880615 -48.324703
v -10.000000 -59.970001 -49.000000
v -10.000000 -61.971596 -48.816357
v -9.500000 -61.880615 -48.324703
v -10.000000 -61.971596 -48.816357
v -9.500000 -63.834995 -47.762772
v -9.500000 -63.834995 -47.762772
v -10.000000 -61.971596 -48.816357
v -10.000000 -64.019043 -48.227669
v -9.500000 -63.834995 -47.762772
v -10.000000 -64.019043 -48.227669
v -9.500000 -65.715607 -46.788273
v -9.500000 -65.715607 -46.788273
v -10.000000 -64.019043 -48.227669
v -10.000000 -65.989220 -47.206757
v -9.500000 -65.715607 -46.788273
v -10.000000 -65.989220 -47.206757
v -9.500000 -67.394608 -45.424603
v -9.500000 -67.394608 -45.424603
v -10.000000 -65.989220 -47.206757
v -10.000000 -67.748161 -45.778152
v -9.500000 -67.394608 -45.424603
v -10.000000 -67.748161 -45.778152
v -9.500000 -68.758446 -43.745697
v -9.500000 -68.758446 -43.745697
v -10.000000 -67.748161 -45.778152
v -10.000000 -69.176941 -44.019302
v -9.500000 -68.758446 -43.745697
v -10.000000 -69.176941 -44.019302
v -10.000000 -70.197075 -42.049137
v -9.500000 -68.758446 -43.745697
v -10.000000 -70.197075 -42.049137
v -9.500000 -69.732269 -41.864948
v -9.500000 -69.732269 -41.864948
v -10.000000 -70.197075 -42.049137
v -10.000000 -70.786102 -40.001869
v -9.500000 -69.732269 -41.864948
v -10.000000 -70.786102 -40.001869
v -9.500000 -70.294487 -39.910725
v -9.500000 -70.294487 -39.910725
v -10.000000 -70.786102 -40.001869
v -10.000000 -70.970001 -38.000000
v -9.500000 -70.294487 -39.910725
v -10.000000 -70.970001 -38.000000
v -9.500000 -70.470001 -38.000000
v -9.500000 -70.470001 -38.000000
v -10.000000 -70.970001 -38.000000
v -9.500000 -70.470001 16.625336
v -9.500000 -70.470001 -38.000000
v -9.500000 -70.470001 16.625336
v -9.000000 -69.970001 -38.000000
v -9.000000 -69.970001 -38.000000
v -9.500000 -70.470001 16.625336
v -9.000000 -69.970001 43.938004
v -9.000000 -69.970001 43.938004
v -9.500000 -70.470001 16.625336
v -9.500000 -70.470001 43.938004
v -9.000000 -69.970001 43.938004
v -9.500000 -70.470001 43.938004
v -9.000000 -69.803055 45.757629
v -9.000000 -69.803055 45.757629
v -9.500000 -70.470001 43.938004
v -9.500000 -70.294708 45.848610
v -9.000000 -69.803055 45.757629
v -9.500000 -70.294708 45.848610
v -9.000000 -69.267883 47.618950
v -9.000000 -69.267883 47.618950
v -9.500000 -70.294708 45.848610
v -9.500000 -69.732773 47.802994
v -9.000000 -69.267883 47.618950
v -9.500000 -69.732773 47.802994
v -9.000000 -68.339958 49.410095
v -9.000000 -68.339958 49.410095
v -9.500000 -69.732773 47.802994
v -9.500000 -68.758278 49.683601
v -9.000000 -68.339958 49.410095
v -9.500000 -68.758278 49.683601
v -9.500000 -67.394608 51.362610
v -9.500000 -67.394608 51.362610
v -9.500000 -68.758278 49.683601
v -10.000000 -69.176758 49.957214
v -9.500000 -67.394608 51.362610
v -10.000000 -69.176758 49.957214
v -10.000000 -67.748154 51.716164
v -10.000000 -70.970001 -38.000000
v -10.000000 -70.970001 43.938004
v -9.500000 -70.470001 16.625336
v -9.500000 -70.470001 16.625336
v -10.000000 -70.970001 43.938004
v -9.500000 -70.470001 43.938004
v -9.500000 -70.470001 43.938004
v -10.000000 -70.970001 43.938004
v -9.500000 -70.294708 45.848610
v -9.500000 -70.294708 45.848610
v -10.000000 -70.970001 43.938004
v -10.000000 -70.786362 45.939598
v -9.500000 -70.294708 45.848610
v -10.000000 -70.786362 45.939598
v -9.500000 -69.732773 47.802994
v -9.500000 -69.732773 47.802994
v -10.000000 -70.786362 45.939598
v -10.000000 -70.197670 47.987045
v -9.500000 -69.732773 47.802994
v -10.000000 -70.197670 47.987045
v -9.500000 -68.758278 49.683601
v -9.500000 -68.758278 49.683601
v -10.000000 -70.197670 47.987045
v -10.000000 -69.176758 49.957214
v -9.500000 -67.394608 51.362610
v -10.000000 -67.748154 51.716164
v -9.500000 -65.715698 52.726440
v -9.500000 -65.715698 52.726440
v -10.000000 -67.748154 51.716164
v -10.000000 -65.989304 53.144936
v -9.500000 -65.715698 52.726440
v -10.000000 -65.989304 53.144936
v -10.000000 -64.019135 54.165077
v -9.500000 -65.715698 52.726440
v -10.000000 -64.019135 54.165077
v -9.500000 -63.834949 53.700264
v -9.500000 -63.834949 53.700264
v -10.000000 -64.019135 54.165077
v -10.000000 -61.971870 54.754105
v -9.500000 -63.834949 53.700264
v -10.000000 -61.971870 54.754105
v -9.500000 -61.880726 54.262489
v -9.500000 -61.880726 54.262489
v -10.000000 -61.971870 54.754105
v -10.000000 -59.970001 54.938004
v -9.500000 -61.880726 54.262489
v -10.000000 -59.970001 54.938004
v -9.000000 -59.970001 53.938004
v -9.000000 -59.970001 53.938004
v -9.000000 -61.789631 53.771057
v -9.500000 -61.880726 54.262489
v -9.500000 -61.880726 54.262489
v -9.000000 -61.789631 53.771057
v -9.000000 -63.650948 53.235886
v -9.500000 -61.880726 54.262489
v -9.000000 -63.650948 53.235886
v -9.500000 -63.834949 53.700264
v -9.500000 -63.834949 53.700264
v -9.000000 -63.650948 53.235886
v -9.500000 -65.715698 52.726440
v -9.000000 -63.650948 53.235886
v -9.000000 -65.442101 52.307953
v -9.500000 -65.715698 52.726440
v -9.500000 -65.715698 52.726440
v -9.000000 -65.442101 52.307953
v -9.000000 -67.041069 51.009071
v -9.500000 -65.715698 52.726440
v -9.000000 -67.041069 51.009071
v -9.500000 -67.394608 51.362610
v -9.500000 -67.394608 51.362610
v -9.000000 -67.041069 51.009071
v -9.000000 -68.339958 49.410095
v -9.000000 -69.970001 -38.000000
v -9.000000 -69.803055 -39.819630
v -9.500000 -70.470001 -38.000000
v -9.500000 -70.470001 -38.000000
v -9.000000 -69.803055 -39.819630
v -9.500000 -70.294487 -39.910725
v -9.000000 -69.803055 -39.819630
v -9.000000 -69.267883 -41.680946
v -9.500000 -70.294487 -39.910725
v -9.500000 -70.294487 -39.910725
v -9.000000 -69.267883 -41.680946
v -9.500000 -69.732269 -41.864948
v -9.500000 -69.732269 -41.864948
v -9.000000 -69.267883 -41.680946
v -9.500000 -68.758446 -43.745697
v -9.500000 -68.758446 -43.745697
v -9.000000 -69.267883 -41.680946
v -9.000000 -68.339958 -43.472099
v -9.500000 -68.758446 -43.745697
v -9.000000 -68.339958 -43.472099
v -9.000000 -67.041069 -45.071068
v -9.500000 -68.758446 -43.745697
v -9.000000 -67.041069 -45.071068
v -9.500000 -67.394608 -45.424603
v -9.500000 -67.394608 -45.424603
v -9.000000 -67.041069 -45.071068
v -9.000000 -65.442101 -46.369957
v -9.500000 -67.394608 -45.424603
v -9.000000 -65.442101 -46.369957
v -9.500000 -65.715607 -46.788273
v -9.500000 -65.715607 -46.788273
v -9.000000 -65.442101 -46.369957
v -9.500000 -63.834995 -47.762772
v -9.000000 -65.442101 -46.369957
v -9.000000 -63.650948 -47.297882
v -9.500000 -63.834995 -47.762772
v -9.500000 -63.834995 -47.762772
v -9.000000 -63.650948 -47.297882
v -9.500000 -61.880615 -48.324703
v -9.000000 -63.650948 -47.297882
v -9.000000 -61.789631 -47.833054
v -9.500000 -61.880615 -48.324703
v -9.500000 -61.880615 -48.324703
v -9.000000 -61.789631 -47.833054
v -9.500000 -59.970001 -48.500000
v -9.000000 -61.789631 -47.833054
v -9.000000 -59.970001 -48.000000
v -9.500000 -59.970001 -48.500000
v -9.000000 -69.970001 -38.000000
v -6.300000 -69.970001 -38.000000
v -9.000000 -69.803055 -39.819630
v -9.000000 -69.803055 -39.819630
v -6.300000 -69.970001 -38.000000
v -6.300000 -69.629257 -40.588188
v -9.000000 -69.803055 -39.819630
v -6.300000 -69.629257 -40.588188
v -9.000000 -69.267883 -41.680946
v -9.000000 -69.267883 -41.680946
v -6.300000 -69.629257 -40.588188
v -6.300000 -68.630257 -43.000000
v -9.000000 -69.267883 -41.680946
v -6.300000 -68.630257 -43.000000
v -9.000000 -68.339958 -43.472099
v -9.000000 -68.339958 -43.472099
v -6.300000 -68.630257 -43.000000
v -6.300000 -67.041069 -45.071068
v -9.000000 -68.339958 -43.472099
v -6.300000 -67.041069 -45.071068
v -9.000000 -67.041069 -45.071068
v -9.000000 -67.041069 -45.071068
v -6.300000 -67.041069 -45.071068
v -9.000000 -65.442101 -46.369957
v -9.000000 -65.442101 -46.369957
v -6.300000 -67.041069 -45.071068
v -6.300000 -64.970001 -46.660255
v -9.000000 -65.442101 -46.369957
v -6.300000 -64.970001 -46.660255
v -9.000000 -63.650948 -47.297882
v -9.000000 -63.650948 -47.297882
v -6.300000 -64.970001 -46.660255
v -6.300000 -62.558189 -47.659260
v -9.000000 -63.650948 -47.297882
v -6.300000 -62.558189 -47.659260
v -9.000000 -61.789631 -47.833054
v -9.000000 -61.789631 -47.833054
v -6.300000 -62.558189 -47.659260
v -6.300000 -59.970001 -48.000000
v -9.000000 -61.789631 -47.833054
v -6.300000 -59.970001 -48.000000
v -9.000000 -59.970001 -48.000000
v -6.300000 -59.970001 -48.000000
v -6.300000 31.970001 -48.000000
v -9.000000 -59.970001 -48.000000
v -9.000000 -59.970001 -48.000000
v -6.300000 31.970001 -48.000000
v -9.000000 31.970001 -48.000000
v -9.000000 31.970001 -48.000000
v -6.300000 31.970001 -48.000000
v -9.000000 33.789627 -47.833054
v -9.000000 33.789627 -47.833054
v -6.300000 31.970001 -48.000000
v -6.300000 34.558189 -47.659260
v -9.000000 33.789627 -47.833054
v -6.300000 34.558189 -47.659260
v -9.000000 35.650948 -47.297882
v -9.000000 35.650948 -47.297882
v -6.300000 34.558189 -47.659260
v -6.300000 36.970001 -46.660255
v -9.000000 35.650948 -47.297882
v -6.300000 36.970001 -46.660255
v -9.000000 37.442093 -46.369957
v -9.000000 37.442093 -46.369957
v -6.300000 36.970001 -46.660255
v -6.300000 39.041069 -45.071068
v -9.000000 37.442093 -46.369957
v -6.300000 39.041069 -45.071068
v -9.000000 39.041069 -45.071068
v -9.000000 39.041069 -45.071068
v -6.300000 39.041069 -45.071068
v -9.000000 40.339951 -43.472099
v -9.000000 40.339951 -43.472099
v -6.300000 39.041069 -45.071068
v -6.300000 40.630249 -43.000000
v -9.000000 40.339951 -43.472099
v -6.300000 40.630249 -43.000000
v -9.000000 41.267883 -41.680946
v -9.000000 41.267883 -41.680946
v -6.300000 40.630249 -43.000000
v -6.300000 41.629257 -40.588188
v -9.000000 41.267883 -41.680946
v -6.300000 41.629257 -40.588188
v -9.000000 41.803055 -39.819630
v -9.000000 41.803055 -39.819630
v -6.300000 41.629257 -40.588188
v -6.300000 41.970001 -38.000000
v -9.000000 41.803055 -39.819630
v -6.300000 41.970001 -38.000000
v -9.000000 41.970001 -38.000000
v -6.300000 41.970001 -38.000000
v -6.300000 41.970001 43.938004
v -9.000000 41.970001 -38.000000
v -9.000000 41.970001 -38.000000
v -6.300000 41.970001 43.938004
v -9.000000 41.970001 43.938004
v -9.000000 -59.970001 53.938004
v -6.300000 -59.970001 53.938004
v -9.000000 -61.789631 53.771057
v -9.000000 -61.789631 53.771057
v -6.300000 -59.970001 53.938004
v -6.300000 -62.558189 53.597260
v -9.000000 -61.789631 53.771057
v -6.300000 -62.558189 53.597260
v -9.000000 -63.650948 53.235886
v -9.000000 -63.650948 53.235886
v -6.300000 -62.558189 53.597260
v -6.300000 -64.970001 52.598251
v -9.000000 -63.650948 53.235886
v -6.300000 -64.970001 52.598251
v -9.000000 -65.442101 52.307953
v -9.000000 -65.442101 52.307953
v -6.300000 -64.970001 52.598251
v -6.300000 -67.041069 51.009071
v -9.000000 -65.442101 52.307953
v -6.300000 -67.041069 51.009071
v -9.000000 -67.041069 51.009071
v -9.000000 -67.041069 51.009071
v -6.300000 -67.041069 51.009071
v -9.000000 -68.339958 49.410095
v -9.000000 -68.339958 49.410095
v -6.300000 -67.041069 51.009071
v -6.300000 -68.630257 48.938004
v -9.000000 -68.339958 49.410095
v -6.300000 -68.630257 48.938004
v -9.000000 -69.267883 47.618950
v -9.000000 -69.267883 47.618950
v -6.300000 -68.630257 48.938004
v -6.300000 -69.629257 46.526192
v -9.000000 -69.267883 47.618950
v -6.300000 -69.629257 46.526192
v -9.000000 -69.803055 45.757629
v -9.000000 -69.803055 45.757629
v -6.300000 -69.629257 46.526192
v -6.300000 -69.970001 43.938004
v -9.000000 -69.803055 45.757629
v -6.300000 -69.970001 43.938004
v -9.000000 -69.970001 43.938004
v -6.300000 -69.970001 43.938004
v -6.300000 -69.970001 -38.000000
v -9.000000 -69.970001 43.938004
v -9.000000 -69.970001 43.938004
v -6.300000 -69.970001 -38.000000
v -9.000000 -69.970001 -38.000000
v -9.000000 41.970001 43.938004
v -6.300000 41.970001 43.938004
v -9.000000 41.803055 45.757629
v -9.000000 41.803055 45.757629
v -6.300000 41.970001 43.938004
v -6.300000 41.629257 46.526192
v -9.000000 41.803055 45.757629
v -6.300000 41.629257 46.526192
v -9.000000 41.267883 47.618950
v -9.000000 41.267883 47.618950
v -6.300000 41.629257 46.526192
v -6.300000 40.630249 48.938004
v -9.000000 41.267883 47.618950
v -6.300000 40.630249 48.938004
v -9.000000 40.339951 49.410095
v -9.000000 40.339951 49.410095
v -6.300000 40.630249 48.938004
v -6.300000 39.041069 51.009071
v -9.000000 40.339951 49.410095
v -6.300000 39.041069 51.009071
v -9.000000 39.041069 51.009071
v -9.000000 39.041069 51.009071
v -6.300000 39.041069 51.009071
v -9.000000 37.442093 52.307953
v -9.000000 37.442093 52.307953
v -6.300000 39.041069 51.009071
v -6.300000 36.970001 52.598251
v -9.000000 37.442093 52.307953
v -6.300000 36.970001 52.598251
v -9.000000 35.650948 53.235886
v -9.000000 35.650948 53.235886
v -6.300000 36.970001 52.598251
v -6.300000 34.558189 53.597260
v -9.000000 35.650948 53.235886
v -6.300000 34.558189 53.597260
v -9.000000 33.789627 53.771057
v -9.000000 33.789627 53.771057
v -6.300000 34.558189 53.597260
v -6.300000 31.970001 53.938004
v -9.000000 33.789627 53.771057
v -6.300000 31.970001 53.938004
v -9.000000 31.970001 53.938004
v -6.300000 31.970001 53.938004
v -6.300000 -59.970001 53.938004
v -9.000000 31.970001 53.938004
v -9.000000 31.970001 53.938004
v -6.300000 -59.970001 53.938004
v -9.000000 -59.970001 53.938004
v 9.000000 31.970001 -48.000000
v 9.000000 33.789627 -47.833054
v 6.300000 31.970001 -48.000000
v 6.300000 31.970001 -48.000000
v 9.000000 33.789627 -47.833054
v 6.300000 34.558189 -47.659260
v 6.300000 34.558189 -47.659260
v 9.000000 33.789627 -47.833054
v 9.000000 35.650948 -47.297882
v 6.300000 34.558189 -47.659260
v 9.000000 35.650948 -47.297882
v 6.300000 36.970001 -46.660255
v 6.300000 36.970001 -46.660255
v 9.000000 35.650948 -47.297882
v 9.000000 37.442093 -46.369957
v 6.300000 36.970001 -46.660255
v 9.000000 37.442093 -46.369957
v 6.300000 39.041069 -45.071068
v 6.300000 39.041069 -45.071068
v 9.000000 37.442093 -46.369957
v 9.000000 39.041069 -45.071068
v 6.300000 39.041069 -45.071068
v 9.000000 39.041069 -45.071068
v 9.000000 40.339951 -43.472099
v 6.300000 39.041069 -45.071068
v 9.000000 40.339951 -43.472099
v 6.300000 40.630249 -43.000000
v 6.300000 40.630249 -43.000000
v 9.000000 40.339951 -43.472099
v 9.000000 41.267883 -41.680946
v 6.300000 40.630249 -43.000000
v 9.000000 41.267883 -41.680946
v 6.300000 41.629257 -40.588188
v 6.300000 41.629257 -40.588188
v 9.000000 41.267883 -41.680946
v 9.000000 41.803055 -39.819630
v 6.300000 41.629257 -40.588188
v 9.000000 41.803055 -39.819630
v 6.300000 41.970001 -38.000000
v 6.300000 41.970001 -38.000000
v 9.000000 41.803055 -39.819630
v 9.000000 41.970001 -38.000000
v 9.000000 -59.970001 -48.000000
v 9.000000 31.970001 -48.000000
v 6.300000 -59.970001 -48.000000
v 6.300000 -59.970001 -48.000000
v 9.000000 31.970001 -48.000000
v 6.300000 31.970001 -48.000000
v 9.000000 -69.970001 -38.000000
v 9.000000 -69.803055 -39.819630
v 6.300000 -69.970001 -38.000000
v 6.300000 -69.970001 -38.000000
v 9.000000 -69.803055 -39.819630
v 6.300000 -69.629257 -40.588188
v 6.300000 -69.629257 -40.588188
v 9.000000 -69.803055 -39.819630
v 9.000000 -69.267883 -41.680946
v 6.300000 -69.629257 -40.588188
v 9.000000 -69.267883 -41.680946
v 6.300000 -68.630257 -43.000000
v 6.300000 -68.630257 -43.000000
v 9.000000 -69.267883 -41.680946
v 9.000000 -68.339958 -43.472099
v 6.300000 -68.630257 -43.000000
v 9.000000 -68.339958 -43.472099
v 6.300000 -67.041069 -45.071068
v 6.300000 -67.041069 -45.071068
v 9.000000 -68.339958 -43.472099
v 9.000000 -67.041069 -45.071068
v 6.300000 -67.041069 -45.071068
v 9.000000 -67.041069 -45.071068
v 9.000000 -65.442101 -46.369957
v 6.300000 -67.041069 -45.071068
v 9.000000 -65.442101 -46.369957
v 6.300000 -64.970001 -46.660255
v 6.300000 -64.970001 -46.660255
v 9.000000 -65.442101 -46.369957
v 9.000000 -63.650948 -47.297882
v 6.300000 -64.970001 -46.660255
v 9.000000 -63.650948 -47.297882
v 6.300000 -62.558189 -47.659260
v 6.300000 -62.558189 -47.659260
v 9.000000 -63.650948 -47.297882
v 9.000000 -61.789631 -47.833054
v 6.300000 -62.558189 -47.659260
v 9.000000 -61.789631 -47.833054
v 6.300000 -59.970001 -48.000000
v 6.300000 -59.970001 -48.000000
v 9.000000 -61.789631 -47.833054
v 9.000000 -59.970001 -48.000000
v 9.000000 -69.970001 43.938004
v 9.000000 -69.970001 -38.000000
v 6.300000 -69.970001 43.938004
v 6.300000 -69.970001 43.938004
v 9.000000 -69.970001 -38.000000
v 6.300000 -69.970001 -38.000000
v -10.000000 49.970001 61.938004
v -10.000000 -77.970001 61.938004
v 10.000000 49.970001 61.938004
v 10.000000 49.970001 61.938004
v -10.000000 -77.970001 61.938004
v 10.000000 -77.970001 61.938004
v -10.000000 -77.970001 61.938004
v -10.000000 -77.970001 -50.000000
v 10.000000 -77.970001 61.938004
v 10.000000 -77.970001 61.938004
v -10.000000 -77.970001 -50.000000
v 10.000000 -77.970001 -50.000000
v -6.300000 -59.970001 -48.000000
v -6.000000 -59.970001 -48.299999
v -6.300000 31.970001 -48.000000
v -6.300000 31.970001 -48.000000
v -6.000000 -59.970001 -48.299999
v -6.000000 31.970001 -48.299999
v -6.300000 31.970001 53.938004
v -6.000000 31.970001 54.237999
v -6.300000 -59.970001 53.938004
v -6.300000 -59.970001 53.938004
v -6.000000 31.970001 54.237999
v -6.000000 -59.970001 54.237999
v -6.000000 -59.970001 54.237999
v -6.000000 -62.635838 53.887039
v -6.300000 -59.970001 53.938004
v -6.300000 -59.970001 53.938004
v -6.000000 -62.635838 53.887039
v -6.300000 -62.558189 53.597260
v -6.300000 -62.558189 53.597260
v -6.000000 -62.635838 53.887039
v -6.000000 -65.120003 52.858063
v -6.300000 -62.558189 53.597260
v -6.000000 -65.120003 52.858063
v -6.300000 -64.970001 52.598251
v -6.300000 -64.970001 52.598251
v -6.000000 -65.120003 52.858063
v -6.000000 -67.253204 51.221199
v -6.300000 -64.970001 52.598251
v -6.000000 -67.253204 51.221199
v -6.300000 -67.041069 51.009071
v -6.300000 -67.041069 51.009071
v -6.000000 -67.253204 51.221199
v -6.000000 -68.890060 49.087997
v -6.300000 -67.041069 51.009071
v -6.000000 -68.890060 49.087997
v -6.300000 -68.630257 48.938004
v -6.300000 -68.630257 48.938004
v -6.000000 -68.890060 49.087997
v -6.000000 -69.919037 46.603836
v -6.300000 -68.630257 48.938004
v -6.000000 -69.919037 46.603836
v -6.300000 -69.629257 46.526192
v -6.300000 -69.629257 46.526192
v -6.000000 -69.919037 46.603836
v -6.000000 -70.270004 43.938004
v -6.300000 -69.629257 46.526192
v -6.000000 -70.270004 43.938004
v -6.300000 -69.970001 43.938004
v -6.300000 -69.970001 43.938004
v -6.000000 -70.270004 43.938004
v -6.300000 -69.970001 -38.000000
v -6.300000 -69.970001 -38.000000
v -6.000000 -70.270004 43.938004
v -6.000000 -70.270004 -38.000000
v -6.000000 -70.270004 -38.000000
v -6.000000 -69.919037 -40.665836
v -6.300000 -69.970001 -38.000000
v -6.300000 -69.970001 -38.000000
v -6.000000 -69.919037 -40.665836
v -6.300000 -69.629257 -40.588188
v -6.300000 -69.629257 -40.588188
v -6.000000 -69.919037 -40.665836
v -6.000000 -68.890060 -43.150002
v -6.300000 -69.629257 -40.588188
v -6.000000 -68.890060 -43.150002
v -6.300000 -68.630257 -43.000000
v -6.300000 -68.630257 -43.000000
v -6.000000 -68.890060 -43.150002
v -6.000000 -67.253204 -45.283199
v -6.300000 -68.630257 -43.000000
v -6.000000 -67.253204 -45.283199
v -6.300000 -67.041069 -45.071068
v -6.300000 -67.041069 -45.071068
v -6.000000 -67.253204 -45.283199
v -6.000000 -65.120003 -46.920063
v -6.300000 -67.041069 -45.071068
v -6.000000 -65.120003 -46.920063
v -6.300000 -64.970001 -46.660255
v -6.300000 -64.970001 -46.660255
v -6.000000 -65.120003 -46.920063
v -6.000000 -62.635838 -47.949036
v -6.300000 -64.970001 -46.660255
v -6.000000 -62.635838 -47.949036
v -6.300000 -62.558189 -47.659260
v -6.300000 -62.558189 -47.659260
v -6.000000 -62.635838 -47.949036
v -6.000000 -59.970001 -48.299999
v -6.300000 -62.558189 -47.659260
v -6.000000 -59.970001 -48.299999
v -6.300000 -59.970001 -48.000000
v -6.000000 -75.970001 -49.000000
v -6.000000 -70.270004 43.938004
v -6.000000 -75.970001 54.938004
v -6.000000 -75.970001 54.938004
v -6.000000 -70.270004 43.938004
v -6.000000 -69.919037 46.603836
v -6.000000 -75.970001 54.938004
v -6.000000 -69.919037 46.603836
v -6.000000 -68.890060 49.087997
v -6.000000 47.970001 -49.000000
v -6.000000 -59.970001 -48.299999
v -6.000000 -75.970001 -49.000000
v -6.000000 -75.970001 -49.000000
v -6.000000 -59.970001 -48.299999
v -6.000000 -62.635838 -47.949036
v -6.000000 -75.970001 -49.000000
v -6.000000 -62.635838 -47.949036
v -6.000000 -65.120003 -46.920063
v -6.000000 47.970001 54.938004
v -6.000000 42.269997 43.938004
v -6.000000 47.970001 -49.000000
v -6.000000 47.970001 -49.000000
v -6.000000 42.269997 43.938004
v -6.000000 42.269997 -38.000000
v -6.000000 47.970001 -49.000000
v -6.000000 42.269997 -38.000000
v -6.000000 41.919037 -40.665836
v -6.000000 -75.970001 54.938004
v -6.000000 31.970001 54.237999
v -6.000000 47.970001 54.938004
v -6.000000 47.970001 54.938004
v -6.000000 31.970001 54.237999
v -6.000000 34.635834 53.887039
v -6.000000 47.970001 54.938004
v -6.000000 34.635834 53.887039
v -6.000000 37.119995 52.858063
v -6.000000 -65.120003 -46.920063
v -6.000000 -67.253204 -45.283199
v -6.000000 -75.970001 -49.000000
v -6.000000 -75.970001 -49.000000
v -6.000000 -67.253204 -45.283199
v -6.000000 -68.890060 -43.150002
v -6.000000 -75.970001 -49.000000
v -6.000000 -68.890060 -43.150002
v -6.000000 -69.919037 -40.665836
v -6.000000 -69.919037 -40.665836
v -6.000000 -70.270004 -38.000000
v -6.000000 -75.970001 -49.000000
v -6.000000 -75.970001 -49.000000
v -6.000000 -70.270004 -38.000000
v -6.000000 -70.270004 43.938004
v -6.000000 -68.890060 49.087997
v -6.000000 -67.253204 51.221199
v -6.000000 -75.970001 54.938004
v -6.000000 -75.970001 54.938004
v -6.000000 -67.253204 51.221199
v -6.000000 -65.120003 52.858063
v -6.000000 -75.970001 54.938004
v -6.000000 -65.120003 52.858063
v -6.000000 -62.635838 53.887039
v -6.000000 -62.635838 53.887039
v -6.000000 -59.970001 54.237999
v -6.000000 -75.970001 54.938004
v -6.000000 -75.970001 54.938004
v -6.000000 -59.970001 54.237999
v -6.000000 31.970001 54.237999
v -6.000000 37.119995 52.858063
v -6.000000 39.253197 51.221199
v -6.000000 47.970001 54.938004
v -6.000000 47.970001 54.938004
v -6.000000 39.253197 51.221199
v -6.000000 40.890060 49.087997
v -6.000000 47.970001 54.938004
v -6.000000 40.890060 49.087997
v -6.000000 41.919037 46.603836
v -6.000000 41.919037 46.603836
v -6.000000 42.269997 43.938004
v -6.000000 47.970001 54.938004
v -6.000000 41.919037 -40.665836
v -6.000000 40.890060 -43.150002
v -6.000000 47.970001 -49.000000
v -6.000000 47.970001 -49.000000
v -6.000000 40.890060 -43.150002
v -6.000000 39.253197 -45.283199
v -6.000000 47.970001 -49.000000
v -6.000000 39.253197 -45.283199
v -6.000000 37.119995 -46.920063
v -6.000000 37.119995 -46.920063
v -6.000000 34.635834 -47.949036
v -6.000000 47.970001 -49.000000
v -6.000000 47.970001 -49.000000
v -6.000000 34.635834 -47.949036
v -6.000000 31.970001 -48.299999
v -6.000000 47.970001 -49.000000
v -6.000000 31.970001 -48.299999
v -6.000000 -59.970001 -48.299999
v 9.000000 -59.970001 53.938004
v 9.000000 -61.789631 53.771057
v 6.300000 -59.970001 53.938004
v 6.300000 -59.970001 53.938004
v 9.000000 -61.789631 53.771057
v 6.300000 -62.558189 53.597260
v 6.300000 -62.558189 53.597260
v 9.000000 -61.789631 53.771057
v 9.000000 -63.650948 53.235886
v 6.300000 -62.558189 53.597260
v 9.000000 -63.650948 53.235886
v 6.300000 -64.970001 52.598251
v 6.300000 -64.970001 52.598251
v 9.000000 -63.650948 53.235886
v 9.000000 -65.442101 52.307953
v 6.300000 -64.970001 52.598251
v 9.000000 -65.442101 52.307953
v 6.300000 -67.041069 51.009071
v 6.300000 -67.041069 51.009071
v 9.000000 -65.442101 52.307953
v 9.000000 -67.041069 51.009071
v 6.300000 -67.041069 51.009071
v 9.000000 -67.041069 51.009071
v 9.000000 -68.339958 49.410095
v 6.300000 -67.041069 51.009071
v 9.000000 -68.339958 49.410095
v 6.300000 -68.630257 48.938004
v 6.300000 -68.630257 48.938004
v 9.000000 -68.339958 49.410095
v 9.000000 -69.267883 47.618950
v 6.300000 -68.630257 48.938004
v 9.000000 -69.267883 47.618950
v 6.300000 -69.629257 46.526192
v 6.300000 -69.629257 46.526192
v 9.000000 -69.267883 47.618950
v 9.000000 -69.803055 45.757629
v 6.300000 -69.629257 46.526192
v 9.000000 -69.803055 45.757629
v 6.300000 -69.970001 43.938004
v 6.300000 -69.970001 43.938004
v 9.000000 -69.803055 45.757629
v 9.000000 -69.970001 43.938004
v 9.000000 41.970001 -38.000000
v 9.000000 41.970001 43.938004
v 6.300000 41.970001 -38.000000
v 6.300000 41.970001 -38.000000
v 9.000000 41.970001 43.938004
v 6.300000 41.970001 43.938004
v 9.000000 31.970001 53.938004
v 9.000000 -59.970001 53.938004
v 6.300000 31.970001 53.938004
v 6.300000 31.970001 53.938004
v 9.000000 -59.970001 53.938004
v 6.300000 -59.970001 53.938004
v 6.000000 -59.970001 -48.299999
v 6.300000 -59.970001 -48.000000
v 6.000000 31.970001 -48.299999
v 6.000000 31.970001 -48.299999
v 6.300000 -59.970001 -48.000000
v 6.300000 31.970001 -48.000000
v 6.300000 31.970001 -48.000000
v 6.300000 34.558189 -47.659260
v 6.000000 31.970001 -48.299999
v 6.000000 31.970001 -48.299999
v 6.300000 34.558189 -47.659260
v 6.000000 34.635834 -47.949036
v 6.000000 34.635834 -47.949036
v 6.300000 34.558189 -47.659260
v 6.300000 36.970001 -46.660255
v 6.000000 34.635834 -47.949036
v 6.300000 36.970001 -46.660255
v 6.000000 37.119995 -46.920063
v 6.000000 37.119995 -46.920063
v 6.300000 36.970001 -46.660255
v 6.300000 39.041069 -45.071068
v 6.000000 37.119995 -46.920063
v 6.300000 39.041069 -45.071068
v 6.000000 39.253197 -45.283199
v 6.000000 39.253197 -45.283199
v 6.300000 39.041069 -45.071068
v 6.300000 40.630249 -43.000000
v 6.000000 39.253197 -45.283199
v 6.300000 40.630249 -43.000000
v 6.000000 40.890060 -43.150002
v 6.000000 40.890060 -43.150002
v 6.300000 40.630249 -43.000000
v 6.300000 41.629257 -40.588188
v 6.000000 40.890060 -43.150002
v 6.300000 41.629257 -40.588188
v 6.000000 41.919037 -40.665836
v 6.000000 41.919037 -40.665836
v 6.300000 41.629257 -40.588188
v 6.300000 41.970001 -38.000000
v 6.000000 41.919037 -40.665836
v 6.300000 41.970001 -38.000000
v 6.000000 42.269997 -38.000000
v 6.000000 42.269997 -38.000000
v 6.300000 41.970001 -38.000000
v 6.000000 42.269997 43.938004
v 6.000000 42.269997 43.938004
v 6.300000 41.970001 -38.000000
v 6.300000 41.970001 43.938004
v 6.300000 41.970001 43.938004
v 6.300000 41.629257 46.526192
v 6.000000 42.269997 43.938004
v 6.000000 42.269997 43.938004
v 6.300000 41.629257 46.526192
v 6.000000 41.919037 46.603836
v 6.000000 41.919037 46.603836
v 6.300000 41.629257 46.526192
v 6.300000 40.630249 48.938004
v 6.000000 41.919037 46.603836
v 6.300000 40.630249 48.938004
v 6.000000 40.890060 49.087997
v 6.000000 40.890060 49.087997
v 6.300000 40.630249 48.938004
v 6.300000 39.041069 51.009071
v 6.000000 40.890060 49.087997
v 6.300000 39.041069 51.009071
v 6.000000 39.253197 51.221199
v 6.000000 39.253197 51.221199
v 6.300000 39.041069 51.009071
v 6.300000 36.970001 52.598251
v 6.000000 39.253197 51.221199
v 6.300000 36.970001 52.598251
v 6.000000 37.119995 52.858063
v 6.000000 37.119995 52.858063
v 6.300000 36.970001 52.598251
v 6.300000 34.558189 53.597260
v 6.000000 37.119995 52.858063
v 6.300000 34.558189 53.597260
v 6.000000 34.635834 53.887039
v 6.000000 34.635834 53.887039
v 6.300000 34.558189 53.597260
v 6.300000 31.970001 53.938004
v 6.000000 34.635834 53.887039
v 6.300000 31.970001 53.938004
v 6.000000 31.970001 54.237999
v 6.000000 31.970001 54.237999
v 6.300000 31.970001 53.938004
v 6.000000 -59.970001 54.237999
v 6.000000 -59.970001 54.237999
v 6.300000 31.970001 53.938004
v 6.300000 -59.970001 53.938004
v 6.300000 -59.970001 53.938004
v 6.300000 -62.558189 53.597260
v 6.000000 -59.970001 54.237999
v 6.000000 -59.970001 54.237999
v 6.300000 -62.558189 53.597260
v 6.000000 -62.635838 53.887039
v 6.000000 -62.635838 53.887039
v 6.300000 -62.558189 53.597260
v 6.300000 -64.970001 52.598251
v 6.000000 -62.635838 53.887039
v 6.300000 -64.970001 52.598251
v 6.000000 -65.120003 52.858063
v 6.000000 -65.120003 52.858063
v 6.300000 -64.970001 52.598251
v 6.300000 -67.041069 51.009071
v 6.000000 -65.120003 52.858063
v 6.300000 -67.041069 51.009071
v 6.000000 -67.253204 51.221199
v 6.000000 -67.253204 51.221199
v 6.300000 -67.041069 51.009071
v 6.300000 -68.630257 48.938004
v 6.000000 -67.253204 51.221199
v 6.300000 -68.630257 48.938004
v 6.000000 -68.890060 49.087997
v 6.000000 -68.890060 49.087997
v 6.300000 -68.630257 48.938004
v 6.300000 -69.629257 46.526192
v 6.000000 -68.890060 49.087997
v 6.300000 -69.629257 46.526192
v 6.000000 -69.919037 46.603836
v 6.000000 -69.919037 46.603836
v 6.300000 -69.629257 46.526192
v 6.300000 -69.970001 43.938004
v 6.000000 -69.919037 46.603836
v 6.300000 -69.970001 43.938004
v 6.000000 -70.270004 43.938004
v 6.000000 -70.270004 43.938004
v 6.300000 -69.970001 43.938004
v 6.000000 -70.270004 -38.000000
v 6.000000 -70.270004 -38.000000
v 6.300000 -69.970001 43.938004
v 6.300000 -69.970001 -38.000000
v 6.300000 -69.970001 -38.000000
v 6.300000 -69.629257 -40.588188
v 6.000000 -70.270004 -38.000000
v 6.000000 -70.270004 -38.000000
v 6.300000 -69.629257 -40.588188
v 6.000000 -69.919037 -40.665836
v 6.000000 -69.919037 -40.665836
v 6.300000 -69.629257 -40.588188
v 6.300000 -68.630257 -43.000000
v 6.000000 -69.919037 -40.665836
v 6.300000 -68.630257 -43.000000
v 6.000000 -68.890060 -43.150002
v 6.000000 -68.890060 -43.150002
v 6.300000 -68.630257 -43.000000
v 6.300000 -67.041069 -45.071068
v 6.000000 -68.890060 -43.150002
v 6.300000 -67.041069 -45.071068
v 6.000000 -67.253204 -45.283199
v 6.000000 -67.253204 -45.283199
v 6.300000 -67.041069 -45.071068
v 6.300000 -64.970001 -46.660255
v 6.000000 -67.253204 -45.283199
v 6.300000 -64.970001 -46.660255
v 6.000000 -65.120003 -46.920063
v 6.000000 -65.120003 -46.920063
v 6.300000 -64.970001 -46.660255
v 6.300000 -62.558189 -47.659260
v 6.000000 -65.120003 -46.920063
v 6.300000 -62.558189 -47.659260
v 6.000000 -62.635838 -47.949036
v 6.000000 -62.635838 -47.949036
v 6.300000 -62.558189 -47.659260
v 6.300000 -59.970001 -48.000000
v 6.000000 -62.635838 -47.949036
v 6.300000 -59.970001 -48.000000
v 6.000000 -59.970001 -48.299999
v 9.000000 41.970001 43.938004
v 9.000000 41.803055 45.757629
v 6.300000 41.970001 43.938004
v 6.300000 41.970001 43.938004
v 9.000000 41.803055 45.757629
v 6.300000 41.629257 46.526192
v 6.300000 41.629257 46.526192
v 9.000000 41.803055 45.757629
v 9.000000 41.267883 47.618950
v 6.300000 41.629257 46.526192
v 9.000000 41.267883 47.618950
v 6.300000 40.630249 48.938004
v 6.300000 40.630249 48.938004
v 9.000000 41.267883 47.618950
v 9.000000 40.339951 49.410095
v 6.300000 40.630249 48.938004
v 9.000000 40.339951 49.410095
v 6.300000 39.041069 51.009071
v 6.300000 39.041069 51.009071
v 9.000000 40.339951 49.410095
v 9.000000 39.041069 51.009071
v 6.300000 39.041069 51.009071
v 9.000000 39.041069 51.009071
v 9.000000 37.442093 52.307953
v 6.300000 39.041069 51.009071
v 9.000000 37.442093 52.307953
v 6.300000 36.970001 52.598251
v 6.300000 36.970001 52.598251
v 9.000000 37.442093 52.307953
v 9.000000 35.650948 53.235886
v 6.300000 36.970001 52.598251
v 9.000000 35.650948 53.235886
v 6.300000 34.558189 53.597260
v 6.300000 34.558189 53.597260
v 9.000000 35.650948 53.235886
v 9.000000 33.789627 53.771057
v 6.300000 34.558189 53.597260
v 9.000000 33.789627 53.771057
v 6.300000 31.970001 53.938004
v 6.300000 31.970001 53.938004
v 9.000000 33.789627 53.771057
v 9.000000 31.970001 53.938004
v 10.000000 31.970001 54.938004
v 10.000000 -59.970001 54.938004
v 9.500000 31.970001 54.438004
v 9.500000 31.970001 54.438004
v 10.000000 -59.970001 54.938004
v 9.000000 -59.970001 53.938004
v 9.500000 31.970001 54.438004
v 9.000000 -59.970001 53.938004
v 9.000000 31.970001 53.938004
v 9.000000 31.970001 53.938004
v 9.000000 33.789627 53.771057
v 9.500000 31.970001 54.438004
v 9.500000 31.970001 54.438004
v 9.000000 33.789627 53.771057
v 9.500000 33.880615 54.262703
v 9.500000 31.970001 54.438004
v 9.500000 33.880615 54.262703
v 10.000000 31.970001 54.938004
v 10.000000 31.970001 54.938004
v 9.500000 33.880615 54.262703
v 10.000000 33.971596 54.754356
v 10.000000 33.971596 54.754356
v 9.500000 33.880615 54.262703
v 9.500000 35.834991 53.700775
v 10.000000 33.971596 54.754356
v 9.500000 35.834991 53.700775
v 10.000000 36.019043 54.165665
v 10.000000 36.019043 54.165665
v 9.500000 35.834991 53.700775
v 9.500000 37.715599 52.726273
v 10.000000 36.019043 54.165665
v 9.500000 37.715599 52.726273
v 10.000000 37.989212 53.144753
v 10.000000 37.989212 53.144753
v 9.500000 37.715599 52.726273
v 9.500000 39.394608 51.362602
v 10.000000 37.989212 53.144753
v 9.500000 39.394608 51.362602
v 10.000000 39.748161 51.716156
v 10.000000 39.748161 51.716156
v 9.500000 39.394608 51.362602
v 9.500000 40.758438 49.683693
v 10.000000 39.748161 51.716156
v 9.500000 40.758438 49.683693
v 10.000000 41.176933 49.957298
v 10.000000 41.176933 49.957298
v 9.500000 40.758438 49.683693
v 10.000000 42.197075 47.987137
v 10.000000 42.197075 47.987137
v 9.500000 40.758438 49.683693
v 9.500000 41.732262 47.802948
v 10.000000 42.197075 47.987137
v 9.500000 41.732262 47.802948
v 10.000000 42.786102 45.939865
v 10.000000 42.786102 45.939865
v 9.500000 41.732262 47.802948
v 9.500000 42.294487 45.848724
v 10.000000 42.786102 45.939865
v 9.500000 42.294487 45.848724
v 10.000000 42.970001 43.938004
v 10.000000 42.970001 43.938004
v 9.500000 42.294487 45.848724
v 9.500000 42.470001 43.938004
v 10.000000 42.970001 43.938004
v 9.500000 42.470001 43.938004
v 9.500000 42.470001 -10.687332
v 9.500000 42.470001 -10.687332
v 9.500000 42.470001 43.938004
v 9.000000 41.970001 43.938004
v 9.500000 42.470001 -10.687332
v 9.000000 41.970001 43.938004
v 9.000000 41.970001 -38.000000
v 9.000000 33.789627 53.771057
v 9.000000 35.650948 53.235886
v 9.500000 33.880615 54.262703
v 9.500000 33.880615 54.262703
v 9.000000 35.650948 53.235886
v 9.500000 35.834991 53.700775
v 9.000000 35.650948 53.235886
v 9.000000 37.442093 52.307953
v 9.500000 35.834991 53.700775
v 9.500000 35.834991 53.700775
v 9.000000 37.442093 52.307953
v 9.500000 37.715599 52.726273
v 9.500000 37.715599 52.726273
v 9.000000 37.442093 52.307953
v 9.500000 39.394608 51.362602
v 9.500000 39.394608 51.362602
v 9.000000 37.442093 52.307953
v 9.000000 39.041069 51.009071
v 9.500000 39.394608 51.362602
v 9.000000 39.041069 51.009071
v 9.500000 40.758438 49.683693
v 9.500000 40.758438 49.683693
v 9.000000 39.041069 51.009071
v 9.000000 40.339951 49.410095
v 9.500000 40.758438 49.683693
v 9.000000 40.339951 49.410095
v 9.000000 41.267883 47.618950
v 9.000000 41.803055 45.757629
v 9.500000 42.294487 45.848724
v 9.000000 41.267883 47.618950
v 9.000000 41.267883 47.618950
v 9.500000 42.294487 45.848724
v 9.500000 41.732262 47.802948
v 9.000000 41.267883 47.618950
v 9.500000 41.732262 47.802948
v 9.500000 40.758438 49.683693
v 9.500000 42.294487 45.848724
v 9.000000 41.803055 45.757629
v 9.500000 42.470001 43.938004
v 9.500000 42.470001 43.938004
v 9.000000 41.803055 45.757629
v 9.000000 41.970001 43.938004
v 9.500000 42.470001 -10.687332
v 9.000000 41.970001 -38.000000
v 9.500000 42.470001 -38.000000
v 9.500000 42.470001 -38.000000
v 9.000000 41.970001 -38.000000
v 9.000000 41.803055 -39.819630
v 9.500000 42.470001 -38.000000
v 9.000000 41.803055 -39.819630
v 9.500000 42.294701 -39.910614
v 9.500000 42.294701 -39.910614
v 9.000000 41.803055 -39.819630
v 9.000000 41.267883 -41.680946
v 9.500000 42.294701 -39.910614
v 9.000000 41.267883 -41.680946
v 9.500000 41.732773 -41.864994
v 9.500000 41.732773 -41.864994
v 9.000000 41.267883 -41.680946
v 9.000000 40.339951 -43.472099
v 9.500000 41.732773 -41.864994
v 9.000000 40.339951 -43.472099
v 9.500000 40.758270 -43.745602
v 9.500000 40.758270 -43.745602
v 9.000000 40.339951 -43.472099
v 9.500000 39.394600 -45.424606
v 9.500000 40.758270 -43.745602
v 9.500000 39.394600 -45.424606
v 10.000000 41.176750 -44.019215
v 10.000000 41.176750 -44.019215
v 9.500000 39.394600 -45.424606
v 10.000000 39.748154 -45.778164
v 10.000000 39.748154 -45.778164
v 9.500000 39.394600 -45.424606
v 9.500000 37.715698 -46.788441
v 10.000000 39.748154 -45.778164
v 9.500000 37.715698 -46.788441
v 10.000000 37.989304 -47.206940
v 10.000000 37.989304 -47.206940
v 9.500000 37.715698 -46.788441
v 10.000000 36.019135 -48.227077
v 10.000000 36.019135 -48.227077
v 9.500000 37.715698 -46.788441
v 9.500000 35.834946 -47.762264
v 10.000000 36.019135 -48.227077
v 9.500000 35.834946 -47.762264
v 10.000000 33.971870 -48.816101
v 10.000000 33.971870 -48.816101
v 9.500000 35.834946 -47.762264
v 9.500000 33.880722 -48.324490
v 10.000000 33.971870 -48.816101
v 9.500000 33.880722 -48.324490
v 10.000000 31.970001 -49.000000
v 10.000000 31.970001 -49.000000
v 9.500000 33.880722 -48.324490
v 9.000000 31.970001 -48.000000
v 9.000000 31.970001 -48.000000
v 9.500000 33.880722 -48.324490
v 9.000000 33.789627 -47.833054
v 9.000000 33.789627 -47.833054
v 9.500000 33.880722 -48.324490
v 9.000000 35.650948 -47.297882
v 9.000000 35.650948 -47.297882
v 9.500000 33.880722 -48.324490
v 9.500000 35.834946 -47.762264
v 9.000000 35.650948 -47.297882
v 9.500000 35.834946 -47.762264
v 9.500000 37.715698 -46.788441
v 9.000000 40.339951 -43.472099
v 9.000000 39.041069 -45.071068
v 9.500000 39.394600 -45.424606
v 9.500000 39.394600 -45.424606
v 9.000000 39.041069 -45.071068
v 9.500000 37.715698 -46.788441
v 9.000000 39.041069 -45.071068
v 9.000000 37.442093 -46.369957
v 9.500000 37.715698 -46.788441
v 9.500000 37.715698 -46.788441
v 9.000000 37.442093 -46.369957
v 9.000000 35.650948 -47.297882
v 10.000000 41.176750 -44.019215
v 10.000000 42.197662 -42.049042
v 9.500000 40.758270 -43.745602
v 9.500000 40.758270 -43.745602
v 10.000000 42.197662 -42.049042
v 9.500000 41.732773 -41.864994
v 10.000000 42.197662 -42.049042
v 10.000000 42.786354 -40.001595
v 9.500000 41.732773 -41.864994
v 9.500000 41.732773 -41.864994
v 10.000000 42.786354 -40.001595
v 9.500000 42.294701 -39.910614
v 10.000000 42.786354 -40.001595
v 10.000000 42.970001 -38.000000
v 9.500000 42.294701 -39.910614
v 9.500000 42.294701 -39.910614
v 10.000000 42.970001 -38.000000
v 9.500000 42.470001 -38.000000
v 9.500000 42.470001 -38.000000
v 10.000000 42.970001 -38.000000
v 9.500000 42.470001 -10.687332
v 9.500000 42.470001 -10.687332
v 10.000000 42.970001 -38.000000
v 10.000000 42.970001 43.938004
v 10.000000 -59.970001 -49.000000
v 10.000000 31.970001 -49.000000
v 9.500000 -59.970001 -48.500000
v 9.500000 -59.970001 -48.500000
v 10.000000 31.970001 -49.000000
v 9.000000 31.970001 -48.000000
v 9.500000 -59.970001 -48.500000
v 9.000000 31.970001 -48.000000
v 9.000000 -59.970001 -48.000000
v 9.000000 -59.970001 -48.000000
v 9.000000 -61.789631 -47.833054
v 9.500000 -59.970001 -48.500000
v 9.500000 -59.970001 -48.500000
v 9.000000 -61.789631 -47.833054
v 9.500000 -61.880615 -48.324703
v 9.500000 -59.970001 -48.500000
v 9.500000 -61.880615 -48.324703
v 10.000000 -59.970001 -49.000000
v 10.000000 -59.970001 -49.000000
v 9.500000 -61.880615 -48.324703
v 10.000000 -61.971596 -48.816357
v 10.000000 -61.971596 -48.816357
v 9.500000 -61.880615 -48.324703
v 9.500000 -63.834995 -47.762772
v 10.000000 -61.971596 -48.816357
v 9.500000 -63.834995 -47.762772
v 10.000000 -64.019043 -48.227669
v 10.000000 -64.019043 -48.227669
v 9.500000 -63.834995 -47.762772
v 9.500000 -65.715607 -46.788273
v 10.000000 -64.019043 -48.227669
v 9.500000 -65.715607 -46.788273
v 10.000000 -65.989220 -47.206757
v 10.000000 -65.989220 -47.206757
v 9.500000 -65.715607 -46.788273
v 9.500000 -67.394608 -45.424603
v 10.000000 -65.989220 -47.206757
v 9.500000 -67.394608 -45.424603
v 10.000000 -67.748161 -45.778152
v 10.000000 -67.748161 -45.778152
v 9.500000 -67.394608 -45.424603
v 9.500000 -68.758446 -43.745697
v 10.000000 -67.748161 -45.778152
v 9.500000 -68.758446 -43.745697
v 10.000000 -69.176941 -44.019302
v 10.000000 -69.176941 -44.019302
v 9.500000 -68.758446 -43.745697
v 10.000000 -70.197075 -42.049137
v 10.000000 -70.197075 -42.049137
v 9.500000 -68.758446 -43.745697
v 9.500000 -69.732269 -41.864948
v 10.000000 -70.197075 -42.049137
v 9.500000 -69.732269 -41.864948
v 10.000000 -70.786102 -40.001869
v 10.000000 -70.786102 -40.001869
v 9.500000 -69.732269 -41.864948
v 9.500000 -70.294487 -39.910725
v 10.000000 -70.786102 -40.001869
v 9.500000 -70.294487 -39.910725
v 10.000000 -70.970001 -38.000000
v 10.000000 -70.970001 -38.000000
v 9.500000 -70.294487 -39.910725
v 9.500000 -70.470001 -38.000000
v 10.000000 -70.970001 -38.000000
v 9.500000 -70.470001 -38.000000
v 9.500000 -70.470001 16.625336
v 9.500000 -70.470001 16.625336
v 9.500000 -70.470001 -38.000000
v 9.000000 -69.970001 -38.000000
v 9.500000 -70.470001 16.625336
v 9.000000 -69.970001 -38.000000
v 9.000000 -69.970001 43.938004
v 9.000000 -61.789631 -47.833054
v 9.000000 -63.650948 -47.297882
v 9.500000 -61.880615 -48.324703
v 9.500000 -61.880615 -48.324703
v 9.000000 -63.650948 -47.297882
v 9.500000 -63.834995 -47.762772
v 9.000000 -63.650948 -47.297882
v 9.000000 -65.442101 -46.369957
v 9.500000 -63.834995 -47.762772
v 9.500000 -63.834995 -47.762772
v 9.000000 -65.442101 -46.369957
v 9.500000 -65.715607 -46.788273
v 9.500000 -65.715607 -46.788273
v 9.000000 -65.442101 -46.369957
v 9.500000 -67.394608 -45.424603
v 9.500000 -67.394608 -45.424603
v 9.000000 -65.442101 -46.369957
v 9.000000 -67.041069 -45.071068
v 9.500000 -67.394608 -45.424603
v 9.000000 -67.041069 -45.071068
v 9.500000 -68.758446 -43.745697
v 9.500000 -68.758446 -43.745697
v 9.000000 -67.041069 -45.071068
v 9.000000 -68.339958 -43.472099
v 9.500000 -68.758446 -43.745697
v 9.000000 -68.339958 -43.472099
v 9.000000 -69.267883 -41.680946
v 9.000000 -69.803055 -39.819630
v 9.500000 -70.294487 -39.910725
v 9.000000 -69.267883 -41.680946
v 9.000000 -69.267883 -41.680946
v 9.500000 -70.294487 -39.910725
v 9.500000 -69.732269 -41.864948
v 9.000000 -69.267883 -41.680946
v 9.500000 -69.732269 -41.864948
v 9.500000 -68.758446 -43.745697
v 9.500000 -70.294487 -39.910725
v 9.000000 -69.803055 -39.819630
v 9.500000 -70.470001 -38.000000
v 9.500000 -70.470001 -38.000000
v 9.000000 -69.803055 -39.819630
v 9.000000 -69.970001 -38.000000
v 9.500000 -70.470001 16.625336
v 9.000000 -69.970001 43.938004
v 9.500000 -70.470001 43.938004
v 9.500000 -70.470001 43.938004
v 9.000000 -69.970001 43.938004
v 9.000000 -69.803055 45.757629
v 9.500000 -70.470001 43.938004
v 9.000000 -69.803055 45.757629
v 9.500000 -70.294708 45.848610
v 9.500000 -70.294708 45.848610
v 9.000000 -69.803055 45.757629
v 9.000000 -69.267883 47.618950
v 9.500000 -70.294708 45.848610
v 9.000000 -69.267883 47.618950
v 9.500000 -69.732773 47.802994
v 9.500000 -69.732773 47.802994
v 9.000000 -69.267883 47.618950
v 9.000000 -68.339958 49.410095
v 9.500000 -69.732773 47.802994
v 9.000000 -68.339958 49.410095
v 9.500000 -68.758278 49.683601
v 9.500000 -68.758278 49.683601
v 9.000000 -68.339958 49.410095
v 9.500000 -67.394608 51.362610
v 9.500000 -68.758278 49.683601
v 9.500000 -67.394608 51.362610
v 10.000000 -69.176758 49.957214
v 10.000000 -69.176758 49.957214
v 9.500000 -67.394608 51.362610
v 10.000000 -67.748154 51.716164
v 10.000000 -67.748154 51.716164
v 9.500000 -67.394608 51.362610
v 9.500000 -65.715698 52.726440
v 10.000000 -67.748154 51.716164
v 9.500000 -65.715698 52.726440
v 10.000000 -65.989304 53.144936
v 10.000000 -65.989304 53.144936
v 9.500000 -65.715698 52.726440
v 10.000000 -64.019135 54.165077
v 10.000000 -64.019135 54.165077
v 9.500000 -65.715698 52.726440
v 9.500000 -63.834949 53.700264
v 10.000000 -64.019135 54.165077
v 9.500000 -63.834949 53.700264
v 10.000000 -61.971870 54.754105
v 10.000000 -61.971870 54.754105
v 9.500000 -63.834949 53.700264
v 9.500000 -61.880726 54.262489
v 10.000000 -61.971870 54.754105
v 9.500000 -61.880726 54.262489
v 10.000000 -59.970001 54.938004
v 10.000000 -59.970001 54.938004
v 9.500000 -61.880726 54.262489
v 9.000000 -59.970001 53.938004
v 9.000000 -59.970001 53.938004
v 9.500000 -61.880726 54.262489
v 9.000000 -61.789631 53.771057
v 9.000000 -61.789631 53.771057
v 9.500000 -61.880726 54.262489
v 9.000000 -63.650948 53.235886
v 9.000000 -63.650948 53.235886
v 9.500000 -61.880726 54.262489
v 9.500000 -63.834949 53.700264
v 9.000000 -63.650948 53.235886
v 9.500000 -63.834949 53.700264
v 9.500000 -65.715698 52.726440
v 9.000000 -68.339958 49.410095
v 9.000000 -67.041069 51.009071
v 9.500000 -67.394608 51.362610
v 9.500000 -67.394608 51.362610
v 9.000000 -67.041069 51.009071
v 9.500000 -65.715698 52.726440
v 9.000000 -67.041069 51.009071
v 9.000000 -65.442101 52.307953
v 9.500000 -65.715698 52.726440
v 9.500000 -65.715698 52.726440
v 9.000000 -65.442101 52.307953
v 9.000000 -63.650948 53.235886
v 10.000000 -69.176758 49.957214
v 10.000000 -70.197670 47.987045
v 9.500000 -68.758278 49.683601
v 9.500000 -68.758278 49.683601
v 10.000000 -70.197670 47.987045
v 9.500000 -69.732773 47.802994
v 10.000000 -70.197670 47.987045
v 10.000000 -70.786362 45.939598
v 9.500000 -69.732773 47.802994
v 9.500000 -69.732773 47.802994
v 10.000000 -70.786362 45.939598
v 9.500000 -70.294708 45.848610
v 10.000000 -70.786362 45.939598
v 10.000000 -70.970001 43.938004
v 9.500000 -70.294708 45.848610
v 9.500000 -70.294708 45.848610
v 10.000000 -70.970001 43.938004
v 9.500000 -70.470001 43.938004
v 9.500000 -70.470001 43.938004
v 10.000000 -70.970001 43.938004
v 9.500000 -70.470001 16.625336
v 9.500000 -70.470001 16.625336
v 10.000000 -70.970001 43.938004
v 10.000000 -70.970001 -38.000000
v -6.000000 31.970001 -48.299999
v -6.000000 34.635834 -47.949036
v -6.300000 31.970001 -48.000000
v -6.300000 31.970001 -48.000000
v -6.000000 34.635834 -47.949036
v -6.300000 34.558189 -47.659260
v -6.300000 34.558189 -47.659260
v -6.000000 34.635834 -47.949036
v -6.000000 37.119995 -46.920063
v -6.300000 34.558189 -47.659260
v -6.000000 37.119995 -46.920063
v -6.300000 36.970001 -46.660255
v -6.300000 36.970001 -46.660255
v -6.000000 37.119995 -46.920063
v -6.000000 39.253197 -45.283199
v -6.300000 36.970001 -46.660255
v -6.000000 39.253197 -45.283199
v -6.300000 39.041069 -45.071068
v -6.300000 39.041069 -45.071068
v -6.000000 39.253197 -45.283199
v -6.000000 40.890060 -43.150002
v -6.300000 39.041069 -45.071068
v -6.000000 40.890060 -43.150002
v -6.300000 40.630249 -43.000000
v -6.300000 40.630249 -43.000000
v -6.000000 40.890060 -43.150002
v -6.000000 41.919037 -40.665836
v -6.300000 40.630249 -43.000000
v -6.000000 41.919037 -40.665836
v -6.300000 41.629257 -40.588188
v -6.300000 41.629257 -40.588188
v -6.000000 41.919037 -40.665836
v -6.000000 42.269997 -38.000000
v -6.300000 41.629257 -40.588188
v -6.000000 42.269997 -38.000000
v -6.300000 41.970001 -38.000000
v -6.300000 41.970001 -38.000000
v -6.000000 42.269997 -38.000000
v -6.300000 41.970001 43.938004
v -6.300000 41.970001 43.938004
v -6.000000 42.269997 -38.000000
v -6.000000 42.269997 43.938004
v -6.000000 42.269997 43.938004
v -6.000000 41.919037 46.603836
v -6.300000 41.970001 43.938004
v -6.300000 41.970001 43.938004
v -6.000000 41.919037 46.603836
v -6.300000 41.629257 46.526192
v -6.300000 41.629257 46.526192
v -6.000000 41.919037 46.603836
v -6.000000 40.890060 49.087997
v -6.300000 41.629257 46.526192
v -6.000000 40.890060 49.087997
v -6.300000 40.630249 48.938004
v -6.300000 40.630249 48.938004
v -6.000000 40.890060 49.087997
v -6.000000 39.253197 51.221199
v -6.300000 40.630249 48.938004
v -6.000000 39.253197 51.221199
v -6.300000 39.041069 51.009071
v -6.300000 39.041069 51.009071
v -6.000000 39.253197 51.221199
v -6.000000 37.119995 52.858063
v -6.300000 39.041069 51.009071
v -6.000000 37.119995 52.858063
v -6.300000 36.970001 52.598251
v -6.300000 36.970001 52.598251
v -6.000000 37.119995 52.858063
v -6.000000 34.635834 53.887039
v -6.300000 36.970001 52.598251
v -6.000000 34.635834 53.887039
v -6.300000 34.558189 53.597260
v -6.300000 34.558189 53.597260
v -6.000000 34.635834 53.887039
v -6.000000 31.970001 54.237999
v -6.300000 34.558189 53.597260
v -6.000000 31.970001 54.237999
v -6.300000 31.970001 53.938004
vn -0.0000 -0.0000 1.0000
vn -1.0000 -0.0000 -0.0000
vn -0.0000 -0.0000 -1.0000
vn 1.0000 -0.0000 -0.0000
vn -0.0000 1.0000 -0.0000
vn -0.7071 -0.0000 -0.7071
vn -0.7056 -0.0647 -0.7056
vn -0.7054 -0.1959 -0.6812
vn -0.7053 -0.3262 -0.6294
vn -0.7052 -0.4470 -0.5503
vn -0.7052 -0.4470 -0.5504
vn -0.7052 -0.5503 -0.4470
vn -0.7053 -0.6295 -0.3260
vn -0.7054 -0.6812 -0.1960
vn -0.7054 -0.6811 -0.1960
vn -0.7056 -0.7056 -0.0648
vn -0.7071 -0.7071 -0.0000
vn -0.7056 -0.7056 0.0647
vn -0.7054 -0.6812 0.1959
vn -0.7053 -0.6295 0.3261
vn -0.7052 -0.6296 0.3262
vn -0.7051 -0.5505 0.4471
vn -0.7052 -0.5503 0.4470
vn -0.7053 -0.6294 0.3262
vn -0.7052 -0.4470 0.5503
vn -0.7053 -0.3260 0.6295
vn -0.7054 -0.1960 0.6812
vn -0.7054 -0.1960 0.6811
vn -0.7056 -0.0648 0.7056
vn -0.7055 -0.0648 0.7058
vn -0.7053 -0.1959 0.6813
vn -0.7051 -0.1961 0.6815
vn -0.7050 -0.3261 0.6298
vn -0.7053 -0.3261 0.6295
vn -0.7052 -0.4471 0.5503
vn -0.7056 -0.7056 -0.0647
vn -0.7055 -0.7058 -0.0648
vn -0.7053 -0.6813 -0.1959
vn -0.7051 -0.6815 -0.1961
vn -0.7050 -0.6298 -0.3261
vn -0.7053 -0.6295 -0.3261
vn -0.7051 -0.4471 -0.5505
vn -0.7052 -0.3262 -0.6296
vn -0.7053 -0.3261 -0.6295
vn -0.7054 -0.1958 -0.6812
vn -0.7071 -0.0000 0.7071
vn -0.7056 0.0647 0.7056
vn -0.7054 0.1959 0.6812
vn -0.7053 0.3262 0.6294
vn -0.7052 0.4470 0.5503
vn -0.7052 0.5503 0.4470
vn -0.7053 0.6295 0.3260
vn -0.7054 0.6812 0.1960
vn -0.7054 0.6811 0.1960
vn -0.7056 0.7056 0.0648
vn -0.7071 0.7071 -0.0000
vn -0.7056 0.7056 -0.0647
vn -0.7054 0.6812 -0.1959
vn -0.7053 0.6295 -0.3261
vn -0.7052 0.6295 -0.3262
vn -0.7051 0.5505 -0.4471
vn -0.7052 0.5503 -0.4470
vn -0.7053 0.6294 -0.3262
vn -0.7052 0.4470 -0.5503
vn -0.7053 0.3260 -0.6295
vn -0.7054 0.1960 -0.6812
vn -0.7054 0.1960 -0.6811
vn -0.7056 0.0648 -0.7056
vn -0.7055 0.0648 -0.7058
vn -0.7053 0.1959 -0.6813
vn -0.7051 0.1961 -0.6815
vn -0.7050 0.3261 -0.6298
vn -0.7053 0.3261 -0.6295
vn -0.7056 0.7056 0.0647
vn -0.7055 0.7058 0.0648
vn -0.7053 0.6813 0.1959
vn -0.7051 0.6815 0.1961
vn -0.7050 0.6298 0.3261
vn -0.7053 0.6295 0.3261
vn -0.7051 0.4471 0.5504
vn -0.7052 0.3262 0.6296
vn -0.7053 0.3261 0.6295
vn -0.0000 0.9958 0.0914
vn -0.0267 0.9911 0.1305
vn 0.0168 0.9609 0.2763
vn -0.0312 0.9234 0.3825
vn 0.0150 0.8878 0.4599
vn -0.0211 0.7932 0.6086
vn -0.0000 0.7762 0.6305
vn -0.0000 0.6305 0.7762
vn -0.0211 0.6086 0.7932
vn 0.0150 0.4599 0.8878
vn -0.0312 0.3825 0.9234
vn 0.0168 0.2763 0.9609
vn -0.0267 0.1305 0.9911
vn -0.0000 0.0914 0.9958
vn -0.0000 -0.0914 0.9958
vn -0.0267 -0.1305 0.9911
vn 0.0168 -0.2763 0.9609
vn -0.0312 -0.3825 0.9234
vn 0.0150 -0.4599 0.8878
vn -0.0211 -0.6086 0.7932
vn -0.0000 -0.6305 0.7762
vn -0.0000 -0.7762 0.6305
vn -0.0211 -0.7932 0.6086
vn 0.0150 -0.8878 0.4599
vn -0.0312 -0.9234 0.3825
vn 0.0168 -0.9609 0.2763
vn -0.0267 -0.9911 0.1305
vn -0.0000 -0.9958 0.0914
vn -0.0000 -1.0000 -0.0000
vn -0.0000 0.0914 -0.9958
vn -0.0267 0.1305 -0.9911
vn 0.0168 0.2763 -0.9609
vn -0.0312 0.3825 -0.9234
vn 0.0150 0.4600 -0.8878
vn -0.0211 0.6086 -0.7932
vn -0.0000 0.6305 -0.7762
vn -0.0000 0.7762 -0.6305
vn -0.0211 0.7932 -0.6086
vn 0.0150 0.8878 -0.4599
vn -0.0312 0.9234 -0.3825
vn 0.0168 0.9609 -0.2763
vn -0.0267 0.9911 -0.1305
vn -0.0000 0.9958 -0.0914
vn -0.0000 -0.9958 -0.0914
vn -0.0267 -0.9911 -0.1305
vn 0.0168 -0.9609 -0.2763
vn -0.0312 -0.9234 -0.3825
vn 0.0150 -0.8878 -0.4599
vn -0.0211 -0.7932 -0.6086
vn -0.0000 -0.7762 -0.6305
vn -0.0000 -0.6305 -0.7762
vn -0.0211 -0.6086 -0.7932
vn 0.0150 -0.4600 -0.8878
vn -0.0312 -0.3825 -0.9234
vn 0.0168 -0.2763 -0.9609
vn -0.0267 -0.1305 -0.9911
vn -0.0000 -0.0914 -0.9958
vn 0.0267 -0.1305 0.9911
vn -0.0168 -0.2763 0.9609
vn 0.0312 -0.3825 0.9234
vn -0.0150 -0.4599 0.8878
vn 0.0211 -0.6086 0.7932
vn 0.0211 -0.7932 0.6086
vn -0.0150 -0.8878 0.4599
vn 0.0312 -0.9234 0.3825
vn -0.0168 -0.9609 0.2763
vn 0.0267 -0.9911 0.1305
vn 0.0267 0.9911 0.1305
vn -0.0168 0.9609 0.2763
vn 0.0312 0.9234 0.3825
vn -0.0150 0.8878 0.4599
vn 0.0211 0.7932 0.6086
vn 0.0211 0.6086 0.7932
vn -0.0150 0.4599 0.8878
vn 0.0312 0.3825 0.9234
vn -0.0168 0.2763 0.9609
vn 0.0267 0.1305 0.9911
vn 0.7071 -0.0000 0.7071
vn 0.7071 -0.0000 -0.7071
vn 0.7041 0.0927 -0.7041
vn 0.7041 0.2718 -0.6561
vn 0.7041 0.4323 -0.5634
vn 0.7041 0.5634 -0.4323
vn 0.7041 0.6561 -0.2718
vn 0.7041 0.7041 -0.0927
vn 0.7071 0.7071 -0.0000
vn 0.7041 0.7041 0.0927
vn 0.7041 0.6561 0.2718
vn 0.7041 0.5634 0.4323
vn 0.7041 0.4323 0.5634
vn 0.7041 0.2718 0.6561
vn 0.7041 0.0927 0.7041
vn 0.0267 0.1305 -0.9911
vn -0.0168 0.2763 -0.9609
vn 0.0312 0.3825 -0.9234
vn -0.0150 0.4600 -0.8878
vn 0.0211 0.6086 -0.7932
vn 0.0211 0.7932 -0.6086
vn -0.0150 0.8878 -0.4599
vn 0.0312 0.9234 -0.3825
vn -0.0168 0.9609 -0.2763
vn 0.0267 0.9911 -0.1305
vn -0.7041 -0.0927 0.7041
vn -0.7041 -0.2718 0.6561
vn -0.7040 -0.4323 0.5634
vn -0.7041 -0.4323 0.5634
vn -0.7041 -0.5634 0.4323
vn -0.7040 -0.6561 0.2718
vn -0.7041 -0.6561 0.2718
vn -0.7040 -0.7041 0.0927
vn -0.7041 -0.7041 0.0927
vn -0.7041 -0.7040 -0.0927
vn -0.7041 -0.7041 -0.0927
vn -0.7041 -0.6561 -0.2718
vn -0.7040 -0.5634 -0.4323
vn -0.7041 -0.5634 -0.4323
vn -0.7040 -0.4323 -0.5634
vn -0.7041 -0.4323 -0.5634
vn -0.7041 -0.2718 -0.6561
vn -0.7041 -0.0927 -0.7041
vn -0.7041 0.0927 -0.7041
vn -0.7041 0.2718 -0.6561
vn -0.7041 0.4323 -0.5634
vn -0.7041 0.5634 -0.4323
vn -0.7041 0.6561 -0.2718
vn -0.7041 0.7041 -0.0927
vn -0.7041 0.7041 0.0927
vn -0.7041 0.6561 0.2718
vn -0.7041 0.5634 0.4323
vn -0.7041 0.4323 0.5634
vn -0.7041 0.2718 0.6561
vn -0.7041 0.0927 0.7041
vn 0.0267 -0.9911 -0.1305
vn -0.0168 -0.9609 -0.2763
vn 0.0312 -0.9234 -0.3825
vn -0.0150 -0.8878 -0.4599
vn 0.0211 -0.7932 -0.6086
vn 0.0211 -0.6086 -0.7932
vn -0.0150 -0.4600 -0.8878
vn 0.0312 -0.3825 -0.9234
vn -0.0168 -0.2763 -0.9609
vn 0.0267 -0.1305 -0.9911
vn 0.7056 -0.0647 -0.7056
vn 0.7054 -0.1959 -0.6812
vn 0.7053 -0.3262 -0.6294
vn 0.7052 -0.4470 -0.5503
vn 0.7052 -0.4470 -0.5504
vn 0.7052 -0.5503 -0.4470
vn 0.7053 -0.6295 -0.3260
vn 0.7054 -0.6812 -0.1960
vn 0.7054 -0.6811 -0.1960
vn 0.7056 -0.7056 -0.0648
vn 0.7071 -0.7071 -0.0000
vn 0.7054 -0.1958 -0.6812
vn 0.7053 -0.3261 -0.6295
vn 0.7052 -0.3262 -0.6296
vn 0.7051 -0.4471 -0.5505
vn 0.7053 -0.6295 -0.3261
vn 0.7053 -0.6813 -0.1959
vn 0.7051 -0.6815 -0.1961
vn 0.7050 -0.6298 -0.3261
vn 0.7055 -0.7058 -0.0648
vn 0.7056 -0.7056 -0.0647
vn 0.7056 -0.7056 0.0647
vn 0.7054 -0.6812 0.1959
vn 0.7053 -0.6295 0.3261
vn 0.7052 -0.6296 0.3262
vn 0.7051 -0.5505 0.4471
vn 0.7052 -0.5503 0.4470
vn 0.7052 -0.4470 0.5503
vn 0.7053 -0.3260 0.6295
vn 0.7054 -0.1960 0.6812
vn 0.7054 -0.1960 0.6811
vn 0.7056 -0.0648 0.7056
vn 0.7055 -0.0648 0.7058
vn 0.7053 -0.1959 0.6813
vn 0.7051 -0.1961 0.6815
vn 0.7050 -0.3261 0.6298
vn 0.7053 -0.3261 0.6295
vn 0.7053 -0.6294 0.3262
vn 0.7056 0.0647 0.7056
vn 0.7054 0.1959 0.6812
vn 0.7053 0.3262 0.6294
vn 0.7052 0.4470 0.5503
vn 0.7052 0.5503 0.4470
vn 0.7053 0.6295 0.3260
vn 0.7054 0.6812 0.1960
vn 0.7054 0.6811 0.1960
vn 0.7056 0.7056 0.0648
vn 0.7053 0.3261 0.6295
vn 0.7052 0.3262 0.6296
vn 0.7051 0.4471 0.5504
vn 0.7053 0.6295 0.3261
vn 0.7053 0.6813 0.1959
vn 0.7051 0.6815 0.1961
vn 0.7050 0.6298 0.3261
vn 0.7055 0.7058 0.0648
vn 0.7056 0.7056 0.0647
vn 0.7056 0.7056 -0.0647
vn 0.7054 0.6812 -0.1959
vn 0.7053 0.6295 -0.3261
vn 0.7052 0.6295 -0.3262
vn 0.7051 0.5505 -0.4471
vn 0.7052 0.5503 -0.4470
vn 0.7052 0.4470 -0.5503
vn 0.7053 0.3260 -0.6295
vn 0.7054 0.1960 -0.6812
vn 0.7054 0.1960 -0.6811
vn 0.7056 0.0648 -0.7056
vn 0.7055 0.0648 -0.7058
vn 0.7053 0.1959 -0.6813
vn 0.7051 0.1961 -0.6815
vn 0.7050 0.3261 -0.6298
vn 0.7053 0.3261 -0.6295
vn 0.7053 0.6294 -0.3262
vn 0.7041 -0.0927 0.7041
vn 0.7041 -0.2718 0.6561
vn 0.7041 -0.4323 0.5634
vn 0.7041 -0.5634 0.4323
vn 0.7040 -0.5634 0.4323
vn 0.7041 -0.6561 0.2718
vn 0.7040 -0.7041 0.0927
vn 0.7041 -0.7040 0.0927
vn 0.7041 -0.7041 -0.0927
vn 0.7041 -0.6561 -0.2718
vn 0.7040 -0.5634 -0.4323
vn 0.7040 -0.4323 -0.5634
vn 0.7041 -0.4323 -0.5634
vn 0.7041 -0.2718 -0.6561
vn 0.7041 -0.0927 -0.7041
vt 0.643229 -0.692442
vt 0.643229 1.692441
vt 0.412322 -0.692442
vt 0.412322 1.692441
vt -0.258384 -0.582761
vt 1.318287 -0.582761
vt 1.529951 -0.692442
vt 1.369584 -0.576008
vt 1.417385 -0.556208
vt 1.458432 -0.524711
vt 1.489929 -0.483664
vt 1.509729 -0.435863
vt 1.516482 -0.384566
vt 1.516482 1.384566
vt 1.529951 1.692441
vt 1.509729 1.435862
vt 1.489929 1.483663
vt 1.458432 1.524710
vt 1.417385 1.556207
vt 1.369584 1.576007
vt 1.318287 1.582761
vt -0.258384 1.582761
vt -0.470048 1.692441
vt -0.309680 1.576007
vt -0.357481 1.556207
vt -0.398529 1.524710
vt -0.430026 1.483663
vt -0.449826 1.435862
vt -0.456579 1.384566
vt -0.456579 -0.384566
vt -0.470048 -0.692442
vt -0.449826 -0.435863
vt -0.430026 -0.483664
vt -0.398529 -0.524711
vt -0.357481 -0.556208
vt -0.309680 -0.576008
vt 1.526413 1.423086
vt 1.529951 1.384566
vt 1.549194 1.730926
vt 1.529951 -0.384566
vt 1.549194 -0.730926
vt 1.526418 -0.423081
vt 1.515090 -0.462479
vt 1.495446 -0.500389
vt 1.467956 -0.534235
vt 1.434112 -0.561728
vt 1.396201 -0.581358
vt 1.356807 -0.592692
vt 1.318287 -0.596231
vt -0.258384 -0.596231
vt -0.604744 -0.730926
vt -0.296899 -0.592697
vt -0.336296 -0.581369
vt -0.374207 -0.561725
vt -0.408053 -0.534235
vt -0.435546 -0.500391
vt -0.455176 -0.462481
vt -0.466510 -0.423086
vt -0.470048 -0.384566
vt -0.470048 1.384566
vt -0.604744 1.730926
vt -0.466515 1.423081
vt -0.455187 1.462478
vt -0.435542 1.500389
vt -0.408053 1.534235
vt -0.374209 1.561728
vt -0.336298 1.581357
vt -0.296904 1.592692
vt -0.258384 1.596230
vt 1.318287 1.596230
vt 1.356802 1.592696
vt 1.396200 1.581369
vt 1.434110 1.561724
vt 1.467956 1.534235
vt 1.495449 1.500390
vt 1.515079 1.462480
vt 0.335353 -0.730926
vt 0.335353 1.730926
vt 0.720198 -0.730926
vt 0.720198 1.730926
vt 0.335353 1.521419
vt 0.335353 -0.632519
vt 0.720198 1.521419
vt 0.720198 -0.632519
vt 0.354595 1.384566
vt 0.354595 -0.384566
vt 0.344974 1.384566
vt 0.335353 -0.384566
vt 0.335353 1.384566
vt 0.344974 1.421330
vt -0.457054 1.421330
vt -0.446241 1.458937
vt -0.427490 1.495124
vt -0.401250 1.527432
vt -0.368944 1.553675
vt -0.332754 1.572413
vt -0.295150 1.583232
vt 0.344974 -0.322925
vt 0.335353 -0.324679
vt 0.335353 -0.286159
vt 0.344974 -0.286159
vt 0.344974 0.764955
vt 0.354595 -0.286159
vt 0.354595 1.290512
vt 0.344974 1.290512
vt 0.354595 1.325526
vt 0.344974 1.327276
vt 1.353301 1.573776
vt 1.355051 1.583236
vt 1.389117 1.563478
vt 1.392658 1.572423
vt 1.423582 1.545622
vt 1.428845 1.553672
vt 1.461153 1.527431
vt 0.335353 1.290512
vt 1.487396 1.495126
vt 1.506135 1.458936
vt 1.516953 1.421332
vt 0.344974 1.421332
vt 0.335353 1.423086
vt 0.354595 1.419579
vt 1.507497 1.419579
vt 1.497199 1.455395
vt 1.479344 1.489861
vt 1.454350 1.520629
vt 0.354595 -0.321172
vt -0.293397 1.573776
vt -0.329213 1.563478
vt -0.363679 1.545622
vt -0.394447 1.520629
vt -0.419440 1.489861
vt -0.437296 1.455395
vt -0.447594 1.419579
vt 0.344974 -0.384566
vt 0.344974 -0.421330
vt 0.335353 -0.423081
vt 1.516957 -0.421330
vt 1.506145 -0.458937
vt 1.487393 -0.495124
vt 1.461153 -0.527432
vt 1.428847 -0.553675
vt 1.392657 -0.572414
vt 1.355054 -0.583232
vt 0.344974 1.327279
vt 0.335353 1.329032
vt 0.344974 0.239398
vt 0.344974 -0.322923
vt -0.293397 -0.573776
vt -0.295148 -0.583236
vt -0.329213 -0.563478
vt -0.332755 -0.572424
vt -0.363679 -0.545623
vt -0.368942 -0.553672
vt -0.401250 -0.527432
vt -0.427493 -0.495126
vt -0.446232 -0.458936
vt -0.457050 -0.421333
vt 0.344974 -0.421333
vt 0.335353 -0.423086
vt 0.354595 -0.419580
vt -0.447594 -0.419580
vt -0.437296 -0.455396
vt -0.419440 -0.489861
vt -0.394447 -0.520629
vt 1.353301 -0.573776
vt 1.389117 -0.563478
vt 1.423582 -0.545623
vt 1.454350 -0.520629
vt 1.479344 -0.489861
vt 1.497199 -0.455396
vt 1.507497 -0.419580
vt 0.406549 1.290512
vt 0.406549 1.340315
vt 0.354595 1.361342
vt 0.406549 1.386723
vt 0.354595 1.395808
vt 0.406549 1.426575
vt 0.354595 1.426575
vt 0.354595 -0.520629
vt 0.406549 -0.520629
vt 0.354595 -0.489861
vt 0.406549 -0.480777
vt 0.354595 -0.455396
vt 0.406549 -0.434369
vt 0.406549 -0.384566
vt 0.406549 1.384566
vt 0.406549 1.434368
vt 0.354595 1.455395
vt 0.406549 1.480777
vt 0.354595 1.489861
vt 0.406549 1.520629
vt 0.354595 1.520629
vt 0.406549 -0.286159
vt 0.354595 -0.422222
vt 0.406549 -0.422222
vt 0.354595 -0.391454
vt 0.406549 -0.382370
vt 0.354595 -0.356988
vt 0.406549 -0.335961
vt 0.700955 1.384566
vt 0.700955 1.419579
vt 0.649001 1.384566
vt 0.649001 1.434368
vt 0.700955 1.455395
vt 0.649001 1.480777
vt 0.700955 1.489861
vt 0.649001 1.520629
vt 0.700955 1.520629
vt 0.649001 1.426575
vt 0.700955 1.426575
vt 0.700955 1.395808
vt 0.649001 1.386723
vt 0.700955 1.361342
vt 0.649001 1.340315
vt 0.700955 1.325526
vt 0.649001 1.290512
vt 0.700955 1.290512
vt 0.700955 -0.384566
vt 0.649001 -0.384566
vt 0.649001 -0.520629
vt 0.700955 -0.520629
vt 0.700955 -0.489861
vt 0.649001 -0.480777
vt 0.700955 -0.455396
vt 0.649001 -0.434369
vt 0.700955 -0.419580
vt 0.700955 -0.286159
vt 0.649001 -0.286159
vt 0.412322 -0.384566
vt 0.412322 1.384566
vt 0.412322 -0.435863
vt -0.450806 -0.384566
vt -0.444250 -0.434369
vt -0.425026 -0.480777
vt -0.354595 -0.551209
vt -0.308186 -0.570432
vt 0.412322 -0.337455
vt 0.412322 -0.286159
vt 0.412322 1.290512
vt 0.412322 1.341809
vt 1.368090 -0.570432
vt 1.414498 -0.551209
vt 1.484930 -0.480777
vt 1.504153 -0.434369
vt 0.649001 -0.422222
vt 0.700955 -0.422222
vt 0.700955 -0.391454
vt 0.649001 -0.382370
vt 0.700955 -0.356988
vt 0.649001 -0.335961
vt 0.700955 -0.321172
vt 0.643229 -0.384566
vt 0.643229 1.384566
vt 0.643229 1.435862
vt 1.504153 1.434368
vt 1.484930 1.480777
vt 1.414498 1.551208
vt 1.368090 1.570431
vt 1.318287 1.576988
vt 0.643229 1.341809
vt 0.643229 1.290512
vt 0.643229 -0.286159
vt -0.308186 1.570431
vt -0.354595 1.551208
vt -0.425026 1.480777
vt -0.444250 1.434368
vt -0.450806 1.384566
vt 0.643229 -0.337455
vt 0.643229 -0.435863
vt 0.720198 1.384566
vt 0.720198 -0.384566
vt 0.710577 1.384566
vt 0.710577 1.421330
vt 0.720198 -0.324679
vt 0.710577 -0.322925
vt 0.720198 -0.286159
vt 0.710577 -0.286159
vt 0.710577 0.764955
vt 0.710577 1.290512
vt 0.710577 1.327276
vt 0.720198 1.423086
vt 0.710577 1.421332
vt 0.720198 1.290512
vt 0.710577 -0.384566
vt 0.710577 -0.421330
vt 0.720198 1.329032
vt 0.710577 1.327279
vt 0.710577 0.239398
vt 0.710577 -0.322923
vt 0.720198 -0.423086
vt 0.710577 -0.421333
vt 0.412322 1.435862
vt -0.258384 1.576988
s 0
f 1/1/1 2/2/1 3/3/1
f 4/3/1 5/2/1 6/4/1
f 7/5/2 8/6/2 9/7/2
f 10/7/2 11/6/2 12/8/2
f 13/7/2 14/8/2 15/9/2
f 16/9/2 17/10/2 18/7/2
f 19/7/2 20/10/2 21/11/2
f 22/7/2 23/11/2 24/12/2
f 25/12/2 26/13/2 27/7/2
f 28/7/2 29/13/2 30/14/2
f 31/7/2 32/14/2 33/15/2
f 34/15/2 35/14/2 36/16/2
f 37/15/2 38/16/2 39/17/2
f 40/17/2 41/18/2 42/15/2
f 43/15/2 44/18/2 45/19/2
f 46/15/2 47/19/2 48/20/2
f 49/20/2 50/21/2 51/15/2
f 52/15/2 53/21/2 54/22/2
f 55/15/2 56/22/2 57/23/2
f 58/23/2 59/22/2 60/24/2
f 61/23/2 62/24/2 63/25/2
f 64/25/2 65/26/2 66/23/2
f 67/23/2 68/26/2 69/27/2
f 70/23/2 71/27/2 72/28/2
f 73/28/2 74/29/2 75/23/2
f 76/23/2 77/29/2 78/30/2
f 79/23/2 80/30/2 81/31/2
f 82/31/2 83/30/2 84/32/2
f 85/31/2 86/32/2 87/33/2
f 88/33/2 89/34/2 90/31/2
f 91/31/2 92/34/2 93/35/2
f 94/31/2 95/35/2 96/36/2
f 97/36/2 98/5/2 99/31/2
f 100/31/2 101/5/2 102/7/2
f 103/3/3 104/4/3 105/1/3
f 106/1/3 107/4/3 108/2/3
f 109/37/4 110/38/4 111/39/4
f 112/39/4 113/38/4 114/40/4
f 115/39/4 116/40/4 117/41/4
f 118/41/4 119/40/4 120/42/4
f 121/41/4 122/42/4 123/43/4
f 124/43/4 125/44/4 126/41/4
f 127/41/4 128/44/4 129/45/4
f 130/41/4 131/45/4 132/46/4
f 133/46/4 134/47/4 135/41/4
f 136/41/4 137/47/4 138/48/4
f 139/41/4 140/48/4 141/49/4
f 142/49/4 143/50/4 144/41/4
f 145/41/4 146/50/4 147/51/4
f 148/51/4 149/50/4 150/52/4
f 151/51/4 152/52/4 153/53/4
f 154/53/4 155/54/4 156/51/4
f 157/51/4 158/54/4 159/55/4
f 160/51/4 161/55/4 162/56/4
f 163/56/4 164/57/4 165/51/4
f 166/51/4 167/57/4 168/58/4
f 169/51/4 170/58/4 171/59/4
f 172/59/4 173/60/4 174/51/4
f 175/51/4 176/60/4 177/61/4
f 178/61/4 179/60/4 180/62/4
f 181/61/4 182/62/4 183/63/4
f 184/63/4 185/64/4 186/61/4
f 187/61/4 188/64/4 189/65/4
f 190/61/4 191/65/4 192/66/4
f 193/66/4 194/67/4 195/61/4
f 196/61/4 197/67/4 198/68/4
f 199/61/4 200/68/4 201/69/4
f 202/61/4 203/69/4 204/39/4
f 205/39/4 206/69/4 207/70/4
f 208/39/4 209/70/4 210/71/4
f 211/71/4 212/72/4 213/39/4
f 214/39/4 215/72/4 216/73/4
f 217/39/4 218/73/4 219/74/4
f 220/74/4 221/75/4 222/39/4
f 223/39/4 224/75/4 225/76/4
f 226/39/4 227/76/4 228/37/4
f 229/77/3 230/78/3 231/79/3
f 232/79/3 233/78/3 234/80/3
f 235/81/5 236/82/5 237/83/5
f 238/83/5 239/82/5 240/84/5
f 241/41/2 242/38/2 243/39/2
f 244/39/2 245/38/2 246/37/2
f 247/39/2 248/37/2 249/76/2
f 250/51/2 251/50/2 252/41/2
f 253/41/2 254/50/2 255/49/2
f 256/41/2 257/49/2 258/48/2
f 259/61/2 260/59/2 261/51/2
f 262/51/2 263/59/2 264/58/2
f 265/51/2 266/58/2 267/57/2
f 268/39/2 269/69/2 270/61/2
f 271/61/2 272/69/2 273/68/2
f 274/61/2 275/68/2 276/67/2
f 277/57/2 278/56/2 279/51/2
f 280/51/2 281/56/2 282/55/2
f 283/51/2 284/55/2 285/54/2
f 286/54/2 287/53/2 288/51/2
f 289/51/2 290/53/2 291/52/2
f 292/51/2 293/52/2 294/50/2
f 295/48/2 296/47/2 297/41/2
f 298/41/2 299/47/2 300/46/2
f 301/41/2 302/46/2 303/45/2
f 304/45/2 305/44/2 306/41/2
f 307/41/2 308/44/2 309/43/2
f 310/41/2 311/43/2 312/42/2
f 313/42/2 314/40/2 315/41/2
f 316/41/2 317/40/2 318/38/2
f 319/76/2 320/75/2 321/39/2
f 322/39/2 323/75/2 324/74/2
f 325/39/2 326/74/2 327/73/2
f 328/73/2 329/72/2 330/39/2
f 331/39/2 332/72/2 333/71/2
f 334/39/2 335/71/2 336/70/2
f 337/70/2 338/69/2 339/39/2
f 340/67/2 341/66/2 342/61/2
f 343/61/2 344/66/2 345/65/2
f 346/61/2 347/65/2 348/64/2
f 349/64/2 350/63/2 351/61/2
f 352/61/2 353/63/2 354/62/2
f 355/61/2 356/62/2 357/60/2
f 358/60/2 359/59/2 360/61/2
f 361/85/6 362/86/6 363/87/6
f 364/87/6 365/86/6 366/88/6
f 367/87/6 368/88/6 369/89/6
f 370/87/7 371/89/7 372/90/7
f 373/91/7 374/60/7 375/62/7
f 376/91/8 377/62/8 378/92/8
f 379/92/8 380/62/8 381/63/8
f 382/92/9 383/63/9 384/93/9
f 385/93/9 386/63/9 387/64/9
f 388/93/10 389/64/10 390/94/10
f 391/94/11 392/64/11 393/65/11
f 394/94/12 395/65/12 396/95/12
f 397/95/12 398/65/12 399/66/12
f 400/95/13 401/66/13 402/67/13
f 403/95/13 404/67/13 405/96/13
f 406/96/14 407/67/14 408/68/14
f 409/96/15 410/68/15 411/97/15
f 412/98/16 413/99/16 414/100/16
f 415/98/16 416/100/16 417/101/16
f 418/101/17 419/100/17 420/102/17
f 421/101/17 422/102/17 423/103/17
f 424/103/17 425/102/17 426/104/17
f 427/104/17 428/102/17 429/105/17
f 430/104/18 431/105/18 432/106/18
f 433/106/18 434/105/18 435/107/18
f 436/108/19 437/109/19 438/110/19
f 439/110/19 440/109/19 441/111/19
f 442/110/20 443/111/20 444/112/20
f 445/112/21 446/111/21 447/113/21
f 448/112/22 449/113/22 450/114/22
f 451/114/23 452/113/23 453/73/23
f 454/114/23 455/73/23 456/74/23
f 457/100/17 458/115/17 459/102/17
f 460/102/17 461/115/17 462/105/17
f 463/105/18 464/115/18 465/107/18
f 466/109/18 467/70/18 468/71/18
f 469/109/19 470/71/19 471/111/19
f 472/111/19 473/71/19 474/72/19
f 475/111/24 476/72/24 477/113/24
f 478/113/24 479/72/24 480/73/24
f 481/114/25 482/74/25 483/116/25
f 484/116/25 485/74/25 486/75/25
f 487/116/26 488/75/26 489/76/26
f 490/116/26 491/76/26 492/117/26
f 493/117/27 494/76/27 495/37/27
f 496/117/28 497/37/28 498/118/28
f 499/119/29 500/120/29 501/89/29
f 502/119/29 503/89/29 504/85/29
f 505/85/30 506/121/30 507/119/30
f 508/118/31 509/122/31 510/123/31
f 511/118/32 512/123/32 513/117/32
f 514/117/33 515/123/33 516/116/33
f 517/123/34 518/124/34 519/116/34
f 520/116/25 521/124/25 522/125/25
f 523/116/35 524/125/35 525/114/35
f 526/114/23 527/125/23 528/112/23
f 529/103/36 530/126/36 531/101/36
f 532/101/37 533/126/37 534/98/37
f 535/127/38 536/128/38 537/97/38
f 538/97/39 539/128/39 540/96/39
f 541/96/40 542/128/40 543/95/40
f 544/95/41 545/128/41 546/129/41
f 547/95/12 548/129/12 549/130/12
f 550/95/12 551/130/12 552/94/12
f 553/94/10 554/130/10 555/131/10
f 556/94/42 557/131/42 558/93/42
f 559/93/43 560/131/43 561/92/43
f 562/131/44 563/132/44 564/92/44
f 565/92/8 566/132/8 567/91/8
f 568/132/45 569/133/45 570/91/45
f 571/90/7 572/121/7 573/87/7
f 574/121/7 575/85/7 576/87/7
f 577/86/46 578/85/46 579/134/46
f 580/134/46 581/85/46 582/89/46
f 583/134/46 584/89/46 585/88/46
f 586/134/47 587/88/47 588/135/47
f 589/135/47 590/88/47 591/136/47
f 592/137/48 593/42/48 594/138/48
f 595/138/48 596/42/48 597/43/48
f 598/138/49 599/43/49 600/139/49
f 601/139/49 602/43/49 603/44/49
f 604/139/50 605/44/50 606/140/50
f 607/140/50 608/44/50 609/45/50
f 610/140/51 611/45/51 612/141/51
f 613/141/51 614/45/51 615/46/51
f 616/141/52 617/46/52 618/47/52
f 619/141/52 620/47/52 621/142/52
f 622/142/53 623/47/53 624/48/53
f 625/142/54 626/48/54 627/143/54
f 628/144/55 629/145/55 630/115/55
f 631/144/55 632/115/55 633/105/55
f 634/105/56 635/115/56 636/146/56
f 637/105/56 638/146/56 639/104/56
f 640/104/56 641/146/56 642/103/56
f 643/103/56 644/146/56 645/101/56
f 646/103/57 647/101/57 648/126/57
f 649/126/57 650/101/57 651/147/57
f 652/148/58 653/149/58 654/150/58
f 655/150/58 656/149/58 657/151/58
f 658/150/59 659/151/59 660/152/59
f 661/152/60 662/151/60 663/153/60
f 664/152/61 665/153/61 666/154/61
f 667/154/62 668/153/62 669/54/62
f 670/154/62 671/54/62 672/55/62
f 673/115/56 674/100/56 675/146/56
f 676/146/56 677/100/56 678/101/56
f 679/101/57 680/100/57 681/147/57
f 682/149/57 683/50/57 684/52/57
f 685/149/58 686/52/58 687/151/58
f 688/151/58 689/52/58 690/53/58
f 691/151/63 692/53/63 693/153/63
f 694/153/63 695/53/63 696/54/63
f 697/154/64 698/55/64 699/155/64
f 700/155/64 701/55/64 702/56/64
f 703/155/65 704/56/65 705/57/65
f 706/155/65 707/57/65 708/156/65
f 709/156/66 710/57/66 711/58/66
f 712/156/67 713/58/67 714/157/67
f 715/158/68 716/159/68 717/88/68
f 718/158/68 719/88/68 720/86/68
f 721/86/69 722/160/69 723/158/69
f 724/157/70 725/161/70 726/162/70
f 727/157/71 728/162/71 729/156/71
f 730/156/72 731/162/72 732/155/72
f 733/162/73 734/163/73 735/155/73
f 736/155/64 737/163/64 738/164/64
f 739/155/64 740/164/64 741/154/64
f 742/154/62 743/164/62 744/152/62
f 745/104/74 746/106/74 747/105/74
f 748/105/75 749/106/75 750/144/75
f 751/165/76 752/166/76 753/143/76
f 754/143/77 755/166/77 756/142/77
f 757/142/78 758/166/78 759/141/78
f 760/141/79 761/166/79 762/167/79
f 763/141/51 764/167/51 765/168/51
f 766/141/51 767/168/51 768/140/51
f 769/140/50 770/168/50 771/169/50
f 772/140/80 773/169/80 774/139/80
f 775/139/81 776/169/81 777/138/81
f 778/169/82 779/170/82 780/138/82
f 781/138/48 782/170/48 783/137/48
f 784/170/48 785/171/48 786/137/48
f 787/135/47 788/160/47 789/134/47
f 790/160/47 791/86/47 792/134/47
f 793/104/83 794/172/83 795/106/83
f 796/106/84 797/172/84 798/173/84
f 799/106/85 800/173/85 801/174/85
f 802/174/86 803/173/86 804/175/86
f 805/174/87 806/175/87 807/176/87
f 808/176/88 809/175/88 810/177/88
f 811/176/89 812/177/89 813/178/89
f 814/179/90 815/180/90 816/181/90
f 817/181/91 818/180/91 819/182/91
f 820/181/92 821/182/92 822/183/92
f 823/183/93 824/182/93 825/184/93
f 826/183/94 827/184/94 828/160/94
f 829/160/95 830/184/95 831/185/95
f 832/160/96 833/185/96 834/86/96
f 835/185/1 836/186/1 837/86/1
f 838/86/1 839/186/1 840/85/1
f 841/85/97 842/186/97 843/121/97
f 844/121/98 845/186/98 846/187/98
f 847/121/99 848/187/99 849/188/99
f 850/188/100 851/187/100 852/189/100
f 853/188/101 854/189/101 855/190/101
f 856/190/102 857/189/102 858/191/102
f 859/190/103 860/191/103 861/192/103
f 862/178/104 863/177/104 864/176/104
f 865/176/105 866/177/105 867/175/105
f 868/176/106 869/175/106 870/174/106
f 871/174/107 872/175/107 873/173/107
f 874/174/108 875/173/108 876/106/108
f 877/106/109 878/173/109 879/172/109
f 880/106/110 881/172/110 882/104/110
f 883/172/111 884/193/111 885/104/111
f 886/104/111 887/193/111 888/103/111
f 889/86/112 890/185/112 891/160/112
f 892/160/113 893/185/113 894/184/113
f 895/160/114 896/184/114 897/183/114
f 898/183/115 899/184/115 900/182/115
f 901/183/116 902/182/116 903/181/116
f 904/181/117 905/182/117 906/180/117
f 907/181/118 908/180/118 909/179/118
f 910/194/119 911/195/119 912/196/119
f 913/196/120 914/195/120 915/197/120
f 916/196/121 917/197/121 918/198/121
f 919/198/122 920/197/122 921/199/122
f 922/198/123 923/199/123 924/126/123
f 925/126/124 926/199/124 927/193/124
f 928/126/125 929/193/125 930/103/125
f 931/193/5 932/172/5 933/103/5
f 934/103/5 935/172/5 936/104/5
f 937/103/126 938/193/126 939/126/126
f 940/126/127 941/193/127 942/199/127
f 943/126/128 944/199/128 945/198/128
f 946/198/129 947/199/129 948/197/129
f 949/198/130 950/197/130 951/196/130
f 952/196/131 953/197/131 954/195/131
f 955/196/132 956/195/132 957/194/132
f 958/192/133 959/191/133 960/190/133
f 961/190/134 962/191/134 963/189/134
f 964/190/135 965/189/135 966/188/135
f 967/188/136 968/189/136 969/187/136
f 970/188/137 971/187/137 972/121/137
f 973/121/138 974/187/138 975/186/138
f 976/121/139 977/186/139 978/85/139
f 979/186/3 980/185/3 981/85/3
f 982/85/3 983/185/3 984/86/3
f 985/200/97 986/201/97 987/202/97
f 988/202/140 989/201/140 990/203/140
f 991/203/141 992/201/141 993/204/141
f 994/203/142 995/204/142 996/205/142
f 997/205/143 998/204/143 999/206/143
f 1000/205/144 1001/206/144 1002/207/144
f 1003/207/103 1004/206/103 1005/208/103
f 1006/209/104 1007/210/104 1008/211/104
f 1009/209/145 1010/211/145 1011/212/145
f 1012/212/146 1013/211/146 1014/213/146
f 1015/212/147 1016/213/147 1017/214/147
f 1018/214/148 1019/213/148 1020/215/148
f 1021/214/149 1022/215/149 1023/216/149
f 1024/216/110 1025/215/110 1026/217/110
f 1027/218/1 1028/200/1 1029/219/1
f 1030/219/1 1031/200/1 1032/202/1
f 1033/217/83 1034/215/83 1035/216/83
f 1036/216/150 1037/215/150 1038/214/150
f 1039/214/151 1040/215/151 1041/213/151
f 1042/214/152 1043/213/152 1044/212/152
f 1045/212/153 1046/213/153 1047/211/153
f 1048/212/154 1049/211/154 1050/209/154
f 1051/209/89 1052/211/89 1053/210/89
f 1054/220/90 1055/221/90 1056/222/90
f 1057/220/155 1058/222/155 1059/223/155
f 1060/223/156 1061/222/156 1062/224/156
f 1063/223/157 1064/224/157 1065/225/157
f 1066/225/158 1067/224/158 1068/226/158
f 1069/225/159 1070/226/159 1071/219/159
f 1072/219/96 1073/226/96 1074/218/96
f 1075/227/5 1076/217/5 1077/228/5
f 1078/228/5 1079/217/5 1080/216/5
f 1081/78/1 1082/77/1 1083/80/1
f 1084/80/1 1085/77/1 1086/79/1
f 1087/82/111 1088/81/111 1089/84/111
f 1090/84/111 1091/81/111 1092/83/111
f 1093/185/160 1094/229/160 1095/186/160
f 1096/186/160 1097/229/160 1098/230/160
f 1099/186/161 1100/230/161 1101/185/161
f 1102/185/161 1103/230/161 1104/229/161
f 1105/229/162 1106/231/162 1107/185/162
f 1108/232/162 1109/32/162 1110/233/162
f 1111/233/163 1112/32/163 1113/33/163
f 1114/233/163 1115/33/163 1116/234/163
f 1117/234/164 1118/33/164 1119/34/164
f 1120/234/164 1121/34/164 1122/164/164
f 1123/164/165 1124/34/165 1125/35/165
f 1126/164/165 1127/35/165 1128/235/165
f 1129/235/166 1130/35/166 1131/36/166
f 1132/235/166 1133/36/166 1134/236/166
f 1135/199/167 1136/237/167 1137/238/167
f 1138/199/167 1139/238/167 1140/193/167
f 1141/193/168 1142/238/168 1143/172/168
f 1144/172/168 1145/238/168 1146/239/168
f 1147/239/169 1148/240/169 1149/172/169
f 1150/172/169 1151/240/169 1152/173/169
f 1153/241/170 1154/8/170 1155/9/170
f 1156/241/170 1157/9/170 1158/242/170
f 1159/242/171 1160/9/171 1161/10/171
f 1162/242/171 1163/10/171 1164/168/171
f 1165/168/172 1166/10/172 1167/11/172
f 1168/168/172 1169/11/172 1170/243/172
f 1171/243/173 1172/11/173 1173/12/173
f 1174/243/173 1175/12/173 1176/244/173
f 1177/184/174 1178/231/174 1179/229/174
f 1180/184/174 1181/229/174 1182/185/174
f 1183/7/4 1184/5/4 1185/31/4
f 1186/31/4 1187/5/4 1188/36/4
f 1189/31/4 1190/36/4 1191/35/4
f 1192/15/4 1193/13/4 1194/7/4
f 1195/7/4 1196/13/4 1197/12/4
f 1198/7/4 1199/12/4 1200/11/4
f 1201/23/4 1202/22/4 1203/15/4
f 1204/15/4 1205/22/4 1206/21/4
f 1207/15/4 1208/21/4 1209/20/4
f 1210/31/4 1211/29/4 1212/23/4
f 1213/23/4 1214/29/4 1215/28/4
f 1216/23/4 1217/28/4 1218/27/4
f 1219/11/4 1220/10/4 1221/7/4
f 1222/7/4 1223/10/4 1224/9/4
f 1225/7/4 1226/9/4 1227/8/4
f 1228/8/4 1229/6/4 1230/7/4
f 1231/7/4 1232/6/4 1233/5/4
f 1234/35/4 1235/34/4 1236/31/4
f 1237/31/4 1238/34/4 1239/33/4
f 1240/31/4 1241/33/4 1242/32/4
f 1243/32/4 1244/30/4 1245/31/4
f 1246/31/4 1247/30/4 1248/29/4
f 1249/27/4 1250/26/4 1251/23/4
f 1252/23/4 1253/26/4 1254/25/4
f 1255/23/4 1256/25/4 1257/24/4
f 1258/24/4 1259/22/4 1260/23/4
f 1261/20/4 1262/19/4 1263/15/4
f 1264/15/4 1265/19/4 1266/18/4
f 1267/15/4 1268/18/4 1269/17/4
f 1270/17/4 1271/16/4 1272/15/4
f 1273/15/4 1274/16/4 1275/14/4
f 1276/15/4 1277/14/4 1278/13/4
f 1279/218/112 1280/226/112 1281/219/112
f 1282/219/175 1283/226/175 1284/225/175
f 1285/225/176 1286/226/176 1287/224/176
f 1288/225/177 1289/224/177 1290/223/177
f 1291/223/178 1292/224/178 1293/222/178
f 1294/223/179 1295/222/179 1296/220/179
f 1297/220/118 1298/222/118 1299/221/118
f 1300/245/119 1301/246/119 1302/247/119
f 1303/245/180 1304/247/180 1305/248/180
f 1306/248/181 1307/247/181 1308/249/181
f 1309/248/182 1310/249/182 1311/250/182
f 1312/250/183 1313/249/183 1314/251/183
f 1315/250/184 1316/251/184 1317/228/184
f 1318/228/125 1319/251/125 1320/227/125
f 1321/217/111 1322/227/111 1323/216/111
f 1324/216/111 1325/227/111 1326/228/111
f 1327/200/3 1328/218/3 1329/202/3
f 1330/202/3 1331/218/3 1332/219/3
f 1333/252/46 1334/219/46 1335/253/46
f 1336/253/46 1337/219/46 1338/202/46
f 1339/202/185 1340/203/185 1341/253/185
f 1342/253/185 1343/203/185 1344/254/185
f 1345/16/186 1346/255/186 1347/256/186
f 1348/16/186 1349/256/186 1350/17/186
f 1351/17/187 1352/256/187 1353/125/187
f 1354/17/188 1355/125/188 1356/18/188
f 1357/18/189 1358/125/189 1359/257/189
f 1360/18/189 1361/257/189 1362/19/189
f 1363/19/190 1364/257/190 1365/258/190
f 1366/19/191 1367/258/191 1368/20/191
f 1369/20/192 1370/258/192 1371/259/192
f 1372/260/193 1373/216/193 1374/261/193
f 1375/261/17 1376/216/17 1377/262/17
f 1378/262/17 1379/216/17 1380/228/17
f 1381/228/194 1382/250/194 1383/262/194
f 1384/22/195 1385/263/195 1386/24/195
f 1387/24/196 1388/263/196 1389/264/196
f 1390/24/196 1391/264/196 1392/25/196
f 1393/25/197 1394/264/197 1395/130/197
f 1396/25/198 1397/130/198 1398/26/198
f 1399/26/199 1400/130/199 1401/265/199
f 1402/26/200 1403/265/200 1404/27/200
f 1405/27/201 1406/265/201 1407/266/201
f 1408/27/201 1409/266/201 1410/28/201
f 1411/28/202 1412/266/202 1413/267/202
f 1414/254/202 1415/202/202 1416/253/202
f 1417/253/6 1418/202/6 1419/252/6
f 1420/252/6 1421/202/6 1422/219/6
f 1423/219/203 1424/225/203 1425/252/203
f 1426/30/203 1427/233/203 1428/32/203
f 1429/32/204 1430/233/204 1431/234/204
f 1432/32/204 1433/234/204 1434/33/204
f 1435/33/205 1436/234/205 1437/164/205
f 1438/33/205 1439/164/205 1440/34/205
f 1441/34/206 1442/164/206 1443/235/206
f 1444/34/206 1445/235/206 1446/35/206
f 1447/35/207 1448/235/207 1449/236/207
f 1450/35/207 1451/236/207 1452/36/207
f 1453/268/208 1454/250/208 1455/228/208
f 1456/268/208 1457/228/208 1458/262/208
f 1459/262/56 1460/228/56 1461/261/56
f 1462/261/56 1463/228/56 1464/216/56
f 1465/216/209 1466/214/209 1467/261/209
f 1468/261/209 1469/214/209 1470/260/209
f 1471/8/210 1472/241/210 1473/242/210
f 1474/8/210 1475/242/210 1476/9/210
f 1477/9/211 1478/242/211 1479/168/211
f 1480/9/211 1481/168/211 1482/10/211
f 1483/10/212 1484/168/212 1485/243/212
f 1486/10/212 1487/243/212 1488/11/212
f 1489/11/213 1490/243/213 1491/244/213
f 1492/11/213 1493/244/213 1494/12/213
f 1495/269/214 1496/225/214 1497/219/214
f 1498/269/214 1499/219/214 1500/252/214
f 1501/227/126 1502/251/126 1503/228/126
f 1504/228/215 1505/251/215 1506/250/215
f 1507/250/216 1508/251/216 1509/249/216
f 1510/250/217 1511/249/217 1512/248/217
f 1513/248/218 1514/249/218 1515/247/218
f 1516/248/219 1517/247/219 1518/245/219
f 1519/245/132 1520/247/132 1521/246/132
f 1522/207/133 1523/208/133 1524/206/133
f 1525/207/220 1526/206/220 1527/205/220
f 1528/205/221 1529/206/221 1530/204/221
f 1531/205/222 1532/204/222 1533/203/222
f 1534/203/223 1535/204/223 1536/201/223
f 1537/203/224 1538/201/224 1539/202/224
f 1540/202/139 1541/201/139 1542/200/139
f 1543/270/161 1544/271/161 1545/272/161
f 1546/272/161 1547/271/161 1548/218/161
f 1549/272/161 1550/218/161 1551/200/161
f 1552/200/225 1553/201/225 1554/272/225
f 1555/272/225 1556/201/225 1557/273/225
f 1558/272/225 1559/273/225 1560/270/225
f 1561/60/225 1562/91/225 1563/62/225
f 1564/62/226 1565/91/226 1566/92/226
f 1567/62/226 1568/92/226 1569/63/226
f 1570/63/227 1571/92/227 1572/93/227
f 1573/63/227 1574/93/227 1575/64/227
f 1576/64/228 1577/93/228 1578/94/228
f 1579/64/229 1580/94/229 1581/65/229
f 1582/65/230 1583/94/230 1584/95/230
f 1585/65/230 1586/95/230 1587/66/230
f 1588/66/231 1589/95/231 1590/67/231
f 1591/67/231 1592/95/231 1593/96/231
f 1594/67/232 1595/96/232 1596/68/232
f 1597/68/233 1598/96/233 1599/97/233
f 1600/274/234 1601/275/234 1602/276/234
f 1603/276/234 1604/275/234 1605/277/234
f 1606/276/235 1607/277/235 1608/278/235
f 1609/278/235 1610/277/235 1611/227/235
f 1612/278/235 1613/227/235 1614/217/235
f 1615/133/236 1616/132/236 1617/91/236
f 1618/91/226 1619/132/226 1620/92/226
f 1621/132/237 1622/131/237 1623/92/237
f 1624/92/238 1625/131/238 1626/93/238
f 1627/93/239 1628/131/239 1629/94/239
f 1630/94/228 1631/131/228 1632/130/228
f 1633/94/230 1634/130/230 1635/95/230
f 1636/95/230 1637/130/230 1638/129/230
f 1639/95/240 1640/129/240 1641/128/240
f 1642/127/241 1643/97/241 1644/128/241
f 1645/128/242 1646/97/242 1647/96/242
f 1648/128/243 1649/96/243 1650/95/243
f 1651/275/244 1652/251/244 1653/277/244
f 1654/277/245 1655/251/245 1656/227/245
f 1657/278/235 1658/217/235 1659/279/235
f 1660/279/246 1661/217/246 1662/215/246
f 1663/279/246 1664/215/246 1665/280/246
f 1666/109/247 1667/108/247 1668/110/247
f 1669/109/247 1670/110/247 1671/111/247
f 1672/111/248 1673/110/248 1674/112/248
f 1675/111/249 1676/112/249 1677/113/249
f 1678/113/250 1679/112/250 1680/114/250
f 1681/113/251 1682/114/251 1683/73/251
f 1684/73/251 1685/114/251 1686/74/251
f 1687/74/252 1688/114/252 1689/116/252
f 1690/74/252 1691/116/252 1692/75/252
f 1693/75/253 1694/116/253 1695/76/253
f 1696/76/253 1697/116/253 1698/117/253
f 1699/76/254 1700/117/254 1701/37/254
f 1702/37/255 1703/117/255 1704/118/255
f 1705/281/256 1706/282/256 1707/270/256
f 1708/270/256 1709/282/256 1710/200/256
f 1711/200/257 1712/282/257 1713/201/257
f 1714/122/258 1715/118/258 1716/123/258
f 1717/123/259 1718/118/259 1719/117/259
f 1720/123/260 1721/117/260 1722/116/260
f 1723/112/251 1724/125/251 1725/114/251
f 1726/114/252 1727/125/252 1728/116/252
f 1729/125/252 1730/124/252 1731/116/252
f 1732/116/261 1733/124/261 1734/123/261
f 1735/73/262 1736/72/262 1737/113/262
f 1738/113/262 1739/72/262 1740/111/262
f 1741/72/247 1742/71/247 1743/111/247
f 1744/111/247 1745/71/247 1746/109/247
f 1747/71/246 1748/70/246 1749/109/246
f 1750/280/246 1751/283/246 1752/279/246
f 1753/279/235 1754/283/235 1755/278/235
f 1756/278/235 1757/283/235 1758/276/235
f 1759/271/160 1760/270/160 1761/284/160
f 1762/284/160 1763/270/160 1764/200/160
f 1765/284/160 1766/200/160 1767/218/160
f 1768/218/263 1769/226/263 1770/284/263
f 1771/284/263 1772/226/263 1773/285/263
f 1774/284/263 1775/285/263 1776/271/263
f 1777/40/263 1778/137/263 1779/42/263
f 1780/42/264 1781/137/264 1782/138/264
f 1783/42/264 1784/138/264 1785/43/264
f 1786/43/265 1787/138/265 1788/139/265
f 1789/43/265 1790/139/265 1791/44/265
f 1792/44/266 1793/139/266 1794/140/266
f 1795/44/266 1796/140/266 1797/45/266
f 1798/45/267 1799/140/267 1800/141/267
f 1801/45/267 1802/141/267 1803/46/267
f 1804/46/268 1805/141/268 1806/47/268
f 1807/47/268 1808/141/268 1809/142/268
f 1810/47/269 1811/142/269 1812/48/269
f 1813/48/270 1814/142/270 1815/143/270
f 1816/286/271 1817/287/271 1818/283/271
f 1819/283/271 1820/287/271 1821/279/271
f 1822/283/168 1823/279/168 1824/288/168
f 1825/288/168 1826/279/168 1827/217/168
f 1828/288/168 1829/217/168 1830/227/168
f 1831/171/264 1832/170/264 1833/137/264
f 1834/137/264 1835/170/264 1836/138/264
f 1837/170/272 1838/169/272 1839/138/272
f 1840/138/273 1841/169/273 1842/139/273
f 1843/139/274 1844/169/274 1845/140/274
f 1846/140/266 1847/169/266 1848/168/266
f 1849/140/267 1850/168/267 1851/141/267
f 1852/141/267 1853/168/267 1854/167/267
f 1855/141/275 1856/167/275 1857/166/275
f 1858/165/276 1859/143/276 1860/166/276
f 1861/166/277 1862/143/277 1863/142/277
f 1864/166/278 1865/142/278 1866/141/278
f 1867/287/279 1868/215/279 1869/279/279
f 1870/279/280 1871/215/280 1872/217/280
f 1873/288/168 1874/227/168 1875/277/168
f 1876/277/281 1877/227/281 1878/251/281
f 1879/277/281 1880/251/281 1881/289/281
f 1882/149/282 1883/148/282 1884/150/282
f 1885/149/282 1886/150/282 1887/151/282
f 1888/151/283 1889/150/283 1890/152/283
f 1891/151/284 1892/152/284 1893/153/284
f 1894/153/285 1895/152/285 1896/154/285
f 1897/153/286 1898/154/286 1899/54/286
f 1900/54/286 1901/154/286 1902/55/286
f 1903/55/287 1904/154/287 1905/155/287
f 1906/55/287 1907/155/287 1908/56/287
f 1909/56/288 1910/155/288 1911/57/288
f 1912/57/288 1913/155/288 1914/156/288
f 1915/57/289 1916/156/289 1917/58/289
f 1918/58/290 1919/156/290 1920/157/290
f 1921/290/291 1922/291/291 1923/271/291
f 1924/271/291 1925/291/291 1926/218/291
f 1927/218/292 1928/291/292 1929/226/292
f 1930/161/293 1931/157/293 1932/162/293
f 1933/162/294 1934/157/294 1935/156/294
f 1936/162/295 1937/156/295 1938/155/295
f 1939/152/286 1940/164/286 1941/154/286
f 1942/154/287 1943/164/287 1944/155/287
f 1945/164/287 1946/163/287 1947/155/287
f 1948/155/296 1949/163/296 1950/162/296
f 1951/54/297 1952/53/297 1953/153/297
f 1954/153/297 1955/53/297 1956/151/297
f 1957/53/282 1958/52/282 1959/151/282
f 1960/151/282 1961/52/282 1962/149/282
f 1963/52/281 1964/50/281 1965/149/281
f 1966/289/281 1967/276/281 1968/277/281
f 1969/277/168 1970/276/168 1971/288/168
f 1972/288/168 1973/276/168 1974/283/168
f 1975/230/298 1976/292/298 1977/186/298
f 1978/186/298 1979/292/298 1980/187/298
f 1981/255/299 1982/16/299 1983/17/299
f 1984/255/299 1985/17/299 1986/256/299
f 1987/256/300 1988/17/300 1989/18/300
f 1990/256/300 1991/18/300 1992/125/300
f 1993/125/301 1994/18/301 1995/19/301
f 1996/125/302 1997/19/302 1998/257/302
f 1999/257/303 2000/19/303 2001/20/303
f 2002/257/303 2003/20/303 2004/258/303
f 2005/258/304 2006/20/304 2007/21/304
f 2008/173/305 2009/239/305 2010/172/305
f 2011/172/235 2012/239/235 2013/193/235
f 2014/193/235 2015/239/235 2016/238/235
f 2017/238/306 2018/237/306 2019/193/306
f 2020/293/306 2021/24/306 2022/263/306
f 2023/263/307 2024/24/307 2025/25/307
f 2026/263/307 2027/25/307 2028/264/307
f 2029/264/308 2030/25/308 2031/26/308
f 2032/264/308 2033/26/308 2034/130/308
f 2035/130/309 2036/26/309 2037/27/309
f 2038/130/310 2039/27/310 2040/265/310
f 2041/265/311 2042/27/311 2043/28/311
f 2044/265/311 2045/28/311 2046/266/311
f 2047/266/312 2048/28/312 2049/29/312
f 2050/187/312 2051/230/312 2052/186/312
